url,prix_tnd,nom,marque,taille_ecran,resolution_affichage,technologie_dalle,hdr,smart_tv,taux_rafraichissement,os_platform,has_4g,has_wifi6,has_wifi,has_bluetooth,has_ethernet,semaine,gamme_prix,cluster_id,cluster_direct
https://www.mytek.tn/tv-samsung-32-hd-h5000-smart-tv-2025.html,729.0,TV SAMSUNG 32'' HD H5000 Smart TV (2025),SAMSUNG,32.0,Full HD,LED,True,True,60.0,Tizen,0,0,1,1,1,1,Économique,SAMSUNG::Économique::c1,0
https://www.mytek.tn/tv-samsung-43-fhd-f6000f-smart-tv-2025.html,1049.0,TV SAMSUNG 43'' FHD F6000F Smart TV (2025),SAMSUNG,43.0,Full HD,QLED,True,True,60.0,Tizen,0,0,1,0,1,1,Économique,SAMSUNG::Économique::c1,0
https://www.mytek.tn/tv-samsung-43-crystal-uhd-u8000f-4k-smart-tv-2025.html,1199.0,TV SAMSUNG U8000F 43'' 4K Smart TV Crystal UHD - Noir,SAMSUNG,43.0,4K,QLED,True,True,60.0,Tizen,0,0,1,1,1,1,Économique,SAMSUNG::Économique::c0,0
https://www.mytek.tn/tv-samsung-50-crystal-uhd-u8000f-4k-smart-tv-2025.html,1599.0,TV SAMSUNG U8000F 50'' Crystal UHD 4K Smart TV - Noir,SAMSUNG,50.0,4K,QLED,True,True,84.8,Tizen,0,0,1,1,1,1,Économique,SAMSUNG::Économique::c0,0
https://www.mytek.tn/tv-samsung-55-crystal-uhd-u8000f-4k-smart-tv-2025.html,1749.0,TV SAMSUNG 55'' Crystal UHD 4K Smart TV - Noir,SAMSUNG,55.0,4K,QLED,True,True,104.8,Tizen,0,0,1,1,1,1,Économique,SAMSUNG::Économique::c0,0
https://www.mytek.tn/tv-samsung-50-qled-q7f-4k-vision-ai-smart-tv-2025.html,1849.0,TV SAMSUNG 50'' QLED Q7F 4K Vision AI Smart TV,SAMSUNG,50.0,4K,QLED,True,True,84.8,Tizen,0,0,1,1,0,1,Économique,SAMSUNG::Économique::c0,0
https://www.mytek.tn/tv-samsung-58-crystal-uhd-u8000f-4k-smart-tv-2025.html,1999.0,TV SAMSUNG 58'' Crystal UHD 4K Smart TV,SAMSUNG,58.0,4K,QLED,True,True,104.8,Tizen,0,0,1,1,1,1,Économique,SAMSUNG::Économique::c0,0
https://www.mytek.tn/tv-samsung-55-qled-4k-uhd-smart-tv-q6f-2025-noir.html,1999.0,"TV SAMSUNG 55"" QLED 4K UHD Smart TV Q6F",SAMSUNG,55.0,4K,QLED,True,True,104.8,Tizen,0,0,1,1,1,1,Économique,SAMSUNG::Économique::c0,0
https://www.mytek.tn/tv-samsung-55-qled-q7f-4k-vision-ai-smart-tv-2025.html,2119.0,TV SAMSUNG 55'' QLED Q7F 4K Vision AI Smart TV,SAMSUNG,55.0,4K,QLED,True,True,104.8,Tizen,0,0,1,1,0,1,Milieu de gamme,SAMSUNG::Milieu de gamme::c0,0
https://www.mytek.tn/tv-samsung-65-crystal-uhd-u8000f-4k-smart-tv.html,2699.0,TV SAMSUNG 65'' Crystal UHD  4K Smart TV,SAMSUNG,65.0,4K,QLED,True,True,70.0,Tizen,0,0,1,1,1,1,Milieu de gamme,SAMSUNG::Milieu de gamme::c1,0
https://www.mytek.tn/tv-samsung-55-smart-qn70fau-neo-qled-4k-2025.html,2899.0,Tv SAMSUNG 55'' Smart QN70FAU Néo QLED 4K 2025,SAMSUNG,55.0,4K,QLED,True,True,100.0,Tizen,0,0,1,1,1,1,Milieu de gamme,SAMSUNG::Milieu de gamme::c0,0
https://www.mytek.tn/tv-samsung-65-qled-4k-uhd-smart-tv-65q6f-2025.html,2999.0,"TV SAMSUNG 65"" QLED 4K UHD Smart TV 65Q6F",SAMSUNG,65.0,4K,QLED,True,True,70.0,Tizen,0,0,1,1,1,1,Milieu de gamme,SAMSUNG::Milieu de gamme::c1,0
https://www.mytek.tn/tv-samsung-55-qled-4k-uhd-q70dau-smart-tv-noir.html,3099.0,"TV SAMSUNG 55"" QLED 4K UHD Q70DAU Smart TV - Noir",SAMSUNG,55.0,4K,QLED,True,True,100.0,Tizen,0,0,1,1,1,1,Milieu de gamme,SAMSUNG::Milieu de gamme::c0,0
https://www.mytek.tn/tv-samsung-65-qled-q7f-4k-vision-ai-smart-tv-2025.html,3249.0,TV SAMSUNG 65'' QLED Q7F 4K Vision AI Smart TV (2025),SAMSUNG,65.0,4K,QLED,True,True,70.0,Tizen,0,0,1,1,1,1,Milieu de gamme,SAMSUNG::Milieu de gamme::c1,0
https://www.mytek.tn/tv-samsung-70-crystal-uhd-u8000f-4k-smart-tv.html,3279.0,TV SAMSUNG 70'' Crystal UHD U8000F 4K Smart TV,SAMSUNG,70.0,4K,QLED,True,True,68.0,Tizen,0,0,1,1,1,1,Premium,SAMSUNG::Premium::c1,0
https://www.mytek.tn/tv-samsung-75-crystal-uhd-u8000f-4k-smart-tv.html,3999.0,TV SAMSUNG 75'' Crystal UHD U8000F 4K Smart TV,SAMSUNG,75.0,4K,QLED,True,True,103.6,Tizen,0,0,1,1,1,1,Premium,SAMSUNG::Premium::c0,0
https://www.mytek.tn/tv-samsung-65-smart-qn70fau-neo-qled-4k-2025.html,4399.0,TV SAMSUNG 65'' Smart QN70FAU Néo QLED 4K 2025,SAMSUNG,65.0,4K,QLED,True,True,100.0,Tizen,0,0,1,1,1,1,Premium,SAMSUNG::Premium::c1,0
https://www.mytek.tn/televiseur-samsung-q6faau-75-qled-4k-uhd-smart-tv-noir.html,4899.0,"Téléviseur SAMSUNG Q6FAAU 75"" QLED 4K UHD Smart TV - Noir",SAMSUNG,75.0,4K,QLED,True,True,103.6,Tizen,0,0,1,1,1,1,Premium,SAMSUNG::Premium::c0,0
https://www.mytek.tn/tv-samsung-75-qled-q7f-4k-vision-ai-smart-tv-2025.html,5299.0,TV SAMSUNG 75'' QLED Q7F 4K Vision AI Smart TV,SAMSUNG,75.0,4K,QLED,True,True,103.6,Tizen,0,0,1,1,1,1,Premium,SAMSUNG::Premium::c0,0
https://www.mytek.tn/tv-samsung-85-crystal-uhd-u8000f-4k-smart-tv.html,6649.0,TV SAMSUNG 85'' Crystal UHD U8000F 4K Smart TV,SAMSUNG,85.0,4K,QLED,True,True,88.8,Tizen,0,0,1,1,1,1,Premium,SAMSUNG::Premium::c0,0
https://www.mytek.tn/tv-samsung-85-qled-q7f-4k-vision-ai-smart-tv-2025.html,7899.0,TV SAMSUNG 85'' QLED Q7F 4K Vision AI Smart TV,SAMSUNG,85.0,4K,QLED,True,True,88.8,Tizen,0,0,1,1,1,1,Premium,SAMSUNG::Premium::c0,0
https://www.mytek.tn/tv-samsung-32-hd-h5000-smart-tv-2025.html,729.0,TV SAMSUNG 32'' HD H5000 Smart TV (2025),SAMSUNG,32.0,Full HD,LED,True,True,60.0,Tizen,0,0,1,1,1,2,Économique,SAMSUNG::Économique::c1,0
https://www.mytek.tn/tv-samsung-43-fhd-f6000f-smart-tv-2025.html,1049.0,TV SAMSUNG 43'' FHD F6000F Smart TV (2025),SAMSUNG,43.0,Full HD,QLED,True,True,60.0,Tizen,0,0,1,0,1,2,Économique,SAMSUNG::Économique::c1,0
https://www.mytek.tn/tv-samsung-43-crystal-uhd-u8000f-4k-smart-tv-2025.html,1199.0,TV SAMSUNG U8000F 43'' 4K Smart TV Crystal UHD - Noir,SAMSUNG,43.0,4K,QLED,True,True,60.0,Tizen,0,0,1,1,1,2,Économique,SAMSUNG::Économique::c0,0
https://www.mytek.tn/tv-samsung-50-crystal-uhd-u8000f-4k-smart-tv-2025.html,1599.0,TV SAMSUNG U8000F 50'' Crystal UHD 4K Smart TV - Noir,SAMSUNG,50.0,4K,QLED,True,True,96.8,Tizen,0,0,1,1,1,2,Économique,SAMSUNG::Économique::c0,0
https://www.mytek.tn/tv-samsung-55-crystal-uhd-u8000f-4k-smart-tv-2025.html,1749.0,TV SAMSUNG 55'' Crystal UHD 4K Smart TV - Noir,SAMSUNG,55.0,4K,QLED,True,True,96.8,Tizen,0,0,1,1,1,2,Économique,SAMSUNG::Économique::c0,0
https://www.mytek.tn/tv-samsung-50-qled-q7f-4k-vision-ai-smart-tv-2025.html,1849.0,TV SAMSUNG 50'' QLED Q7F 4K Vision AI Smart TV,SAMSUNG,50.0,4K,QLED,True,True,96.8,Tizen,0,0,1,1,0,2,Économique,SAMSUNG::Économique::c0,0
https://www.mytek.tn/tv-samsung-58-crystal-uhd-u8000f-4k-smart-tv-2025.html,1999.0,TV SAMSUNG 58'' Crystal UHD 4K Smart TV,SAMSUNG,58.0,4K,QLED,True,True,96.8,Tizen,0,0,1,1,1,2,Économique,SAMSUNG::Économique::c0,0
https://www.mytek.tn/tv-samsung-55-qled-4k-uhd-smart-tv-q6f-2025-noir.html,1999.0,"TV SAMSUNG 55"" QLED 4K UHD Smart TV Q6F",SAMSUNG,55.0,4K,QLED,True,True,96.8,Tizen,0,0,1,1,1,2,Économique,SAMSUNG::Économique::c0,0
https://www.mytek.tn/tv-samsung-55-qled-q7f-4k-vision-ai-smart-tv-2025.html,2119.0,TV SAMSUNG 55'' QLED Q7F 4K Vision AI Smart TV,SAMSUNG,55.0,4K,QLED,True,True,96.8,Tizen,0,0,1,1,0,2,Milieu de gamme,SAMSUNG::Milieu de gamme::c0,0
https://www.mytek.tn/tv-samsung-65-crystal-uhd-u8000f-4k-smart-tv.html,2699.0,TV SAMSUNG 65'' Crystal UHD  4K Smart TV,SAMSUNG,65.0,4K,QLED,True,True,70.0,Tizen,0,0,1,1,1,2,Milieu de gamme,SAMSUNG::Milieu de gamme::c1,0
https://www.mytek.tn/tv-samsung-55-smart-qn70fau-neo-qled-4k-2025.html,2899.0,Tv SAMSUNG 55'' Smart QN70FAU Néo QLED 4K 2025,SAMSUNG,55.0,4K,QLED,True,True,100.0,Tizen,0,0,1,1,1,2,Milieu de gamme,SAMSUNG::Milieu de gamme::c0,0
https://www.mytek.tn/tv-samsung-65-qled-4k-uhd-smart-tv-65q6f-2025.html,2999.0,"TV SAMSUNG 65"" QLED 4K UHD Smart TV 65Q6F",SAMSUNG,65.0,4K,QLED,True,True,70.0,Tizen,0,0,1,1,1,2,Milieu de gamme,SAMSUNG::Milieu de gamme::c1,0
https://www.mytek.tn/tv-samsung-55-qled-4k-uhd-q70dau-smart-tv-noir.html,3099.0,"TV SAMSUNG 55"" QLED 4K UHD Q70DAU Smart TV - Noir",SAMSUNG,55.0,4K,QLED,True,True,100.0,Tizen,0,0,1,1,1,2,Milieu de gamme,SAMSUNG::Milieu de gamme::c0,0
https://www.mytek.tn/tv-samsung-65-qled-q7f-4k-vision-ai-smart-tv-2025.html,3249.0,TV SAMSUNG 65'' QLED Q7F 4K Vision AI Smart TV (2025),SAMSUNG,65.0,4K,QLED,True,True,70.0,Tizen,0,0,1,1,1,2,Milieu de gamme,SAMSUNG::Milieu de gamme::c1,0
https://www.mytek.tn/tv-samsung-70-crystal-uhd-u8000f-4k-smart-tv.html,3279.0,TV SAMSUNG 70'' Crystal UHD U8000F 4K Smart TV,SAMSUNG,70.0,4K,QLED,True,True,68.0,Tizen,0,0,1,1,1,2,Premium,SAMSUNG::Premium::c1,0
https://www.mytek.tn/tv-samsung-75-crystal-uhd-u8000f-4k-smart-tv.html,3999.0,TV SAMSUNG 75'' Crystal UHD U8000F 4K Smart TV,SAMSUNG,75.0,4K,QLED,True,True,103.6,Tizen,0,0,1,1,1,2,Premium,SAMSUNG::Premium::c0,0
https://www.mytek.tn/tv-samsung-65-smart-qn70fau-neo-qled-4k-2025.html,4399.0,TV SAMSUNG 65'' Smart QN70FAU Néo QLED 4K 2025,SAMSUNG,65.0,4K,QLED,True,True,100.0,Tizen,0,0,1,1,1,2,Premium,SAMSUNG::Premium::c1,0
https://www.mytek.tn/televiseur-samsung-q6faau-75-qled-4k-uhd-smart-tv-noir.html,4899.0,"Téléviseur SAMSUNG Q6FAAU 75"" QLED 4K UHD Smart TV - Noir",SAMSUNG,75.0,4K,QLED,True,True,103.6,Tizen,0,0,1,1,1,2,Premium,SAMSUNG::Premium::c0,0
https://www.mytek.tn/tv-samsung-75-qled-q7f-4k-vision-ai-smart-tv-2025.html,5299.0,TV SAMSUNG 75'' QLED Q7F 4K Vision AI Smart TV,SAMSUNG,75.0,4K,QLED,True,True,103.6,Tizen,0,0,1,1,1,2,Premium,SAMSUNG::Premium::c0,0
https://www.mytek.tn/tv-samsung-85-crystal-uhd-u8000f-4k-smart-tv.html,6649.0,TV SAMSUNG 85'' Crystal UHD U8000F 4K Smart TV,SAMSUNG,85.0,4K,QLED,True,True,105.6,Tizen,0,0,1,1,1,2,Premium,SAMSUNG::Premium::c0,0
https://www.mytek.tn/tv-samsung-85-qled-q7f-4k-vision-ai-smart-tv-2025.html,7899.0,TV SAMSUNG 85'' QLED Q7F 4K Vision AI Smart TV,SAMSUNG,85.0,4K,QLED,True,True,105.6,Tizen,0,0,1,1,1,2,Premium,SAMSUNG::Premium::c0,0
https://www.mytek.tn/tv-samsung-32-hd-h5000-smart-tv-2025.html,729.0,TV SAMSUNG 32'' HD H5000 Smart TV (2025),SAMSUNG,32.0,Full HD,LED,True,True,60.0,Tizen,0,0,1,1,1,3,Économique,SAMSUNG::Économique::c1,0
https://www.mytek.tn/tv-samsung-43-fhd-f6000f-smart-tv-2025.html,1049.0,TV SAMSUNG 43'' FHD F6000F Smart TV (2025),SAMSUNG,43.0,Full HD,QLED,True,True,60.0,Tizen,0,0,1,0,1,3,Économique,SAMSUNG::Économique::c1,0
https://www.mytek.tn/tv-samsung-43-crystal-uhd-u8000f-4k-smart-tv-2025.html,1199.0,TV SAMSUNG U8000F 43'' 4K Smart TV Crystal UHD - Noir,SAMSUNG,43.0,4K,QLED,True,True,60.0,Tizen,0,0,1,1,1,3,Économique,SAMSUNG::Économique::c0,0
https://www.mytek.tn/tv-samsung-50-crystal-uhd-u8000f-4k-smart-tv-2025.html,1599.0,TV SAMSUNG U8000F 50'' Crystal UHD 4K Smart TV - Noir,SAMSUNG,50.0,4K,QLED,True,True,96.8,Tizen,0,0,1,1,1,3,Économique,SAMSUNG::Économique::c0,0
https://www.mytek.tn/tv-samsung-55-crystal-uhd-u8000f-4k-smart-tv-2025.html,1749.0,TV SAMSUNG 55'' Crystal UHD 4K Smart TV - Noir,SAMSUNG,55.0,4K,QLED,True,True,96.8,Tizen,0,0,1,1,1,3,Économique,SAMSUNG::Économique::c0,0
https://www.mytek.tn/tv-samsung-50-qled-q7f-4k-vision-ai-smart-tv-2025.html,1849.0,TV SAMSUNG 50'' QLED Q7F 4K Vision AI Smart TV,SAMSUNG,50.0,4K,QLED,True,True,96.8,Tizen,0,0,1,1,0,3,Économique,SAMSUNG::Économique::c0,0
https://www.mytek.tn/tv-samsung-58-crystal-uhd-u8000f-4k-smart-tv-2025.html,1999.0,TV SAMSUNG 58'' Crystal UHD 4K Smart TV,SAMSUNG,58.0,4K,QLED,True,True,96.8,Tizen,0,0,1,1,1,3,Économique,SAMSUNG::Économique::c0,0
https://www.mytek.tn/tv-samsung-55-qled-4k-uhd-smart-tv-q6f-2025-noir.html,1999.0,"TV SAMSUNG 55"" QLED 4K UHD Smart TV Q6F",SAMSUNG,55.0,4K,QLED,True,True,96.8,Tizen,0,0,1,1,1,3,Économique,SAMSUNG::Économique::c0,0
https://www.mytek.tn/tv-samsung-55-qled-q7f-4k-vision-ai-smart-tv-2025.html,2119.0,TV SAMSUNG 55'' QLED Q7F 4K Vision AI Smart TV,SAMSUNG,55.0,4K,QLED,True,True,96.8,Tizen,0,0,1,1,0,3,Milieu de gamme,SAMSUNG::Milieu de gamme::c0,0
https://www.mytek.tn/tv-samsung-65-crystal-uhd-u8000f-4k-smart-tv.html,2699.0,TV SAMSUNG 65'' Crystal UHD  4K Smart TV,SAMSUNG,65.0,4K,QLED,True,True,70.0,Tizen,0,0,1,1,1,3,Milieu de gamme,SAMSUNG::Milieu de gamme::c1,0
https://www.mytek.tn/tv-samsung-55-smart-qn70fau-neo-qled-4k-2025.html,2899.0,Tv SAMSUNG 55'' Smart QN70FAU Néo QLED 4K 2025,SAMSUNG,55.0,4K,QLED,True,True,100.0,Tizen,0,0,1,1,1,3,Milieu de gamme,SAMSUNG::Milieu de gamme::c0,0
https://www.mytek.tn/tv-samsung-65-qled-4k-uhd-smart-tv-65q6f-2025.html,2999.0,"TV SAMSUNG 65"" QLED 4K UHD Smart TV 65Q6F",SAMSUNG,65.0,4K,QLED,True,True,70.0,Tizen,0,0,1,1,1,3,Milieu de gamme,SAMSUNG::Milieu de gamme::c1,0
https://www.mytek.tn/tv-samsung-55-qled-4k-uhd-q70dau-smart-tv-noir.html,3099.0,"TV SAMSUNG 55"" QLED 4K UHD Q70DAU Smart TV - Noir",SAMSUNG,55.0,4K,QLED,True,True,100.0,Tizen,0,0,1,1,1,3,Milieu de gamme,SAMSUNG::Milieu de gamme::c0,0
https://www.mytek.tn/tv-samsung-65-qled-q7f-4k-vision-ai-smart-tv-2025.html,3249.0,TV SAMSUNG 65'' QLED Q7F 4K Vision AI Smart TV (2025),SAMSUNG,65.0,4K,QLED,True,True,70.0,Tizen,0,0,1,1,1,3,Milieu de gamme,SAMSUNG::Milieu de gamme::c1,0
https://www.mytek.tn/tv-samsung-70-crystal-uhd-u8000f-4k-smart-tv.html,3279.0,TV SAMSUNG 70'' Crystal UHD U8000F 4K Smart TV,SAMSUNG,70.0,4K,QLED,True,True,68.0,Tizen,0,0,1,1,1,3,Premium,SAMSUNG::Premium::c1,0
https://www.mytek.tn/tv-samsung-75-crystal-uhd-u8000f-4k-smart-tv.html,3999.0,TV SAMSUNG 75'' Crystal UHD U8000F 4K Smart TV,SAMSUNG,75.0,4K,QLED,True,True,103.6,Tizen,0,0,1,1,1,3,Premium,SAMSUNG::Premium::c0,0
https://www.mytek.tn/tv-samsung-65-smart-qn70fau-neo-qled-4k-2025.html,4399.0,TV SAMSUNG 65'' Smart QN70FAU Néo QLED 4K 2025,SAMSUNG,65.0,4K,QLED,True,True,100.0,Tizen,0,0,1,1,1,3,Premium,SAMSUNG::Premium::c1,0
https://www.mytek.tn/televiseur-samsung-q6faau-75-qled-4k-uhd-smart-tv-noir.html,4899.0,"Téléviseur SAMSUNG Q6FAAU 75"" QLED 4K UHD Smart TV - Noir",SAMSUNG,75.0,4K,QLED,True,True,103.6,Tizen,0,0,1,1,1,3,Premium,SAMSUNG::Premium::c0,0
https://www.mytek.tn/tv-samsung-75-qled-q7f-4k-vision-ai-smart-tv-2025.html,5299.0,TV SAMSUNG 75'' QLED Q7F 4K Vision AI Smart TV,SAMSUNG,75.0,4K,QLED,True,True,103.6,Tizen,0,0,1,1,1,3,Premium,SAMSUNG::Premium::c0,0
https://www.mytek.tn/tv-samsung-85-crystal-uhd-u8000f-4k-smart-tv.html,6649.0,TV SAMSUNG 85'' Crystal UHD U8000F 4K Smart TV,SAMSUNG,85.0,4K,QLED,True,True,105.6,Tizen,0,0,1,1,1,3,Premium,SAMSUNG::Premium::c0,0
https://www.mytek.tn/tv-samsung-85-qled-q7f-4k-vision-ai-smart-tv-2025.html,7899.0,TV SAMSUNG 85'' QLED Q7F 4K Vision AI Smart TV,SAMSUNG,85.0,4K,QLED,True,True,105.6,Tizen,0,0,1,1,1,3,Premium,SAMSUNG::Premium::c0,0
https://www.mytek.tn/tv-samsung-32-hd-h5000-smart-tv-2025.html,729.0,TV SAMSUNG 32'' HD H5000 Smart TV (2025),SAMSUNG,32.0,Full HD,LED,True,True,60.0,Tizen,0,0,1,1,1,4,Économique,SAMSUNG::Économique::c1,0
https://www.mytek.tn/tv-samsung-43-fhd-f6000f-smart-tv-2025.html,1049.0,TV SAMSUNG 43'' FHD F6000F Smart TV (2025),SAMSUNG,43.0,Full HD,QLED,True,True,60.0,Tizen,0,0,1,0,1,4,Économique,SAMSUNG::Économique::c1,0
https://www.mytek.tn/tv-samsung-43-crystal-uhd-u8000f-4k-smart-tv-2025.html,1199.0,TV SAMSUNG U8000F 43'' 4K Smart TV Crystal UHD - Noir,SAMSUNG,43.0,4K,QLED,True,True,60.0,Tizen,0,0,1,1,1,4,Économique,SAMSUNG::Économique::c0,0
https://www.mytek.tn/tv-samsung-50-crystal-uhd-u8000f-4k-smart-tv-2025.html,1599.0,TV SAMSUNG U8000F 50'' Crystal UHD 4K Smart TV - Noir,SAMSUNG,50.0,4K,QLED,True,True,84.8,Tizen,0,0,1,1,1,4,Économique,SAMSUNG::Économique::c0,0
https://www.mytek.tn/tv-samsung-55-crystal-uhd-u8000f-4k-smart-tv-2025.html,1749.0,TV SAMSUNG 55'' Crystal UHD 4K Smart TV - Noir,SAMSUNG,55.0,4K,Mini-LED,True,True,84.8,Tizen,0,0,1,1,1,4,Économique,SAMSUNG::Économique::c0,0
https://www.mytek.tn/tv-samsung-50-qled-q7f-4k-vision-ai-smart-tv-2025.html,1849.0,TV SAMSUNG 50'' QLED Q7F 4K Vision AI Smart TV,SAMSUNG,50.0,4K,QLED,True,True,84.8,Tizen,0,0,1,1,0,4,Économique,SAMSUNG::Économique::c0,0
https://www.mytek.tn/tv-samsung-58-crystal-uhd-u8000f-4k-smart-tv-2025.html,1999.0,TV SAMSUNG 58'' Crystal UHD 4K Smart TV,SAMSUNG,58.0,4K,Mini-LED,True,True,84.8,Tizen,0,0,1,1,1,4,Économique,SAMSUNG::Économique::c0,0
https://www.mytek.tn/tv-samsung-55-qled-4k-uhd-smart-tv-q6f-2025-noir.html,1999.0,"TV SAMSUNG 55"" QLED 4K UHD Smart TV Q6F",SAMSUNG,55.0,4K,QLED,True,True,84.8,Tizen,0,0,1,1,1,4,Économique,SAMSUNG::Économique::c0,0
https://www.mytek.tn/tv-samsung-55-qled-q7f-4k-vision-ai-smart-tv-2025.html,2119.0,TV SAMSUNG 55'' QLED Q7F 4K Vision AI Smart TV,SAMSUNG,55.0,4K,QLED,True,True,84.8,Tizen,0,0,1,1,0,4,Milieu de gamme,SAMSUNG::Milieu de gamme::c0,0
https://www.mytek.tn/tv-samsung-65-crystal-uhd-u8000f-4k-smart-tv.html,2699.0,TV SAMSUNG 65'' Crystal UHD  4K Smart TV,SAMSUNG,65.0,4K,QLED,True,True,74.8,Tizen,0,0,1,1,1,4,Milieu de gamme,SAMSUNG::Milieu de gamme::c1,0
https://www.mytek.tn/tv-samsung-55-smart-qn70fau-neo-qled-4k-2025.html,2899.0,Tv SAMSUNG 55'' Smart QN70FAU Néo QLED 4K 2025,SAMSUNG,55.0,4K,QLED,True,True,100.0,Tizen,0,0,1,1,1,4,Milieu de gamme,SAMSUNG::Milieu de gamme::c0,0
https://www.mytek.tn/tv-samsung-65-qled-4k-uhd-smart-tv-65q6f-2025.html,2999.0,"TV SAMSUNG 65"" QLED 4K UHD Smart TV 65Q6F",SAMSUNG,65.0,4K,QLED,True,True,74.8,Tizen,0,0,1,1,1,4,Milieu de gamme,SAMSUNG::Milieu de gamme::c1,0
https://www.mytek.tn/tv-samsung-65-qled-q7f-4k-vision-ai-smart-tv-2025.html,3249.0,TV SAMSUNG 65'' QLED Q7F 4K Vision AI Smart TV (2025),SAMSUNG,65.0,4K,QLED,True,True,74.8,Tizen,0,0,1,1,1,4,Milieu de gamme,SAMSUNG::Milieu de gamme::c1,0
https://www.mytek.tn/tv-samsung-70-crystal-uhd-u8000f-4k-smart-tv.html,3279.0,TV SAMSUNG 70'' Crystal UHD U8000F 4K Smart TV,SAMSUNG,70.0,4K,QLED,True,True,68.0,Tizen,0,0,1,1,1,4,Premium,SAMSUNG::Premium::c1,0
https://www.mytek.tn/tv-samsung-75-crystal-uhd-u8000f-4k-smart-tv.html,3999.0,TV SAMSUNG 75'' Crystal UHD U8000F 4K Smart TV,SAMSUNG,75.0,4K,QLED,True,True,103.6,Tizen,0,0,1,1,1,4,Premium,SAMSUNG::Premium::c0,0
https://www.mytek.tn/tv-samsung-65-smart-qn70fau-neo-qled-4k-2025.html,4399.0,TV SAMSUNG 65'' Smart QN70FAU Néo QLED 4K 2025,SAMSUNG,65.0,4K,QLED,True,True,100.0,Tizen,0,0,1,1,1,4,Premium,SAMSUNG::Premium::c1,0
https://www.mytek.tn/televiseur-samsung-q6faau-75-qled-4k-uhd-smart-tv-noir.html,4899.0,"Téléviseur SAMSUNG Q6FAAU 75"" QLED 4K UHD Smart TV - Noir",SAMSUNG,75.0,4K,QLED,True,True,103.6,Tizen,0,0,1,1,1,4,Premium,SAMSUNG::Premium::c0,0
https://www.mytek.tn/tv-samsung-75-qled-q7f-4k-vision-ai-smart-tv-2025.html,5299.0,TV SAMSUNG 75'' QLED Q7F 4K Vision AI Smart TV,SAMSUNG,75.0,4K,QLED,True,True,103.6,Tizen,0,0,1,1,1,4,Premium,SAMSUNG::Premium::c0,0
https://www.mytek.tn/tv-samsung-85-crystal-uhd-u8000f-4k-smart-tv.html,6649.0,TV SAMSUNG 85'' Crystal UHD U8000F 4K Smart TV,SAMSUNG,85.0,4K,QLED,True,True,88.8,Tizen,0,0,1,1,1,4,Premium,SAMSUNG::Premium::c0,0
https://www.mytek.tn/tv-samsung-85-qled-q7f-4k-vision-ai-smart-tv-2025.html,7899.0,TV SAMSUNG 85'' QLED Q7F 4K Vision AI Smart TV,SAMSUNG,85.0,4K,QLED,True,True,88.8,Tizen,0,0,1,1,1,4,Premium,SAMSUNG::Premium::c0,0
https://www.mytek.tn/tv-telefunken-32-c7-recepteur-integre.html,399.0,TV TELEFUNKEN 32'' C7 + Récepteur Intégré,TELEFUNKEN,32.0,Full HD,LED,False,False,60.0,Autre,0,0,0,0,0,1,Économique,TELEFUNKEN::Économique::c0,1
https://www.mytek.tn/tv-telefunken-32-smart-google-tv-e3f-hd-recepteur-integre.html,559.0,TV TELEFUNKEN 32'' Smart Google TV E3F HD + Récepteur Intégré,TELEFUNKEN,32.0,Full HD,LED,False,True,60.0,Google TV,1,0,1,1,1,1,Économique,TELEFUNKEN::Économique::c1,0
https://www.mytek.tn/tv-telefunken-40-c7-fhd-recepteur-integre.html,569.0,TV TELEFUNKEN 40'' C7 FHD + Récepteur intégré,TELEFUNKEN,40.0,Full HD,QLED,False,False,60.0,Autre,0,0,0,0,0,1,Économique,TELEFUNKEN::Économique::c0,1
https://www.mytek.tn/tv-telefunken-42-w3-full-hd.html,649.0,TV TELEFUNKEN 42'' W3 Full HD,TELEFUNKEN,42.0,Full HD,QLED,False,False,60.0,Autre,0,0,0,0,0,1,Économique,TELEFUNKEN::Économique::c0,1
https://www.mytek.tn/tv-telefunken-43-c7-fhd-recepteur-integre.html,679.0,TV TELEFUNKEN 43'' C7 FHD + Récepteur intégré,TELEFUNKEN,43.0,Full HD,QLED,False,False,60.0,Autre,0,0,0,0,0,1,Économique,TELEFUNKEN::Économique::c0,1
https://www.mytek.tn/tv-telefunken-40-smart-google-tv-e3f-full-hd-recepteur-integre.html,699.0,"TV TELEFUNKEN 40"" Smart Google TV E3F Full HD + Récepteur Intégré",TELEFUNKEN,40.0,Full HD,QLED,True,True,60.0,Google TV,1,0,1,1,1,1,Économique,TELEFUNKEN::Économique::c1,0
https://www.mytek.tn/tv-telefunken-43-smart-google-tv-qled-e3fq-recepteur-integre.html,879.0,TV TELEFUNKEN 43'' Smart Google TV QLED E3FQ + Récepteur Intégré,TELEFUNKEN,43.0,Full HD,QLED,True,True,60.0,Google TV,0,0,1,1,1,1,Économique,TELEFUNKEN::Économique::c1,0
https://www.mytek.tn/tv-telefunken-50-qled-w3hq-google-tv-full-hd-noir.html,1049.0,"TV TELEFUNKEN 50"" QLED W3HQ Google TV Full HD - Noir",TELEFUNKEN,50.0,Full HD,QLED,True,True,84.8,Google TV,0,0,1,1,1,1,Milieu de gamme,TELEFUNKEN::Milieu de gamme::c0,0
https://www.mytek.tn/televiseur-50-telefunken-led-n1-tizen-os-4k-uhd-smarttv.html,1069.0,"Téléviseur 50"" TELEFUNKEN Led N1 SmartTv  Tizen OS  4k UHD",TELEFUNKEN,50.0,4K,QLED,True,True,84.8,Tizen,0,0,1,0,1,1,Milieu de gamme,TELEFUNKEN::Milieu de gamme::c1,0
https://www.mytek.tn/tv-telefunken-qled-50-smart-google-tv-g4fn-4k-recepteur-integre.html,1379.0,TV TELEFUNKEN QLED 50'' Smart Google Tv G4FN 4K + Récepteur Intégré,TELEFUNKEN,50.0,4K,QLED,True,True,84.8,Google TV,0,0,1,1,1,1,Milieu de gamme,TELEFUNKEN::Milieu de gamme::c0,0
https://www.mytek.tn/tv-telefunken-55-g3fn-4k-uhd-smart-google-tv-recepteur-integre.html,1389.0,Tv TELEFUNKEN 55” G3FN 4K UHD Smart Google TV + Récepteur Intégré,TELEFUNKEN,55.0,4K,QLED,True,True,104.8,Google TV,0,0,1,1,1,1,Milieu de gamme,TELEFUNKEN::Milieu de gamme::c0,0
https://www.mytek.tn/televiseur-telefunken-55-mini-led-x6f-google-tv-4k-matte-screen.html,1699.0,"Téléviseur TELEFUNKEN 55"" Mini Led X6f Google Tv 4k Matte Screen",TELEFUNKEN,55.0,4K,Mini-LED,True,True,104.8,Google TV,0,0,1,0,1,1,Milieu de gamme,TELEFUNKEN::Milieu de gamme::c1,0
https://www.mytek.tn/tv-telefunken-g3fn-4k-uhd-smart-tv-65-avec-recepteur-integre.html,1999.0,TV TELEFUNKEN G3FN 4K UHD Smart TV 65'' Avec Récepteur Intégré,TELEFUNKEN,65.0,4K,QLED,True,True,60.0,Google TV,0,0,1,1,1,1,Milieu de gamme,TELEFUNKEN::Milieu de gamme::c0,0
https://www.mytek.tn/tv-telefunken-g7ep-mini-led-uhd-4k-google-tv-55-recepteur-integre.html,2349.0,"TV Telefunken G7EP Mini LED UHD 4K Google TV 55"" + Récepteur intégré",TELEFUNKEN,55.0,4K,Mini-LED,True,True,104.8,Google TV,0,0,1,0,1,1,Premium,TELEFUNKEN::Premium::c0,0
https://www.mytek.tn/tv-telefunken-65-smart-google-tv-g7ep-4k-recepteur-integre.html,3099.0,TV TELEFUNKEN 65'' Mini LED Smart Google Tv G7EP 4K + Récepteur intégré,TELEFUNKEN,65.0,4K,Mini-LED,True,True,70.0,Inconnu,0,0,0,0,0,1,Premium,TELEFUNKEN::Premium::c0,0
https://www.mytek.tn/tv-telefunken-75-smart-google-tv-g4e-qled-4k-recepteur-integre.html,3229.0,TV TELEFUNKEN 75'' Smart Google Tv G4E QLED 4K + Récepteur intégré,TELEFUNKEN,75.0,4K,QLED,False,True,103.6,Android TV,0,0,1,1,1,1,Premium,TELEFUNKEN::Premium::c0,0
https://www.mytek.tn/tv-telefunken-85-qled-4k-g4fn-smart-google-tv-avec-recepteur-integre.html,5779.0,"TV TELEFUNKEN 85"" QLED 4K G4FN Smart Google TV avec Récepteur Intégré",TELEFUNKEN,85.0,4K,QLED,True,True,88.8,Google TV,0,0,1,1,1,1,Premium,TELEFUNKEN::Premium::c0,0
https://www.mytek.tn/tv-telefunken-a4f-100-qled-4k-smart-google-tv-matte-screen-noir.html,9529.0,"TV TELEFUNKEN A4F 100"" QLED 4K Smart Google TV Matte screen - Noir",TELEFUNKEN,100.0,4K,QLED,True,True,144.0,Google TV,0,0,1,1,1,1,Premium,TELEFUNKEN::Premium::c0,0
https://www.mytek.tn/tv-telefunken-32-c7-recepteur-integre.html,399.0,TV TELEFUNKEN 32'' C7 + Récepteur Intégré,TELEFUNKEN,32.0,Full HD,LED,False,False,60.0,Autre,0,0,0,0,0,2,Économique,TELEFUNKEN::Économique::c0,1
https://www.mytek.tn/tv-telefunken-32-smart-google-tv-e3f-hd-recepteur-integre.html,559.0,TV TELEFUNKEN 32'' Smart Google TV E3F HD + Récepteur Intégré,TELEFUNKEN,32.0,Full HD,LED,False,True,60.0,Google TV,1,0,1,1,1,2,Économique,TELEFUNKEN::Économique::c1,0
https://www.mytek.tn/tv-telefunken-40-c7-fhd-recepteur-integre.html,569.0,TV TELEFUNKEN 40'' C7 FHD + Récepteur intégré,TELEFUNKEN,40.0,Full HD,QLED,False,False,60.0,Autre,0,0,0,0,0,2,Économique,TELEFUNKEN::Économique::c0,1
https://www.mytek.tn/tv-telefunken-42-w3-full-hd.html,649.0,TV TELEFUNKEN 42'' W3 Full HD,TELEFUNKEN,42.0,Full HD,QLED,False,False,60.0,Autre,0,0,0,0,0,2,Économique,TELEFUNKEN::Économique::c0,1
https://www.mytek.tn/tv-telefunken-43-c7-fhd-recepteur-integre.html,679.0,TV TELEFUNKEN 43'' C7 FHD + Récepteur intégré,TELEFUNKEN,43.0,Full HD,QLED,False,False,60.0,Autre,0,0,0,0,0,2,Économique,TELEFUNKEN::Économique::c0,1
https://www.mytek.tn/tv-telefunken-40-smart-google-tv-e3f-full-hd-recepteur-integre.html,699.0,"TV TELEFUNKEN 40"" Smart Google TV E3F Full HD + Récepteur Intégré",TELEFUNKEN,40.0,Full HD,QLED,True,True,60.0,Google TV,1,0,1,1,1,2,Économique,TELEFUNKEN::Économique::c1,0
https://www.mytek.tn/tv-telefunken-43-smart-google-tv-qled-e3fq-recepteur-integre.html,879.0,TV TELEFUNKEN 43'' Smart Google TV QLED E3FQ + Récepteur Intégré,TELEFUNKEN,43.0,Full HD,QLED,True,True,60.0,Google TV,0,0,1,1,1,2,Économique,TELEFUNKEN::Économique::c1,0
https://www.mytek.tn/tv-telefunken-50-qled-w3hq-google-tv-full-hd-noir.html,1049.0,"TV TELEFUNKEN 50"" QLED W3HQ Google TV Full HD - Noir",TELEFUNKEN,50.0,Full HD,QLED,True,True,96.8,Google TV,0,0,1,1,1,2,Milieu de gamme,TELEFUNKEN::Milieu de gamme::c0,0
https://www.mytek.tn/televiseur-50-telefunken-led-n1-tizen-os-4k-uhd-smarttv.html,1069.0,"Téléviseur 50"" TELEFUNKEN Led N1 SmartTv  Tizen OS  4k UHD",TELEFUNKEN,50.0,4K,QLED,True,True,96.8,Tizen,0,0,1,0,1,2,Milieu de gamme,TELEFUNKEN::Milieu de gamme::c1,0
https://www.mytek.tn/tv-telefunken-qled-50-smart-google-tv-g4fn-4k-recepteur-integre.html,1379.0,TV TELEFUNKEN QLED 50'' Smart Google Tv G4FN 4K + Récepteur Intégré,TELEFUNKEN,50.0,4K,QLED,True,True,96.8,Google TV,0,0,1,1,1,2,Milieu de gamme,TELEFUNKEN::Milieu de gamme::c0,0
https://www.mytek.tn/tv-telefunken-55-g3fn-4k-uhd-smart-google-tv-recepteur-integre.html,1389.0,Tv TELEFUNKEN 55” G3FN 4K UHD Smart Google TV + Récepteur Intégré,TELEFUNKEN,55.0,4K,QLED,True,True,96.8,Google TV,0,0,1,1,1,2,Milieu de gamme,TELEFUNKEN::Milieu de gamme::c0,0
https://www.mytek.tn/televiseur-telefunken-55-mini-led-x6f-google-tv-4k-matte-screen.html,1699.0,"Téléviseur TELEFUNKEN 55"" Mini Led X6f Google Tv 4k Matte Screen",TELEFUNKEN,55.0,4K,Mini-LED,True,True,96.8,Google TV,0,0,1,0,1,2,Milieu de gamme,TELEFUNKEN::Milieu de gamme::c1,0
https://www.mytek.tn/tv-telefunken-g3fn-4k-uhd-smart-tv-65-avec-recepteur-integre.html,1999.0,TV TELEFUNKEN G3FN 4K UHD Smart TV 65'' Avec Récepteur Intégré,TELEFUNKEN,65.0,4K,QLED,True,True,60.0,Google TV,0,0,1,1,1,2,Milieu de gamme,TELEFUNKEN::Milieu de gamme::c0,0
https://www.mytek.tn/tv-telefunken-g7ep-mini-led-uhd-4k-google-tv-55-recepteur-integre.html,2349.0,"TV Telefunken G7EP Mini LED UHD 4K Google TV 55"" + Récepteur intégré",TELEFUNKEN,55.0,4K,Mini-LED,True,True,96.8,Google TV,0,0,1,0,1,2,Premium,TELEFUNKEN::Premium::c0,0
https://www.mytek.tn/tv-telefunken-65-smart-google-tv-g7ep-4k-recepteur-integre.html,3099.0,TV TELEFUNKEN 65'' Mini LED Smart Google Tv G7EP 4K + Récepteur intégré,TELEFUNKEN,65.0,4K,Mini-LED,True,True,70.0,Inconnu,0,0,0,0,0,2,Premium,TELEFUNKEN::Premium::c0,0
https://www.mytek.tn/tv-telefunken-75-smart-google-tv-g4e-qled-4k-recepteur-integre.html,3229.0,TV TELEFUNKEN 75'' Smart Google Tv G4E QLED 4K + Récepteur intégré,TELEFUNKEN,75.0,4K,QLED,False,True,103.6,Android TV,0,0,1,1,1,2,Premium,TELEFUNKEN::Premium::c0,0
https://www.mytek.tn/televiseur-telefunken-75-mini-led-x6f-4k-google-tv-matte-screen.html,3529.0,"Téléviseur TELEFUNKEN 75"" Mini LED X6F 4K Google TV Matte Screen",TELEFUNKEN,75.0,4K,Mini-LED,True,True,103.6,Google TV,0,0,1,0,1,2,Premium,TELEFUNKEN::Premium::c0,0
https://www.mytek.tn/tv-telefunken-85-qled-4k-g4fn-smart-google-tv-avec-recepteur-integre.html,5779.0,"TV TELEFUNKEN 85"" QLED 4K G4FN Smart Google TV avec Récepteur Intégré",TELEFUNKEN,85.0,4K,QLED,True,True,105.6,Google TV,0,0,1,1,1,2,Premium,TELEFUNKEN::Premium::c0,0
https://www.mytek.tn/tv-telefunken-a4f-100-qled-4k-smart-google-tv-matte-screen-noir.html,9529.0,"TV TELEFUNKEN A4F 100"" QLED 4K Smart Google TV Matte screen - Noir",TELEFUNKEN,100.0,4K,QLED,True,True,144.0,Google TV,0,0,1,1,1,2,Premium,TELEFUNKEN::Premium::c0,0
https://www.mytek.tn/tv-telefunken-32-c7-recepteur-integre.html,399.0,TV TELEFUNKEN 32'' C7 + Récepteur Intégré,TELEFUNKEN,32.0,Full HD,LED,False,False,60.0,Autre,0,0,0,0,0,3,Économique,TELEFUNKEN::Économique::c0,1
https://www.mytek.tn/tv-telefunken-32-smart-google-tv-e3f-hd-recepteur-integre.html,559.0,TV TELEFUNKEN 32'' Smart Google TV E3F HD + Récepteur Intégré,TELEFUNKEN,32.0,Full HD,LED,False,True,60.0,Google TV,1,0,1,1,1,3,Économique,TELEFUNKEN::Économique::c1,0
https://www.mytek.tn/tv-telefunken-40-c7-fhd-recepteur-integre.html,569.0,TV TELEFUNKEN 40'' C7 FHD + Récepteur intégré,TELEFUNKEN,40.0,Full HD,QLED,False,False,60.0,Autre,0,0,0,0,0,3,Économique,TELEFUNKEN::Économique::c0,1
https://www.mytek.tn/tv-telefunken-42-w3-full-hd.html,649.0,TV TELEFUNKEN 42'' W3 Full HD,TELEFUNKEN,42.0,Full HD,QLED,False,False,60.0,Autre,0,0,0,0,0,3,Économique,TELEFUNKEN::Économique::c0,1
https://www.mytek.tn/tv-telefunken-43-c7-fhd-recepteur-integre.html,679.0,TV TELEFUNKEN 43'' C7 FHD + Récepteur intégré,TELEFUNKEN,43.0,Full HD,QLED,False,False,60.0,Autre,0,0,0,0,0,3,Économique,TELEFUNKEN::Économique::c0,1
https://www.mytek.tn/tv-telefunken-40-smart-google-tv-e3f-full-hd-recepteur-integre.html,699.0,"TV TELEFUNKEN 40"" Smart Google TV E3F Full HD + Récepteur Intégré",TELEFUNKEN,40.0,Full HD,QLED,True,True,60.0,Google TV,1,0,1,1,1,3,Économique,TELEFUNKEN::Économique::c1,0
https://www.mytek.tn/tv-telefunken-43-smart-google-tv-qled-e3fq-recepteur-integre.html,879.0,TV TELEFUNKEN 43'' Smart Google TV QLED E3FQ + Récepteur Intégré,TELEFUNKEN,43.0,Full HD,QLED,True,True,60.0,Google TV,0,0,1,1,1,3,Économique,TELEFUNKEN::Économique::c1,0
https://www.mytek.tn/tv-telefunken-50-qled-w3hq-google-tv-full-hd-noir.html,1049.0,"TV TELEFUNKEN 50"" QLED W3HQ Google TV Full HD - Noir",TELEFUNKEN,50.0,Full HD,QLED,True,True,96.8,Google TV,0,0,1,1,1,3,Milieu de gamme,TELEFUNKEN::Milieu de gamme::c0,0
https://www.mytek.tn/televiseur-50-telefunken-led-n1-tizen-os-4k-uhd-smarttv.html,1069.0,"Téléviseur 50"" TELEFUNKEN Led N1 SmartTv  Tizen OS  4k UHD",TELEFUNKEN,50.0,4K,QLED,True,True,96.8,Tizen,0,0,1,0,1,3,Milieu de gamme,TELEFUNKEN::Milieu de gamme::c1,0
https://www.mytek.tn/tv-telefunken-qled-50-smart-google-tv-g4fn-4k-recepteur-integre.html,1379.0,TV TELEFUNKEN QLED 50'' Smart Google Tv G4FN 4K + Récepteur Intégré,TELEFUNKEN,50.0,4K,QLED,True,True,96.8,Google TV,0,0,1,1,1,3,Milieu de gamme,TELEFUNKEN::Milieu de gamme::c0,0
https://www.mytek.tn/tv-telefunken-55-g3fn-4k-uhd-smart-google-tv-recepteur-integre.html,1389.0,Tv TELEFUNKEN 55” G3FN 4K UHD Smart Google TV + Récepteur Intégré,TELEFUNKEN,55.0,4K,QLED,True,True,96.8,Google TV,0,0,1,1,1,3,Milieu de gamme,TELEFUNKEN::Milieu de gamme::c0,0
https://www.mytek.tn/televiseur-telefunken-55-mini-led-x6f-google-tv-4k-matte-screen.html,1699.0,"Téléviseur TELEFUNKEN 55"" Mini Led X6f Google Tv 4k Matte Screen",TELEFUNKEN,55.0,4K,Mini-LED,True,True,96.8,Google TV,0,0,1,0,1,3,Milieu de gamme,TELEFUNKEN::Milieu de gamme::c1,0
https://www.mytek.tn/tv-telefunken-g3fn-4k-uhd-smart-tv-65-avec-recepteur-integre.html,1999.0,TV TELEFUNKEN G3FN 4K UHD Smart TV 65'' Avec Récepteur Intégré,TELEFUNKEN,65.0,4K,QLED,True,True,60.0,Google TV,0,0,1,1,1,3,Milieu de gamme,TELEFUNKEN::Milieu de gamme::c0,0
https://www.mytek.tn/tv-telefunken-g7ep-mini-led-uhd-4k-google-tv-55-recepteur-integre.html,2349.0,"TV Telefunken G7EP Mini LED UHD 4K Google TV 55"" + Récepteur intégré",TELEFUNKEN,55.0,4K,Mini-LED,True,True,96.8,Google TV,0,0,1,0,1,3,Premium,TELEFUNKEN::Premium::c0,0
https://www.mytek.tn/tv-telefunken-65-smart-google-tv-g7ep-4k-recepteur-integre.html,3099.0,TV TELEFUNKEN 65'' Mini LED Smart Google Tv G7EP 4K + Récepteur intégré,TELEFUNKEN,65.0,4K,Mini-LED,True,True,70.0,Inconnu,0,0,0,0,0,3,Premium,TELEFUNKEN::Premium::c0,0
https://www.mytek.tn/tv-telefunken-75-smart-google-tv-g4e-qled-4k-recepteur-integre.html,3229.0,TV TELEFUNKEN 75'' Smart Google Tv G4E QLED 4K + Récepteur intégré,TELEFUNKEN,75.0,4K,QLED,False,True,103.6,Android TV,0,0,1,1,1,3,Premium,TELEFUNKEN::Premium::c0,0
https://www.mytek.tn/televiseur-telefunken-75-mini-led-x6f-4k-google-tv-matte-screen.html,3529.0,"Téléviseur TELEFUNKEN 75"" Mini LED X6F 4K Google TV Matte Screen",TELEFUNKEN,75.0,4K,Mini-LED,True,True,103.6,Google TV,0,0,1,0,1,3,Premium,TELEFUNKEN::Premium::c0,0
https://www.mytek.tn/tv-telefunken-85-qled-4k-g4fn-smart-google-tv-avec-recepteur-integre.html,5779.0,"TV TELEFUNKEN 85"" QLED 4K G4FN Smart Google TV avec Récepteur Intégré",TELEFUNKEN,85.0,4K,QLED,True,True,105.6,Google TV,0,0,1,1,1,3,Premium,TELEFUNKEN::Premium::c0,0
https://www.mytek.tn/tv-telefunken-a4f-100-qled-4k-smart-google-tv-matte-screen-noir.html,9529.0,"TV TELEFUNKEN A4F 100"" QLED 4K Smart Google TV Matte screen - Noir",TELEFUNKEN,100.0,4K,QLED,True,True,144.0,Google TV,0,0,1,1,1,3,Premium,TELEFUNKEN::Premium::c0,0
https://www.mytek.tn/tv-telefunken-32-c7-recepteur-integre.html,399.0,TV TELEFUNKEN 32'' C7 + Récepteur Intégré,TELEFUNKEN,32.0,Full HD,LED,False,False,60.0,Autre,0,0,0,0,0,4,Économique,TELEFUNKEN::Économique::c0,1
https://www.mytek.tn/tv-telefunken-32-smart-google-tv-e3f-hd-recepteur-integre.html,559.0,TV TELEFUNKEN 32'' Smart Google TV E3F HD + Récepteur Intégré,TELEFUNKEN,32.0,Full HD,LED,False,True,60.0,Google TV,1,0,1,1,1,4,Économique,TELEFUNKEN::Économique::c1,0
https://www.mytek.tn/tv-telefunken-40-c7-fhd-recepteur-integre.html,569.0,TV TELEFUNKEN 40'' C7 FHD + Récepteur intégré,TELEFUNKEN,40.0,Full HD,QLED,False,False,60.0,Autre,0,0,0,0,0,4,Économique,TELEFUNKEN::Économique::c0,1
https://www.mytek.tn/tv-telefunken-42-w3-full-hd.html,649.0,TV TELEFUNKEN 42'' W3 Full HD,TELEFUNKEN,42.0,Full HD,QLED,False,False,60.0,Autre,0,0,0,0,0,4,Économique,TELEFUNKEN::Économique::c0,1
https://www.mytek.tn/tv-telefunken-43-c7-fhd-recepteur-integre.html,679.0,TV TELEFUNKEN 43'' C7 FHD + Récepteur intégré,TELEFUNKEN,43.0,Full HD,QLED,False,False,60.0,Autre,0,0,0,0,0,4,Économique,TELEFUNKEN::Économique::c0,1
https://www.mytek.tn/tv-telefunken-40-smart-google-tv-e3f-full-hd-recepteur-integre.html,699.0,"TV TELEFUNKEN 40"" Smart Google TV E3F Full HD + Récepteur Intégré",TELEFUNKEN,40.0,Full HD,QLED,True,True,60.0,Google TV,1,0,1,1,1,4,Économique,TELEFUNKEN::Économique::c1,0
https://www.mytek.tn/tv-telefunken-43-smart-google-tv-qled-e3fq-recepteur-integre.html,879.0,TV TELEFUNKEN 43'' Smart Google TV QLED E3FQ + Récepteur Intégré,TELEFUNKEN,43.0,Full HD,QLED,True,True,60.0,Google TV,0,0,1,1,1,4,Économique,TELEFUNKEN::Économique::c1,0
https://www.mytek.tn/tv-telefunken-50-qled-w3hq-google-tv-full-hd-noir.html,1049.0,"TV TELEFUNKEN 50"" QLED W3HQ Google TV Full HD - Noir",TELEFUNKEN,50.0,Full HD,QLED,True,True,84.8,Google TV,0,0,1,1,1,4,Milieu de gamme,TELEFUNKEN::Milieu de gamme::c0,0
https://www.mytek.tn/televiseur-50-telefunken-led-n1-tizen-os-4k-uhd-smarttv.html,1069.0,"Téléviseur 50"" TELEFUNKEN Led N1 SmartTv  Tizen OS  4k UHD",TELEFUNKEN,50.0,4K,QLED,True,True,84.8,Tizen,0,0,1,0,1,4,Milieu de gamme,TELEFUNKEN::Milieu de gamme::c1,0
https://www.mytek.tn/tv-telefunken-50-smart-google-tv-g3fn-4k-ultra-hd-avec-recepteur-integre.html,1219.0,TV TELEFUNKEN 50'' Smart Google TV G3FN 4K Ultra HD Avec Récepteur Intégré,TELEFUNKEN,50.0,4K,QLED,True,True,84.8,Google TV,0,0,1,1,1,4,Milieu de gamme,TELEFUNKEN::Milieu de gamme::c0,0
https://www.mytek.tn/tv-telefunken-qled-50-smart-google-tv-g4fn-4k-recepteur-integre.html,1379.0,TV TELEFUNKEN QLED 50'' Smart Google Tv G4FN 4K + Récepteur Intégré,TELEFUNKEN,50.0,4K,QLED,True,True,84.8,Google TV,0,0,1,1,1,4,Milieu de gamme,TELEFUNKEN::Milieu de gamme::c0,0
https://www.mytek.tn/tv-telefunken-55-g3fn-4k-uhd-smart-google-tv-recepteur-integre.html,1389.0,Tv TELEFUNKEN 55” G3FN 4K UHD Smart Google TV + Récepteur Intégré,TELEFUNKEN,55.0,4K,Mini-LED,True,True,84.8,Google TV,0,0,1,1,1,4,Milieu de gamme,TELEFUNKEN::Milieu de gamme::c1,0
https://www.mytek.tn/televiseur-telefunken-55-mini-led-x6f-google-tv-4k-matte-screen.html,1699.0,"Téléviseur TELEFUNKEN 55"" Mini Led X6f Google Tv 4k Matte Screen",TELEFUNKEN,55.0,4K,Mini-LED,True,True,84.8,Google TV,0,0,1,0,1,4,Milieu de gamme,TELEFUNKEN::Milieu de gamme::c1,0
https://www.mytek.tn/tv-telefunken-g3fn-4k-uhd-smart-tv-65-avec-recepteur-integre.html,1999.0,TV TELEFUNKEN G3FN 4K UHD Smart TV 65'' Avec Récepteur Intégré,TELEFUNKEN,65.0,4K,QLED,True,True,60.0,Google TV,0,0,1,1,1,4,Milieu de gamme,TELEFUNKEN::Milieu de gamme::c0,0
https://www.mytek.tn/tv-telefunken-g7ep-mini-led-uhd-4k-google-tv-55-recepteur-integre.html,2349.0,"TV Telefunken G7EP Mini LED UHD 4K Google TV 55"" + Récepteur intégré",TELEFUNKEN,55.0,4K,Mini-LED,True,True,84.8,Google TV,0,0,1,0,1,4,Premium,TELEFUNKEN::Premium::c0,0
https://www.mytek.tn/televiseur-telefunken-65-mini-led-x6f-google-tv-4k-uhd-matte-screen.html,2549.0,"Téléviseur TELEFUNKEN 65"" Mini LED X6F Google TV 4K UHD Matte Screen",TELEFUNKEN,65.0,4K,Mini-LED,True,True,74.8,Google TV,0,0,1,0,1,4,Premium,TELEFUNKEN::Premium::c0,0
https://www.mytek.tn/tv-telefunken-65-smart-google-tv-g7ep-4k-recepteur-integre.html,3099.0,TV TELEFUNKEN 65'' Mini LED Smart Google Tv G7EP 4K + Récepteur intégré,TELEFUNKEN,65.0,4K,Mini-LED,True,True,74.8,Inconnu,0,0,0,0,0,4,Premium,TELEFUNKEN::Premium::c0,0
https://www.mytek.tn/tv-telefunken-75-smart-google-tv-g4e-qled-4k-recepteur-integre.html,3229.0,TV TELEFUNKEN 75'' Smart Google Tv G4E QLED 4K + Récepteur intégré,TELEFUNKEN,75.0,4K,QLED,False,True,103.6,Android TV,0,0,1,1,1,4,Premium,TELEFUNKEN::Premium::c0,0
https://www.mytek.tn/televiseur-telefunken-75-mini-led-x6f-4k-google-tv-matte-screen.html,3529.0,"Téléviseur TELEFUNKEN 75"" Mini LED X6F 4K Google TV Matte Screen",TELEFUNKEN,75.0,4K,Mini-LED,True,True,103.6,Google TV,0,0,1,0,1,4,Premium,TELEFUNKEN::Premium::c0,0
https://www.mytek.tn/tv-telefunken-85-qled-4k-g4fn-smart-google-tv-avec-recepteur-integre.html,5779.0,"TV TELEFUNKEN 85"" QLED 4K G4FN Smart Google TV avec Récepteur Intégré",TELEFUNKEN,85.0,4K,QLED,True,True,88.8,Google TV,0,0,1,1,1,4,Premium,TELEFUNKEN::Premium::c0,0
https://www.mytek.tn/tv-telefunken-a4f-100-qled-4k-smart-google-tv-matte-screen-noir.html,9529.0,"TV TELEFUNKEN A4F 100"" QLED 4K Smart Google TV Matte screen - Noir",TELEFUNKEN,100.0,4K,QLED,True,True,144.0,Google TV,0,0,1,1,1,4,Premium,TELEFUNKEN::Premium::c0,0
https://www.mytek.tn/tv-tcl-40-s5k-qled-full-hd-smart.html,899.0,Tv TCL 40'' S5K QLED  Full HD SMART + Récepteur intégré,TCL,40.0,Full HD,QLED,True,True,60.0,Google TV,0,0,1,1,1,1,Économique,TCL::Économique::c1,0
https://www.mytek.tn/tv-tcl-43-s5k-qled-full-hd-smart.html,999.0,Tv TCL 43'' S5K QLED  Full HD SMART + Récepteur Intégré,TCL,43.0,Full HD,QLED,True,True,60.0,Google TV,0,0,1,1,1,1,Économique,TCL::Économique::c1,0
https://www.mytek.tn/tv-tcl-50-s5k-qled-full-hd-smart-google-tv-50s5k.html,1199.0,"TV TCL 50"" S5K QLED Full HD Smart Google TV (50S5K)",TCL,50.0,Full HD,QLED,True,True,84.8,Google TV,0,0,1,1,0,1,Économique,TCL::Économique::c0,0
https://www.mytek.tn/televiseur-tcl-55-p6l-smart-tv-4k-uhd-google-tv-hdr10-noir.html,1539.0,"Téléviseur TCL 55"" P6L Smart TV 4K UHD Google TV HDR10 - Noir",TCL,55.0,4K,QLED,True,True,60.0,Google TV,0,0,1,1,0,1,Économique,TCL::Économique::c0,0
https://www.mytek.tn/tv-tcl-50-smart-p7k-qled-uhd-4k.html,1599.0,TV TCL 50'' Smart P7K QLED UHD 4K,TCL,50.0,4K,QLED,True,True,60.0,Google TV,0,0,1,1,1,1,Économique,TCL::Économique::c1,0
https://www.mytek.tn/tv-tcl-55-qled-p8k-4k-google-tv.html,1969.0,Tv TCL 55'' QLED P8K 4K Google TV,TCL,55.0,4K,QLED,True,True,144.0,Google TV,0,0,1,1,0,1,Économique,TCL::Économique::c0,0
https://www.mytek.tn/tv-tcl-55-smart-tv-qled-mini-led-tv-tcl-55c6k-noir.html,2199.0,"TV TCL 55"" Smart TV QLED MINI LED TV-TCL-55C6K- Noir",TCL,55.0,4K,QLED,True,True,104.8,Google TV,0,0,1,1,0,1,Économique,TCL::Économique::c0,0
https://www.mytek.tn/televiseur-tcl-65-p6l-smart-tv-4k-uhd-noir.html,2339.0,Téléviseur TCL 65'' P6L Smart Tv 4K UHD - Noir,TCL,65.0,4K,QLED,True,True,70.0,Google TV,0,0,0,0,0,1,Milieu de gamme,TCL::Milieu de gamme::c0,0
https://www.mytek.tn/tv-tcl-65-smart-p7k-qled-ultra-hd-4k.html,2749.0,TV TCL 65'' Smart P7K QLED Ultra HD 4K,TCL,65.0,4K,QLED,True,True,60.0,Google TV,0,0,1,1,1,1,Milieu de gamme,TCL::Milieu de gamme::c0,0
https://www.mytek.tn/tv-tcl-65-smart-p8k-qled-uhd-4k.html,2899.0,TV TCL 65'' Smart P8K QLED UHD 4K,TCL,65.0,4K,QLED,True,True,144.0,Google TV,0,0,1,1,1,1,Milieu de gamme,TCL::Milieu de gamme::c0,0
https://www.mytek.tn/tv-tcl-65-smart-tv-qled-mini-led-tv-tcl-65c6k-noir.html,2999.0,"TV TCL 65"" Smart TV QLED MINI LED TV-TCL-65C6K- Noir",TCL,65.0,4K,QLED,True,True,70.0,Google TV,0,0,1,1,0,1,Milieu de gamme,TCL::Milieu de gamme::c0,0
https://www.mytek.tn/tv-tcl-75-smart-p7k-qled-uhd-4k.html,3899.0,TV TCL 75'' Smart P7K QLED UHD 4K,TCL,75.0,4K,QLED,True,True,60.0,Google TV,0,0,1,1,1,1,Milieu de gamme,TCL::Milieu de gamme::c0,0
https://www.mytek.tn/tv-tcl-75-smart-p8k-qled-uhd-4k.html,4399.0,TV TCL 75'' Smart P8K QLED UHD 4K,TCL,75.0,4K,QLED,True,True,144.0,Google TV,0,0,1,1,1,1,Premium,TCL::Premium::c0,0
https://www.mytek.tn/tv-tcl-75c6k-75-4k-ultra-hd-mini-led-smart-tv-wifi.html,4879.0,"TV TCL 75C6K 75"" 4K Ultra HD Mini LED Smart TV Wifi",TCL,75.0,4K,Mini-LED,True,True,120.0,Google TV,0,0,1,0,0,1,Premium,TCL::Premium::c1,0
https://www.mytek.tn/tv-tcl-85-smart-p7k-qled-uhd-4k.html,6669.0,TV TCL 85'' Smart P7K QLED UHD 4K,TCL,85.0,4K,QLED,True,True,60.0,Google TV,0,0,1,1,1,1,Premium,TCL::Premium::c0,0
https://www.mytek.tn/tv-tcl-85-smart-p8k-qled-uhd-4k.html,7199.0,TV TCL 85'' Smart P8K QLED UHD 4K,TCL,85.0,4K,QLED,True,True,144.0,Google TV,0,0,1,1,1,1,Premium,TCL::Premium::c0,0
https://www.mytek.tn/tv-tcl-85-smart-tv-qled-mini-led-tv-tcl-85c6k-noir.html,7499.0,"TV TCL 85"" Smart TV QLED MINI LED TV-TCL-85C6K- Noir",TCL,85.0,4K,QLED,True,True,88.8,Google TV,0,0,1,1,1,1,Premium,TCL::Premium::c0,0
https://www.mytek.tn/tv-tcl-c6k-4k-uhd-smart-tv-mini-led-98-noir.html,10799.0,"TV TCL C6K 4K UHD Smart TV Mini LED 98"" - Noir",TCL,98.0,4K,Mini-LED,True,True,100.8,Google TV,0,1,1,0,1,1,Premium,TCL::Premium::c1,0
https://www.mytek.tn/tv-tcl-40-s5k-qled-full-hd-smart.html,899.0,Tv TCL 40'' S5K QLED  Full HD SMART + Récepteur intégré,TCL,40.0,Full HD,QLED,True,True,60.0,Google TV,0,0,1,1,1,2,Économique,TCL::Économique::c1,0
https://www.mytek.tn/tv-tcl-43-s5k-qled-full-hd-smart.html,999.0,Tv TCL 43'' S5K QLED  Full HD SMART + Récepteur Intégré,TCL,43.0,Full HD,QLED,True,True,60.0,Google TV,0,0,1,1,1,2,Économique,TCL::Économique::c1,0
https://www.mytek.tn/tv-tcl-50-s5k-qled-full-hd-smart-google-tv-50s5k.html,1199.0,"TV TCL 50"" S5K QLED Full HD Smart Google TV (50S5K)",TCL,50.0,Full HD,QLED,True,True,96.8,Google TV,0,0,1,1,0,2,Économique,TCL::Économique::c0,0
https://www.mytek.tn/televiseur-tcl-55-p6l-smart-tv-4k-uhd-google-tv-hdr10-noir.html,1539.0,"Téléviseur TCL 55"" P6L Smart TV 4K UHD Google TV HDR10 - Noir",TCL,55.0,4K,QLED,True,True,60.0,Google TV,0,0,1,1,0,2,Économique,TCL::Économique::c0,0
https://www.mytek.tn/tv-tcl-50-smart-p7k-qled-uhd-4k.html,1599.0,TV TCL 50'' Smart P7K QLED UHD 4K,TCL,50.0,4K,QLED,True,True,60.0,Google TV,0,0,1,1,1,2,Économique,TCL::Économique::c1,0
https://www.mytek.tn/tv-tcl-55-qled-p8k-4k-google-tv.html,1969.0,Tv TCL 55'' QLED P8K 4K Google TV,TCL,55.0,4K,QLED,True,True,144.0,Google TV,0,0,1,1,0,2,Économique,TCL::Économique::c0,0
https://www.mytek.tn/tv-tcl-55-smart-tv-qled-mini-led-tv-tcl-55c6k-noir.html,2199.0,"TV TCL 55"" Smart TV QLED MINI LED TV-TCL-55C6K- Noir",TCL,55.0,4K,QLED,True,True,96.8,Google TV,0,0,1,1,0,2,Économique,TCL::Économique::c0,0
https://www.mytek.tn/televiseur-tcl-65-p6l-smart-tv-4k-uhd-noir.html,2339.0,Téléviseur TCL 65'' P6L Smart Tv 4K UHD - Noir,TCL,65.0,4K,QLED,True,True,70.0,Google TV,0,0,0,0,0,2,Milieu de gamme,TCL::Milieu de gamme::c0,0
https://www.mytek.tn/tv-tcl-65-smart-p7k-qled-ultra-hd-4k.html,2749.0,TV TCL 65'' Smart P7K QLED Ultra HD 4K,TCL,65.0,4K,QLED,True,True,60.0,Google TV,0,0,1,1,1,2,Milieu de gamme,TCL::Milieu de gamme::c0,0
https://www.mytek.tn/tv-tcl-65-smart-p8k-qled-uhd-4k.html,2899.0,TV TCL 65'' Smart P8K QLED UHD 4K,TCL,65.0,4K,QLED,True,True,144.0,Google TV,0,0,1,1,1,2,Milieu de gamme,TCL::Milieu de gamme::c0,0
https://www.mytek.tn/tv-tcl-65-smart-tv-qled-mini-led-tv-tcl-65c6k-noir.html,2999.0,"TV TCL 65"" Smart TV QLED MINI LED TV-TCL-65C6K- Noir",TCL,65.0,4K,QLED,True,True,70.0,Google TV,0,0,1,1,0,2,Milieu de gamme,TCL::Milieu de gamme::c0,0
https://www.mytek.tn/tv-tcl-75-smart-p7k-qled-uhd-4k.html,3899.0,TV TCL 75'' Smart P7K QLED UHD 4K,TCL,75.0,4K,QLED,True,True,60.0,Google TV,0,0,1,1,1,2,Milieu de gamme,TCL::Milieu de gamme::c0,0
https://www.mytek.tn/tv-tcl-75-smart-p8k-qled-uhd-4k.html,4399.0,TV TCL 75'' Smart P8K QLED UHD 4K,TCL,75.0,4K,QLED,True,True,144.0,Google TV,0,0,1,1,1,2,Premium,TCL::Premium::c0,0
https://www.mytek.tn/tv-tcl-75c6k-75-4k-ultra-hd-mini-led-smart-tv-wifi.html,4879.0,"TV TCL 75C6K 75"" 4K Ultra HD Mini LED Smart TV Wifi",TCL,75.0,4K,Mini-LED,True,True,120.0,Google TV,0,0,1,0,0,2,Premium,TCL::Premium::c1,0
https://www.mytek.tn/tv-tcl-85-smart-p7k-qled-uhd-4k.html,6669.0,TV TCL 85'' Smart P7K QLED UHD 4K,TCL,85.0,4K,QLED,True,True,60.0,Google TV,0,0,1,1,1,2,Premium,TCL::Premium::c0,0
https://www.mytek.tn/tv-tcl-85-smart-p8k-qled-uhd-4k.html,7199.0,TV TCL 85'' Smart P8K QLED UHD 4K,TCL,85.0,4K,QLED,True,True,144.0,Google TV,0,0,1,1,1,2,Premium,TCL::Premium::c0,0
https://www.mytek.tn/tv-tcl-85-smart-tv-qled-mini-led-tv-tcl-85c6k-noir.html,7499.0,"TV TCL 85"" Smart TV QLED MINI LED TV-TCL-85C6K- Noir",TCL,85.0,4K,QLED,True,True,105.6,Google TV,0,0,1,1,1,2,Premium,TCL::Premium::c0,0
https://www.mytek.tn/tv-tcl-c6k-4k-uhd-smart-tv-mini-led-98-noir.html,10799.0,"TV TCL C6K 4K UHD Smart TV Mini LED 98"" - Noir",TCL,98.0,4K,Mini-LED,True,True,117.6,Google TV,0,1,1,0,1,2,Premium,TCL::Premium::c1,0
https://www.mytek.tn/tv-tcl-40-s5k-qled-full-hd-smart.html,899.0,Tv TCL 40'' S5K QLED  Full HD SMART + Récepteur intégré,TCL,40.0,Full HD,QLED,True,True,60.0,Google TV,0,0,1,1,1,3,Économique,TCL::Économique::c1,0
https://www.mytek.tn/tv-tcl-43-s5k-qled-full-hd-smart.html,999.0,Tv TCL 43'' S5K QLED  Full HD SMART + Récepteur Intégré,TCL,43.0,Full HD,QLED,True,True,60.0,Google TV,0,0,1,1,1,3,Économique,TCL::Économique::c1,0
https://www.mytek.tn/tv-tcl-50-s5k-qled-full-hd-smart-google-tv-50s5k.html,1199.0,"TV TCL 50"" S5K QLED Full HD Smart Google TV (50S5K)",TCL,50.0,Full HD,QLED,True,True,96.8,Google TV,0,0,1,1,0,3,Économique,TCL::Économique::c0,0
https://www.mytek.tn/televiseur-tcl-55-p6l-smart-tv-4k-uhd-google-tv-hdr10-noir.html,1539.0,"Téléviseur TCL 55"" P6L Smart TV 4K UHD Google TV HDR10 - Noir",TCL,55.0,4K,QLED,True,True,60.0,Google TV,0,0,1,1,0,3,Économique,TCL::Économique::c0,0
https://www.mytek.tn/tv-tcl-50-smart-p7k-qled-uhd-4k.html,1599.0,TV TCL 50'' Smart P7K QLED UHD 4K,TCL,50.0,4K,QLED,True,True,60.0,Google TV,0,0,1,1,1,3,Économique,TCL::Économique::c1,0
https://www.mytek.tn/tv-tcl-55-qled-p8k-4k-google-tv.html,1969.0,Tv TCL 55'' QLED P8K 4K Google TV,TCL,55.0,4K,QLED,True,True,144.0,Google TV,0,0,1,1,0,3,Économique,TCL::Économique::c0,0
https://www.mytek.tn/tv-tcl-55-smart-tv-qled-mini-led-tv-tcl-55c6k-noir.html,2199.0,"TV TCL 55"" Smart TV QLED MINI LED TV-TCL-55C6K- Noir",TCL,55.0,4K,QLED,True,True,96.8,Google TV,0,0,1,1,0,3,Économique,TCL::Économique::c0,0
https://www.mytek.tn/televiseur-tcl-65-p6l-smart-tv-4k-uhd-noir.html,2339.0,Téléviseur TCL 65'' P6L Smart Tv 4K UHD - Noir,TCL,65.0,4K,QLED,True,True,70.0,Google TV,0,0,0,0,0,3,Milieu de gamme,TCL::Milieu de gamme::c0,0
https://www.mytek.tn/tv-tcl-65-smart-p7k-qled-ultra-hd-4k.html,2749.0,TV TCL 65'' Smart P7K QLED Ultra HD 4K,TCL,65.0,4K,QLED,True,True,60.0,Google TV,0,0,1,1,1,3,Milieu de gamme,TCL::Milieu de gamme::c0,0
https://www.mytek.tn/tv-tcl-65-smart-p8k-qled-uhd-4k.html,2899.0,TV TCL 65'' Smart P8K QLED UHD 4K,TCL,65.0,4K,QLED,True,True,144.0,Google TV,0,0,1,1,1,3,Milieu de gamme,TCL::Milieu de gamme::c0,0
https://www.mytek.tn/tv-tcl-65-smart-tv-qled-mini-led-tv-tcl-65c6k-noir.html,2999.0,"TV TCL 65"" Smart TV QLED MINI LED TV-TCL-65C6K- Noir",TCL,65.0,4K,QLED,True,True,70.0,Google TV,0,0,1,1,0,3,Milieu de gamme,TCL::Milieu de gamme::c0,0
https://www.mytek.tn/tv-tcl-75-smart-p7k-qled-uhd-4k.html,3899.0,TV TCL 75'' Smart P7K QLED UHD 4K,TCL,75.0,4K,QLED,True,True,60.0,Google TV,0,0,1,1,1,3,Milieu de gamme,TCL::Milieu de gamme::c0,0
https://www.mytek.tn/tv-tcl-75-smart-p8k-qled-uhd-4k.html,4399.0,TV TCL 75'' Smart P8K QLED UHD 4K,TCL,75.0,4K,QLED,True,True,144.0,Google TV,0,0,1,1,1,3,Premium,TCL::Premium::c0,0
https://www.mytek.tn/tv-tcl-75c6k-75-4k-ultra-hd-mini-led-smart-tv-wifi.html,4879.0,"TV TCL 75C6K 75"" 4K Ultra HD Mini LED Smart TV Wifi",TCL,75.0,4K,Mini-LED,True,True,120.0,Google TV,0,0,1,0,0,3,Premium,TCL::Premium::c1,0
https://www.mytek.tn/tv-tcl-85-smart-p7k-qled-uhd-4k.html,6669.0,TV TCL 85'' Smart P7K QLED UHD 4K,TCL,85.0,4K,QLED,True,True,60.0,Google TV,0,0,1,1,1,3,Premium,TCL::Premium::c0,0
https://www.mytek.tn/tv-tcl-85-smart-p8k-qled-uhd-4k.html,7199.0,TV TCL 85'' Smart P8K QLED UHD 4K,TCL,85.0,4K,QLED,True,True,144.0,Google TV,0,0,1,1,1,3,Premium,TCL::Premium::c0,0
https://www.mytek.tn/tv-tcl-85-smart-tv-qled-mini-led-tv-tcl-85c6k-noir.html,7499.0,"TV TCL 85"" Smart TV QLED MINI LED TV-TCL-85C6K- Noir",TCL,85.0,4K,QLED,True,True,105.6,Google TV,0,0,1,1,1,3,Premium,TCL::Premium::c0,0
https://www.mytek.tn/tv-tcl-c6k-4k-uhd-smart-tv-mini-led-98-noir.html,10799.0,"TV TCL C6K 4K UHD Smart TV Mini LED 98"" - Noir",TCL,98.0,4K,Mini-LED,True,True,117.6,Google TV,0,1,1,0,1,3,Premium,TCL::Premium::c1,0
https://www.mytek.tn/tv-tcl-40-s5k-qled-full-hd-smart.html,899.0,Tv TCL 40'' S5K QLED  Full HD SMART + Récepteur intégré,TCL,40.0,Full HD,QLED,True,True,60.0,Google TV,0,0,1,1,1,4,Économique,TCL::Économique::c1,0
https://www.mytek.tn/tv-tcl-43-s5k-qled-full-hd-smart.html,999.0,Tv TCL 43'' S5K QLED  Full HD SMART + Récepteur Intégré,TCL,43.0,Full HD,QLED,True,True,60.0,Google TV,0,0,1,1,1,4,Économique,TCL::Économique::c1,0
https://www.mytek.tn/tv-tcl-50-s5k-qled-full-hd-smart-google-tv-50s5k.html,1199.0,"TV TCL 50"" S5K QLED Full HD Smart Google TV (50S5K)",TCL,50.0,Full HD,QLED,True,True,84.8,Google TV,0,0,1,1,0,4,Économique,TCL::Économique::c0,0
https://www.mytek.tn/televiseur-tcl-55-p6l-smart-tv-4k-uhd-google-tv-hdr10-noir.html,1539.0,"Téléviseur TCL 55"" P6L Smart TV 4K UHD Google TV HDR10 - Noir",TCL,55.0,4K,QLED,True,True,60.0,Google TV,0,0,1,1,0,4,Économique,TCL::Économique::c0,0
https://www.mytek.tn/tv-tcl-55-qled-p8k-4k-google-tv.html,1969.0,Tv TCL 55'' QLED P8K 4K Google TV,TCL,55.0,4K,QLED,True,True,144.0,Google TV,0,0,1,1,0,4,Économique,TCL::Économique::c0,0
https://www.mytek.tn/tv-tcl-55-smart-tv-qled-mini-led-tv-tcl-55c6k-noir.html,2199.0,"TV TCL 55"" Smart TV QLED MINI LED TV-TCL-55C6K- Noir",TCL,55.0,4K,QLED,True,True,84.8,Google TV,0,0,1,1,0,4,Économique,TCL::Économique::c0,0
https://www.mytek.tn/televiseur-tcl-65-p6l-smart-tv-4k-uhd-noir.html,2339.0,Téléviseur TCL 65'' P6L Smart Tv 4K UHD - Noir,TCL,65.0,4K,QLED,True,True,74.8,Google TV,0,0,0,0,0,4,Milieu de gamme,TCL::Milieu de gamme::c0,0
https://www.mytek.tn/tv-tcl-65-smart-p7k-qled-ultra-hd-4k.html,2749.0,TV TCL 65'' Smart P7K QLED Ultra HD 4K,TCL,65.0,4K,QLED,True,True,60.0,Google TV,0,0,1,1,1,4,Milieu de gamme,TCL::Milieu de gamme::c0,0
https://www.mytek.tn/tv-tcl-65-smart-p8k-qled-uhd-4k.html,2899.0,TV TCL 65'' Smart P8K QLED UHD 4K,TCL,65.0,4K,QLED,True,True,144.0,Google TV,0,0,1,1,1,4,Milieu de gamme,TCL::Milieu de gamme::c0,0
https://www.mytek.tn/tv-tcl-65-smart-tv-qled-mini-led-tv-tcl-65c6k-noir.html,2999.0,"TV TCL 65"" Smart TV QLED MINI LED TV-TCL-65C6K- Noir",TCL,65.0,4K,QLED,True,True,74.8,Google TV,0,0,1,1,0,4,Milieu de gamme,TCL::Milieu de gamme::c0,0
https://www.mytek.tn/tv-tcl-75-smart-p7k-qled-uhd-4k.html,3899.0,TV TCL 75'' Smart P7K QLED UHD 4K,TCL,75.0,4K,QLED,True,True,60.0,Google TV,0,0,1,1,1,4,Milieu de gamme,TCL::Milieu de gamme::c0,0
https://www.mytek.tn/tv-tcl-75-smart-p8k-qled-uhd-4k.html,4399.0,TV TCL 75'' Smart P8K QLED UHD 4K,TCL,75.0,4K,QLED,True,True,144.0,Google TV,0,0,1,1,1,4,Premium,TCL::Premium::c0,0
https://www.mytek.tn/tv-tcl-75c6k-75-4k-ultra-hd-mini-led-smart-tv-wifi.html,4669.0,"TV TCL 75C6K 75"" 4K Ultra HD Mini LED Smart TV Wifi",TCL,75.0,4K,Mini-LED,True,True,120.0,Google TV,0,0,1,0,0,4,Premium,TCL::Premium::c1,0
https://www.mytek.tn/tv-tcl-85-smart-p7k-qled-uhd-4k.html,6669.0,TV TCL 85'' Smart P7K QLED UHD 4K,TCL,85.0,4K,QLED,True,True,60.0,Google TV,0,0,1,1,1,4,Premium,TCL::Premium::c0,0
https://www.mytek.tn/tv-tcl-85-smart-p8k-qled-uhd-4k.html,7199.0,TV TCL 85'' Smart P8K QLED UHD 4K,TCL,85.0,4K,QLED,True,True,144.0,Google TV,0,0,1,1,1,4,Premium,TCL::Premium::c0,0
https://www.mytek.tn/tv-tcl-85-smart-tv-qled-mini-led-tv-tcl-85c6k-noir.html,7499.0,"TV TCL 85"" Smart TV QLED MINI LED TV-TCL-85C6K- Noir",TCL,85.0,4K,QLED,True,True,88.8,Google TV,0,0,1,1,1,4,Premium,TCL::Premium::c0,0
https://www.mytek.tn/tv-tcl-c6k-4k-uhd-smart-tv-mini-led-98-noir.html,10799.0,"TV TCL C6K 4K UHD Smart TV Mini LED 98"" - Noir",TCL,98.0,4K,Mini-LED,True,True,88.8,Google TV,0,1,1,0,1,4,Premium,TCL::Premium::c1,0
https://www.mytek.tn/tv-lg-43-smart-lm6370-led-full-hd-recepteur-integre.html,1199.0,Tv LG 43'' Smart LM6370 LED Full HD + Récepteur Intégré,LG,43.0,Full HD,LED,True,True,60.0,webOS,0,0,1,1,1,1,Économique,LG::Économique::c0,0
https://www.mytek.tn/tv-lg-43-ai-ua85-4k-smart-43ua85006la.html,1499.0,TV LG 43'' AI UA85 4K Smart (43UA85006LA),LG,43.0,Full HD,QLED,True,True,60.0,webOS,0,0,1,1,1,1,Économique,LG::Économique::c0,0
https://www.mytek.tn/tv-lg-50-ai-ua85-4k-smart-50ua85006la.html,1699.0,TV LG 50'' AI UA85 4K Smart  (50UA85006LA),LG,50.0,4K,QLED,True,True,60.0,webOS,0,0,1,1,1,1,Économique,LG::Économique::c1,0
https://www.mytek.tn/tv-lg-55-ai-ua85-4k-smart-55ua85006la.html,1999.0,TV LG 55'' AI UA85 4K Smart (55UA85006LA),LG,55.0,4K,QLED,True,True,60.0,webOS,0,0,1,1,1,1,Économique,LG::Économique::c1,0
https://www.mytek.tn/tv-lg-55-qned-ev-ai-qned70-4k-smart-tv-2025-noir.html,3199.0,TV LG 55 '' QNED EV AI QNED70 4K  Smart TV 2025 - Noir,LG,55.0,4K,QNED,True,True,104.8,webOS,0,0,1,1,0,1,Milieu de gamme,LG::Milieu de gamme::c0,0
https://www.mytek.tn/tv-lg-65-uhd-ut80-4k-smart-tv-65ut80006la.html,3249.0,TV LG 65'' UHD UT80 4K SMART TV  (65UT80006LA),LG,65.0,4K,QLED,True,True,60.0,webOS,0,0,1,1,1,1,Milieu de gamme,LG::Milieu de gamme::c0,0
https://www.mytek.tn/tv-lg-65-uhd-4k-smart-tv-65nano776ra-noir.html,3599.0,TV LG 65'' UHD 4K SMART TV  (65NANO776RA) - Noir,LG,65.0,4K,QLED,True,True,50.0,webOS,0,0,1,1,1,1,Milieu de gamme,LG::Milieu de gamme::c0,0
https://www.mytek.tn/tv-lg-65-nanocell-nano80-4k-smart-tv-65nano80t6a.html,3799.0,TV LG 65'' NanoCell NANO80  4K SMART TV (65NANO80T6A),LG,65.0,4K,QLED,True,True,60.0,webOS,0,0,1,1,1,1,Milieu de gamme,LG::Milieu de gamme::c0,0
https://www.mytek.tn/tv-lg-65-qned-ev-ai-qned70-4k-smart-tv-2025-noir.html,3999.0,TV LG 65 '' QNED EV AI QNED70 4K Smart TV 2025 - Noir,LG,65.0,4K,QNED,True,True,70.0,webOS,0,0,1,1,0,1,Premium,LG::Premium::c0,0
https://www.mytek.tn/televiseur-lg-55-b56la-ai-smart-tv-oled-4k-ultra-hd.html,5499.0,Téléviseur LG 55'' B56LA AI Smart TV OLED 4K Ultra HD,LG,55.0,4K,OLED,True,True,120.0,webOS,0,1,1,1,0,1,Premium,LG::Premium::c0,0
https://www.mytek.tn/televiseur-lg-65-b56la-ai-smart-tv-oled-4k-ultra-hd.html,7599.0,Téléviseur LG 65'' B56LA AI Smart TV OLED 4K Ultra HD,LG,65.0,4K,OLED,True,True,120.0,webOS,0,1,1,1,0,1,Premium,LG::Premium::c0,0
https://www.mytek.tn/tv-lg-43-smart-lm6370-led-full-hd-recepteur-integre.html,1199.0,Tv LG 43'' Smart LM6370 LED Full HD + Récepteur Intégré,LG,43.0,Full HD,LED,True,True,60.0,webOS,0,0,1,1,1,2,Économique,LG::Économique::c0,0
https://www.mytek.tn/tv-lg-43-ai-ua85-4k-smart-43ua85006la.html,1499.0,TV LG 43'' AI UA85 4K Smart (43UA85006LA),LG,43.0,Full HD,QLED,True,True,60.0,webOS,0,0,1,1,1,2,Économique,LG::Économique::c0,0
https://www.mytek.tn/tv-lg-55-ai-ua85-4k-smart-55ua85006la.html,1999.0,TV LG 55'' AI UA85 4K Smart (55UA85006LA),LG,55.0,4K,QLED,True,True,60.0,webOS,0,0,1,1,1,2,Économique,LG::Économique::c1,0
https://www.mytek.tn/tv-lg-55-qned-ev-ai-qned70-4k-smart-tv-2025-noir.html,3199.0,TV LG 55 '' QNED EV AI QNED70 4K  Smart TV 2025 - Noir,LG,55.0,4K,QNED,True,True,96.8,webOS,0,0,1,1,0,2,Milieu de gamme,LG::Milieu de gamme::c0,0
https://www.mytek.tn/tv-lg-65-uhd-ut80-4k-smart-tv-65ut80006la.html,3249.0,TV LG 65'' UHD UT80 4K SMART TV  (65UT80006LA),LG,65.0,4K,QLED,True,True,60.0,webOS,0,0,1,1,1,2,Milieu de gamme,LG::Milieu de gamme::c0,0
https://www.mytek.tn/tv-lg-65-uhd-4k-smart-tv-65nano776ra-noir.html,3599.0,TV LG 65'' UHD 4K SMART TV  (65NANO776RA) - Noir,LG,65.0,4K,QLED,True,True,50.0,webOS,0,0,1,1,1,2,Milieu de gamme,LG::Milieu de gamme::c0,0
https://www.mytek.tn/tv-lg-65-nanocell-nano80-4k-smart-tv-65nano80t6a.html,3799.0,TV LG 65'' NanoCell NANO80  4K SMART TV (65NANO80T6A),LG,65.0,4K,QLED,True,True,60.0,webOS,0,0,1,1,1,2,Milieu de gamme,LG::Milieu de gamme::c0,0
https://www.mytek.tn/tv-lg-65-qned-ev-ai-qned70-4k-smart-tv-2025-noir.html,3999.0,TV LG 65 '' QNED EV AI QNED70 4K Smart TV 2025 - Noir,LG,65.0,4K,QNED,True,True,70.0,webOS,0,0,1,1,0,2,Premium,LG::Premium::c0,0
https://www.mytek.tn/televiseur-lg-55-b56la-ai-smart-tv-oled-4k-ultra-hd.html,5499.0,Téléviseur LG 55'' B56LA AI Smart TV OLED 4K Ultra HD,LG,55.0,4K,OLED,True,True,120.0,webOS,0,1,1,1,0,2,Premium,LG::Premium::c0,0
https://www.mytek.tn/televiseur-lg-65-b56la-ai-smart-tv-oled-4k-ultra-hd.html,7599.0,Téléviseur LG 65'' B56LA AI Smart TV OLED 4K Ultra HD,LG,65.0,4K,OLED,True,True,120.0,webOS,0,1,1,1,0,2,Premium,LG::Premium::c0,0
https://www.mytek.tn/tv-lg-43-smart-lm6370-led-full-hd-recepteur-integre.html,1199.0,Tv LG 43'' Smart LM6370 LED Full HD + Récepteur Intégré,LG,43.0,Full HD,LED,True,True,60.0,webOS,0,0,1,1,1,3,Économique,LG::Économique::c0,0
https://www.mytek.tn/tv-lg-43-ai-ua85-4k-smart-43ua85006la.html,1499.0,TV LG 43'' AI UA85 4K Smart (43UA85006LA),LG,43.0,Full HD,QLED,True,True,60.0,webOS,0,0,1,1,1,3,Économique,LG::Économique::c0,0
https://www.mytek.tn/tv-lg-55-ai-ua85-4k-smart-55ua85006la.html,1999.0,TV LG 55'' AI UA85 4K Smart (55UA85006LA),LG,55.0,4K,QLED,True,True,60.0,webOS,0,0,1,1,1,3,Économique,LG::Économique::c1,0
https://www.mytek.tn/tv-lg-55-qned-ev-ai-qned70-4k-smart-tv-2025-noir.html,3199.0,TV LG 55 '' QNED EV AI QNED70 4K  Smart TV 2025 - Noir,LG,55.0,4K,QNED,True,True,96.8,webOS,0,0,1,1,0,3,Milieu de gamme,LG::Milieu de gamme::c0,0
https://www.mytek.tn/tv-lg-65-uhd-ut80-4k-smart-tv-65ut80006la.html,3249.0,TV LG 65'' UHD UT80 4K SMART TV  (65UT80006LA),LG,65.0,4K,QLED,True,True,60.0,webOS,0,0,1,1,1,3,Milieu de gamme,LG::Milieu de gamme::c0,0
https://www.mytek.tn/tv-lg-65-uhd-4k-smart-tv-65nano776ra-noir.html,3599.0,TV LG 65'' UHD 4K SMART TV  (65NANO776RA) - Noir,LG,65.0,4K,QLED,True,True,50.0,webOS,0,0,1,1,1,3,Milieu de gamme,LG::Milieu de gamme::c0,0
https://www.mytek.tn/tv-lg-65-nanocell-nano80-4k-smart-tv-65nano80t6a.html,3799.0,TV LG 65'' NanoCell NANO80  4K SMART TV (65NANO80T6A),LG,65.0,4K,QLED,True,True,60.0,webOS,0,0,1,1,1,3,Milieu de gamme,LG::Milieu de gamme::c0,0
https://www.mytek.tn/tv-lg-65-qned-ev-ai-qned70-4k-smart-tv-2025-noir.html,3999.0,TV LG 65 '' QNED EV AI QNED70 4K Smart TV 2025 - Noir,LG,65.0,4K,QNED,True,True,70.0,webOS,0,0,1,1,0,3,Premium,LG::Premium::c0,0
https://www.mytek.tn/televiseur-lg-55-b56la-ai-smart-tv-oled-4k-ultra-hd.html,5499.0,Téléviseur LG 55'' B56LA AI Smart TV OLED 4K Ultra HD,LG,55.0,4K,OLED,True,True,120.0,webOS,0,1,1,1,0,3,Premium,LG::Premium::c0,0
https://www.mytek.tn/televiseur-lg-65-b56la-ai-smart-tv-oled-4k-ultra-hd.html,7599.0,Téléviseur LG 65'' B56LA AI Smart TV OLED 4K Ultra HD,LG,65.0,4K,OLED,True,True,120.0,webOS,0,1,1,1,0,3,Premium,LG::Premium::c0,0
https://www.mytek.tn/tv-lg-43-smart-lm6370-led-full-hd-recepteur-integre.html,1199.0,Tv LG 43'' Smart LM6370 LED Full HD + Récepteur Intégré,LG,43.0,Full HD,LED,True,True,60.0,webOS,0,0,1,1,1,4,Économique,LG::Économique::c0,0
https://www.mytek.tn/tv-lg-43-ai-ua85-4k-smart-43ua85006la.html,1499.0,TV LG 43'' AI UA85 4K Smart (43UA85006LA),LG,43.0,Full HD,QLED,True,True,60.0,webOS,0,0,1,1,1,4,Économique,LG::Économique::c0,0
https://www.mytek.tn/tv-lg-55-ai-ua85-4k-smart-55ua85006la.html,1999.0,TV LG 55'' AI UA85 4K Smart (55UA85006LA),LG,55.0,4K,QLED,True,True,60.0,webOS,0,0,1,1,1,4,Économique,LG::Économique::c1,0
https://www.mytek.tn/tv-lg-55-qned-ev-ai-qned70-4k-smart-tv-2025-noir.html,3199.0,TV LG 55 '' QNED EV AI QNED70 4K  Smart TV 2025 - Noir,LG,55.0,4K,QNED,True,True,84.8,webOS,0,0,1,1,0,4,Milieu de gamme,LG::Milieu de gamme::c0,0
https://www.mytek.tn/tv-lg-65-uhd-4k-smart-tv-65nano776ra-noir.html,3599.0,TV LG 65'' UHD 4K SMART TV  (65NANO776RA) - Noir,LG,65.0,4K,QLED,True,True,50.0,webOS,0,0,1,1,1,4,Milieu de gamme,LG::Milieu de gamme::c0,0
https://www.mytek.tn/tv-lg-65-nanocell-nano80-4k-smart-tv-65nano80t6a.html,3799.0,TV LG 65'' NanoCell NANO80  4K SMART TV (65NANO80T6A),LG,65.0,4K,QLED,True,True,60.0,webOS,0,0,1,1,1,4,Milieu de gamme,LG::Milieu de gamme::c0,0
https://www.mytek.tn/tv-lg-65-qned-ev-ai-qned70-4k-smart-tv-2025-noir.html,3999.0,TV LG 65 '' QNED EV AI QNED70 4K Smart TV 2025 - Noir,LG,65.0,4K,QNED,True,True,74.8,webOS,0,0,1,1,0,4,Premium,LG::Premium::c0,0
https://www.mytek.tn/televiseur-lg-55-b56la-ai-smart-tv-oled-4k-ultra-hd.html,5499.0,Téléviseur LG 55'' B56LA AI Smart TV OLED 4K Ultra HD,LG,55.0,4K,OLED,True,True,120.0,webOS,0,1,1,1,0,4,Premium,LG::Premium::c0,0
https://www.mytek.tn/televiseur-lg-65-b56la-ai-smart-tv-oled-4k-ultra-hd.html,7599.0,Téléviseur LG 65'' B56LA AI Smart TV OLED 4K Ultra HD,LG,65.0,4K,OLED,True,True,120.0,webOS,0,1,1,1,0,4,Premium,LG::Premium::c0,0
https://www.mytek.tn/tv-thomson-43-43ug5c14-4k-uhd-side-feet-google-tv-noir.html,1149.0,"TV Thomson 43"" 43UG5C14 4K UHD Side Feet Google Tv - Noir",THOMSON,43.0,4K,QLED,True,True,60.0,Google TV,0,0,1,1,1,1,Économique,THOMSON::Économique::c0,0
https://www.mytek.tn/tv-thomson-43-43qg5c14-qled-uhd-4k-google-tv-noir.html,1299.0,"TV Thomson 43"" 43QG5C14 QLED UHD 4K  Google Tv - Gris foncé",THOMSON,43.0,4K,QLED,True,True,60.0,Google TV,0,0,1,0,1,1,Économique,THOMSON::Économique::c1,0
https://www.mytek.tn/tv-thomson-43-43qg6c14-qled-plus-google-tv-noir.html,1649.0,"TV Thomson 43"" 43QG6C14 QLED Plus Google Tv - Noir",THOMSON,43.0,4K,QLED,True,True,60.0,Google TV,0,0,1,0,1,1,Économique,THOMSON::Économique::c1,0
https://www.mytek.tn/tv-thomson-50qg7c14-uhd-4k-50-google-tv-qled-pro-noir.html,1899.0,TV THOMSON 50QG7C14 UHD 4K  50″ GOOGLE TV QLED PRO – NOIR,THOMSON,50.0,4K,QLED,True,True,144.0,Google TV,0,0,1,1,1,1,Économique,THOMSON::Économique::c0,0
https://www.mytek.tn/tv-thomson-55-55qg7c14-qled-pro-google-tv-noir.html,2049.0,"TV Thomson 55"" 55QG7C14 QLED Pro Google Tv - Noir",THOMSON,55.0,4K,QLED,True,True,144.0,Google TV,0,0,1,1,1,1,Milieu de gamme,THOMSON::Milieu de gamme::c0,0
https://www.mytek.tn/tv-thomson-55qg6c14-55-google-tv-qled-plus-noir.html,2049.0,TV THOMSON 55QG6C14 55″ GOOGLE TV QLED PLUS - Noir,THOMSON,55.0,4K,QLED,True,True,60.0,Google TV,0,0,1,1,1,1,Milieu de gamme,THOMSON::Milieu de gamme::c0,0
https://www.mytek.tn/tv-thomson-65-65ug4s14-4k-uhd-side-feet-google-tv-noir.html,2339.0,"TV Thomson 65"" 65UG4S14 4K UHD Side Feet Google Tv - Noir",THOMSON,65.0,4K,QLED,True,True,60.0,Google TV,0,0,1,1,1,1,Milieu de gamme,THOMSON::Milieu de gamme::c0,0
https://www.mytek.tn/tv-thomson-65-65qg7c14-qled-pro-uhd-4k-google-tv-noir.html,3149.0,"TV Thomson 65"" 65QG7C14 QLED Pro UHD 4K  Google Tv - Noir",THOMSON,65.0,4K,QLED,True,True,144.0,Google TV,0,0,1,1,1,1,Premium,THOMSON::Premium::c0,0
https://www.mytek.tn/tv-thomson-75-75ug5c14-uhd-4k-google-tv-noir.html,3749.0,"TV Thomson 75"" 75UG5C14 UHD 4K Google Tv - Noir",THOMSON,75.0,4K,QLED,False,True,60.0,Google TV,0,0,1,1,0,1,Premium,THOMSON::Premium::c0,0
https://www.mytek.tn/tv-thomson-75-75qg7c14-qled-pro-uhd-4k-google-tv-noir.html,3999.0,"TV Thomson 75"" 75QG7C14 QLED PRO UHD 4K  Google Tv - Noir",THOMSON,75.0,4K,LED,True,True,144.0,Google TV,0,0,1,1,1,1,Premium,THOMSON::Premium::c0,0
https://www.mytek.tn/tv-thomson-43-43ug5c14-4k-uhd-side-feet-google-tv-noir.html,1149.0,"TV Thomson 43"" 43UG5C14 4K UHD Side Feet Google Tv - Noir",THOMSON,43.0,4K,QLED,True,True,60.0,Google TV,0,0,1,1,1,2,Économique,THOMSON::Économique::c0,0
https://www.mytek.tn/tv-thomson-43-43qg5c14-qled-uhd-4k-google-tv-noir.html,1299.0,"TV Thomson 43"" 43QG5C14 QLED UHD 4K  Google Tv - Gris foncé",THOMSON,43.0,4K,QLED,True,True,60.0,Google TV,0,0,1,0,1,2,Économique,THOMSON::Économique::c1,0
https://www.mytek.tn/tv-thomson-43-43qg6c14-qled-plus-google-tv-noir.html,1649.0,"TV Thomson 43"" 43QG6C14 QLED Plus Google Tv - Noir",THOMSON,43.0,4K,QLED,True,True,60.0,Google TV,0,0,1,0,1,2,Économique,THOMSON::Économique::c1,0
https://www.mytek.tn/tv-thomson-50qg7c14-uhd-4k-50-google-tv-qled-pro-noir.html,1899.0,TV THOMSON 50QG7C14 UHD 4K  50″ GOOGLE TV QLED PRO – NOIR,THOMSON,50.0,4K,QLED,True,True,144.0,Google TV,0,0,1,1,1,2,Économique,THOMSON::Économique::c0,0
https://www.mytek.tn/tv-thomson-55-55qg7c14-qled-pro-google-tv-noir.html,2049.0,"TV Thomson 55"" 55QG7C14 QLED Pro Google Tv - Noir",THOMSON,55.0,4K,QLED,True,True,144.0,Google TV,0,0,1,1,1,2,Milieu de gamme,THOMSON::Milieu de gamme::c0,0
https://www.mytek.tn/tv-thomson-55qg6c14-55-google-tv-qled-plus-noir.html,2049.0,TV THOMSON 55QG6C14 55″ GOOGLE TV QLED PLUS - Noir,THOMSON,55.0,4K,QLED,True,True,60.0,Google TV,0,0,1,1,1,2,Milieu de gamme,THOMSON::Milieu de gamme::c0,0
https://www.mytek.tn/tv-thomson-65-65ug4s14-4k-uhd-side-feet-google-tv-noir.html,2339.0,"TV Thomson 65"" 65UG4S14 4K UHD Side Feet Google Tv - Noir",THOMSON,65.0,4K,QLED,True,True,60.0,Google TV,0,0,1,1,1,2,Milieu de gamme,THOMSON::Milieu de gamme::c0,0
https://www.mytek.tn/tv-thomson-65-65qg7c14-qled-pro-uhd-4k-google-tv-noir.html,3149.0,"TV Thomson 65"" 65QG7C14 QLED Pro UHD 4K  Google Tv - Noir",THOMSON,65.0,4K,QLED,True,True,144.0,Google TV,0,0,1,1,1,2,Premium,THOMSON::Premium::c0,0
https://www.mytek.tn/tv-thomson-75-75ug5c14-uhd-4k-google-tv-noir.html,3749.0,"TV Thomson 75"" 75UG5C14 UHD 4K Google Tv - Noir",THOMSON,75.0,4K,QLED,False,True,60.0,Google TV,0,0,1,1,0,2,Premium,THOMSON::Premium::c0,0
https://www.mytek.tn/tv-thomson-75-75qg7c14-qled-pro-uhd-4k-google-tv-noir.html,3999.0,"TV Thomson 75"" 75QG7C14 QLED PRO UHD 4K  Google Tv - Noir",THOMSON,75.0,4K,LED,True,True,144.0,Google TV,0,0,1,1,1,2,Premium,THOMSON::Premium::c0,0
https://www.mytek.tn/tv-thomson-43-43ug5c14-4k-uhd-side-feet-google-tv-noir.html,1149.0,"TV Thomson 43"" 43UG5C14 4K UHD Side Feet Google Tv - Noir",THOMSON,43.0,4K,QLED,True,True,60.0,Google TV,0,0,1,1,1,3,Économique,THOMSON::Économique::c0,0
https://www.mytek.tn/tv-thomson-43-43qg5c14-qled-uhd-4k-google-tv-noir.html,1299.0,"TV Thomson 43"" 43QG5C14 QLED UHD 4K  Google Tv - Gris foncé",THOMSON,43.0,4K,QLED,True,True,60.0,Google TV,0,0,1,0,1,3,Économique,THOMSON::Économique::c1,0
https://www.mytek.tn/tv-thomson-43-43qg6c14-qled-plus-google-tv-noir.html,1649.0,"TV Thomson 43"" 43QG6C14 QLED Plus Google Tv - Noir",THOMSON,43.0,4K,QLED,True,True,60.0,Google TV,0,0,1,0,1,3,Économique,THOMSON::Économique::c1,0
https://www.mytek.tn/tv-thomson-50qg7c14-uhd-4k-50-google-tv-qled-pro-noir.html,1899.0,TV THOMSON 50QG7C14 UHD 4K  50″ GOOGLE TV QLED PRO – NOIR,THOMSON,50.0,4K,QLED,True,True,144.0,Google TV,0,0,1,1,1,3,Économique,THOMSON::Économique::c0,0
https://www.mytek.tn/tv-thomson-55-55qg7c14-qled-pro-google-tv-noir.html,2049.0,"TV Thomson 55"" 55QG7C14 QLED Pro Google Tv - Noir",THOMSON,55.0,4K,QLED,True,True,144.0,Google TV,0,0,1,1,1,3,Milieu de gamme,THOMSON::Milieu de gamme::c0,0
https://www.mytek.tn/tv-thomson-55qg6c14-55-google-tv-qled-plus-noir.html,2049.0,TV THOMSON 55QG6C14 55″ GOOGLE TV QLED PLUS - Noir,THOMSON,55.0,4K,QLED,True,True,60.0,Google TV,0,0,1,1,1,3,Milieu de gamme,THOMSON::Milieu de gamme::c0,0
https://www.mytek.tn/tv-thomson-65-65ug4s14-4k-uhd-side-feet-google-tv-noir.html,2339.0,"TV Thomson 65"" 65UG4S14 4K UHD Side Feet Google Tv - Noir",THOMSON,65.0,4K,QLED,True,True,60.0,Google TV,0,0,1,1,1,3,Milieu de gamme,THOMSON::Milieu de gamme::c0,0
https://www.mytek.tn/tv-thomson-65-65qg7c14-qled-pro-uhd-4k-google-tv-noir.html,3149.0,"TV Thomson 65"" 65QG7C14 QLED Pro UHD 4K  Google Tv - Noir",THOMSON,65.0,4K,QLED,True,True,144.0,Google TV,0,0,1,1,1,3,Premium,THOMSON::Premium::c0,0
https://www.mytek.tn/tv-thomson-75-75ug5c14-uhd-4k-google-tv-noir.html,3749.0,"TV Thomson 75"" 75UG5C14 UHD 4K Google Tv - Noir",THOMSON,75.0,4K,QLED,False,True,60.0,Google TV,0,0,1,1,0,3,Premium,THOMSON::Premium::c0,0
https://www.mytek.tn/tv-thomson-75-75qg7c14-qled-pro-uhd-4k-google-tv-noir.html,3999.0,"TV Thomson 75"" 75QG7C14 QLED PRO UHD 4K  Google Tv - Noir",THOMSON,75.0,4K,LED,True,True,144.0,Google TV,0,0,1,1,1,3,Premium,THOMSON::Premium::c0,0
https://www.mytek.tn/tv-thomson-43-43ug5c14-4k-uhd-side-feet-google-tv-noir.html,1149.0,"TV Thomson 43"" 43UG5C14 4K UHD Side Feet Google Tv - Noir",THOMSON,43.0,4K,QLED,True,True,60.0,Google TV,0,0,1,1,1,4,Économique,THOMSON::Économique::c0,0
https://www.mytek.tn/tv-thomson-43-43qg5c14-qled-uhd-4k-google-tv-noir.html,1299.0,"TV Thomson 43"" 43QG5C14 QLED UHD 4K  Google Tv - Gris foncé",THOMSON,43.0,4K,QLED,True,True,60.0,Google TV,0,0,1,0,1,4,Économique,THOMSON::Économique::c1,0
https://www.mytek.tn/tv-thomson-43-43qg6c14-qled-plus-google-tv-noir.html,1649.0,"TV Thomson 43"" 43QG6C14 QLED Plus Google Tv - Noir",THOMSON,43.0,4K,QLED,True,True,60.0,Google TV,0,0,1,0,1,4,Économique,THOMSON::Économique::c1,0
https://www.mytek.tn/tv-thomson-50qg7c14-uhd-4k-50-google-tv-qled-pro-noir.html,1899.0,TV THOMSON 50QG7C14 UHD 4K  50″ GOOGLE TV QLED PRO – NOIR,THOMSON,50.0,4K,QLED,True,True,144.0,Google TV,0,0,1,1,1,4,Économique,THOMSON::Économique::c0,0
https://www.mytek.tn/tv-thomson-55-55qg7c14-qled-pro-google-tv-noir.html,2049.0,"TV Thomson 55"" 55QG7C14 QLED Pro Google Tv - Noir",THOMSON,55.0,4K,QLED,True,True,144.0,Google TV,0,0,1,1,1,4,Milieu de gamme,THOMSON::Milieu de gamme::c0,0
https://www.mytek.tn/tv-thomson-55qg6c14-55-google-tv-qled-plus-noir.html,2049.0,TV THOMSON 55QG6C14 55″ GOOGLE TV QLED PLUS - Noir,THOMSON,55.0,4K,QLED,True,True,60.0,Google TV,0,0,1,1,1,4,Milieu de gamme,THOMSON::Milieu de gamme::c0,0
https://www.mytek.tn/tv-thomson-65-65ug4s14-4k-uhd-side-feet-google-tv-noir.html,2339.0,"TV Thomson 65"" 65UG4S14 4K UHD Side Feet Google Tv - Noir",THOMSON,65.0,4K,QLED,True,True,60.0,Google TV,0,0,1,1,1,4,Milieu de gamme,THOMSON::Milieu de gamme::c0,0
https://www.mytek.tn/tv-thomson-65-65qg7c14-qled-pro-uhd-4k-google-tv-noir.html,3149.0,"TV Thomson 65"" 65QG7C14 QLED Pro UHD 4K  Google Tv - Noir",THOMSON,65.0,4K,QLED,True,True,144.0,Google TV,0,0,1,1,1,4,Premium,THOMSON::Premium::c0,0
https://www.mytek.tn/tv-thomson-75-75ug5c14-uhd-4k-google-tv-noir.html,3749.0,"TV Thomson 75"" 75UG5C14 UHD 4K Google Tv - Noir",THOMSON,75.0,4K,QLED,False,True,60.0,Google TV,0,0,1,1,0,4,Premium,THOMSON::Premium::c0,0
https://www.mytek.tn/tv-thomson-75-75qg7c14-qled-pro-uhd-4k-google-tv-noir.html,3999.0,"TV Thomson 75"" 75QG7C14 QLED PRO UHD 4K  Google Tv - Noir",THOMSON,75.0,4K,LED,True,True,144.0,Google TV,0,0,1,1,1,4,Premium,THOMSON::Premium::c0,0
https://www.mytek.tn/tv-hisense-43a4200g-43-uhd-android-smart-tv-noir.html,889.0,"TV Hisense 43A4200G 43"" UHD Android Smart Tv - Noir",HISENSE,43.0,Full HD,QLED,False,True,60.0,Android TV,0,0,1,1,0,1,Économique,HISENSE::Économique::c0,0
https://www.mytek.tn/tv-hisense-a6gn-50-uhd-4k-smart-google-tv-noir.html,1299.0,"TV Hisense A6GN 50"" UHD 4K Smart Google TV - Noir",HISENSE,50.0,4K,QLED,True,True,60.0,Google TV,0,0,1,1,1,1,Économique,HISENSE::Économique::c0,0
https://www.mytek.tn/tv-hisense-a6500n-55-smart-4k-uhd-dled-google-tv-noir.html,1479.0,"TV Hisense A6500N 55"" Smart 4K UHD DLED Google TV - Noir",HISENSE,55.0,4K,QLED,True,True,104.8,Google TV,0,0,1,1,1,1,Économique,HISENSE::Économique::c0,0
https://www.mytek.tn/tv-hisense-a6500n-65-smart-4k-uhd-dled-google-tv-noir.html,2399.0,"TV Hisense A6500N 65"" Smart 4K UHD DLED Google TV - Noir",HISENSE,65.0,4K,LED,True,True,70.0,Google TV,0,0,1,1,1,1,Milieu de gamme,HISENSE::Milieu de gamme::c0,0
https://www.mytek.tn/tv-hisense-75-smart-serie-a6n-4k-ultra-hd-noir.html,4069.0,"TV HISENSE 75"" Smart Série A6N 4K ULTRA HD - Noir",HISENSE,75.0,4K,QLED,True,True,50.0,VIDAA,0,0,1,1,1,1,Milieu de gamme,HISENSE::Milieu de gamme::c0,0
https://www.mytek.tn/tv-hisense-85-smart-serie-a6n-led-4k-uhd-noir.html,6399.0,TV HISENSE 85″ Smart Série A6N LED 4K UHD - Noir,HISENSE,85.0,4K,QLED,True,True,60.0,VIDAA,0,0,1,1,0,1,Milieu de gamme,HISENSE::Milieu de gamme::c0,0
https://www.mytek.tn/tv-hisense-85-smart-serie-q6n-qled-4k-uhd-noir.html,6629.0,TV Hisense 85″ Smart Série Q6N QLED 4K UHD - Noir,HISENSE,85.0,4K,QLED,True,True,120.0,Autre,0,0,1,1,1,1,Premium,HISENSE::Premium::c0,0
https://www.mytek.tn/tv-lazer-hisense-100l5ge-100-4k-hdr-smart-noir.html,6999.0,"TV Lazer Hisense 100L5GE 100"" 4K HDR Smart - Noir",HISENSE,100.0,4K,QLED,True,True,60.0,VIDAA,0,0,1,1,1,1,Premium,HISENSE::Premium::c0,0
https://www.mytek.tn/tv-hisense-100q7n-100-mini-led-uhd-4k-smart-vidaa-garantie-2-ans.html,9999.0,TV Hisense 100Q7N 100″ Mini LED UHD 4K Smart VIDAA - Garantie 2 Ans,HISENSE,100.0,4K,Mini-LED,True,True,120.0,VIDAA,0,0,1,1,1,1,Premium,HISENSE::Premium::c0,0
https://www.mytek.tn/tv-hisense-43a4200g-43-uhd-android-smart-tv-noir.html,889.0,"TV Hisense 43A4200G 43"" UHD Android Smart Tv - Noir",HISENSE,43.0,Full HD,QLED,False,True,60.0,Android TV,0,0,1,1,0,2,Économique,HISENSE::Économique::c0,0
https://www.mytek.tn/tv-hisense-a6gn-50-uhd-4k-smart-google-tv-noir.html,1299.0,"TV Hisense A6GN 50"" UHD 4K Smart Google TV - Noir",HISENSE,50.0,4K,QLED,True,True,60.0,Google TV,0,0,1,1,1,2,Économique,HISENSE::Économique::c0,0
https://www.mytek.tn/tv-hisense-a6500n-55-smart-4k-uhd-dled-google-tv-noir.html,1479.0,"TV Hisense A6500N 55"" Smart 4K UHD DLED Google TV - Noir",HISENSE,55.0,4K,QLED,True,True,96.8,Google TV,0,0,1,1,1,2,Économique,HISENSE::Économique::c0,0
https://www.mytek.tn/tv-hisense-a6500n-65-smart-4k-uhd-dled-google-tv-noir.html,2399.0,"TV Hisense A6500N 65"" Smart 4K UHD DLED Google TV - Noir",HISENSE,65.0,4K,LED,True,True,70.0,Google TV,0,0,1,1,1,2,Milieu de gamme,HISENSE::Milieu de gamme::c0,0
https://www.mytek.tn/tv-hisense-75-smart-serie-a6n-4k-ultra-hd-noir.html,4069.0,"TV HISENSE 75"" Smart Série A6N 4K ULTRA HD - Noir",HISENSE,75.0,4K,QLED,True,True,50.0,VIDAA,0,0,1,1,1,2,Milieu de gamme,HISENSE::Milieu de gamme::c0,0
https://www.mytek.tn/tv-hisense-85-smart-serie-a6n-led-4k-uhd-noir.html,6399.0,TV HISENSE 85″ Smart Série A6N LED 4K UHD - Noir,HISENSE,85.0,4K,QLED,True,True,60.0,VIDAA,0,0,1,1,0,2,Milieu de gamme,HISENSE::Milieu de gamme::c0,0
https://www.mytek.tn/tv-hisense-85-smart-serie-q6n-qled-4k-uhd-noir.html,6629.0,TV Hisense 85″ Smart Série Q6N QLED 4K UHD - Noir,HISENSE,85.0,4K,QLED,True,True,120.0,Autre,0,0,1,1,1,2,Premium,HISENSE::Premium::c0,0
https://www.mytek.tn/tv-lazer-hisense-100l5ge-100-4k-hdr-smart-noir.html,6999.0,"TV Lazer Hisense 100L5GE 100"" 4K HDR Smart - Noir",HISENSE,100.0,4K,QLED,True,True,60.0,VIDAA,0,0,1,1,1,2,Premium,HISENSE::Premium::c0,0
https://www.mytek.tn/tv-hisense-100q7n-100-mini-led-uhd-4k-smart-vidaa-garantie-2-ans.html,9999.0,TV Hisense 100Q7N 100″ Mini LED UHD 4K Smart VIDAA - Garantie 2 Ans,HISENSE,100.0,4K,Mini-LED,True,True,120.0,VIDAA,0,0,1,1,1,2,Premium,HISENSE::Premium::c0,0
https://www.mytek.tn/tv-hisense-43a4200g-43-uhd-android-smart-tv-noir.html,889.0,"TV Hisense 43A4200G 43"" UHD Android Smart Tv - Noir",HISENSE,43.0,Full HD,QLED,False,True,60.0,Android TV,0,0,1,1,0,3,Économique,HISENSE::Économique::c0,0
https://www.mytek.tn/tv-hisense-a6gn-50-uhd-4k-smart-google-tv-noir.html,1299.0,"TV Hisense A6GN 50"" UHD 4K Smart Google TV - Noir",HISENSE,50.0,4K,QLED,True,True,60.0,Google TV,0,0,1,1,1,3,Économique,HISENSE::Économique::c0,0
https://www.mytek.tn/tv-hisense-a6500n-55-smart-4k-uhd-dled-google-tv-noir.html,1479.0,"TV Hisense A6500N 55"" Smart 4K UHD DLED Google TV - Noir",HISENSE,55.0,4K,QLED,True,True,96.8,Google TV,0,0,1,1,1,3,Économique,HISENSE::Économique::c0,0
https://www.mytek.tn/tv-hisense-a6500n-65-smart-4k-uhd-dled-google-tv-noir.html,2399.0,"TV Hisense A6500N 65"" Smart 4K UHD DLED Google TV - Noir",HISENSE,65.0,4K,LED,True,True,70.0,Google TV,0,0,1,1,1,3,Milieu de gamme,HISENSE::Milieu de gamme::c0,0
https://www.mytek.tn/tv-hisense-75-smart-serie-a6n-4k-ultra-hd-noir.html,4069.0,"TV HISENSE 75"" Smart Série A6N 4K ULTRA HD - Noir",HISENSE,75.0,4K,QLED,True,True,50.0,VIDAA,0,0,1,1,1,3,Milieu de gamme,HISENSE::Milieu de gamme::c0,0
https://www.mytek.tn/tv-hisense-85-smart-serie-a6n-led-4k-uhd-noir.html,6399.0,TV HISENSE 85″ Smart Série A6N LED 4K UHD - Noir,HISENSE,85.0,4K,QLED,True,True,60.0,VIDAA,0,0,1,1,0,3,Milieu de gamme,HISENSE::Milieu de gamme::c0,0
https://www.mytek.tn/tv-hisense-85-smart-serie-q6n-qled-4k-uhd-noir.html,6629.0,TV Hisense 85″ Smart Série Q6N QLED 4K UHD - Noir,HISENSE,85.0,4K,QLED,True,True,120.0,Autre,0,0,1,1,1,3,Premium,HISENSE::Premium::c0,0
https://www.mytek.tn/tv-lazer-hisense-100l5ge-100-4k-hdr-smart-noir.html,6999.0,"TV Lazer Hisense 100L5GE 100"" 4K HDR Smart - Noir",HISENSE,100.0,4K,QLED,True,True,60.0,VIDAA,0,0,1,1,1,3,Premium,HISENSE::Premium::c0,0
https://www.mytek.tn/tv-hisense-100q7n-100-mini-led-uhd-4k-smart-vidaa-garantie-2-ans.html,9999.0,TV Hisense 100Q7N 100″ Mini LED UHD 4K Smart VIDAA - Garantie 2 Ans,HISENSE,100.0,4K,Mini-LED,True,True,120.0,VIDAA,0,0,1,1,1,3,Premium,HISENSE::Premium::c0,0
https://www.mytek.tn/tv-hisense-43a4200g-43-uhd-android-smart-tv-noir.html,889.0,"TV Hisense 43A4200G 43"" UHD Android Smart Tv - Noir",HISENSE,43.0,Full HD,QLED,False,True,60.0,Android TV,0,0,1,1,0,4,Économique,HISENSE::Économique::c0,0
https://www.mytek.tn/tv-hisense-a6gn-50-uhd-4k-smart-google-tv-noir.html,1299.0,"TV Hisense A6GN 50"" UHD 4K Smart Google TV - Noir",HISENSE,50.0,4K,QLED,True,True,60.0,Google TV,0,0,1,1,1,4,Économique,HISENSE::Économique::c0,0
https://www.mytek.tn/tv-hisense-a6500n-55-smart-4k-uhd-dled-google-tv-noir.html,1479.0,"TV Hisense A6500N 55"" Smart 4K UHD DLED Google TV - Noir",HISENSE,55.0,4K,Mini-LED,True,True,84.8,Google TV,0,0,1,1,1,4,Économique,HISENSE::Économique::c0,0
https://www.mytek.tn/tv-hisense-a6500n-65-smart-4k-uhd-dled-google-tv-noir.html,2399.0,"TV Hisense A6500N 65"" Smart 4K UHD DLED Google TV - Noir",HISENSE,65.0,4K,LED,True,True,74.8,Google TV,0,0,1,1,1,4,Milieu de gamme,HISENSE::Milieu de gamme::c0,0
https://www.mytek.tn/tv-hisense-75-smart-serie-a6n-4k-ultra-hd-noir.html,4069.0,"TV HISENSE 75"" Smart Série A6N 4K ULTRA HD - Noir",HISENSE,75.0,4K,QLED,True,True,50.0,VIDAA,0,0,1,1,1,4,Milieu de gamme,HISENSE::Milieu de gamme::c0,0
https://www.mytek.tn/televiseur-hisense-85-smart-serie-a6n-led-uhd-4k-noir.html,6399.0,Téléviseur HISENSE 85″ Smart Série A6N LED UHD 4K - Noir,HISENSE,85.0,4K,QLED,True,True,60.0,VIDAA,0,0,1,1,0,4,Milieu de gamme,HISENSE::Milieu de gamme::c0,0
https://www.mytek.tn/tv-hisense-85-smart-serie-q6n-qled-4k-uhd-noir.html,6629.0,TV Hisense 85″ Smart Série Q6N QLED 4K UHD - Noir,HISENSE,85.0,4K,QLED,True,True,120.0,Autre,0,0,1,1,1,4,Premium,HISENSE::Premium::c0,0
https://www.mytek.tn/tv-lazer-hisense-100l5ge-100-4k-hdr-smart-noir.html,6999.0,"TV Lazer Hisense 100L5GE 100"" 4K HDR Smart - Noir",HISENSE,100.0,4K,QLED,True,True,60.0,VIDAA,0,0,1,1,1,4,Premium,HISENSE::Premium::c0,0
https://www.mytek.tn/tv-hisense-100q7n-100-mini-led-uhd-4k-smart-vidaa-garantie-2-ans.html,9999.0,TV Hisense 100Q7N 100″ Mini LED UHD 4K Smart VIDAA - Garantie 2 Ans,HISENSE,100.0,4K,Mini-LED,True,True,120.0,VIDAA,0,0,1,1,1,4,Premium,HISENSE::Premium::c0,0
https://www.mytek.tn/tv-maxwell-32-m20-qled-hd-recepteur-integre.html,399.0,"Tv MAXWELL 32"" M20 QLED HD + Récepteur Intégré",MAXWELL,32.0,Full HD,QLED,False,False,60.0,Autre,0,0,0,0,0,1,Économique,MAXWELL::Économique::c0,1
https://www.mytek.tn/tv-maxwell-40-m20-qled-full-hd-recepteur-integre.html,599.0,Tv MAXWELL 40'' M20 Qled Full HD + Récepteur Intégré,MAXWELL,40.0,Full HD,QLED,False,False,60.0,Autre,0,0,0,0,0,1,Économique,MAXWELL::Économique::c0,1
https://www.mytek.tn/tv-maxwell-43-qled-full-hd-max-q43m20-avec-recepteur-integre.html,699.0,"TV MAXWELL 43"" QLED Full HD MAX-Q43M20 avec Récepteur Intégré",MAXWELL,43.0,Full HD,QLED,False,False,60.0,Autre,0,0,0,0,0,1,Milieu de gamme,MAXWELL::Milieu de gamme::c0,1
https://www.mytek.tn/televiseur-maxwell-50-mg60-qled-4k-smart-google-tv-noir.html,1199.0,"Téléviseur MAXWELL 50"" MG60 QLED 4K Smart Google TV - Noir",MAXWELL,50.0,4K,QLED,True,True,84.8,Google TV,0,0,1,1,0,1,Milieu de gamme,MAXWELL::Milieu de gamme::c0,0
https://www.mytek.tn/tv-maxwell-mg60-55-qled-4k-smart-google-tv-avec-recepteur-integre.html,1399.0,"TV MAXWELL MG60 55"" QLED 4K Smart Google TV avec Récepteur Intégré",MAXWELL,55.0,4K,QLED,True,True,60.0,Google TV,0,0,1,0,1,1,Premium,MAXWELL::Premium::c0,0
https://www.mytek.tn/tv-maxwell-65-mg60-qled-4k-uhd-google-tv-avec-recepteur-integre.html,1999.0,"TV MAXWELL 65"" MG60 QLED 4K UHD Google TV avec Récepteur Intégré",MAXWELL,65.0,4K,QLED,True,True,70.0,Google TV,0,0,1,1,1,1,Premium,MAXWELL::Premium::c0,0
https://www.mytek.tn/tv-maxwell-65-mg60sb-qled-4k-smart-google-tv-recepteur-integre-avec-barre-de-son-noir.html,2189.0,"Tv  MAXWELL 65"" MG60SB QLed 4K Smart Google Tv Récepteur Intègre avec barre de son - Noir",MAXWELL,65.0,4K,QLED,True,True,50.0,Android TV,0,0,1,1,0,1,Premium,MAXWELL::Premium::c0,0
https://www.mytek.tn/tv-maxwell-32-m20-qled-hd-recepteur-integre.html,399.0,"Tv MAXWELL 32"" M20 QLED HD + Récepteur Intégré",MAXWELL,32.0,Full HD,QLED,False,False,60.0,Autre,0,0,0,0,0,2,Économique,MAXWELL::Économique::c0,1
https://www.mytek.tn/tv-maxwell-40-m20-qled-full-hd-recepteur-integre.html,599.0,Tv MAXWELL 40'' M20 Qled Full HD + Récepteur Intégré,MAXWELL,40.0,Full HD,QLED,False,False,60.0,Autre,0,0,0,0,0,2,Économique,MAXWELL::Économique::c0,1
https://www.mytek.tn/tv-maxwell-43-qled-full-hd-max-q43m20-avec-recepteur-integre.html,729.0,"TV MAXWELL 43"" QLED Full HD MAX-Q43M20 avec Récepteur Intégré",MAXWELL,43.0,Full HD,QLED,False,False,60.0,Autre,0,0,0,0,0,2,Milieu de gamme,MAXWELL::Milieu de gamme::c0,1
https://www.mytek.tn/televiseur-maxwell-50-mg60-qled-4k-smart-google-tv-noir.html,1199.0,"Téléviseur MAXWELL 50"" MG60 QLED 4K Smart Google TV - Noir",MAXWELL,50.0,4K,QLED,True,True,96.8,Google TV,0,0,1,1,0,2,Milieu de gamme,MAXWELL::Milieu de gamme::c0,0
https://www.mytek.tn/tv-maxwell-mg60-55-qled-4k-smart-google-tv-avec-recepteur-integre.html,1399.0,"TV MAXWELL MG60 55"" QLED 4K Smart Google TV avec Récepteur Intégré",MAXWELL,55.0,4K,QLED,True,True,60.0,Google TV,0,0,1,0,1,2,Premium,MAXWELL::Premium::c0,0
https://www.mytek.tn/tv-maxwell-65-mg60sb-qled-4k-smart-google-tv-recepteur-integre-avec-barre-de-son-noir.html,2189.0,"Tv  MAXWELL 65"" MG60SB QLed 4K Smart Google Tv Récepteur Intègre avec barre de son - Noir",MAXWELL,65.0,4K,QLED,True,True,50.0,Android TV,0,0,1,1,0,2,Premium,MAXWELL::Premium::c0,0
https://www.mytek.tn/tv-maxwell-32-m20-qled-hd-recepteur-integre.html,399.0,"Tv MAXWELL 32"" M20 QLED HD + Récepteur Intégré",MAXWELL,32.0,Full HD,QLED,False,False,60.0,Autre,0,0,0,0,0,3,Économique,MAXWELL::Économique::c0,1
https://www.mytek.tn/tv-maxwell-40-m20-qled-full-hd-recepteur-integre.html,599.0,Tv MAXWELL 40'' M20 Qled Full HD + Récepteur Intégré,MAXWELL,40.0,Full HD,QLED,False,False,60.0,Autre,0,0,0,0,0,3,Économique,MAXWELL::Économique::c0,1
https://www.mytek.tn/tv-maxwell-43-qled-full-hd-max-q43m20-avec-recepteur-integre.html,729.0,"TV MAXWELL 43"" QLED Full HD MAX-Q43M20 avec Récepteur Intégré",MAXWELL,43.0,Full HD,QLED,False,False,60.0,Autre,0,0,0,0,0,3,Milieu de gamme,MAXWELL::Milieu de gamme::c0,1
https://www.mytek.tn/televiseur-maxwell-50-mg60-qled-4k-smart-google-tv-noir.html,1199.0,"Téléviseur MAXWELL 50"" MG60 QLED 4K Smart Google TV - Noir",MAXWELL,50.0,4K,QLED,True,True,96.8,Google TV,0,0,1,1,0,3,Milieu de gamme,MAXWELL::Milieu de gamme::c0,0
https://www.mytek.tn/tv-maxwell-mg60-55-qled-4k-smart-google-tv-avec-recepteur-integre.html,1399.0,"TV MAXWELL MG60 55"" QLED 4K Smart Google TV avec Récepteur Intégré",MAXWELL,55.0,4K,QLED,True,True,60.0,Google TV,0,0,1,0,1,3,Premium,MAXWELL::Premium::c0,0
https://www.mytek.tn/tv-maxwell-65-mg60sb-qled-4k-smart-google-tv-recepteur-integre-avec-barre-de-son-noir.html,2189.0,"Tv  MAXWELL 65"" MG60SB QLed 4K Smart Google Tv Récepteur Intègre avec barre de son - Noir",MAXWELL,65.0,4K,QLED,True,True,50.0,Android TV,0,0,1,1,0,3,Premium,MAXWELL::Premium::c0,0
https://www.mytek.tn/tv-maxwell-32-m20-qled-hd-recepteur-integre.html,399.0,"Tv MAXWELL 32"" M20 QLED HD + Récepteur Intégré",MAXWELL,32.0,Full HD,QLED,False,False,60.0,Autre,0,0,0,0,0,4,Économique,MAXWELL::Économique::c0,1
https://www.mytek.tn/tv-maxwell-40-m20-qled-full-hd-recepteur-integre.html,599.0,Tv MAXWELL 40'' M20 Qled Full HD + Récepteur Intégré,MAXWELL,40.0,Full HD,QLED,False,False,60.0,Autre,0,0,0,0,0,4,Économique,MAXWELL::Économique::c0,1
https://www.mytek.tn/tv-maxwell-43-qled-full-hd-max-q43m20-avec-recepteur-integre.html,729.0,"TV MAXWELL 43"" QLED Full HD MAX-Q43M20 avec Récepteur Intégré",MAXWELL,43.0,Full HD,QLED,False,False,60.0,Autre,0,0,0,0,0,4,Milieu de gamme,MAXWELL::Milieu de gamme::c0,1
https://www.mytek.tn/televiseur-maxwell-50-mg60-qled-4k-smart-google-tv-noir.html,1199.0,"Téléviseur MAXWELL 50"" MG60 QLED 4K Smart Google TV - Noir",MAXWELL,50.0,4K,QLED,True,True,84.8,Google TV,0,0,1,1,0,4,Milieu de gamme,MAXWELL::Milieu de gamme::c0,0
https://www.mytek.tn/tv-maxwell-mg60-55-qled-4k-smart-google-tv-avec-recepteur-integre.html,1399.0,"TV MAXWELL MG60 55"" QLED 4K Smart Google TV avec Récepteur Intégré",MAXWELL,55.0,4K,QLED,True,True,60.0,Google TV,0,0,1,0,1,4,Premium,MAXWELL::Premium::c0,0
https://www.mytek.tn/tv-maxwell-65-mg60sb-qled-4k-smart-google-tv-recepteur-integre-avec-barre-de-son-noir.html,2189.0,"Tv  MAXWELL 65"" MG60SB QLed 4K Smart Google Tv Récepteur Intègre avec barre de son - Noir",MAXWELL,65.0,4K,QLED,True,True,50.0,Android TV,0,0,1,1,0,4,Premium,MAXWELL::Premium::c0,0
https://www.mytek.tn/tv-vega-32-f32f2hbs-android-hd-smart-tv-noir.html,499.0,"TV VEGA 32"" F32F2HBS Android HD Smart TV - Noir",VEGA,32.0,Full HD,LED,False,True,60.0,Android TV,0,0,1,0,1,1,Économique,VEGA::Économique::c0,1
https://www.mytek.tn/tv-vega-43-smart-qled-fhd-avec-recepteur-integre-noir.html,849.0,"Tv VEGA 43"" Smart Qled FHD Avec Récepteur Intégré - Noir",VEGA,43.0,Full HD,QLED,True,True,60.0,Android TV,0,0,0,0,1,1,Économique,VEGA::Économique::c0,0
https://www.mytek.tn/televiseur-vega-l50f2fb2-50-full-hd-avec-recepteur-integre.html,929.0,"Téléviseur Vega L50F2FB2 50"" Full HD avec récepteur intégré",VEGA,50.0,Full HD,QLED,False,False,84.8,Autre,0,0,0,0,0,1,Milieu de gamme,VEGA::Milieu de gamme::c0,1
https://www.mytek.tn/tv-vega-50-smart-qled-uhd-4k-avec-recepteur-integre-noir.html,1199.0,"Tv VEGA 50"" Smart Qled UHD 4K Avec Récepteur Intégré - Noir",VEGA,50.0,4K,QLED,True,True,84.8,Android TV,0,0,1,1,1,1,Milieu de gamme,VEGA::Milieu de gamme::c0,0
https://www.mytek.tn/tv-vega-55-smart-qled-uhd-4k-avec-recepteur-integre-noir.html,1399.0,"Tv VEGA 55"" Smart Qled UHD 4K Avec Récepteur Intégré - Noir",VEGA,55.0,4K,QLED,True,True,104.8,Android TV,0,0,1,1,1,1,Premium,VEGA::Premium::c0,0
https://www.mytek.tn/tv-vega-75-smart-qled-4k-uhd-avec-recepteur-integre-noir.html,2989.0,"TV VEGA 75"" Smart Qled  4K UHD Avec Récepteur Intégré - Noir",VEGA,75.0,4K,QLED,True,True,103.6,Android TV,0,0,1,1,1,1,Premium,VEGA::Premium::c0,0
https://www.mytek.tn/tv-vega-32-f32f2hbs-android-hd-smart-tv-noir.html,499.0,"TV VEGA 32"" F32F2HBS Android HD Smart TV - Noir",VEGA,32.0,Full HD,LED,False,True,60.0,Android TV,0,0,1,0,1,2,Économique,VEGA::Économique::c0,1
https://www.mytek.tn/tv-vega-43-smart-qled-fhd-avec-recepteur-integre-noir.html,849.0,"Tv VEGA 43"" Smart Qled FHD Avec Récepteur Intégré - Noir",VEGA,43.0,Full HD,QLED,True,True,60.0,Android TV,0,0,0,0,1,2,Économique,VEGA::Économique::c0,0
https://www.mytek.tn/televiseur-vega-l50f2fb2-50-full-hd-avec-recepteur-integre.html,929.0,"Téléviseur Vega L50F2FB2 50"" Full HD avec récepteur intégré",VEGA,50.0,Full HD,QLED,False,False,96.8,Autre,0,0,0,0,0,2,Milieu de gamme,VEGA::Milieu de gamme::c0,1
https://www.mytek.tn/tv-vega-50-smart-qled-uhd-4k-avec-recepteur-integre-noir.html,1199.0,"Tv VEGA 50"" Smart Qled UHD 4K Avec Récepteur Intégré - Noir",VEGA,50.0,4K,QLED,True,True,96.8,Android TV,0,0,1,1,1,2,Milieu de gamme,VEGA::Milieu de gamme::c0,0
https://www.mytek.tn/tv-vega-55-smart-qled-uhd-4k-avec-recepteur-integre-noir.html,1399.0,"Tv VEGA 55"" Smart Qled UHD 4K Avec Récepteur Intégré - Noir",VEGA,55.0,4K,QLED,True,True,96.8,Android TV,0,0,1,1,1,2,Premium,VEGA::Premium::c0,0
https://www.mytek.tn/tv-vega-75-smart-qled-4k-uhd-avec-recepteur-integre-noir.html,2989.0,"TV VEGA 75"" Smart Qled  4K UHD Avec Récepteur Intégré - Noir",VEGA,75.0,4K,QLED,True,True,103.6,Android TV,0,0,1,1,1,2,Premium,VEGA::Premium::c0,0
https://www.mytek.tn/tv-vega-32-f32f2hbs-android-hd-smart-tv-noir.html,499.0,"TV VEGA 32"" F32F2HBS Android HD Smart TV - Noir",VEGA,32.0,Full HD,LED,False,True,60.0,Android TV,0,0,1,0,1,3,Économique,VEGA::Économique::c0,1
https://www.mytek.tn/tv-vega-43-smart-qled-fhd-avec-recepteur-integre-noir.html,849.0,"Tv VEGA 43"" Smart Qled FHD Avec Récepteur Intégré - Noir",VEGA,43.0,Full HD,QLED,True,True,60.0,Android TV,0,0,0,0,1,3,Économique,VEGA::Économique::c0,0
https://www.mytek.tn/televiseur-vega-l50f2fb2-50-full-hd-avec-recepteur-integre.html,929.0,"Téléviseur Vega L50F2FB2 50"" Full HD avec récepteur intégré",VEGA,50.0,Full HD,QLED,False,False,96.8,Autre,0,0,0,0,0,3,Milieu de gamme,VEGA::Milieu de gamme::c0,1
https://www.mytek.tn/tv-vega-50-smart-qled-uhd-4k-avec-recepteur-integre-noir.html,1199.0,"Tv VEGA 50"" Smart Qled UHD 4K Avec Récepteur Intégré - Noir",VEGA,50.0,4K,QLED,True,True,96.8,Android TV,0,0,1,1,1,3,Milieu de gamme,VEGA::Milieu de gamme::c0,0
https://www.mytek.tn/tv-vega-55-smart-qled-uhd-4k-avec-recepteur-integre-noir.html,1399.0,"Tv VEGA 55"" Smart Qled UHD 4K Avec Récepteur Intégré - Noir",VEGA,55.0,4K,QLED,True,True,96.8,Android TV,0,0,1,1,1,3,Premium,VEGA::Premium::c0,0
https://www.mytek.tn/tv-vega-75-smart-qled-4k-uhd-avec-recepteur-integre-noir.html,2989.0,"TV VEGA 75"" Smart Qled  4K UHD Avec Récepteur Intégré - Noir",VEGA,75.0,4K,QLED,True,True,103.6,Android TV,0,0,1,1,1,3,Premium,VEGA::Premium::c0,0
https://www.mytek.tn/tv-vega-32-f32f2hbs-android-hd-smart-tv-noir.html,499.0,"TV VEGA 32"" F32F2HBS Android HD Smart TV - Noir",VEGA,32.0,Full HD,LED,False,True,60.0,Android TV,0,0,1,0,1,4,Économique,VEGA::Économique::c0,1
https://www.mytek.tn/tv-vega-43-smart-qled-fhd-avec-recepteur-integre-noir.html,849.0,"Tv VEGA 43"" Smart Qled FHD Avec Récepteur Intégré - Noir",VEGA,43.0,Full HD,QLED,True,True,60.0,Android TV,0,0,0,0,1,4,Économique,VEGA::Économique::c0,0
https://www.mytek.tn/televiseur-vega-l50f2fb2-50-full-hd-avec-recepteur-integre.html,929.0,"Téléviseur Vega L50F2FB2 50"" Full HD avec récepteur intégré",VEGA,50.0,Full HD,QLED,False,False,84.8,Autre,0,0,0,0,0,4,Milieu de gamme,VEGA::Milieu de gamme::c0,1
https://www.mytek.tn/tv-vega-50-smart-qled-uhd-4k-avec-recepteur-integre-noir.html,1199.0,"Tv VEGA 50"" Smart Qled UHD 4K Avec Récepteur Intégré - Noir",VEGA,50.0,4K,QLED,True,True,84.8,Android TV,0,0,1,1,1,4,Milieu de gamme,VEGA::Milieu de gamme::c0,0
https://www.mytek.tn/tv-vega-55-smart-qled-uhd-4k-avec-recepteur-integre-noir.html,1399.0,"Tv VEGA 55"" Smart Qled UHD 4K Avec Récepteur Intégré - Noir",VEGA,55.0,4K,QLED,True,True,84.8,Android TV,0,0,1,1,1,4,Premium,VEGA::Premium::c0,0
https://www.mytek.tn/tv-vega-75-smart-qled-4k-uhd-avec-recepteur-integre-noir.html,2989.0,"TV VEGA 75"" Smart Qled  4K UHD Avec Récepteur Intégré - Noir",VEGA,75.0,4K,QLED,True,True,103.6,Android TV,0,0,1,1,1,4,Premium,VEGA::Premium::c0,0
https://www.mytek.tn/tv-ecosat-32-pouces-led-hd-32t2-gris.html,385.0,TV ECOSAT 32 Pouces LED HD 32T2 - Gris,ECOSAT,32.0,HD Ready,LED,False,False,60.0,Autre,0,0,0,0,0,1,Économique,ECOSAT::Économique::c0,1
https://www.mytek.tn/televiseur-ecosat-32-led-smart-tv-avec-recepteur-smart-integree.html,439.0,Téléviseur ECOSAT 32″ LED SMART TV  Avec Récepteur Smart Intégrée,ECOSAT,32.0,HD Ready,LED,False,True,60.0,Android TV,0,0,1,0,0,1,Économique,ECOSAT::Économique::c0,1
https://www.mytek.tn/tv-ecosat-43-eco43t2-led-full-hd-avec-recepteur-fun-40.html,689.0,Tv Ecosat 43″ ECO43T2 LED Full HD Avec Récepteur FUN-40,ECOSAT,43.0,Full HD,LED,False,False,60.0,Autre,0,0,0,0,0,1,Milieu de gamme,ECOSAT::Milieu de gamme::c0,1
https://www.mytek.tn/televiseur-ecosat-43-google-tv-qled-fhd-noir.html,859.0,"Téléviseur ECOSAT 43"" Google TV Qled FHD - Noir",ECOSAT,43.0,Full HD,QLED,False,False,60.0,Google TV,0,0,1,0,0,1,Milieu de gamme,ECOSAT::Milieu de gamme::c0,1
https://www.mytek.tn/televiseur-ecosat-55-google-tv-qled-4k-uhd-noir.html,1499.0,"Téléviseur ECOSAT 55"" Google TV Qled 4K UHD - Noir",ECOSAT,55.0,4K,QLED,True,False,104.8,Google TV,1,0,1,0,0,1,Premium,ECOSAT::Premium::c0,0
https://www.mytek.tn/tv-ecosat-32-pouces-led-hd-32t2-gris.html,385.0,TV ECOSAT 32 Pouces LED HD 32T2 - Gris,ECOSAT,32.0,HD Ready,LED,False,False,60.0,Autre,0,0,0,0,0,2,Économique,ECOSAT::Économique::c0,1
https://www.mytek.tn/televiseur-ecosat-32-led-smart-tv-avec-recepteur-smart-integree.html,439.0,Téléviseur ECOSAT 32″ LED SMART TV  Avec Récepteur Smart Intégrée,ECOSAT,32.0,HD Ready,LED,False,True,60.0,Android TV,0,0,1,0,0,2,Économique,ECOSAT::Économique::c0,1
https://www.mytek.tn/tv-ecosat-43-eco43t2-led-full-hd-avec-recepteur-fun-40.html,689.0,Tv Ecosat 43″ ECO43T2 LED Full HD Avec Récepteur FUN-40,ECOSAT,43.0,Full HD,LED,False,False,60.0,Autre,0,0,0,0,0,2,Milieu de gamme,ECOSAT::Milieu de gamme::c0,1
https://www.mytek.tn/televiseur-ecosat-43-google-tv-qled-fhd-noir.html,859.0,"Téléviseur ECOSAT 43"" Google TV Qled FHD - Noir",ECOSAT,43.0,Full HD,QLED,False,False,60.0,Google TV,0,0,1,0,0,2,Milieu de gamme,ECOSAT::Milieu de gamme::c0,1
https://www.mytek.tn/televiseur-ecosat-55-google-tv-qled-4k-uhd-noir.html,1479.0,"Téléviseur ECOSAT 55"" Google TV Qled 4K UHD - Noir",ECOSAT,55.0,4K,QLED,True,False,96.8,Google TV,1,0,1,0,0,2,Premium,ECOSAT::Premium::c0,0
https://www.mytek.tn/tv-ecosat-32-pouces-led-hd-32t2-gris.html,385.0,TV ECOSAT 32 Pouces LED HD 32T2 - Gris,ECOSAT,32.0,HD Ready,LED,False,False,60.0,Autre,0,0,0,0,0,3,Économique,ECOSAT::Économique::c0,1
https://www.mytek.tn/televiseur-ecosat-32-led-smart-tv-avec-recepteur-smart-integree.html,439.0,Téléviseur ECOSAT 32″ LED SMART TV  Avec Récepteur Smart Intégrée,ECOSAT,32.0,HD Ready,LED,False,True,60.0,Android TV,0,0,1,0,0,3,Économique,ECOSAT::Économique::c0,1
https://www.mytek.tn/tv-ecosat-43-eco43t2-led-full-hd-avec-recepteur-fun-40.html,689.0,Tv Ecosat 43″ ECO43T2 LED Full HD Avec Récepteur FUN-40,ECOSAT,43.0,Full HD,LED,False,False,60.0,Autre,0,0,0,0,0,3,Milieu de gamme,ECOSAT::Milieu de gamme::c0,1
https://www.mytek.tn/televiseur-ecosat-43-google-tv-qled-fhd-noir.html,859.0,"Téléviseur ECOSAT 43"" Google TV Qled FHD - Noir",ECOSAT,43.0,Full HD,QLED,False,False,60.0,Google TV,0,0,1,0,0,3,Milieu de gamme,ECOSAT::Milieu de gamme::c0,1
https://www.mytek.tn/televiseur-ecosat-55-google-tv-qled-4k-uhd-noir.html,1479.0,"Téléviseur ECOSAT 55"" Google TV Qled 4K UHD - Noir",ECOSAT,55.0,4K,QLED,True,False,96.8,Google TV,1,0,1,0,0,3,Premium,ECOSAT::Premium::c0,0
https://www.mytek.tn/tv-ecosat-32-pouces-led-hd-32t2-gris.html,385.0,TV ECOSAT 32 Pouces LED HD 32T2 - Gris,ECOSAT,32.0,HD Ready,LED,False,False,60.0,Autre,0,0,0,0,0,4,Économique,ECOSAT::Économique::c0,1
https://www.mytek.tn/televiseur-ecosat-32-led-smart-tv-avec-recepteur-smart-integree.html,439.0,Téléviseur ECOSAT 32″ LED SMART TV  Avec Récepteur Smart Intégrée,ECOSAT,32.0,HD Ready,LED,False,True,60.0,Android TV,0,0,1,0,0,4,Économique,ECOSAT::Économique::c0,1
https://www.mytek.tn/tv-ecosat-43-eco43t2-led-full-hd-avec-recepteur-fun-40.html,689.0,Tv Ecosat 43″ ECO43T2 LED Full HD Avec Récepteur FUN-40,ECOSAT,43.0,Full HD,LED,False,False,60.0,Autre,0,0,0,0,0,4,Milieu de gamme,ECOSAT::Milieu de gamme::c0,1
https://www.mytek.tn/televiseur-ecosat-43-google-tv-qled-fhd-noir.html,859.0,"Téléviseur ECOSAT 43"" Google TV Qled FHD - Noir",ECOSAT,43.0,Full HD,QLED,False,False,60.0,Google TV,0,0,1,0,0,4,Milieu de gamme,ECOSAT::Milieu de gamme::c0,1
https://www.mytek.tn/televiseur-ecosat-55-google-tv-qled-4k-uhd-noir.html,1479.0,"Téléviseur ECOSAT 55"" Google TV Qled 4K UHD - Noir",ECOSAT,55.0,4K,QLED,True,False,84.8,Google TV,1,0,1,0,0,4,Premium,ECOSAT::Premium::c0,0
https://www.mytek.tn/tv-alma-32-altv32b-avec-recepteur-integre-noir.html,379.0,"TV ALMA 32"" Avec Récepteur Intégré - Noir",ALMATV,32.0,Full HD,LED,True,False,60.0,Autre,0,0,0,0,0,1,Gamme unique,ALMATV::Gamme unique::c0,1
https://www.mytek.tn/tv-alma-40-smart-tv-avec-recepteur-tnt-integre-noir.html,639.0,"TV ALMA 40"" Smart Avec Récepteur Intégré - Noir",ALMATV,40.0,Full HD,QLED,True,True,60.0,Google TV,0,0,1,1,0,1,Gamme unique,ALMATV::Gamme unique::c0,0
https://www.mytek.tn/tv-alma-32-altv32b-avec-recepteur-integre-noir.html,379.0,"TV ALMA 32"" Avec Récepteur Intégré - Noir",ALMATV,32.0,Full HD,LED,True,False,60.0,Autre,0,0,0,0,0,2,Gamme unique,ALMATV::Gamme unique::c0,1
https://www.mytek.tn/tv-alma-40-smart-tv-avec-recepteur-tnt-integre-noir.html,639.0,"TV ALMA 40"" Smart Avec Récepteur Intégré - Noir",ALMATV,40.0,Full HD,QLED,True,True,60.0,Google TV,0,0,1,1,0,2,Gamme unique,ALMATV::Gamme unique::c0,0
https://www.mytek.tn/tv-alma-32-altv32b-avec-recepteur-integre-noir.html,379.0,"TV ALMA 32"" Avec Récepteur Intégré - Noir",ALMATV,32.0,Full HD,LED,True,False,60.0,Autre,0,0,0,0,0,3,Gamme unique,ALMATV::Gamme unique::c0,1
https://www.mytek.tn/tv-alma-40-smart-tv-avec-recepteur-tnt-integre-noir.html,639.0,"TV ALMA 40"" Smart Avec Récepteur Intégré - Noir",ALMATV,40.0,Full HD,QLED,True,True,60.0,Google TV,0,0,1,1,0,3,Gamme unique,ALMATV::Gamme unique::c0,0
https://www.mytek.tn/tv-alma-32-altv32b-avec-recepteur-integre-noir.html,369.0,"TV ALMA 32"" Avec Récepteur Intégré - Noir",ALMATV,32.0,Full HD,LED,True,False,60.0,Autre,0,0,0,0,0,4,Gamme unique,ALMATV::Gamme unique::c0,1
https://www.mytek.tn/tv-alma-40-smart-tv-avec-recepteur-tnt-integre-noir.html,639.0,"TV ALMA 40"" Smart Avec Récepteur Intégré - Noir",ALMATV,40.0,Full HD,QLED,True,True,60.0,Google TV,0,0,1,1,0,4,Gamme unique,ALMATV::Gamme unique::c0,0
https://www.mytek.tn/televiseur-iffalcon-s55-40-led-full-hd-smart-tv-noir.html,749.0,"Téléviseur IFFALCON S55 40"" LED Full HD Smart TV - Noir",IFFALCON,40.0,Full HD,LED,True,True,60.0,Android TV,0,0,1,1,1,1,Gamme unique,IFFALCON::Gamme unique::c0,0
https://www.mytek.tn/tv-iffalcon-43-smart-s55-full-hd.html,899.0,TV iFFALCON 43'' Smart S55 Full HD,IFFALCON,43.0,Full HD,QLED,True,True,60.0,Google TV,0,0,1,1,1,1,Gamme unique,IFFALCON::Gamme unique::c0,0
https://www.mytek.tn/televiseur-iffalcon-s55-40-led-full-hd-smart-tv-noir.html,749.0,"Téléviseur IFFALCON S55 40"" LED Full HD Smart TV - Noir",IFFALCON,40.0,Full HD,LED,True,True,60.0,Android TV,0,0,1,1,1,2,Gamme unique,IFFALCON::Gamme unique::c0,0
https://www.mytek.tn/tv-iffalcon-43-smart-s55-full-hd.html,899.0,TV iFFALCON 43'' Smart S55 Full HD,IFFALCON,43.0,Full HD,QLED,True,True,60.0,Google TV,0,0,1,1,1,2,Gamme unique,IFFALCON::Gamme unique::c0,0
https://www.mytek.tn/televiseur-iffalcon-s55-40-led-full-hd-smart-tv-noir.html,749.0,"Téléviseur IFFALCON S55 40"" LED Full HD Smart TV - Noir",IFFALCON,40.0,Full HD,LED,True,True,60.0,Android TV,0,0,1,1,1,3,Gamme unique,IFFALCON::Gamme unique::c0,0
https://www.mytek.tn/tv-iffalcon-43-smart-s55-full-hd.html,899.0,TV iFFALCON 43'' Smart S55 Full HD,IFFALCON,43.0,Full HD,QLED,True,True,60.0,Google TV,0,0,1,1,1,3,Gamme unique,IFFALCON::Gamme unique::c0,0
https://www.mytek.tn/televiseur-iffalcon-s55-40-led-full-hd-smart-tv-noir.html,749.0,"Téléviseur IFFALCON S55 40"" LED Full HD Smart TV - Noir",IFFALCON,40.0,Full HD,LED,True,True,60.0,Android TV,0,0,1,1,1,4,Gamme unique,IFFALCON::Gamme unique::c0,0
https://www.mytek.tn/tv-iffalcon-43-smart-s55-full-hd.html,899.0,TV iFFALCON 43'' Smart S55 Full HD,IFFALCON,43.0,Full HD,QLED,True,True,60.0,Google TV,0,0,1,1,1,4,Gamme unique,IFFALCON::Gamme unique::c0,0
