categorie,url,prix_tnd,nom,marque,ram_go,stockage_go,cpu_serie,os_platform,has_5g,has_wifi,taille_ecran,cpu_brand,has_4g,has_wifi6,has_bluetooth,resolution_affichage,technologie_dalle,hdr,smart_tv,taux_rafraichissement,has_ethernet
telephones_portables,https://www.mytek.tn/telephone-portable-clever-c4-purple.html,32.9,Téléphone Portable Clever C4 - Purple,CLEVER,16.0,32.0,,Sans Système,,,1.77,,,,1.0,,,,,,
pc_portables,https://www.mytek.tn/pc-portable-asus-vivobook-15-x1502va-i7-13e-gen-8g-512g-ssd-bleu.html,2099.0,PC Portable ASUS Vivobook 15 X1502VA i7 13è Gén 8G 512G SSD - Bleu,ASUS,8.0,512.0,7.0,Windows 11 Famille,,,15.6,Intel,,,,,,,,,
pc_portables,https://www.mytek.tn/pc-portable-hp-15-fc0127nk-amd-ryzen-5-8go-512go-ssd-silver.html,1715.0,PC Portable HP 15-fc0127nk AMD RYZEN 5 8Go 512Go SSD - Silver,HP,8.0,512.0,0.0,Windows 11 Famille,,,15.6,AMD,,,,,,,,,
pc_portables,https://www.mytek.tn/pc-portable-gamer-lenovo-loq-15irx10-i7-13e-gen-16g-rtx-5050.html,4039.0,PC Portable Gamer LENOVO LOQ 15IRX10 i7 13è Gén 16G RTX 5050,LENOVO,16.0,512.0,7.0,Windows 11 Pro,,,15.6,Intel,,,,,,,,,
pc_portables,https://www.mytek.tn/pc-portable-dell-pro-16-amd-ryzen-5-32go-512go-ssd-gris.html,2745.0,PC Portable DELL Pro 16 AMD RYZEN 5 32Go 512Go SSD - Gris,DELL,32.0,512.0,0.0,FreeDos,,,16.0,AMD,,,,,,,,,
smartphones,https://www.mytek.tn/smartphone-xiaomi-redmi-note-14-8go-256go-lime-vert.html,729.0,Smartphone Xiaomi Redmi Note 14  4G  8Go 256Go - Lime Green,XIAOMI,8.0,256.0,,Android,0.0,0.0,6.67,Autre,1.0,0.0,0.0,,,,,,
pc_portables,https://www.mytek.tn/pc-portable-hp-probook-460-g11-ultra-5-125u-8go-512go-ssd-silver.html,2589.0,Pc Portable HP ProBook 460 G11 Ultra 5 125U 8Go 512Go SSD - Silver,HP,8.0,512.0,0.0,FreeDos,,,16.0,Intel,,,,,,,,,
pc_bureau,https://www.mytek.tn/pc-de-bureau-gamer-mytek-amd-ryzen5-32go-rtx-5060-8g.html,4379.0,Pc de Bureau Gamer MYTEK AMD RYZEN5 32Go RTX 5060 8G,MSI,32.0,1024.0,0.0,FreeDos,0.0,0.0,,,,,,,,,,,
smartphones,https://www.mytek.tn/smartphone-samsung-galaxy-a57-5g-8go-256go-navy.html,2299.0,Smartphone Samsung Galaxy A57 5G 16Go 256Go - Navy,SAMSUNG,16.0,256.0,,Android,1.0,0.0,6.7,Samsung Exynos,0.0,1.0,1.0,,,,,,
smartphones,https://www.mytek.tn/smartphone-samsung-galaxy-s25-fe-8go-256go-noir.html,2799.0,Smartphone SAMSUNG GALAXY S25 FE 8Go 256Go - Noir,SAMSUNG,8.0,256.0,,Android,1.0,1.0,6.7,Samsung Exynos,0.0,0.0,1.0,,,,,,
pc_portables,https://www.mytek.tn/pc-portable-lenovo-thinkbook-16-g9-irl-intel-core-5-210h-8g-512g-ssd.html,2689.0,PC Portable LENOVO ThinkBook 16 G9 IRL Intel Core 5 210H 8G 512G SSD,LENOVO,8.0,512.0,5.0,FreeDos,,,16.0,Intel,,,,,,,,,
smartphones,https://www.mytek.tn/smartphone-huawei-nova-11i-8go-128go-vert-menthe.html,699.0,Smartphone HUAWEI Nova 11i 8Go 128Go - Vert Menthe,HUAWEI,8.0,128.0,,Android,0.0,0.0,6.8,Qualcomm,1.0,0.0,0.0,,,,,,
pc_portables,https://www.mytek.tn/pc-portable-asus-expertbook-p1503-i7-13e-gen-8g-512g-ssd-gris.html,2139.0,PC Portable ASUS ExpertBook P1503 i7 13è Gén 8G 512G SSD - Gris,ASUS,8.0,512.0,7.0,Windows 11 Pro,,,15.6,Intel,,,,,,,,,
smartphones,https://www.mytek.tn/smartphone-xiaomi-redmi-note-15-4g-8go-256go-glacier-blue.html,899.0,Smartphone Xiaomi Redmi Note 15  4G  8Go 256Go - Glacier Blue,XIAOMI,8.0,256.0,,Android,0.0,1.0,6.77,MediaTek,1.0,0.0,1.0,,,,,,
pc_portables,https://www.mytek.tn/pc-portable-gamer-msi-cyborg-15-b13w-i7-13e-gen-16go-rtx-5070.html,5509.0,PC Portable Gamer MSI Cyborg 15 B13W i7 13è Gén 16Go RTX 5070,MSI,16.0,512.0,7.0,FreeDos,,,15.6,Intel,,,,,,,,,
pc_bureau,https://www.mytek.tn/pc-de-bureau-all-in-one-lenovo-a100-intel-n100-16g-256g-ssd-gris.html,1749.0,PC de Bureau ALL IN ONE LENOVO A100 Intel N100 16G 256G SSD - Gris,LENOVO,16.0,256.0,0.0,Windows 11 Pro,0.0,1.0,,,,,,,,,,,
pc_portables,https://www.mytek.tn/pc-portable-gamer-msi-cyborg-17-b2rw-intel-core-5-210h-32go-rtx-5050.html,5299.0,PC Portable Gamer MSI Cyborg 17 B2RW Intel Core 5 210H 32Go RTX 5050,MSI,32.0,512.0,5.0,FreeDos,,,17.3,Intel,,,,,,,,,
pc_portables,https://www.mytek.tn/pc-portable-hp-probook-4-g1ir-intel-core-5-120u-16g-512g-ssd.html,2979.0,Pc Portable HP ProBook 4 G1iR Intel Core 5 120U 16G 512G SSD,HP,16.0,512.0,5.0,Windows 11 Pro,,,16.0,Intel,,,,,,,,,
pc_portables,https://www.mytek.tn/pc-portable-gamer-gigabyte-aorus-master-16-ultra-9-275hx-32go-rtx-5090.html,16129.0,PC Portable Gamer GIGABYTE AORUS MASTER 16 Ultra 9 275HX 32Go RTX 5090,GIGABYTE,32.0,2048.0,0.0,Windows 11 Pro,,,16.0,Intel,,,,,,,,,
televiseurs,https://www.mytek.tn/tv-telefunken-55-g3fn-4k-uhd-smart-google-tv-recepteur-integre.html,1389.0,Tv TELEFUNKEN 55” G3FN 4K UHD Smart Google TV + Récepteur Intégré,TELEFUNKEN,,,,Google TV,,1.0,55.0,,0.0,0.0,1.0,4K,QLED,True,True,104.8,1.0
telephones_portables,https://www.mytek.tn/telephone-portable-evertek-ex18-orange.html,35.0,Téléphone Portable EVERTEK EX18 - Orange,EVERTEK,0.0234375,32.0,,Autres,,,1.8,,,,1.0,,,,,,
pc_portables,https://www.mytek.tn/pc-portable-gamer-msi-thin-15-b13ucx-i5-13e-gen-16g-rtx-2050.html,2529.0,PC Portable Gamer MSI Thin 15 B13UCX i5 13è Gén 16G RTX 2050,MSI,16.0,512.0,5.0,Windows 11 Pro,,,15.6,Intel,,,,,,,,,
pc_bureau,https://www.mytek.tn/pc-de-bureau-gamer-mytek-i7-14e-gen-32g-rtx5060-ti-16g.html,6699.0,Pc de Bureau Gamer MYTEK i7 14è Gén 32G RTX5060 Ti 16G,MYTEK,32.0,1024.0,7.0,FreeDos,0.0,1.0,,,,,,,,,,,
pc_bureau,https://www.mytek.tn/pc-de-bureau-gamer-mytek-amd-ryzen-5-32go-rtx-3050-6g.html,2399.0,Pc de Bureau Gamer MYTEK AMD RYZEN 5 32Go RTX 3050 6G,MSI,32.0,500.0,0.0,FreeDos,0.0,0.0,,,,,,,,,,,
pc_portables,https://www.mytek.tn/pc-portable-lenovo-ideapad-slim-3-15iru8-i3-13e-gen-8g-512g-ssd-gris.html,1519.0,PC Portable LENOVO IdeaPad Slim 3 15IRU8 i3 13è Gén 8G 512G SSD - Gris,LENOVO,8.0,512.0,3.0,FreeDos,,,15.6,Intel,,,,,,,,,
smartphones,https://www.mytek.tn/smartphone-vivo-y31d-4g-8go-256go-7200mah-gris.html,1069.0,Smartphone VIVO Y31D 4G 8Go 256Go 7200mAh - Gris,VIVO,8.0,256.0,,Android,0.0,1.0,6.75,Qualcomm,1.0,0.0,1.0,,,,,,
pc_portables,https://www.mytek.tn/pc-portable-hp-probook-450-g10-i5-13e-gen-24g-512g-ssd-silver.html,2749.0,Pc Portable HP ProBook 450 G10 i5 13è Gén 24G 512G SSD - Silver,HP,24.0,512.0,5.0,FreeDos,,,15.6,Intel,,,,,,,,,
smartphones,https://www.mytek.tn/smartphone-tecno-spark-30-5g-4-go-128-go-aurora-cloud.html,559.0,Smartphone TECNO Spark 30 5G 4 Go 128 Go - Aurora Cloud,TECNO,4.0,128.0,,Android,1.0,1.0,6.67,MediaTek,1.0,0.0,1.0,,,,,,
pc_portables,https://www.mytek.tn/pc-portable-gamer-asus-v16-v3607vj-intel-core-7-240h-32go-rtx-3050.html,3969.0,PC Portable Gamer ASUS V16 V3607VJ Intel Core 7 240H 32Go RTX 3050,ASUS,32.0,512.0,7.0,FreeDos,,,16.0,Intel,,,,,,,,,
pc_portables,https://www.mytek.tn/pc-portable-gamer-lenovo-loq-15irx10-i7-13e-gen-16g-rtx5050.html,3999.0,PC Portable Gamer LENOVO LOQ 15IRX10 i7 13è Gén 16G RTX5050,LENOVO,16.0,512.0,7.0,FreeDos,,,15.6,Intel,,,,,,,,,
smartphones,https://www.mytek.tn/smartphone-xiaomi-redmi-15c-8go-256go-bleu-moonlight.html,679.0,Smartphone XIAOMI Redmi 15C 8Go 256Go - Bleu Moonlight,XIAOMI,8.0,256.0,,Android,0.0,1.0,6.9,MediaTek,1.0,0.0,1.0,,,,,,
pc_portables,https://www.mytek.tn/pc-portable-asus-vivobook-15-x1502va-i5-13e-gen-12g-512go-ssd-silver.html,1925.0,PC Portable ASUS Vivobook 15 X1502VA i5 13è Gen 12G 512Go SSD - Silver,ASUS,12.0,512.0,5.0,Windows 11 Famille,,,15.6,Intel,,,,,,,,,
smartphones,https://www.mytek.tn/smartphone-infinix-smart-20-4go-64go-polaris-titanium.html,399.0,Smartphone INFINIX Smart 20 8Go 64Go - POLARIS TITANIUM,INFINIX,4.0,64.0,,Android,0.0,0.0,6.78,MediaTek,1.0,0.0,1.0,,,,,,
televiseurs,https://www.mytek.tn/tv-telefunken-42-w3-full-hd.html,649.0,TV TELEFUNKEN 42'' W3 Full HD,TELEFUNKEN,,,,Autre,,0.0,42.0,,0.0,0.0,0.0,Full HD,QLED,False,False,60.0,0.0
pc_portables,https://www.mytek.tn/pc-portable-gamer-asus-tuf-gaming-f16-intel-core-5-210h-8go-rtx-4050.html,3599.0,PC Portable Gamer ASUS TUF Gaming F16 Intel Core 5 210H 8Go RTX 4050,ASUS,8.0,512.0,5.0,Windows 11 Famille,,,16.0,Intel,,,,,,,,,
pc_portables,https://www.mytek.tn/pc-portable-gamer-msi-cyborg-15-b2rw-intel-core-5-210h-16go-rtx-5060.html,4219.0,PC Portable Gamer MSI Cyborg 15 B2RW Intel Core 5 210H 16Go RTX 5060,MSI,16.0,512.0,5.0,FreeDos,,,15.6,Intel,,,,,,,,,
pc_portables,https://www.mytek.tn/pc-portable-lenovo-v15-g2-ijl-intel-celeron-n4500-16go-256go-ssd-noir.html,1319.0,PC Portable LENOVO V15 G2 IJL Intel Celeron N4500 16Go 256Go SSD - Noir,LENOVO,16.0,256.0,0.0,FreeDos,,,15.6,Intel,,,,,,,,,
pc_portables,https://www.mytek.tn/pc-portable-gamer-lenovo-loq-15irx9-i5-13e-gen-16go-rtx-3050.html,3229.0,PC Portable Gamer LENOVO LOQ 15IRX9 i5 13è Gén 16Go RTX 3050,LENOVO,16.0,512.0,5.0,FreeDos,,,15.6,Intel,,,,,,,,,
pc_portables,https://www.mytek.tn/pc-portable-gamer-asus-tuf-gaming-f16-i7-13e-gen-24go-rtx-4050.html,4299.0,PC Portable Gamer ASUS TUF Gaming F16 i7 13è Gén 24Go RTX 4050,ASUS,24.0,512.0,7.0,Windows 11 Famille,,,16.0,Intel,,,,,,,,,
smartphones,https://www.mytek.tn/smartphone-vivo-y21d-6go-256go-rouge-corail.html,529.0,Smartphone VIVO Y21D 6Go 256Go - Rouge Corail,VIVO,6.0,256.0,,Android,0.0,1.0,6.68,Autre,1.0,0.0,1.0,,,,,,
pc_portables,https://www.mytek.tn/pc-portable-gamer-asus-tuf-gaming-f16-i5-13e-gen-16go-rtx-5060.html,4399.0,PC Portable Gamer ASUS TUF Gaming F16 i5 13è Gén 16Go RTX 5060,ASUS,16.0,512.0,5.0,Windows 11 Famille,,,16.0,Intel,,,,,,,,,
pc_bureau,https://www.mytek.tn/pc-de-bureau-gamer-mytek-i7-12e-gen-32go-zotac-rtx-5070-12go.html,5539.0,Pc de Bureau Gamer MYTEK i7 12è Gén 32Go ZOTAC RTX 5070 12Go,MYTEK,32.0,1024.0,7.0,FreeDos,1.0,1.0,,,,,,,,,,,
telephones_portables,https://www.mytek.tn/telephone-portable-philips-fun101-2-1500-mah-noir.html,56.9,"Téléphone portable PHILIPS FUN101 2"" 1500 mAh - Noir",PHILIPS,0.00390625,32.0,,Autres,,,2.0,,,,0.0,,,,,,
pc_bureau,https://www.mytek.tn/pc-de-bureau-dell-pro-tower-qct1250-i3-14e-gen-16g-512go-ssd-noir.html,2109.0,PC de Bureau DELL Pro Tower QCT1250 i3 14è Gén 16G 512Go SSD - Noir,DELL,16.0,512.0,3.0,FreeDos,0.0,0.0,,,,,,,,,,,
televiseurs,https://www.mytek.tn/tv-hisense-75-smart-serie-a6n-4k-ultra-hd-noir.html,4069.0,"TV HISENSE 75"" Smart Série A6N 4K ULTRA HD - Noir",HISENSE,,,,VIDAA,,1.0,75.0,,0.0,0.0,1.0,4K,QLED,True,True,50.0,1.0
smartphones,https://www.mytek.tn/smartphone-infinix-smart-20-4go-128go-shadow-black.html,429.0,Smartphone INFINIX Smart 20 8Go 128Go - Shadow BLACK,INFINIX,4.0,128.0,,Android,0.0,0.0,6.78,MediaTek,1.0,0.0,1.0,,,,,,
televiseurs,https://www.mytek.tn/tv-iris-32-smart-hd-32c3030.html,499.0,Téléviseur IRIS 32C3030 32 Pouces Smart HD - Noir,IRIS,,,,Google TV,,1.0,32.0,,0.0,0.0,1.0,Full HD,LED,True,True,60.0,1.0
televiseurs,https://www.mytek.tn/tv-maxwell-40-m20-qled-full-hd-recepteur-integre.html,599.0,Tv MAXWELL 40'' M20 Qled Full HD + Récepteur Intégré,MAXWELL,,,,Autre,,0.0,40.0,,0.0,0.0,0.0,Full HD,QLED,False,False,60.0,0.0
pc_portables,https://www.mytek.tn/pc-portable-hp-15-fd1079nk-ultra-5-125h-16g-512go-ssd-noir.html,2249.0,PC Portable HP 15-fd1079nk Ultra 5 125H 16G 512Go SSD - Noir,HP,16.0,512.0,0.0,Windows 11 Pro,,,15.6,Intel,,,,,,,,,
pc_portables,https://www.mytek.tn/pc-portable-gamer-msi-thin-15-b13udx-i5-13e-gen-24g-rtx3050.html,2849.0,PC Portable Gamer MSI Thin 15 B13UDX i5 13è Gén 24G RTX3050,MSI,24.0,512.0,5.0,FreeDos,,,15.6,Intel,,,,,,,,,
pc_portables,https://www.mytek.tn/pc-portable-lenovo-ideapad-slim-3-15irh10-i7-13e-gen-16go-512g-ssd-gris.html,2399.0,PC Portable LENOVO IdeaPad Slim 3 15IRH10 i7 13è Gén 16Go 512G SSD - Gris,LENOVO,16.0,512.0,7.0,FreeDos,,,15.3,Intel,,,,,,,,,
smartphones,https://www.mytek.tn/smartphone-honor-x6c-12go-256go-4g-blanc.html,599.0,Smartphone HONOR X6C 12Go 256Go 4G - Blanc,HONOR,6.0,256.0,,Android,0.0,1.0,6.61,MediaTek,1.0,0.0,1.0,,,,,,
smartphones,https://www.mytek.tn/smartphone-samsung-galaxy-a57-5g-8go-128go-navy.html,2099.0,Smartphone Samsung Galaxy A57 5G 16Go 128Go - Navy,SAMSUNG,16.0,128.0,,Android,1.0,0.0,6.7,Samsung Exynos,0.0,1.0,1.0,,,,,,
televiseurs,https://www.mytek.tn/tv-vega-50-smart-qled-uhd-4k-avec-recepteur-integre-noir.html,1199.0,"Tv VEGA 50"" Smart Qled UHD 4K Avec Récepteur Intégré - Noir",VEGA,,,,Android TV,,1.0,50.0,,0.0,0.0,1.0,4K,QLED,True,True,84.8,1.0
pc_portables,https://www.mytek.tn/pc-portable-hp-15-fd1073nk-intel-core-7-150u-16g-512go-ssd-silver.html,2345.0,PC Portable HP 15-fd1073nk Intel Core 7 150U 16G 512Go SSD - Silver,HP,16.0,512.0,7.0,Windows 11 Pro,,,15.6,Intel,,,,,,,,,
pc_portables,https://www.mytek.tn/pc-portable-gamer-lenovo-loq-15irx10-i7-14e-gen-32go-rtx-5050.html,5039.0,PC Portable Gamer LENOVO LOQ 15IRX10 i7 14è Gén 32Go RTX 5050,LENOVO,32.0,512.0,7.0,FreeDos,,,15.6,Intel,,,,,,,,,
telephones_portables,https://www.mytek.tn/telephone-portable-evertek-e3224-bleu-fonce.html,49.0,Téléphone Portable EVERTEK E3224 - Bleu foncé,EVERTEK,0.0234375,32.0,,Autres,,,2.4,,,,1.0,,,,,,
pc_portables,https://www.mytek.tn/pc-portable-gamer-lenovo-loq-15irx9-i7-13eme-gen-24g-rtx-4050.html,4259.0,PC Portable Gamer LENOVO LOQ 15IRX9 i7 13ème Gén 24G RTX 4050,LENOVO,24.0,512.0,7.0,Windows 11 Pro,,,15.6,Intel,,,,,,,,,
pc_portables,https://www.mytek.tn/pc-portable-hp-probook-4-g1ir-intel-core-7-150u-16g-512g-ssd.html,3725.0,Pc Portable HP ProBook 4 G1iR Intel Core 7 150U 16G 512G SSD,HP,16.0,512.0,7.0,Windows 11 Pro,,,16.0,Intel,,,,,,,,,
pc_portables,https://www.mytek.tn/pc-portable-dell-vostro-3530-i5-13e-gen-16g-512go-ssd-noir.html,1929.0,Pc Portable DELL Vostro 3530 i5 13è Gén 16G 512Go SSD - Noir,DELL,16.0,512.0,5.0,FreeDos,,,15.6,Intel,,,,,,,,,
pc_bureau,https://www.mytek.tn/pc-de-bureau-gamer-mytek-i7-14e-gen-32g-rtx5070-12g.html,7169.0,Pc de Bureau Gamer MYTEK i7 14è Gén 32G RTX5070 12G,MSI,32.0,1024.0,7.0,FreeDos,0.0,1.0,,,,,,,,,,,
pc_portables,https://www.mytek.tn/pc-portable-gamer-hp-victus-15-fb3008nk-amd-ryzen-5-16go-rtx-2050.html,2749.0,PC Portable Gamer HP Victus 15-fb3008nk AMD RYZEN 5 16Go RTX 2050,HP,16.0,512.0,0.0,Windows 11 Famille,,,15.6,AMD,,,,,,,,,
smartphones,https://www.mytek.tn/smartphone-vivo-y21d-6go-128go-rouge-corail.html,479.0,Smartphone VIVO Y21D 6Go 128Go - Rouge corail,VIVO,6.0,128.0,,Android,0.0,1.0,6.68,Autre,1.0,0.0,1.0,,,,,,
pc_portables,https://www.mytek.tn/pc-portable-dell-15-i7-13e-gen-32g-512go-ssd-noir.html,3005.0,PC Portable DELL 15 i7 13è Gén 32G 512Go SSD - Noir,DELL,32.0,512.0,7.0,Windows 11 Pro,,,15.6,Intel,,,,,,,,,
pc_bureau,https://www.mytek.tn/pc-de-bureau-gamer-mytek-i5-14e-gen-32g-rtx-5060-8go.html,3699.0,Pc de Bureau Gamer MYTEK i5 14è Gén 32G RTX 5060 8Go,MYTEK,32.0,1024.0,5.0,FreeDos,0.0,0.0,,,,,,,,,,,
televiseurs,https://www.mytek.tn/tv-samsung-55-qled-q7f-4k-vision-ai-smart-tv-2025.html,2119.0,TV SAMSUNG 55'' QLED Q7F 4K Vision AI Smart TV,SAMSUNG,,,,Tizen,,1.0,55.0,,0.0,0.0,1.0,4K,QLED,True,True,104.8,0.0
pc_portables,https://www.mytek.tn/pc-portable-gamer-asus-tuf-gaming-f16-intel-core-5-210h-8g-rtx-3050.html,3299.0,PC Portable Gamer ASUS TUF Gaming F16 Intel Core 5 210H 8G RTX 3050,ASUS,8.0,512.0,5.0,FreeDos,,,16.0,Intel,,,,,,,,,
pc_bureau,https://www.mytek.tn/pc-de-bureau-gamer-mytek-i5-12e-gen-16g-rtx-5060-8g-1to-ssd.html,3199.0,Pc de Bureau Gamer MYTEK i5 12è Gén 16G RTX 5060 8G 1To SSD,MSI,16.0,1024.0,5.0,FreeDos,0.0,0.0,,,,,,,,,,,
smartphones,https://www.mytek.tn/smartphone-samsung-galaxy-a26-5g-8go-256go-noir.html,1269.0,Smartphone SAMSUNG Galaxy A26 5G 16Go 256Go - Noir,SAMSUNG,16.0,256.0,,Android,1.0,1.0,6.7,Autre,0.0,0.0,1.0,,,,,,
pc_portables,https://www.mytek.tn/pc-portable-hp-probook-4-g1ir-intel-core-7-150u-16g-512go-ssd.html,3675.0,Pc Portable HP ProBook 4 G1iR Intel Core 7 150U 16G 512Go SSD,HP,16.0,512.0,7.0,FreeDos,,,16.0,Intel,,,,,,,,,
telephones_portables,https://www.mytek.tn/telephone-portable-ami-c14-fashion-1-couleur-vert.html,39.9,Téléphone Portable AMI C14 FASHION 1- Couleur Vert,AMI,12.8046875,32.0,,Autres,,,1.8,,,,1.0,,,,,,
pc_portables,https://www.mytek.tn/pc-portable-hp-15-fd1077nk-ultra-5-125h-16go-512go-ssd-silver-or-chaud.html,2199.0,PC Portable HP 15-fd1077nk Ultra 5 125H 16Go 512Go SSD - Silver & Or Chaud,HP,16.0,512.0,0.0,FreeDos,,,15.6,Intel,,,,,,,,,
pc_portables,https://www.mytek.tn/pc-portable-asus-vivobook-15-x1502va-i5-13e-gen-12g-512g-ssd-bleu.html,1925.0,PC Portable ASUS Vivobook 15 X1502VA i5 13è Gen 12G 512G SSD - Bleu,ASUS,12.0,512.0,5.0,Windows 11 Famille,,,15.6,Intel,,,,,,,,,
smartphones,https://www.mytek.tn/smartphone-vivo-y31-5g-16go-256go-noir.html,1169.0,Smartphone VIVO Y31 5G 16Go 256Go - Noir,VIVO,16.0,256.0,,Android,1.0,1.0,6.68,Qualcomm,0.0,0.0,1.0,,,,,,
smartphones,https://www.mytek.tn/smartphone-xiaomi-redmi-note-14-8go-256go-ocean-blue.html,729.0,Smartphone Xiaomi Redmi Note 14 4G 8Go 256Go - ocean blue,XIAOMI,8.0,256.0,,Android,0.0,0.0,6.67,Autre,1.0,0.0,0.0,,,,,,
pc_bureau,https://www.mytek.tn/pc-de-bureau-dell-pro-tower-plus-qbt1250-ultra-7-265-32go-512go-ssd-noir.html,4059.0,PC de Bureau DELL Pro Tower Plus QBT1250 Ultra 7 265 32Go 512Go SSD - Noir,DELL,32.0,512.0,0.0,FreeDos,0.0,0.0,,,,,,,,,,,
pc_bureau,https://www.mytek.tn/pc-de-bureau-dell-tower-ect1250-i5-14e-gen-32go-512go-ssd-noir.html,3119.0,PC de Bureau DELL Tower ECT1250 i5 14è Gén 32Go 512Go SSD - Noir,DELL,32.0,512.0,5.0,FreeDos,0.0,1.0,,,,,,,,,,,
pc_portables,https://www.mytek.tn/pc-portable-asus-vivobook-15-x1502va-i9-13e-gen-8g-512go-ssd-silver.html,2199.0,PC Portable ASUS Vivobook 15 X1502VA i9 13è Gén 8G 512Go SSD - Silver,ASUS,8.0,512.0,9.0,Windows 11 Famille,,,15.6,Intel,,,,,,,,,
pc_portables,https://www.mytek.tn/pc-portable-asus-vivobook-15-m1502ya-amd-ryzen7-16go-512g-ssd-silver.html,1929.0,PC Portable ASUS Vivobook 15 M1502YA AMD RYZEN7 16Go 512G SSD - Silver,ASUS,16.0,512.0,0.0,Windows 11 Famille,,,15.6,AMD,,,,,,,,,
smartphones,https://www.mytek.tn/smartphone-samsung-galaxy-a57-5g-8go-256go-gris.html,2299.0,Smartphone Samsung Galaxy A57 5G 16Go 256Go - Gris,SAMSUNG,16.0,256.0,,Android,1.0,0.0,6.7,Samsung Exynos,0.0,1.0,1.0,,,,,,
pc_portables,https://www.mytek.tn/pc-portable-hp-15-fd1073nk-intel-core-7-150u-16go-512go-ssd-silver.html,2295.0,PC Portable HP 15-fd1073nk Intel Core 7 150U 16Go 512Go SSD - Silver,HP,16.0,512.0,7.0,FreeDos,,,15.6,Intel,,,,,,,,,
telephones_portables,https://www.mytek.tn/telephone-portable-evertek-e3218-noir.html,38.0,Téléphone Portable EVERTEK E3218 - Noir,EVERTEK,0.03125,32.0,,Autres,,,1.77,,,,1.0,,,,,,
pc_portables,https://www.mytek.tn/pc-portable-lenovo-ideapad-slim-3-15irh10-i7-13e-gen-16go-512go-ssd.html,2429.0,PC Portable LENOVO IdeaPad Slim 3 15IRH10 i7 13è Gén 16Go 512Go SSD,LENOVO,16.0,512.0,7.0,Windows 11 Pro,,,15.3,Intel,,,,,,,,,
pc_bureau,https://www.mytek.tn/pc-de-bureau-asus-expertcenter-p500mv-i5-13e-gen-8g-512g-ssd-gris.html,1689.0,Pc de Bureau ASUS ExpertCenter P500MV i5 13è Gén 8G 512G SSD - Gris,ASUS,8.0,512.0,5.0,FreeDos,0.0,1.0,,,,,,,,,,,
pc_portables,https://www.mytek.tn/pc-portable-gamer-msi-cyborg-15-a13u-i7-13e-gen-32go-rtx-3050.html,4149.0,PC Portable Gamer MSI CYBORG 15 A13U i7 13è Gén 32Go RTX 3050,MSI,32.0,512.0,7.0,FreeDos,,,15.6,Intel,,,,,,,,,
pc_portables,https://www.mytek.tn/pc-portable-asus-vivobook-15-m1502ya-amd-ryzen7-24go-512g-ssd-bleu.html,2159.0,PC Portable ASUS Vivobook 15 M1502YA AMD RYZEN7 24Go 512G SSD - Bleu,ASUS,24.0,512.0,0.0,Windows 11 Famille,,,15.6,AMD,,,,,,,,,
pc_bureau,https://www.mytek.tn/pc-de-bureau-hp-pro-tower-290-g9-i5-14e-gen-8go-512go-ssd-noir.html,2299.0,Pc De Bureau HP Pro Tower 290 G9 I5 14è Gén 8Go 512Go SSD - Noir,HP,8.0,512.0,5.0,FreeDos,0.0,1.0,,,,,,,,,,,
pc_bureau,https://www.mytek.tn/pc-de-bureau-gamer-mytek-i5-14e-gen-32go-rtx-5060-ti-8g.html,3889.0,Pc de Bureau Gamer MYTEK i5 14è Gén 32Go RTX 5060 Ti 8G,MSI,32.0,1024.0,5.0,FreeDos,0.0,0.0,,,,,,,,,,,
pc_portables,https://www.mytek.tn/pc-portable-dell-pro-16-ultra-7-255u-8go-512go-ssd-silver.html,2989.0,PC Portable DELL Pro 16 Ultra 7 255U 8Go 512Go SSD - Silver,DELL,8.0,512.0,0.0,FreeDos,,,16.0,Intel,,,,,,,,,
pc_portables,https://www.mytek.tn/pc-portable-gamer-msi-thin-15-b13ucx-i5-13e-gen-8go-rtx-2050.html,2229.0,PC Portable Gamer MSI Thin 15 B13UCX i5 13è Gén 8Go RTX 2050,MSI,8.0,512.0,5.0,FreeDos,,,15.6,Intel,,,,,,,,,
pc_bureau,https://www.mytek.tn/pc-de-bureau-gamer-mytek-i5-12e-gen-16g-rtx-5060ti-8go.html,3819.0,Pc de Bureau Gamer MYTEK i5 12è Gén 16G RTX 5060Ti 8Go,MSI,16.0,1024.0,5.0,FreeDos,0.0,0.0,,,,,,,,,,,
pc_portables,https://www.mytek.tn/pc-portable-lenovo-thinkpad-e16-gen-3-ultra-5-225u-8g-512go-ssd-noir.html,3199.0,PC Portable LENOVO ThinkPad E16 Gen 3 Ultra 5 225U 8G 512Go SSD - Noir,LENOVO,8.0,512.0,0.0,FreeDos,,,16.0,Intel,,,,,,,,,
pc_portables,https://www.mytek.tn/pc-portable-hp-15-fd1108nk-intel-core-5-120u-32go-512go-ssd-silver.html,2589.0,PC Portable HP 15-fd1108nk Intel Core 5 120U 32Go 512Go SSD - Silver,HP,32.0,512.0,5.0,FreeDos,,,15.6,Intel,,,,,,,,,
televiseurs,https://www.mytek.tn/tv-telefunken-32-smart-google-tv-e3f-hd-recepteur-integre.html,559.0,TV TELEFUNKEN 32'' Smart Google TV E3F HD + Récepteur Intégré,TELEFUNKEN,,,,Google TV,,1.0,32.0,,1.0,0.0,1.0,Full HD,LED,False,True,60.0,1.0
pc_portables,https://www.mytek.tn/pc-portable-lenovo-thinkbook-16-g8-ial-ultra-5-225u-16g-512g-ssd-gris.html,3049.0,PC Portable LENOVO ThinkBook 16 G8 IAL Ultra 5 225U 16G 512G SSD - Gris,LENOVO,16.0,512.0,0.0,FreeDos,,,16.0,Intel,,,,,,,,,
pc_bureau,https://www.mytek.tn/pc-de-bureau-dell-tower-ect1250-i5-14e-gen-8go-512go-ssd-noir.html,1855.0,PC de Bureau DELL Tower ECT1250 i5 14è Gén 8Go 512Go SSD - Noir,DELL,8.0,512.0,5.0,FreeDos,0.0,1.0,,,,,,,,,,,
smartphones,https://www.mytek.tn/smartphone-samsung-galaxy-a26-5g-6go-128go-rose.html,1069.0,Smartphone SAMSUNG Galaxy A26 5G 12Go 128Go - Rose,SAMSUNG,12.0,128.0,,Android,1.0,1.0,6.7,Autre,0.0,0.0,1.0,,,,,,
pc_portables,https://www.mytek.tn/pc-portable-gamer-asus-tuf-gaming-f16-intel-core-5-210h-8go-rtx-3050.html,3529.0,PC Portable Gamer ASUS TUF Gaming F16 Intel Core 5 210H 8Go RTX 3050,ASUS,8.0,512.0,5.0,Windows 11 Famille,,,16.0,Intel,,,,,,,,,
pc_bureau,https://www.mytek.tn/pc-de-bureau-all-in-one-hp-ai-24-cr2020nk-ultra-7-255u-16go-1to-ssd-noir.html,4259.0,PC de Bureau All In One HP AI 24-cr2020nk Ultra 7 255U 16Go 1To SSD - Noir,HP,16.0,1024.0,0.0,FreeDos,0.0,1.0,,,,,,,,,,,
pc_portables,https://www.mytek.tn/pc-portable-asus-vivobook-15-x1502va-i7-13e-gen-8g-512go-ssd-silver.html,2399.0,PC Portable ASUS Vivobook 15 X1502VA i7 13è Gén 8G 512Go SSD - Silver,ASUS,8.0,512.0,7.0,Windows 11 Famille,,,15.6,Intel,,,,,,,,,
pc_portables,https://www.mytek.tn/pc-portable-dell-pro-15-essential-i5-13e-gen-8g-512go-ssd-noir.html,1799.0,PC Portable DELL Pro 15 Essential i5 13è Gén 8G 512Go SSD - Noir,DELL,8.0,512.0,5.0,Windows 11 Pro,,,15.6,Intel,,,,,,,,,
pc_portables,https://www.mytek.tn/pc-portable-gamer-lenovo-loq-15irx9-i7-13eme-gen-16g-rtx-4050.html,3849.0,PC Portable Gamer LENOVO LOQ 15IRX9 i7 13ème Gén 16G RTX 4050,LENOVO,16.0,512.0,7.0,Windows 11 Pro,,,15.6,Intel,,,,,,,,,
pc_portables,https://www.mytek.tn/pc-portable-lenovo-ideapad-slim-3-15irh10-i5-13e-gen-8g-512go-ssd-gris.html,1789.0,PC Portable LENOVO IdeaPad Slim 3 15IRH10 i5 13è Gén 8G 512Go SSD - Gris,LENOVO,8.0,512.0,5.0,FreeDos,,,15.3,Intel,,,,,,,,,
pc_portables,https://www.mytek.tn/pc-portable-gamer-asus-tuf-gaming-a15-amd-ryzen-7-16go-rtx3050.html,3499.0,PC Portable Gamer ASUS TUF Gaming A15 AMD RYZEN 7 16Go RTX3050,ASUS,16.0,512.0,0.0,Windows 11 Famille,,,15.6,AMD,,,,,,,,,
pc_portables,https://www.mytek.tn/pc-portable-lenovo-ideapad-slim-3-15amn8-amd-ryzen-5-16g-512g-ssd-gris.html,1899.0,PC Portable LENOVO IdeaPad Slim 3 15AMN8 AMD RYZEN 5 16G 512G SSD - Gris,LENOVO,16.0,512.0,0.0,FreeDos,,,15.6,AMD,,,,,,,,,
pc_portables,https://www.mytek.tn/pc-portable-gamer-gigabyte-aero-x16-2wh-amd-ryzen-ai-9-hx-370-32g-rtx-5070.html,7059.0,PC Portable Gamer GIGABYTE AERO X16 2WH AMD Ryzen AI 9 HX 370 32G RTX 5070,GIGABYTE,32.0,2048.0,0.0,Windows 11 Famille,,,16.0,AMD,,,,,,,,,
pc_portables,https://www.mytek.tn/pc-portable-dell-pro-14-plus-ultra-7-255u-8g-512go-ssd.html,3639.0,PC Portable DELL Pro 14 Plus Ultra 7 255U 8G 512Go SSD,DELL,8.0,512.0,0.0,Windows 11 Pro,,,14.0,Intel,,,,,,,,,
pc_portables,https://www.mytek.tn/pc-portable-gamer-msi-thin-15-b13udx-i5-13e-gen-8g-rtx3050.html,2439.0,PC Portable Gamer MSI Thin 15 B13UDX i5 13è Gén 8G RTX3050,MSI,8.0,512.0,5.0,FreeDos,,,15.6,Intel,,,,,,,,,
pc_portables,https://www.mytek.tn/pc-portable-dell-16-intel-core-5-120u-24go-512go-ssd-noir.html,2659.0,PC Portable DELL 16 Intel Core 5 120U 24Go 512Go SSD - Noir,DELL,24.0,512.0,5.0,FreeDos,,,16.0,Intel,,,,,,,,,
smartphones,https://www.mytek.tn/smartphone-honor-600-5g-256go-12go-orange.html,1999.0,Smartphone HONOR 600 5G 256Go 12Go - Orange,HONOR,12.0,256.0,,Android,1.0,1.0,6.57,Qualcomm,0.0,0.0,1.0,,,,,,
pc_portables,https://www.mytek.tn/pc-portable-dell-14-plus-2-en-1-ultra-5-226v-16go-512go-ssd-bleu.html,4099.0,PC Portable DELL 14 Plus 2-en-1 Ultra 5 226V 16Go 512Go SSD - Bleu,DELL,16.0,512.0,0.0,Windows 11 Famille,,,14.0,Intel,,,,,,,,,
pc_portables,https://www.mytek.tn/pc-portable-hp-probook-460-g11-ultra-5-125u-16go-512go-ssd-silver.html,2985.0,Pc Portable HP ProBook 460 G11 Ultra 5 125U 16Go 512Go SSD - Silver,HP,16.0,512.0,0.0,FreeDos,,,16.0,Intel,,,,,,,,,
pc_portables,https://www.mytek.tn/pc-portable-asus-vivobook-15-x1504va-i3-13eme-gen-8go-512go-ssd-bleu.html,1499.0,PC Portable ASUS Vivobook 15 X1504VA i3 13ème Gén 8Go 512Go SSD - Bleu,ASUS,8.0,512.0,3.0,Windows 11 Famille,,,15.6,Intel,,,,,,,,,
pc_portables,https://www.mytek.tn/pc-portable-gamer-asus-tuf-gaming-f16-intel-core-5-210h-16go-rtx-4050.html,4009.0,PC Portable Gamer ASUS TUF Gaming F16 Intel Core 5 210H 16Go RTX 4050,ASUS,16.0,512.0,5.0,Windows 11 Famille,,,16.0,Intel,,,,,,,,,
smartphones,https://www.mytek.tn/smartphone-xiaomi-redmi-note-14-pro-plus-5g-8go-256go-bleu-givre.html,1699.0,Smartphone Xiaomi Redmi Note 14 Pro Plus 5G 8Go 256Go Frost Blue,XIAOMI,8.0,256.0,,Android,1.0,0.0,6.67,Qualcomm,0.0,0.0,0.0,,,,,,
pc_portables,https://www.mytek.tn/pc-portable-hp-ai-15-fd2000nk-ultra-7-255u-16go-1to-ssd-silver.html,4119.0,PC Portable HP AI 15-fd2000nk Ultra 7 255U 16Go 1To SSD - Silver,HP,16.0,1024.0,0.0,Windows 11 Famille,,,15.6,Intel,,,,,,,,,
pc_bureau,https://www.mytek.tn/pc-de-bureau-all-in-one-lenovo-thinkcentre-neo-50a-24-gen5-i3-13e-gen-8g-512g-ssd.html,2465.0,PC de Bureau ALL IN ONE LENOVO ThinkCentre neo 50a 24 Gen5 i3 13è Gén 8G 512G SSD,LENOVO,8.0,512.0,3.0,FreeDos,0.0,1.0,,,,,,,,,,,
smartphones,https://www.mytek.tn/smartphone-samsung-galaxy-s26-ultra-5g-12go-256go-blanc.html,5999.0,Smartphone SAMSUNG GALAXY S26 Ultra 5G 12Go 256Go - Blanc,SAMSUNG,12.0,256.0,,Android,1.0,1.0,6.9,Qualcomm,1.0,0.0,1.0,,,,,,
pc_portables,https://www.mytek.tn/pc-portable-gamer-lenovo-legion-pro-7-16irx9h-i9-14e-gen-32go-rtx-4090-83de005ufg.html,11999.0,PC Portable Gamer LENOVO Légion Pro 7 16IRX9H i9 14è Gén 32Go RTX 4090(83DE005UFG),LENOVO,32.0,1024.0,9.0,Windows 11 Famille,,,16.0,Intel,,,,,,,,,
smartphones,https://www.mytek.tn/smartphone-xiaomi-redmi-note-15-pro-8go-256go-5g-noir.html,1849.0,Smartphone Xiaomi Redmi Note 15 Pro+ 8Go 256Go 5G - Noir,XIAOMI,8.0,256.0,,Android,1.0,1.0,6.83,Qualcomm,0.0,1.0,1.0,,,,,,
pc_portables,https://www.mytek.tn/pc-portable-lenovo-ideapad-slim-3-15amn8-amd-ryzen-3-8g-256g-ssd-gris.html,1559.0,PC Portable LENOVO IdeaPad Slim 3 15AMN8 AMD RYZEN 3 8G 256G SSD - Gris,LENOVO,8.0,256.0,0.0,Windows 11 Famille,,,15.6,AMD,,,,,,,,,
telephones_portables,https://www.mytek.tn/telephone-portable-ami-f35-strong-2-noir-gris.html,79.9,Téléphone Portable AMI F35 Strong 2 - Noir Gris,AMI,0.02421875,32.0,,Autres,,,2.4,,,,1.0,,,,,,
smartphones,https://www.mytek.tn/smartphone-oscal-tiger-12-8go-128go-bleu.html,499.0,Smartphone OSCAL Tiger 12 16Go 128Go - Bleu,OSCAL,8.0,1024.0,,Android,0.0,1.0,6.78,MediaTek,1.0,0.0,1.0,,,,,,
pc_bureau,https://www.mytek.tn/pc-de-bureau-all-in-one-lenovo-a100-intel-n100-8g-256go-ssd-gris.html,1469.0,PC de Bureau ALL IN ONE LENOVO A100 Intel N100 8G 256Go SSD - Gris,LENOVO,8.0,256.0,0.0,FreeDos,0.0,1.0,,,,,,,,,,,
smartphones,https://www.mytek.tn/smartphone-samsung-galaxy-s26-ultra-5g-12go-512go-violet-de-cobalt.html,6999.0,Smartphone SAMSUNG GALAXY S26 Ultra 5G 12Go 512Go -Violet de Cobalt,SAMSUNG,12.0,512.0,,Android,1.0,1.0,6.9,Qualcomm,0.0,0.0,1.0,,,,,,
pc_portables,https://www.mytek.tn/pc-portable-gamer-hp-victus-15-fb3007nk-amd-ryzen-7-16g-rtx-3050.html,3189.0,PC Portable Gamer HP Victus 15-fb3007nk AMD RYZEN 7 16G RTX 3050,HP,16.0,512.0,0.0,Windows 11 Famille,,,15.6,AMD,,,,,,,,,
smartphones,https://www.mytek.tn/smartphone-lesia-young-1-2go-16go-violet.html,169.9,Smartphone LESIA YOUNG 1 2Go 16Go - Violet,LESIA,2.0,16.0,,Android,0.0,0.0,5.5,Autre,0.0,0.0,0.0,,,,,,
pc_bureau,https://www.mytek.tn/pc-de-bureau-asus-expertcenter-p500mv-i5-13e-gen-16go-512go-ssd-gris.html,2129.0,Pc de Bureau ASUS ExpertCenter P500MV i5 13è Gén 16Go 512Go SSD - Gris,ASUS,16.0,512.0,5.0,FreeDos,0.0,1.0,,,,,,,,,,,
smartphones,https://www.mytek.tn/smartphone-samsung-galaxy-a55-5g-16go-256go-awesome-navy.html,1599.0,Smartphone SAMSUNG GALAXY A55 5G 16Go 256Go - Awesome Navy,SAMSUNG,16.0,256.0,,Android,1.0,1.0,6.6,Samsung Exynos,0.0,0.0,1.0,,,,,,
smartphones,https://www.mytek.tn/smartphone-vivo-y04-4go-64go-vert-jade.html,379.0,Smartphone VIVO Y04 8Go 64Go - Vert jade,VIVO,4.0,64.0,,Android,0.0,1.0,6.74,Autre,1.0,0.0,1.0,,,,,,
televiseurs,https://www.mytek.tn/tv-samsung-85-crystal-uhd-u8000f-4k-smart-tv.html,6649.0,TV SAMSUNG 85'' Crystal UHD U8000F 4K Smart TV,SAMSUNG,,,,Tizen,,1.0,85.0,,0.0,0.0,1.0,4K,QLED,True,True,88.8,1.0
pc_bureau,https://www.mytek.tn/mini-pc-de-bureau-bmax-b6-plus-i3-10e-gen-12go-512go-ssd-vert.html,829.0,Mini PC de Bureau BMAX B6 Plus i3 10è Gén 12Go 512Go SSD - Vert,BMAX,12.0,512.0,3.0,Windows 11,0.0,1.0,,,,,,,,,,,
smartphones,https://www.mytek.tn/smartphone-xiaomi-redmi-15c-8go-256go-5g-vert-menthe.html,839.0,Smartphone XIAOMI Redmi 15C 8Go 256Go 5G - Vert Menthe,XIAOMI,8.0,256.0,,Android,1.0,1.0,6.09,MediaTek,0.0,0.0,1.0,,,,,,
pc_portables,https://www.mytek.tn/pc-portable-gamer-asus-vivobook-16x-i5-13e-gen-16go-rtx-3050.html,2549.0,PC Portable Gamer ASUS Vivobook 16X i5 13è Gén 16Go RTX 3050,ASUS,16.0,512.0,5.0,Windows 11 Famille,,,16.0,Intel,,,,,,,,,
pc_portables,https://www.mytek.tn/pc-portable-hp-omnibook-x-flipngai-14-fm0019nk-ultra-7-256v-16g-512g-ssd-silver.html,4379.0,PC Portable HP OmniBook X FlipNGAI 14-fm0019nk Ultra 7 256V 16G 512G SSD - Silver,HP,16.0,512.0,0.0,Windows 11 Famille,,,14.0,Intel,,,,,,,,,
smartphones,https://www.mytek.tn/smartphone-infinix-note-60-edge-5g-16go-256go-shadow-black.html,1129.0,Smartphone Infinix Note 60 Edge 5G 16Go 256Go - Shadow BLACK,INFINIX,16.0,256.0,,Android,1.0,1.0,6.78,MediaTek,0.0,0.0,1.0,,,,,,
pc_bureau,https://www.mytek.tn/pc-de-bureau-gamer-mytek-i7-12e-gen-32g-rtx-5070-12-go.html,5299.0,Pc de Bureau Gamer MYTEK i7 12è Gén 32G RTX 5070 12 Go,MYTEK,32.0,1024.0,7.0,FreeDos,0.0,0.0,,,,,,,,,,,
smartphones,https://www.mytek.tn/smartphone-samsung-galaxy-a57-5g-8go-256go-lilas.html,2299.0,Smartphone Samsung Galaxy A57 5G 16Go 256Go - LiLas,SAMSUNG,16.0,256.0,,Android,1.0,0.0,6.7,Samsung Exynos,0.0,1.0,1.0,,,,,,
telephones_portables,https://www.mytek.tn/telephone-portable-maxfone-16-max-gold.html,79.9,Téléphone Portable Maxfone 16 Max - Gold,MAXFONE,0.03125,32.0,,Autres,,,2.4,,,,1.0,,,,,,
pc_portables,https://www.mytek.tn/pc-portable-gamer-lenovo-loq-17irx10-i7-13e-gen-16go-rtx-5050.html,4459.0,PC Portable Gamer LENOVO LOQ 17IRX10 i7 13è Gén 16Go RTX 5050,LENOVO,16.0,512.0,7.0,FreeDos,,,17.3,Intel,,,,,,,,,
smartphones,https://www.mytek.tn/smartphone-honor-x7d-5g-6go-128go-meteor-silver.html,639.0,Smartphone HONOR X7D 5G  6Go 128Go - Meteor Silver,HONOR,6.0,128.0,,Android,1.0,1.0,6.77,Qualcomm,0.0,0.0,1.0,,,,,,
pc_portables,https://www.mytek.tn/pc-portable-dell-15-intel-core-3-100u-8go-512go-ssd-silver.html,1499.0,PC Portable DELL 15 Intel Core 3 100U 8Go 512Go SSD - Noir,DELL,8.0,512.0,3.0,FreeDos,,,15.6,Intel,,,,,,,,,
pc_portables,https://www.mytek.tn/pc-portable-dell-pro-16-amd-ryzen-5-16go-512go-ssd-gris.html,2395.0,PC Portable DELL Pro 16 AMD RYZEN 5 16Go 512Go SSD - Gris,DELL,16.0,512.0,0.0,FreeDos,,,16.0,AMD,,,,,,,,,
pc_portables,https://www.mytek.tn/pc-portable-lenovo-ideapad1-15ijl7-intel-celeron-n4500-8g-256g-ssd-gris.html,1259.0,PC Portable LENOVO IdeaPad1 15IJL7 Intel Celeron N4500 8G 256G SSD - Gris,LENOVO,8.0,256.0,0.0,Windows 11 Pro,,,15.6,Intel,,,,,,,,,
pc_bureau,https://www.mytek.tn/pc-de-bureau-pro-mytek-i5-12eme-gen-16g-500go-ssd-noir.html,1699.0,Pc de Bureau Pro MYTEK i5 12ème Gén 16G 500Go SSD - Noir,MYTEK,16.0,500.0,5.0,FreeDos,0.0,0.0,,,,,,,,,,,
pc_bureau,https://www.mytek.tn/pc-de-bureau-gamer-mytek-i5-14e-gen-32go-rtx-5070-12go.html,5049.0,Pc de Bureau Gamer MYTEK i5 14è Gén 32Go RTX 5070 12Go,MSI,32.0,1024.0,5.0,FreeDos,0.0,0.0,,,,,,,,,,,
pc_bureau,https://www.mytek.tn/pc-de-bureau-gamer-mytek-amd-ryzen-5-16g-rtx3050-6g.html,2339.0,Pc de Bureau Gamer MYTEK AMD RYZEN 5 16G RTX3050 6G,MSI,16.0,500.0,0.0,FreeDos,0.0,0.0,,,,,,,,,,,
pc_portables,https://www.mytek.tn/pc-portable-gamer-asus-tuf-gaming-f16-i5-13e-gen-32go-rtx-5060.html,4819.0,PC Portable Gamer ASUS TUF Gaming F16 i5 13è Gén 32Go RTX 5060,ASUS,32.0,512.0,5.0,Windows 11 Famille,,,16.0,Intel,,,,,,,,,
pc_portables,https://www.mytek.tn/pc-portable-lenovo-ideapad-1-15ijl7-intel-celeron-n4500-8g-256g-ssd.html,1249.0,PC Portable LENOVO IdeaPad 1 15IJL7 Intel Celeron N4500 8G 256G SSD,LENOVO,8.0,256.0,0.0,FreeDos,,,15.6,Intel,,,,,,,,,
smartphones,https://www.mytek.tn/smartphone-oppo-a5-5g-6go-128go-blanc.html,899.0,Smartphone OPPO A5 5G 6Go 128Go - Blanc,OPPO,6.0,128.0,,Android,1.0,1.0,6.67,MediaTek,0.0,0.0,1.0,,,,,,
pc_bureau,https://www.mytek.tn/pc-de-bureau-asus-expertcenter-p500mv-i5-13e-gen-24g-512g-ssd-gris.html,2569.0,Pc de Bureau ASUS ExpertCenter P500MV i5 13è Gén 24G 512G SSD - Gris,ASUS,24.0,512.0,5.0,FreeDos,0.0,1.0,,,,,,,,,,,
telephones_portables,https://www.mytek.tn/telephone-portable-x-tigi-kids1-rose.html,69.9,Téléphone Portable X-TIGI Kids1 - Rose,X-TIGI,0.0625,32.0,,Autres,,,2.0,,,,1.0,,,,,,
pc_bureau,https://www.mytek.tn/pc-de-bureau-all-in-one-asus-p440vak-intel-core-7-240h-8go-512go-ssd.html,2599.0,PC de Bureau ALL IN ONE ASUS P440VAK Intel Core 7 240H 8Go 512Go SSD,ASUS,8.0,512.0,7.0,FreeDos,0.0,1.0,,,,,,,,,,,
pc_portables,https://www.mytek.tn/pc-portable-asus-vivobook-15-m1502naq-amd-ryzen-5-8go-512go-ssd-bleu.html,1999.0,PC Portable ASUS Vivobook 15 M1502NAQ AMD RYZEN 5 8Go 512Go SSD - Bleu,ASUS,8.0,512.0,0.0,Windows 11 Famille,,,15.6,AMD,,,,,,,,,
pc_portables,https://www.mytek.tn/pc-portable-asus-vivobook-15-x1504va-intel-core-7-150u-16go-512go-ssd-silver.html,2599.0,PC Portable ASUS Vivobook 15 X1504VA Intel Core 7 150U 16Go 512Go SSD - Silver,ASUS,16.0,512.0,7.0,Windows 11 Famille,,,15.6,Intel,,,,,,,,,
pc_portables,https://www.mytek.tn/pc-portable-gamer-lenovo-loq-15arp10e-amd-ryzen-5-16g-rtx-3050.html,2999.0,PC Portable Gamer LENOVO LOQ 15ARP10E AMD RYZEN 5 16G RTX 3050,LENOVO,16.0,1024.0,0.0,Windows 11 Famille,,,15.6,AMD,,,,,,,,,
pc_bureau,https://www.mytek.tn/pc-de-bureau-gamer-mytek-amd-ryzen-5-16go-rtx-5050-8g.html,2549.0,Pc de Bureau Gamer MYTEK AMD RYZEN 5 16Go RTX 5050 8G,MYTEK,16.0,500.0,0.0,FreeDos,0.0,0.0,,,,,,,,,,,
pc_portables,https://www.mytek.tn/pc-portable-dell-15-i5-13e-gen-24go-512go-ssd-noir.html,2159.0,PC Portable DELL 15 i5 13è Gén 24Go 512Go SSD - Noir,DELL,24.0,512.0,5.0,FreeDos,,,15.6,Intel,,,,,,,,,
pc_portables,https://www.mytek.tn/pc-portable-gamer-lenovo-loq-15irx9-i7-13eme-gen-32go-rtx-4050.html,4619.0,PC Portable Gamer LENOVO LOQ 15IRX9 i7 13ème Gén 32Go RTX 4050,LENOVO,32.0,512.0,7.0,FreeDos,,,15.6,Intel,,,,,,,,,
pc_portables,https://www.mytek.tn/pc-portable-asus-vivobook-s16-amd-ryzen-9-32go-1to-ssd-gris.html,3689.0,PC Portable ASUS Vivobook S16 AMD RYZEN 9 32Go 1To SSD - Gris,ASUS,32.0,1024.0,0.0,Windows 11 Famille,,,16.0,AMD,,,,,,,,,
pc_portables,https://www.mytek.tn/pc-portable-asus-vivobook-15-x1502va-i7-13e-gen-16g-512g-ssd-silver.html,2329.0,PC Portable ASUS Vivobook 15 X1502VA i7 13è Gén 16G 512G SSD - Silver,ASUS,16.0,512.0,7.0,Windows 11 Famille,,,15.6,Intel,,,,,,,,,
pc_portables,https://www.mytek.tn/pc-portable-gamer-msi-cyborg-17-b2rw-intel-core-7-240h-16go-rtx-5060.html,4899.0,PC Portable Gamer MSI Cyborg 17 B2RW Intel Core 7 240H 16Go RTX 5060,MSI,16.0,512.0,7.0,FreeDos,,,17.3,Intel,,,,,,,,,
pc_portables,https://www.mytek.tn/pc-portable-hp-15-fd1079nk-ultra-5-125h-16go-512go-ssd-noir.html,2199.0,PC Portable HP 15-fd1079nk Ultra 5 125H 16Go 512Go SSD - Noir,HP,16.0,512.0,0.0,FreeDos,,,15.6,Intel,,,,,,,,,
pc_portables,https://www.mytek.tn/pc-portable-hp-probook-450-g10-i5-13e-gen-32g-512g-ssd-silver.html,2939.0,Pc Portable HP ProBook 450 G10 i5 13è Gén 32G 512G SSD - Silver,HP,32.0,512.0,5.0,FreeDos,,,15.6,Intel,,,,,,,,,
smartphones,https://www.mytek.tn/smartphone-vivo-y31-5g-16go-256go-violet.html,1169.0,Smartphone VIVO Y31 5G 16Go 256Go - Violet,VIVO,16.0,256.0,,Android,1.0,1.0,6.68,Qualcomm,0.0,0.0,1.0,,,,,,
televiseurs,https://www.mytek.tn/tv-tcl-85-smart-p7k-qled-uhd-4k.html,6669.0,TV TCL 85'' Smart P7K QLED UHD 4K,TCL,,,,Google TV,,1.0,85.0,,0.0,0.0,1.0,4K,QLED,True,True,60.0,1.0
televiseurs,https://www.mytek.tn/tv-telefunken-g3fn-4k-uhd-smart-tv-65-avec-recepteur-integre.html,1999.0,TV TELEFUNKEN G3FN 4K UHD Smart TV 65'' Avec Récepteur Intégré,TELEFUNKEN,,,,Google TV,,1.0,65.0,,0.0,0.0,1.0,4K,QLED,True,True,60.0,1.0
pc_portables,https://www.mytek.tn/pc-portable-lenovo-thinkbook-16-g8-ial-ultra-7-255h-24g-512go-ssd-gris.html,3859.0,PC Portable LENOVO ThinkBook 16 G8 IAL Ultra 7 255H 24G 512Go SSD - Gris,LENOVO,24.0,512.0,0.0,FreeDos,,,16.0,Intel,,,,,,,,,
pc_portables,https://www.mytek.tn/pc-portable-gamer-gigabyte-aero-x16-2wh-amd-ryzen-ai-9-hx-370-32g-rtx5070.html,6759.0,PC Portable Gamer GIGABYTE AERO X16 2WH AMD Ryzen AI 9 HX 370 32G RTX5070,GIGABYTE,32.0,1024.0,0.0,Windows 11 Famille,,,16.0,AMD,,,,,,,,,
pc_portables,https://www.mytek.tn/pc-portable-gamer-lenovo-loq-15irx10-i5-13e-gen-16go-rtx-5050.html,3499.0,PC Portable Gamer LENOVO LOQ 15IRX10 i5 13è Gén 16Go RTX 5050,LENOVO,16.0,512.0,5.0,Windows 11 Famille,,,15.6,Intel,,,,,,,,,
telephones_portables,https://www.mytek.tn/telephone-portable-smartec-v2-rose.html,39.0,Téléphone Portable SMARTEC V2 - Rose,SMARTEC,0.03125,32.0,,Inconnu,,,2.0,,,,1.0,,,,,,
pc_portables,https://www.mytek.tn/pc-portable-bmax-maxbook-x15-power-i3-8109u-16go-512go-ssd.html,1219.0,PC Portable BMAX MaxBook X15 Power i3-8109U 16Go 512Go SSD,BMAX,16.0,512.0,3.0,Windows 11 Famille,,,15.6,Intel,,,,,,,,,
smartphones,https://www.mytek.tn/smartphone-oppo-a5x-4go-128go-midnight-blue.html,599.0,SMARTPHONE OPPO A5X 4GO 128GO - MIDNIGHT BLUE,OPPO,4.0,128.0,,Android,0.0,1.0,6.67,Qualcomm,1.0,0.0,1.0,,,,,,
smartphones,https://www.mytek.tn/smartphone-samsung-galaxy-s26-ultra-5g-12go-512go-noir.html,6999.0,Smartphone SAMSUNG GALAXY S26 Ultra 5G 12Go 512Go - Noir,SAMSUNG,12.0,512.0,,Android,1.0,1.0,6.9,Qualcomm,0.0,0.0,1.0,,,,,,
pc_portables,https://www.mytek.tn/pc-portable-msi-modern-15-f13mg-i5-13eme-gen-8g-512go-ssd.html,1839.0,Pc Portable MSI Modern 15 F13MG i5 13ème Gén 8G 512Go SSD,MSI,8.0,512.0,5.0,Windows 11 Pro,,,15.6,Intel,,,,,,,,,
smartphones,https://www.mytek.tn/smartphone-vivo-v70-fe-5g-8go-256go-ocean-blue.html,1499.0,Smartphone Vivo V70 FE 5G 8Go 256Go - Ocean Blue,VIVO,8.0,256.0,,Android,1.0,1.0,6.83,MediaTek,0.0,0.0,1.0,,,,,,
pc_portables,https://www.mytek.tn/pc-portable-gamer-asus-vivobook-16x-i5-13e-gen-12go-rtx-3050.html,2445.0,PC Portable Gamer ASUS Vivobook 16X i5 13è Gén 12Go RTX 3050,ASUS,12.0,512.0,5.0,Windows 11 Famille,,,16.0,Intel,,,,,,,,,
pc_portables,https://www.mytek.tn/pc-portable-gamer-asus-tuf-gaming-f16-i5-13e-gen-24go-rtx-5050.html,4329.0,PC Portable Gamer ASUS TUF Gaming F16 i5 13è Gén 24Go RTX 5050,ASUS,24.0,512.0,5.0,Windows 11 Famille,,,16.0,Intel,,,,,,,,,
smartphones,https://www.mytek.tn/smartphone-xiaomi-redmi-note-15-4g-8go-256go-forest-green.html,899.0,Smartphone Xiaomi Redmi Note 15  4G  8Go 256Go - Forest Green,XIAOMI,8.0,256.0,,Android,0.0,1.0,6.77,MediaTek,1.0,0.0,1.0,,,,,,
pc_portables,https://www.mytek.tn/pc-portable-lenovo-ideapad-1-15ijl7-intel-celeron-n4500-8g-256go-ssd.html,1329.0,PC Portable LENOVO IdeaPad 1 15IJL7 Intel Celeron N4500 8G 256Go SSD,LENOVO,8.0,256.0,0.0,FreeDos,,,15.6,Intel,,,,,,,,,
smartphones,https://www.mytek.tn/smartphone-samsung-galaxy-a37-5g-8go-256go-gray-green.html,1999.0,Smartphone Samsung Galaxy A37 5G 16Go 256Go - Gray Green,SAMSUNG,16.0,256.0,,Android,1.0,1.0,6.7,Samsung Exynos,0.0,0.0,1.0,,,,,,
pc_portables,https://www.mytek.tn/pc-portable-lenovo-ideapad-slim-3-15irh10-i5-13e-gen-8go-512go-ssd-gris.html,1799.0,PC Portable LENOVO IdeaPad Slim 3 15IRH10 i5 13è Gén 8Go 512Go SSD - Gris,LENOVO,8.0,512.0,5.0,Windows 11 Famille,,,15.3,Intel,,,,,,,,,
televiseurs,https://www.mytek.tn/tv-lg-43-smart-lm6370-led-full-hd-recepteur-integre.html,1199.0,Tv LG 43'' Smart LM6370 LED Full HD + Récepteur Intégré,LG,,,,webOS,,1.0,43.0,,0.0,0.0,1.0,Full HD,LED,True,True,60.0,1.0
pc_portables,https://www.mytek.tn/pc-portable-hp-15-fd1079nk-ultra-5-125h-24g-512g-ssd-noir.html,2799.0,PC Portable HP 15-fd1079nk Ultra 5 125H 24G 512G SSD - Noir,HP,24.0,512.0,0.0,Windows 11 Pro,,,15.6,Intel,,,,,,,,,
pc_portables,https://www.mytek.tn/pc-portable-dell-pro-15-essential-i3-13eme-gen-8g-512go-ssd-noir.html,1549.0,PC Portable DELL Pro 15 Essential i3 13ème Gén 8G 512Go SSD - Noir,DELL,8.0,512.0,3.0,Windows 11 Pro,,,15.6,Intel,,,,,,,,,
pc_bureau,https://www.mytek.tn/pc-de-bureau-pro-mytek-i5-12eme-gen-32g-500go-ssd-noir.html,2169.0,Pc de Bureau Pro MYTEK i5 12ème Gén 32G 500Go SSD - Noir,MYTEK,32.0,500.0,5.0,FreeDos,0.0,0.0,,,,,,,,,,,
pc_portables,https://www.mytek.tn/pc-portable-hp-probook-4-g1ir-intel-core-5-120u-8go-512go-ssd.html,2635.0,Pc Portable HP ProBook 4 G1iR Intel Core 5 120U 8Go 512Go SSD,HP,8.0,512.0,5.0,FreeDos,,,14.0,Intel,,,,,,,,,
pc_portables,https://www.mytek.tn/pc-portable-dell-vostro-3530-i5-13e-gen-24g-512go-ssd-noir.html,2159.0,Pc Portable DELL Vostro 3530 i5 13è Gén 24G 512Go SSD - Noir,DELL,24.0,512.0,5.0,FreeDos,,,15.6,Intel,,,,,,,,,
pc_portables,https://www.mytek.tn/pc-portable-lenovo-ideapad-1-15ijl7-intel-celeron-n4500-8go-256go-ssd-gris.html,1219.0,PC Portable LENOVO IdeaPad 1 15IJL7 Intel Celeron N4500 8Go 256Go SSD - Gris,LENOVO,8.0,256.0,0.0,FreeDos,,,15.6,Intel,,,,,,,,,
pc_portables,https://www.mytek.tn/pc-portable-lenovo-ideapad-slim-3-15irh10-i7-13e-gen-16g-512go-ssd-gris.html,2379.0,PC Portable LENOVO IdeaPad Slim 3 15IRH10 i7 13è Gén 16G 512Go SSD - Gris,LENOVO,16.0,512.0,7.0,FreeDos,,,15.3,Intel,,,,,,,,,
pc_bureau,https://www.mytek.tn/pc-de-bureau-gamer-mytek-i5-12e-gen-32g-rtx-5060-8g-1to-ssd.html,3599.0,Pc de Bureau Gamer MYTEK i5 12è Gén 32G RTX 5060 8G 1To SSD,MSI,32.0,1024.0,5.0,FreeDos,0.0,0.0,,,,,,,,,,,
smartphones,https://www.mytek.tn/smartphone-samsung-galaxy-a07-12go-128go-vert.html,569.0,Smartphone SAMSUNG GALAXY A07 12Go 128Go - Vert,SAMSUNG,6.0,128.0,,Android,0.0,1.0,6.7,MediaTek,1.0,0.0,1.0,,,,,,
pc_portables,https://www.mytek.tn/pc-portable-gamer-hp-victus-15-fb3008nk-amd-ryzen-5-8go-rtx-2050.html,2349.0,PC Portable Gamer HP Victus 15-fb3008nk AMD RYZEN 5 8Go RTX 2050,HP,8.0,512.0,0.0,Windows 11 Famille,,,15.6,AMD,,,,,,,,,
pc_portables,https://www.mytek.tn/pc-portable-asus-vivobook-15-x1502va-i5-13e-gen-16g-512g-ssd-silver.html,2039.0,PC Portable ASUS Vivobook 15 X1502VA i5 13è Gén 16G 512G SSD - Silver,ASUS,16.0,512.0,5.0,Windows 11 Famille,,,15.6,Intel,,,,,,,,,
pc_bureau,https://www.mytek.tn/pc-de-bureau-gamer-mytek-i7-14e-gen-32go-rtx-5070-12go.html,5709.0,Pc de Bureau Gamer MYTEK i7 14è Gén 32Go RTX 5070 12Go,MSI,32.0,1024.0,7.0,FreeDos,1.0,0.0,,,,,,,,,,,
smartphones,https://www.mytek.tn/smartphone-samsung-galaxy-s26-5g-12go-512go-noir.html,4999.0,Smartphone SAMSUNG GALAXY S26 5G 12Go 512Go - Noir,SAMSUNG,12.0,512.0,,Android,1.0,1.0,6.3,Samsung Exynos,1.0,0.0,1.0,,,,,,
pc_portables,https://www.mytek.tn/pc-portable-gamer-asus-tuf-gaming-a15-amd-ryzen-7-24g-rtx3050.html,3599.0,PC Portable Gamer ASUS TUF Gaming A15 AMD RYZEN 7 24G RTX3050,ASUS,24.0,512.0,0.0,Windows 11 Famille,,,15.6,AMD,,,,,,,,,
pc_portables,https://www.mytek.tn/pc-portable-lenovo-thinkbook-16-g8-ial-ultra-7-255h-16g-512g-ssd-gris.html,3465.0,PC Portable LENOVO ThinkBook 16 G8 IAL Ultra 7 255H 16G 512G SSD - Gris,LENOVO,16.0,512.0,0.0,FreeDos,,,16.0,Intel,,,,,,,,,
pc_portables,https://www.mytek.tn/pc-portable-gamer-msi-cyborg-15-a13ve-i5-13eme-gen-16go-rtx4050.html,3569.0,PC Portable Gamer MSI Cyborg 15 A13VE i5 13ème Gén 16Go RTX4050,MSI,16.0,512.0,5.0,Windows 11 Pro,,,15.6,Intel,,,,,,,,,
pc_portables,https://www.mytek.tn/pc-portable-gamer-msi-cyborg-15-a13ve-i7-13e-gen-16go-rtx4050.html,3529.0,PC Portable Gamer MSI Cyborg 15 A13VE i7 13è Gén 16Go RTX4050,MSI,16.0,512.0,7.0,Windows 11 Pro,,,15.6,Intel,,,,,,,,,
pc_portables,https://www.mytek.tn/pc-portable-gamer-gigabyte-aero-x16-2wh-amd-ryzen-ai-9-hx-370-32go-rtx5070.html,7059.0,PC Portable Gamer GIGABYTE AERO X16 2WH AMD Ryzen AI 9 HX 370 32Go RTX5070,GIGABYTE,32.0,2048.0,0.0,Windows 11 Famille,,,16.0,AMD,,,,,,,,,
televiseurs,https://www.mytek.tn/tv-thomson-43-43qg5c14-qled-uhd-4k-google-tv-noir.html,1299.0,"TV Thomson 43"" 43QG5C14 QLED UHD 4K  Google Tv - Gris foncé",THOMSON,,,,Google TV,,1.0,43.0,,0.0,0.0,0.0,4K,QLED,True,True,60.0,1.0
pc_portables,https://www.mytek.tn/pc-portable-asus-vivobook-s16-amd-ryzen-9-16go-512go-ssd-silver.html,3199.0,PC Portable ASUS Vivobook S16 AMD RYZEN 9 16Go 512Go SSD - Silver,ASUS,16.0,512.0,0.0,Windows 11 Famille,,,16.0,AMD,,,,,,,,,
smartphones,https://www.mytek.tn/smartphone-honor-x8d-4g-8go-256go-velvet-vert.html,979.0,Smartphone HONOR X8D 4G 8Go 256Go - Velvet Vert,HONOR,8.0,256.0,,Android,0.0,1.0,6.77,Qualcomm,1.0,0.0,1.0,,,,,,
pc_portables,https://www.mytek.tn/pc-portable-gamer-dell-alienware-16-aurora-intel-core-7-240h-32go-rtx-4050.html,5955.0,PC Portable Gamer DELL Alienware 16 Aurora Intel Core 7 240H 32Go RTX 4050,DELL,32.0,1024.0,7.0,FreeDos,,,16.0,Intel,,,,,,,,,
telephones_portables,https://www.mytek.tn/telephone-portable-smartec-power-x1-double-sim-1400-mah-bleu.html,59.0,Téléphone Portable SMARTEC POWER X1 Double SIM 1400 mAh - bleu,SMARTEC,0.03125,32.0,,Autres,,,1.4,,,,1.0,,,,,,
pc_bureau,https://www.mytek.tn/pc-de-bureau-asus-expertcenter-p500mv-i3-13e-gen-8g-256g-ssd-gris.html,1399.0,Pc de Bureau ASUS ExpertCenter P500MV i3 13è Gén 8G 256G SSD - Gris,ASUS,8.0,256.0,3.0,FreeDos,0.0,1.0,,,,,,,,,,,
smartphones,https://www.mytek.tn/smartphone-infinix-note-40-5g-pro-24go-256go-edition-racing-gris.html,999.0,Smartphone INFINIX Note 40 5G Pro+  24Go 256Go Edition Racing - Gris,INFINIX,24.0,256.0,,Android,1.0,1.0,6.78,MediaTek,1.0,0.0,1.0,,,,,,
pc_portables,https://www.mytek.tn/pc-portable-hp-probook-460-g11-ultra-5-125u-32g-512go-ssd-silver.html,3835.0,Pc Portable HP ProBook 460 G11 Ultra 5 125U 32G 512Go SSD - Silver,HP,32.0,512.0,0.0,Windows 11 Pro,,,16.0,Intel,,,,,,,,,
smartphones,https://www.mytek.tn/smartphone-vivo-y04-4go-128go-vert-jade.html,409.0,Smartphone VIVO Y04 8Go 128Go - Vert jade,VIVO,4.0,128.0,,Android,0.0,1.0,6.74,Autre,1.0,0.0,1.0,,,,,,
pc_portables,https://www.mytek.tn/pc-portable-asus-vivobook-15-x1502va-i9-13e-gen-16g-512go-ssd-silver.html,2599.0,PC Portable ASUS Vivobook 15 X1502VA i9 13è Gén 16G 512Go SSD - Silver,ASUS,16.0,512.0,9.0,Windows 11 Famille,,,15.6,Intel,,,,,,,,,
pc_portables,https://www.mytek.tn/pc-portable-dell-pro-15-essential-i5-13e-gen-24go-512go-ssd-noir.html,2549.0,PC Portable DELL Pro 15 Essential i5 13è Gén 24Go 512Go SSD - Noir,DELL,24.0,512.0,5.0,FreeDos,,,15.6,Intel,,,,,,,,,
pc_portables,https://www.mytek.tn/pc-portable-gamer-asus-v16-v3607vj-intel-core-5-210h-32go-rtx-3050.html,3945.0,PC Portable Gamer ASUS V16 V3607VJ Intel Core 5 210H 32Go RTX 3050,ASUS,32.0,512.0,5.0,FreeDos,,,16.0,Intel,,,,,,,,,
pc_portables,https://www.mytek.tn/pc-portable-lenovo-thinkpad-e16-gen-3-ultra-5-225u-24g-512go-ssd-noir.html,3919.0,PC Portable LENOVO ThinkPad E16 Gen 3 Ultra 5 225U 24G 512Go SSD - Noir,LENOVO,24.0,512.0,0.0,FreeDos,,,16.0,Intel,,,,,,,,,
televiseurs,https://www.mytek.tn/tv-lg-65-qned-ev-ai-qned70-4k-smart-tv-2025-noir.html,3999.0,TV LG 65 '' QNED EV AI QNED70 4K Smart TV 2025 - Noir,LG,,,,webOS,,1.0,65.0,,0.0,0.0,1.0,4K,QNED,True,True,70.0,0.0
pc_portables,https://www.mytek.tn/pc-portable-gamer-asus-tuf-gaming-a16-amd-ryzen-9-32go-rtx-5070.html,7649.0,PC Portable Gamer ASUS TUF Gaming A16 AMD RYZEN 9 32Go RTX 5070,ASUS,32.0,1024.0,0.0,Windows 11 Famille,,,16.0,AMD,,,,,,,,,
pc_bureau,https://www.mytek.tn/pc-de-bureau-pro-mytek-amd-ryzen5-32go-500go-ssd-noir.html,1899.0,Pc de Bureau Pro MYTEK AMD RYZEN5 32Go 500Go SSD - Noir,MYTEK,32.0,500.0,0.0,FreeDos,0.0,0.0,,,,,,,,,,,
televiseurs,https://www.mytek.tn/tv-telefunken-qled-50-smart-google-tv-g4fn-4k-recepteur-integre.html,1379.0,TV TELEFUNKEN QLED 50'' Smart Google Tv G4FN 4K + Récepteur Intégré,TELEFUNKEN,,,,Google TV,,1.0,50.0,,0.0,0.0,1.0,4K,QLED,True,True,84.8,1.0
televiseurs,https://www.mytek.tn/tv-lg-65-uhd-4k-smart-tv-65nano776ra-noir.html,3599.0,TV LG 65'' UHD 4K SMART TV  (65NANO776RA) - Noir,LG,,,,webOS,,1.0,65.0,,0.0,0.0,1.0,4K,QLED,True,True,50.0,1.0
pc_bureau,https://www.mytek.tn/pc-de-bureau-gamer-mytek-i5-14e-gen-32go-rtx-5060-ti-16g.html,4199.0,Pc de Bureau Gamer MYTEK i5 14è Gén 32Go RTX 5060 Ti 16G,MSI,32.0,1024.0,5.0,FreeDos,0.0,0.0,,,,,,,,,,,
pc_bureau,https://www.mytek.tn/pc-de-bureau-gamer-mytek-i5-12e-gen-16g-rtx-5050-8g.html,2659.0,Pc de Bureau Gamer MYTEK i5 12è Gén 16G RTX 5050 8G,MSI,16.0,500.0,5.0,FreeDos,0.0,0.0,,,,,,,,,,,
pc_portables,https://www.mytek.tn/pc-portable-gamer-hp-victus-15-fb3007nk-amd-ryzen-7-8g-rtx-3050.html,2799.0,PC Portable Gamer HP Victus 15-fb3007nk AMD RYZEN 7 8G RTX 3050,HP,8.0,512.0,0.0,Windows 11 Famille,,,15.6,AMD,,,,,,,,,
telephones_portables,https://www.mytek.tn/telephone-portable-philips-e2130-deep-bleu.html,56.9,"Téléphone portable PHILIPS FUN101 2"" 1500 mAh - Deep Bleu",PHILIPS,0.00390625,32.0,,Autres,,,2.0,,,,0.0,,,,,,
telephones_portables,https://www.mytek.tn/telephone-portable-evertek-e3218-bleu.html,38.0,Téléphone Portable EVERTEK E3218 - Bleu,EVERTEK,0.03125,32.0,,Autres,,,1.77,,,,1.0,,,,,,
smartphones,https://www.mytek.tn/smartphone-xiaomi-redmi-15-8go-256go-gris-titane.html,699.0,Smartphone XIAOMI Redmi 15 8Go 256Go - Gris Titane,XIAOMI,8.0,256.0,,Android,0.0,1.0,6.9,Qualcomm,1.0,0.0,1.0,,,,,,
pc_portables,https://www.mytek.tn/pc-portable-lenovo-ideapad-slim-3-15iru8-i3-13e-gen-8go-512g-ssd-gris.html,1559.0,PC Portable LENOVO IdeaPad Slim 3 15IRU8 i3 13è Gén 8Go 512G SSD - Gris,LENOVO,8.0,512.0,3.0,Windows 11 Famille,,,15.6,Intel,,,,,,,,,
pc_bureau,https://www.mytek.tn/pc-de-bureau-gamer-mytek-i7-12e-gen-32go-rtx-5060-8g.html,4289.0,Pc de Bureau Gamer MYTEK i7 12è Gén 32Go RTX 5060 8G,MSI,32.0,1024.0,7.0,FreeDos,0.0,0.0,,,,,,,,,,,
pc_portables,https://www.mytek.tn/pc-portable-hp-omnibook-ultra-flip-14-fh0008nk-ultra-5-226v-16g-512g-ssd-gris.html,5245.0,PC Portable HP OmniBook Ultra Flip 14-fh0008nk Ultra 5 226V 16G 512G SSD - Gris,HP,16.0,512.0,0.0,Windows 11 Famille,,,14.0,Intel,,,,,,,,,
televiseurs,https://www.mytek.tn/tv-tcl-85-smart-p8k-qled-uhd-4k.html,7199.0,TV TCL 85'' Smart P8K QLED UHD 4K,TCL,,,,Google TV,,1.0,85.0,,0.0,0.0,1.0,4K,QLED,True,True,144.0,1.0
telephones_portables,https://www.mytek.tn/telephone-portable-ami-d20-strong-1-couleur-vert.html,79.9,Téléphone Portable AMI D20 Strong 1- Couleur Vert,AMI,0.02421875,32.0,,Autres,,,2.4,,,,1.0,,,,,,
pc_portables,https://www.mytek.tn/pc-portable-gamer-msi-cyborg-17-b2rw-intel-core-5-210h-32go-rtx-5060.html,5499.0,PC Portable Gamer MSI Cyborg 17 B2RW Intel Core 5 210H 32Go RTX 5060,MSI,32.0,512.0,5.0,FreeDos,,,17.3,Intel,,,,,,,,,
pc_bureau,https://www.mytek.tn/pc-de-bureau-dell-pro-tower-essential-qvt1260-ultra-5-8go-512go-ssd-noir.html,2229.0,PC de Bureau DELL Pro Tower Essential QVT1260 Ultra 5 8Go 512Go SSD - Noir,DELL,8.0,512.0,0.0,FreeDos,0.0,1.0,,,,,,,,,,,
pc_portables,https://www.mytek.tn/pc-portable-hp-15-fd1077nk-ultra-5-125h-16g-512go-ssd-silver-or-chaud.html,2249.0,PC Portable HP 15-fd1077nk Ultra 5 125H 16G 512Go SSD - Silver & Or Chaud,HP,16.0,512.0,0.0,Windows 11 Pro,,,15.6,Intel,,,,,,,,,
telephones_portables,https://www.mytek.tn/telephone-portable-ami-c14-fashion-2-marron-fonce.html,39.9,Téléphone Portable AMI C14 FASHION 2- Marron Foncé,AMI,12.8046875,32.0,,Autres,,,1.8,,,,1.0,,,,,,
pc_portables,https://www.mytek.tn/pc-portable-gamer-dell-alienware-16-aurora-intel-core-7-240h-16go-rtx-4050.html,5139.0,PC Portable Gamer DELL Alienware 16 Aurora Intel Core 7 240H 16Go RTX 4050,DELL,16.0,1024.0,7.0,FreeDos,,,16.0,Intel,,,,,,,,,
pc_bureau,https://www.mytek.tn/pc-de-bureau-all-in-one-hp-ai-24-cr2004nk-ultra-5-225u-16go-1to-ssd-noir.html,3209.0,PC de Bureau All In One HP AI 24-cr2004nk Ultra 5 225U 16Go 1To SSD - Noir,HP,16.0,1024.0,0.0,FreeDos,0.0,1.0,,,,,,,,,,,
pc_portables,https://www.mytek.tn/pc-portable-gamer-msi-thin-15-b13udx-i7-13e-gen-32go-rtx-3050-gris.html,3305.0,PC Portable Gamer MSI Thin 15 B13UDX i7 13è Gén 32Go RTX 3050 - Gris,MSI,32.0,512.0,7.0,Windows 11 Pro,,,15.6,Intel,,,,,,,,,
pc_portables,https://www.mytek.tn/pc-portable-asus-vivobook-go-15-amd-ryzen-5-8go-512g-ssd-noir.html,1599.0,PC Portable ASUS Vivobook Go 15 AMD RYZEN 5 8Go 512G SSD - Noir,ASUS,8.0,512.0,0.0,Windows 11 Famille,,,15.6,AMD,,,,,,,,,
pc_portables,https://www.mytek.tn/pc-portable-asus-tuf-gaming-a14-amd-ryzen-ai-7-16go-rtx-5050.html,4599.0,PC Portable ASUS TUF Gaming A14 AMD Ryzen AI 7 16Go RTX 5050,ASUS,16.0,1024.0,0.0,Windows 11 Famille,,,14.0,AMD,,,,,,,,,
pc_portables,https://www.mytek.tn/pc-portable-gamer-lenovo-legion-pro-7-16irx9h-i9-14e-gen-64go-rtx-4090.html,12929.0,PC Portable Gamer LENOVO Légion Pro 7 16IRX9H i9 14è Gén 64Go RTX 4090,LENOVO,64.0,1024.0,9.0,Windows 11 Famille,,,16.0,Intel,,,,,,,,,
smartphones,https://www.mytek.tn/smartphone-infinix-hot-60-pro-plus-4g-8-8go-256go-titanium-silver.html,799.0,Smartphone INFINIX Hot 60 Pro Plus 4G 8+8Go 256Go - Titanium Silver,INFINIX,8.0,256.0,,Android,0.0,1.0,6.78,MediaTek,1.0,0.0,1.0,,,,,,
telephones_portables,https://www.mytek.tn/telephone-portable-smartec-f1-flip-bleu.html,85.0,Téléphone Portable SMARTEC F1 FLIP - Bleu,SMARTEC,0.02421875,32.0,,Autres,,,2.4,,,,0.0,,,,,,
smartphones,https://www.mytek.tn/smartphone-infinix-smart-20-4go-64go-shadow-black.html,399.0,Smartphone INFINIX Smart 20 8Go 64Go - Shadow BLACK,INFINIX,4.0,64.0,,Android,0.0,0.0,6.78,MediaTek,1.0,0.0,1.0,,,,,,
smartphones,https://www.mytek.tn/smartphone-xiaomi-redmi-note-15-pro-plus-5g-12go-512go-moka-brown.html,2099.0,Smartphone Xiaomi Redmi Note 15 Pro Plus 5G  12Go 512Go - Moka Brown,XIAOMI,12.0,512.0,,Android,1.0,1.0,6.83,Qualcomm,0.0,1.0,1.0,,,,,,
smartphones,https://www.mytek.tn/smartphone-vivo-y31d-4g-6go-128go-gris.html,839.0,Smartphone VIVO Y31D 4G 6Go 128Go - Gris,VIVO,6.0,128.0,,Android,0.0,1.0,6.75,Qualcomm,1.0,0.0,1.0,,,,,,
telephones_portables,https://www.mytek.tn/telephone-portable-uniwa-e1803-noir.html,36.9,TÉLÉPHONE PORTABLE UNIWA E1803 -NOIR,UNIWA,16.0,32.0,,Autres,,,1.77,,,,0.0,,,,,,
pc_portables,https://www.mytek.tn/pc-portable-msi-modern-15-f1m-intel-core-7-150u-16g-512go-ssd.html,2389.0,Pc Portable MSI Modern 15 F1M Intel Core 7 150U 16G 512Go SSD,MSI,16.0,512.0,7.0,Windows 11 Pro,,,15.6,Intel,,,,,,,,,
pc_bureau,https://www.mytek.tn/pc-de-bureau-dell-tower-ect1250-i3-14e-gen-8g-512go-ssd-noir.html,1599.0,PC de Bureau DELL Tower ECT1250 i3 14è Gén 8G 512Go SSD - Noir,DELL,8.0,512.0,3.0,Windows 11 Pro,0.0,1.0,,,,,,,,,,,
pc_bureau,https://www.mytek.tn/pc-de-bureau-gamer-mytek-amd-ryzen-7-16go-rtx5060-8g.html,2919.0,Pc de Bureau Gamer MYTEK AMD Ryzen 7 16Go RTX5060 8G,MYTEK,16.0,16.0,0.0,FreeDos,0.0,0.0,,,,,,,,,,,
pc_bureau,https://www.mytek.tn/pc-de-bureau-gamer-mytek-i7-14e-gen-16go-rtx-5060-8g.html,4149.0,Pc de Bureau Gamer MYTEK i7 14è Gén 16Go RTX 5060 8G,MSI,16.0,1024.0,7.0,FreeDos,0.0,0.0,,,,,,,,,,,
pc_portables,https://www.mytek.tn/pc-portable-hp-250r-g10-intel-core-3-100u-8go-512go-ssd.html,1945.0,PC Portable HP 250R G10 Intel Core 3 100U 8Go 512Go SSD,HP,8.0,512.0,3.0,FreeDos,,,15.6,Intel,,,,,,,,,
smartphones,https://www.mytek.tn/smartphone-xiaomi-redmi-note-15-pro-5g-8go-256go-glacier-blue.html,1319.0,Smartphone Xiaomi Redmi Note 15 Pro 5G  8Go 256Go - Glacier Bleu,XIAOMI,8.0,256.0,,Android,1.0,1.0,6.83,MediaTek,0.0,1.0,1.0,,,,,,
pc_portables,https://www.mytek.tn/pc-portable-gamer-dell-alienware-16-aurora-intel-core-9-270h-32go-rtx-5070.html,6819.0,PC Portable Gamer DELL Alienware 16 Aurora Intel Core 9 270H 32Go RTX 5070,DELL,32.0,1024.0,9.0,FreeDos,,,16.0,Intel,,,,,,,,,
pc_portables,https://www.mytek.tn/pc-portable-gamer-asus-v16-v3607vj-intel-core-7-240h-8go-rtx-3050.html,2829.0,PC Portable Gamer ASUS V16 V3607VJ Intel Core 7 240H 8Go RTX 3050,ASUS,8.0,512.0,7.0,FreeDos,,,16.0,Intel,,,,,,,,,
pc_portables,https://www.mytek.tn/pc-portable-asus-vivobook-go-15-amd-ryzen-5-16go-512go-ssd-noir.html,1899.0,PC Portable ASUS Vivobook Go 15 AMD RYZEN 5 16Go 512Go SSD - Noir,ASUS,16.0,512.0,0.0,Windows 11 Famille,,,15.6,AMD,,,,,,,,,
televiseurs,https://www.mytek.tn/tv-telefunken-a4f-100-qled-4k-smart-google-tv-matte-screen-noir.html,9529.0,"TV TELEFUNKEN A4F 100"" QLED 4K Smart Google TV Matte screen - Noir",TELEFUNKEN,,,,Google TV,,1.0,100.0,,0.0,0.0,1.0,4K,QLED,True,True,144.0,1.0
smartphones,https://www.mytek.tn/smartphone-infinix-hot-60-pro-plus-4g-8-8go-256go-coral-tides.html,799.0,Smartphone INFINIX Hot 60 Pro Plus 4G 8+8Go 256Go - Coral Tides,INFINIX,8.0,256.0,,Android,0.0,1.0,6.78,MediaTek,1.0,0.0,1.0,,,,,,
pc_portables,https://www.mytek.tn/pc-portable-gamer-asus-v16-v3607vj-intel-core-5-210h-16go-rtx-3050.html,3139.0,PC Portable Gamer ASUS V16 V3607VJ Intel Core 5 210H 16Go RTX 3050,ASUS,16.0,512.0,5.0,FreeDos,,,16.0,Intel,,,,,,,,,
televiseurs,https://www.mytek.tn/tv-samsung-65-crystal-uhd-u8000f-4k-smart-tv.html,2699.0,TV SAMSUNG 65'' Crystal UHD  4K Smart TV,SAMSUNG,,,,Tizen,,1.0,65.0,,0.0,0.0,1.0,4K,QLED,True,True,70.0,1.0
pc_portables,https://www.mytek.tn/pc-portable-gamer-msi-cyborg-17-b13w-i5-13e-gen-16g-rtx-5060.html,4735.0,PC Portable Gamer MSI Cyborg 17 B13W i5 13è Gén 16G RTX 5060,MSI,16.0,512.0,5.0,FreeDos,,,17.3,Intel,,,,,,,,,
pc_bureau,https://www.mytek.tn/pc-de-bureau-asus-expertcenter-p500mv-i7-13e-gen-8g-512go-ssd-gris.html,2099.0,Pc de Bureau ASUS ExpertCenter P500MV i7 13è Gén 8G 512Go SSD - Gris,ASUS,8.0,512.0,7.0,FreeDos,0.0,1.0,,,,,,,,,,,
pc_portables,https://www.mytek.tn/pc-portable-hp-15-fc0092nk-amd-ryzen-5-8go-512go-ssd-silver-blanc.html,1715.0,PC Portable HP 15-fc0092nk AMD RYZEN 5 8Go 512Go SSD - Silver & Blanc,HP,8.0,512.0,0.0,Windows 11 Famille,,,15.6,AMD,,,,,,,,,
pc_bureau,https://www.mytek.tn/pc-de-bureau-gamer-mytek-i5-12e-gen-32go-rtx-5060ti-8go.html,3379.0,Pc de Bureau Gamer MYTEK i5 12è Gén 32Go RTX 5060Ti 8Go,MYTEK,32.0,500.0,5.0,FreeDos,0.0,0.0,,,,,,,,,,,
pc_portables,https://www.mytek.tn/pc-portable-asus-vivobook-15-oled-x1505va-i5-13e-gen-8g-512g-ssd-silver.html,2239.0,PC Portable ASUS Vivobook 15 OLED X1505VA i5 13è Gén 8G 512G SSD - Silver,ASUS,8.0,512.0,5.0,Windows 11 Famille,,,15.6,Intel,,,,,,,,,
smartphones,https://www.mytek.tn/samsung-galaxy-a17-4g-8go-128go-noir.html,699.0,Samsung Galaxy A17 4G 8Go 128Go - Noir,SAMSUNG,4.0,128.0,,Android,0.0,1.0,6.7,MediaTek,1.0,0.0,1.0,,,,,,
pc_portables,https://www.mytek.tn/pc-portable-asus-vivobook-15-x1504va-i3-13eme-gen-24go-512go-ssd-bleu.html,1929.0,PC Portable ASUS Vivobook 15 X1504VA i3 13ème Gén 24Go 512Go SSD - Bleu,ASUS,24.0,512.0,3.0,Windows 11 Famille,,,15.6,Intel,,,,,,,,,
pc_portables,https://www.mytek.tn/pc-portable-gamer-msi-thin-15-b13udx-i5-13e-gen-8g-rtx-3050.html,2489.0,PC Portable Gamer MSI Thin 15 B13UDX i5 13è Gén 8G RTX 3050,MSI,8.0,512.0,5.0,Windows 11 Pro,,,15.6,Intel,,,,,,,,,
telephones_portables,https://www.mytek.tn/telephone-portable-clever-c4-bleu.html,32.9,Téléphone Portable Clever C4 - Bleu,CLEVER,16.0,32.0,,Sans Système,,,1.77,,,,1.0,,,,,,
pc_portables,https://www.mytek.tn/pc-portable-gamer-msi-cyborg-15-a13ve-i5-13e-gen-8go-rtx4050.html,3149.0,PC Portable Gamer MSI Cyborg 15 A13VE i5 13è Gén 8Go RTX4050,MSI,8.0,512.0,5.0,Windows 11 Pro,,,15.6,Intel,,,,,,,,,
pc_bureau,https://www.mytek.tn/pc-de-bureau-gamer-mytek-ultra-5-245kf-32go-rtx-5060-ti-16g.html,5419.0,Pc de Bureau Gamer MYTEK Ultra 5 245KF 32Go RTX 5060 Ti 16G,MSI,32.0,1024.0,0.0,FreeDos,0.0,1.0,,,,,,,,,,,
pc_portables,https://www.mytek.tn/pc-portable-lenovo-yoga-7-2-en-1-14akp10-amd-ryzen-ai-7-350-16go-512go-ssd.html,5199.0,PC Portable LENOVO Yoga 7 2-en-1 14AKP10 AMD Ryzen AI 7 350 16Go 512Go SSD,LENOVO,16.0,512.0,0.0,Windows 11 Famille,,,14.0,AMD,,,,,,,,,
televiseurs,https://www.mytek.tn/tv-telefunken-65-smart-google-tv-g7ep-4k-recepteur-integre.html,3099.0,TV TELEFUNKEN 65'' Mini LED Smart Google Tv G7EP 4K + Récepteur intégré,TELEFUNKEN,,,,Inconnu,,0.0,65.0,,0.0,0.0,0.0,4K,Mini-LED,True,True,70.0,0.0
telephones_portables,https://www.mytek.tn/telephone-portable-x-tigi-kids1-bleu.html,69.9,Téléphone Portable X-TIGI Kids1 - Bleu,X-TIGI,0.0625,32.0,,Sans Système,,,2.0,,,,1.0,,,,,,
smartphones,https://www.mytek.tn/smartphone-oppo-a5-4g-6go-128go-blanc-brumeux.html,699.0,Smartphone OPPO A5 4G 6Go 128Go - Blanc brumeux,OPPO,6.0,128.0,,Android,0.0,1.0,6.67,Qualcomm,1.0,0.0,1.0,,,,,,
pc_portables,https://www.mytek.tn/pc-portable-asus-vivobook-15-x1504va-intel-core-5-120u-16g-512g-ssd-silver.html,2295.0,PC Portable ASUS Vivobook 15 X1504VA Intel Core 5 120U 16G 512G SSD - Silver,ASUS,16.0,512.0,5.0,Windows 11 Famille,,,15.6,Intel,,,,,,,,,
pc_portables,https://www.mytek.tn/pc-portable-gamer-dell-alienware-16x-aurora-ultra-7-255hx-32go-rtx-5060.html,6199.0,PC Portable Gamer DELL Alienware 16X Aurora Ultra 7 255HX 32Go RTX 5060,DELL,32.0,1024.0,0.0,Windows 11 Famille,,,16.0,Intel,,,,,,,,,
smartphones,https://www.mytek.tn/smartphone-oscal-flat-2-4go-128go-bleu.html,329.0,Smartphone OSCAL Flat 2 12Go 128Go - Bleu,OSCAL,4.0,2048.0,,Android,0.0,1.0,6.56,Autre,1.0,0.0,1.0,,,,,,
telephones_portables,https://www.mytek.tn/telephone-portable-nokia-105-crazy-5-noir.html,59.0,Téléphone Portable NOKIA 105 CRAZY 5 - Noir,NOKIA,0.00390625,32.0,,Inconnu,,,1.77,,,,0.0,,,,,,
pc_portables,https://www.mytek.tn/pc-portable-msi-modern-15-f1m-intel-core-7-150u-24go-512go-ssd.html,2805.0,Pc Portable MSI Modern 15 F1M Intel Core 7 150U 24Go 512Go SSD,MSI,24.0,512.0,7.0,FreeDos,,,15.6,Intel,,,,,,,,,
pc_bureau,https://www.mytek.tn/pc-de-bureau-gamer-mytek-i7-12e-gen-16g-rtx-5060-8g.html,4369.0,Pc de Bureau Gamer MYTEK i7 12è Gén 16G RTX 5060 8G,MSI,16.0,1024.0,7.0,FreeDos,0.0,0.0,,,,,,,,,,,
pc_bureau,https://www.mytek.tn/pc-de-bureau-asus-expertcenter-p500mv-i5-13e-gen-16g-512g-ssd-gris.html,2139.0,Pc de Bureau ASUS ExpertCenter P500MV i5 13è Gén 16G 512G SSD - Gris,ASUS,16.0,512.0,5.0,FreeDos,0.0,1.0,,,,,,,,,,,
pc_bureau,https://www.mytek.tn/pc-de-bureau-gamer-mytek-i5-12e-gen-16go-rtx-5060-8g.html,3059.0,Pc de Bureau Gamer MYTEK i5 12è Gén 16Go RTX 5060 8G,MSI,16.0,1024.0,5.0,FreeDos,0.0,0.0,,,,,,,,,,,
pc_bureau,https://www.mytek.tn/pc-de-bureau-all-in-one-lenovo-a100-intel-n100-8go-256g-ssd.html,1469.0,PC de Bureau ALL IN ONE LENOVO A100 Intel N100 8Go 256G SSD,LENOVO,8.0,256.0,0.0,Windows 11 Pro,0.0,1.0,,,,,,,,,,,
smartphones,https://www.mytek.tn/smartphone-oscal-flat-2-6go-256go-noir.html,399.0,Smartphone OSCAL Flat 2 18Go 256Go - Noir,OSCAL,6.0,2048.0,,Android,0.0,1.0,6.56,Autre,1.0,0.0,1.0,,,,,,
pc_bureau,https://www.mytek.tn/pc-de-bureau-gamer-mytek-i7-12e-gen-16go-rtx-5060-ti-16g.html,4339.0,Pc de Bureau Gamer MYTEK i7 12è Gén 16Go RTX 5060 Ti 16G,MSI,16.0,1024.0,7.0,FreeDos,0.0,0.0,,,,,,,,,,,
pc_portables,https://www.mytek.tn/pc-portable-hp-15-fd1108nk-intel-core-5-120u-16go-512go-ssd-silver.html,2159.0,PC Portable HP 15-fd1108nk Intel Core 5 120U 16Go 512Go SSD - Silver,HP,16.0,512.0,5.0,FreeDos,,,15.6,Intel,,,,,,,,,
televiseurs,https://www.mytek.tn/tv-maxwell-65-mg60sb-qled-4k-smart-google-tv-recepteur-integre-avec-barre-de-son-noir.html,2189.0,"Tv  MAXWELL 65"" MG60SB QLed 4K Smart Google Tv Récepteur Intègre avec barre de son - Noir",MAXWELL,,,,Android TV,,1.0,65.0,,0.0,0.0,1.0,4K,QLED,True,True,50.0,0.0
pc_bureau,https://www.mytek.tn/pc-de-bureau-gamer-mytek-i7-12e-gen-32g-rtx-5060ti-16g.html,5119.0,Pc de Bureau Gamer MYTEK i7 12è Gén 32G RTX 5060Ti 16G,MSI,32.0,1024.0,7.0,FreeDos,0.0,0.0,,,,,,,,,,,
smartphones,https://www.mytek.tn/smartphone-samsung-galaxy-a36-5g-8go-256go-noir.html,1549.0,Smartphone SAMSUNG Galaxy A36 5G 16Go 256Go - Noir,SAMSUNG,16.0,256.0,,Android,1.0,1.0,6.7,Autre,0.0,0.0,1.0,,,,,,
pc_bureau,https://www.mytek.tn/pc-de-bureau-gamer-mytek-i5-14e-gen-32go-rtx5060-ti-16g.html,4779.0,Pc de Bureau Gamer MYTEK i5 14è Gén 32Go RTX5060 Ti 16G,MYTEK,32.0,1024.0,5.0,FreeDos,0.0,0.0,,,,,,,,,,,
televiseurs,https://www.mytek.tn/tv-tcl-40-s5k-qled-full-hd-smart.html,899.0,Tv TCL 40'' S5K QLED  Full HD SMART + Récepteur intégré,TCL,,,,Google TV,,1.0,40.0,,0.0,0.0,1.0,Full HD,QLED,True,True,60.0,1.0
smartphones,https://www.mytek.tn/smartphone-lesia-young-2-4go-32go-vert.html,209.9,Smartphone LESIA YOUNG 2 4Go 32Go - Vert,LESIA,2.0,32.0,,Android,0.0,0.0,6.56,Autre,0.0,0.0,0.0,,,,,,
telephones_portables,https://www.mytek.tn/telephone-portable-smartec-v2-bleu.html,39.0,Téléphone Portable SMARTEC V2 - Bleu,SMARTEC,0.03125,32.0,,Inconnu,,,2.0,,,,1.0,,,,,,
pc_portables,https://www.mytek.tn/pc-portable-lenovo-v15-g2-ijl-intel-celeron-n4500-16go-256g-ssd-noir.html,1369.0,PC Portable LENOVO V15 G2 IJL Intel Celeron N4500 16Go 256G SSD - Noir,LENOVO,16.0,256.0,0.0,Windows 11 Pro,,,15.6,Intel,,,,,,,,,
pc_bureau,https://www.mytek.tn/pc-de-bureau-gamer-mytek-i7-14e-gen-32go-rtx-5070-ti-16g.html,7699.0,Pc de Bureau Gamer MYTEK i7 14è Gén 32Go RTX 5070 Ti 16G,MYTEK,32.0,1024.0,7.0,FreeDos,0.0,1.0,,,,,,,,,,,
pc_portables,https://www.mytek.tn/pc-portable-lenovo-thinkbook-16p-g6-iax-ultra-9-275hx-32go-rtx-5060.html,8199.0,PC Portable LENOVO ThinkBook 16p G6 IAX Ultra 9 275HX 32Go RTX 5060,LENOVO,32.0,512.0,0.0,Windows 11 Pro,,,16.0,Intel,,,,,,,,,
pc_portables,https://www.mytek.tn/pc-portable-dell-15-i5-13e-gen-12go-512go-ssd-noir.html,1819.0,PC Portable DELL 15 i5 13è Gén 12Go 512Go SSD - Noir,DELL,12.0,512.0,5.0,FreeDos,,,15.6,Intel,,,,,,,,,
smartphones,https://www.mytek.tn/smartphone-xiaomi-redmi-15c-4go-128go-noir-de-minuit.html,529.0,Smartphone XIAOMI Redmi 15C 4Go 128Go - Noir De Minuit,XIAOMI,4.0,128.0,,Android,0.0,1.0,6.9,MediaTek,1.0,0.0,1.0,,,,,,
smartphones,https://www.mytek.tn/smartphone-samsung-galaxy-a17-5g-8go-256go-bleu.html,1199.0,Smartphone SAMSUNG GALAXY A17 5G 16Go 256Go - Bleu,SAMSUNG,16.0,256.0,,Android,1.0,1.0,6.7,Samsung Exynos,0.0,0.0,1.0,,,,,,
pc_portables,https://www.mytek.tn/pc-portable-dell-pro-16-plus-ultra-5-235u-16go-512go-ssd-gris.html,3499.0,PC Portable DELL Pro 16 Plus Ultra 5 235U 16Go 512Go SSD - Gris,DELL,16.0,512.0,0.0,FreeDos,,,16.0,Intel,,,,,,,,,
smartphones,https://www.mytek.tn/smartphone-infinix-smart-20-4go-128go-polaris-titanium.html,429.0,Smartphone INFINIX Smart 20 8Go 128Go - POLARIS TITANIUM,INFINIX,4.0,128.0,,Android,0.0,0.0,6.78,MediaTek,1.0,0.0,1.0,,,,,,
pc_bureau,https://www.mytek.tn/pc-de-bureau-gamer-mytek-i7-14e-gen-32go-rtx5060-ti-16g.html,5449.0,Pc de Bureau Gamer MYTEK i7 14è Gén 32Go RTX5060 Ti 16G,MYTEK,32.0,1024.0,7.0,FreeDos,1.0,0.0,,,,,,,,,,,
pc_portables,https://www.mytek.tn/pc-portable-gamer-gigabyte-a16-3vh-amd-ryzen-7-32go-rtx-5060.html,5479.0,PC Portable Gamer GIGABYTE A16 3VH AMD RYZEN 7 32Go RTX 5060,GIGABYTE,32.0,1024.0,0.0,FreeDos,,,16.0,AMD,,,,,,,,,
pc_portables,https://www.mytek.tn/pc-portable-hp-15-fd0438nk-i3-13e-gen-16go-512go-ssd-noir.html,1829.0,PC Portable HP 15-fd0438nk i3 13è Gén 16Go 512Go SSD - Noir,HP,16.0,512.0,3.0,FreeDos,,,15.6,Intel,,,,,,,,,
pc_bureau,https://www.mytek.tn/pc-de-bureau-gamer-mytek-amd-ryzen-7-32go-rtx5060-ti-16g.html,6149.0,Pc de Bureau Gamer MYTEK AMD RYZEN 7 32Go RTX5060 Ti 16G,MYTEK,32.0,1024.0,0.0,FreeDos,0.0,1.0,,,,,,,,,,,
smartphones,https://www.mytek.tn/smartphone-lesia-young-2-4go-32go-purple.html,209.9,Smartphone LESIA YOUNG 2   4Go 32Go - Purple,LESIA,2.0,32.0,,Android,0.0,0.0,6.56,Autre,0.0,0.0,0.0,,,,,,
telephones_portables,https://www.mytek.tn/telephone-portable-itel-it2165-noir.html,35.0,Téléphone Portable ITEL it2165 - Noir,ITEL,12.8046875,32.0,,Autres,,,1.8,,,,0.0,,,,,,
televiseurs,https://www.mytek.tn/tv-thomson-43-43ug5c14-4k-uhd-side-feet-google-tv-noir.html,1149.0,"TV Thomson 43"" 43UG5C14 4K UHD Side Feet Google Tv - Noir",THOMSON,,,,Google TV,,1.0,43.0,,0.0,0.0,1.0,4K,QLED,True,True,60.0,1.0
televiseurs,https://www.mytek.tn/tv-samsung-85-qled-q7f-4k-vision-ai-smart-tv-2025.html,7899.0,TV SAMSUNG 85'' QLED Q7F 4K Vision AI Smart TV,SAMSUNG,,,,Tizen,,1.0,85.0,,0.0,0.0,1.0,4K,QLED,True,True,88.8,1.0
pc_portables,https://www.mytek.tn/pc-portable-asus-expertbook-p1503-i5-13e-gen-8g-512go-ssd-gris.html,1799.0,PC Portable ASUS ExpertBook P1503 i5 13è Gén 8G 512Go SSD - Gris,ASUS,8.0,512.0,5.0,FreeDos,,,15.6,Intel,,,,,,,,,
televiseurs,https://www.mytek.tn/televiseur-iffalcon-s55-40-led-full-hd-smart-tv-noir.html,749.0,"Téléviseur IFFALCON S55 40"" LED Full HD Smart TV - Noir",IFFALCON,,,,Android TV,,1.0,40.0,,0.0,0.0,1.0,Full HD,LED,True,True,60.0,1.0
smartphones,https://www.mytek.tn/smartphone-lesia-young-3-2-2-go-32go-rose.html,229.9,Smartphone LESIA YOUNG 3  2+2 Go 32Go - Rose,LESIA,4.0,32.0,,Android,0.0,0.0,6.56,Autre,1.0,0.0,0.0,,,,,,
smartphones,https://www.mytek.tn/smartphone-xiaomi-redmi-15c-4go-128go-5g-noir-de-minuit.html,699.0,Smartphone XIAOMI Redmi 15C 4Go 128Go 5G -  Noir De Minuit,XIAOMI,4.0,128.0,,Android,1.0,0.0,6.09,MediaTek,0.0,0.0,1.0,,,,,,
pc_portables,https://www.mytek.tn/pc-portable-dell-pro-15-essential-intel-core-3-100u-8go-512go-ssd-noir.html,1499.0,PC Portable DELL Pro 15 Essential Intel Core 3 100U 8Go 512Go SSD - Noir,DELL,8.0,512.0,3.0,FreeDos,,,15.6,Intel,,,,,,,,,
pc_portables,https://www.mytek.tn/pc-portable-dell-15-i7-13e-gen-16go-512go-ssd-noir.html,2499.0,PC Portable DELL 15 i7 13è Gén 16Go 512Go SSD - Noir,DELL,16.0,512.0,7.0,FreeDos,,,15.6,Intel,,,,,,,,,
televiseurs,https://www.mytek.tn/tv-thomson-65-65qg7c14-qled-pro-uhd-4k-google-tv-noir.html,3149.0,"TV Thomson 65"" 65QG7C14 QLED Pro UHD 4K  Google Tv - Noir",THOMSON,,,,Google TV,,1.0,65.0,,0.0,0.0,1.0,4K,QLED,True,True,144.0,1.0
smartphones,https://www.mytek.tn/smartphone-lesia-young-6-2go-16go-noir.html,189.9,Smartphone LESIA YOUNG 6  4Go 16Go - Noir,LESIA,2.0,16.0,,Android,0.0,0.0,6.0,Autre,0.0,0.0,0.0,,,,,,
pc_bureau,https://www.mytek.tn/pc-de-bureau-gamer-mytek-i5-14e-gen-32go-rtx-5060-8g.html,3679.0,Pc de Bureau Gamer MYTEK i5 14è Gén 32Go RTX 5060 8G,MSI,32.0,1024.0,5.0,FreeDos,0.0,0.0,,,,,,,,,,,
pc_portables,https://www.mytek.tn/pc-portable-gamer-msi-cyborg-15-a13ve-i7-13e-gen-16g-rtx4050.html,3479.0,PC Portable Gamer MSI Cyborg 15 A13VE i7 13è Gén 16G RTX4050,MSI,16.0,512.0,7.0,FreeDos,,,15.6,Intel,,,,,,,,,
pc_portables,https://www.mytek.tn/pc-portable-asus-vivobook-16-x1605va-intel-core-9-270h-16go-512go-ssd-noir.html,3059.0,PC Portable ASUS Vivobook 16 X1605VA Intel Core 9 270H 16Go 512Go SSD - Noir,ASUS,16.0,512.0,9.0,Windows 11 Famille,,,16.0,Intel,,,,,,,,,
pc_portables,https://www.mytek.tn/pc-portable-gamer-asus-tuf-gaming-a16-amd-ryzen-7-16g-rtx-5050.html,5769.0,PC Portable Gamer ASUS TUF Gaming A16 AMD RYZEN 7 16G RTX 5050,ASUS,16.0,1024.0,0.0,Windows 11 Famille,,,16.0,AMD,,,,,,,,,
smartphones,https://www.mytek.tn/smartphone-honor-400-lite-5g-8go-256go-gris.html,959.0,Smartphone Honor 400 Lite 5G 8Go 256Go - Gris,HONOR,8.0,256.0,,Android,1.0,1.0,6.7,MediaTek,0.0,0.0,1.0,,,,,,
pc_portables,https://www.mytek.tn/pc-portable-gamer-asus-v16-v3607vj-intel-core-7-240h-8g-rtx-3050.html,2829.0,PC Portable Gamer ASUS V16 V3607VJ Intel Core 7 240H 8G RTX 3050,ASUS,8.0,512.0,7.0,Windows 11 Pro,,,16.0,Intel,,,,,,,,,
pc_bureau,https://www.mytek.tn/pc-de-bureau-all-in-one-hp-proone-240-g10-i3-n300-16go-256go-ssd-noir.html,3619.0,PC de Bureau All In One HP ProOne 240 G10 i3 N300 16Go 256Go SSD - Noir,HP,16.0,256.0,3.0,FreeDos,0.0,1.0,,,,,,,,,,,
pc_portables,https://www.mytek.tn/pc-portable-gamer-asus-vivobook-16x-i5-13e-gen-8g-rtx3050.html,2389.0,PC Portable Gamer ASUS Vivobook 16X i5 13è Gén 8G RTX3050,ASUS,8.0,512.0,5.0,Windows 11 Pro,,,16.0,Intel,,,,,,,,,
pc_bureau,https://www.mytek.tn/pc-de-bureau-gamer-mytek-amd-ryzen-7-32go-rtx-5070-12g.html,6049.0,Pc de Bureau Gamer MYTEK AMD Ryzen 7 32Go RTX 5070 12G,MSI,32.0,1024.0,7.0,FreeDos,0.0,0.0,,,,,,,,,,,
pc_portables,https://www.mytek.tn/pc-portable-gamer-asus-v16-v3607vu-intel-core-5-210h-8g-rtx4050.html,3099.0,PC Portable Gamer ASUS V16 V3607VU Intel Core 5 210H 8G RTX4050,ASUS,8.0,512.0,5.0,Windows 11 Pro,,,16.0,Intel,,,,,,,,,
smartphones,https://www.mytek.tn/smartphone-honor-x7d-5g-6go-128go-velvet-black.html,639.0,Smartphone HONOR X7D 5G  6Go 128Go - Velvet Black,HONOR,6.0,128.0,,Android,1.0,1.0,6.77,Qualcomm,0.0,0.0,1.0,,,,,,
pc_bureau,https://www.mytek.tn/pc-de-bureau-asus-expertcenter-p500mv-i7-13e-gen-16go-512go-ssd-gris.html,2399.0,Pc de Bureau ASUS ExpertCenter P500MV i7 13è Gén 16Go 512Go SSD - Gris,ASUS,16.0,512.0,7.0,FreeDos,0.0,1.0,,,,,,,,,,,
pc_bureau,https://www.mytek.tn/pc-de-bureau-gamer-mytek-i7-12e-gen-32g-zotac-rtx-5070-12go.html,5449.0,Pc de Bureau Gamer MYTEK i7 12è Gén 32G ZOTAC RTX 5070 12Go,MYTEK,32.0,1024.0,7.0,FreeDos,0.0,0.0,,,,,,,,,,,
pc_portables,https://www.mytek.tn/pc-portable-gamer-lenovo-loq-15irx9-i7-13eme-gen-32g-rtx4050.html,4679.0,PC Portable Gamer LENOVO LOQ 15IRX9 i7 13ème Gén 32G RTX4050,LENOVO,32.0,512.0,7.0,Windows 11 Famille,,,15.6,Intel,,,,,,,,,
pc_portables,https://www.mytek.tn/pc-portable-hp-omnibook-5-flip-2-in-1-14-fp0005nk-i5-13e-gen-16go-512go-ssd.html,3799.0,PC Portable HP OmniBook 5 Flip 2-in-1 14-fp0005nk i5 13è Gén 16Go 512Go SSD,HP,16.0,512.0,5.0,Windows 11 Famille,,,14.0,Intel,,,,,,,,,
smartphones,https://www.mytek.tn/smartphone-tecno-spark-30-5g-4-go-128-go-midnight-shadow.html,559.0,Smartphone TECNO Spark 30 5G 4 Go 128 Go - midnight shadow,TECNO,4.0,128.0,,Android,1.0,1.0,6.67,MediaTek,1.0,0.0,1.0,,,,,,
pc_portables,https://www.mytek.tn/pc-portable-hp-probook-4-g1i-ultra-7-255u-16go-512go-ssd.html,3625.0,Pc Portable HP ProBook 4 G1i Ultra 7 255U 16Go 512Go SSD,HP,16.0,512.0,0.0,FreeDos,,,14.0,Intel,,,,,,,,,
pc_portables,https://www.mytek.tn/pc-portable-gamer-msi-thin-15-b13udx-i7-13e-gen-24g-rtx3050.html,3079.0,PC Portable Gamer MSI Thin 15 B13UDX i7 13è Gén 24G RTX3050,MSI,24.0,512.0,7.0,FreeDos,,,15.6,Intel,,,,,,,,,
pc_portables,https://www.mytek.tn/pc-portable-hp-15-fd0438nk-i3-13e-gen-8g-512go-ssd-noir.html,1729.0,PC Portable HP 15-fd0438nk i3 13è Gén 8G 512Go SSD - Noir,HP,8.0,512.0,3.0,Windows 11 Pro,,,15.6,Intel,,,,,,,,,
smartphones,https://www.mytek.tn/smartphone-infinix-note-60-edge-5g-16go-256go-silk-green.html,1129.0,Smartphone Infinix Note 60 Edge 5G 16Go 256Go - Silk Green,INFINIX,16.0,256.0,,Android,1.0,1.0,6.78,MediaTek,0.0,0.0,1.0,,,,,,
telephones_portables,https://www.mytek.tn/telephone-portable-clever-c4-blanc.html,32.9,Téléphone Portable Clever C4 -Blanc,CLEVER,16.0,32.0,,Sans Système,,,1.77,,,,1.0,,,,,,
pc_portables,https://www.mytek.tn/pc-portable-gamer-asus-vivobook-16x-i5-13e-gen-16g-rtx3050.html,2599.0,PC Portable Gamer ASUS Vivobook 16X i5 13è Gén 16G RTX3050,ASUS,16.0,512.0,5.0,Windows 11 Pro,,,16.0,Intel,,,,,,,,,
pc_bureau,https://www.mytek.tn/pc-de-bureau-dell-vostro-3030-i3-12e-gen-16g-512go-ssd-noir.html,1635.0,PC de Bureau DELL VOSTRO 3030 i3 12è Gén 16G 512Go SSD - Noir,DELL,16.0,512.0,3.0,FreeDos,0.0,1.0,,,,,,,,,,,
televiseurs,https://www.mytek.tn/tv-samsung-50-crystal-uhd-u8000f-4k-smart-tv-2025.html,1599.0,TV SAMSUNG U8000F 50'' Crystal UHD 4K Smart TV - Noir,SAMSUNG,,,,Tizen,,1.0,50.0,,0.0,0.0,1.0,4K,QLED,True,True,84.8,1.0
pc_portables,https://www.mytek.tn/pc-portable-dell-pro-15-essential-i7-13e-gen-16g-512go-ssd-noir.html,2915.0,PC Portable DELL Pro 15 Essential i7 13è Gén 16G 512Go SSD - Noir,DELL,16.0,512.0,7.0,FreeDos,,,15.6,Intel,,,,,,,,,
pc_bureau,https://www.mytek.tn/pc-de-bureau-pro-mytek-amd-ryzen-3-8g-500g-ssd-noir.html,979.0,Pc de Bureau Pro MYTEK AMD RYZEN 3 8G 500G SSD - Noir,MYTEK,8.0,500.0,0.0,FreeDos,0.0,0.0,,,,,,,,,,,
pc_bureau,https://www.mytek.tn/pc-de-bureau-gamer-mytek-amd-ryzen-5-32go-rtx5060-8g.html,4749.0,Pc de Bureau Gamer MYTEK AMD RYZEN 5 32Go RTX5060 8G,MSI,32.0,1024.0,0.0,FreeDos,0.0,0.0,,,,,,,,,,,
televiseurs,https://www.mytek.tn/tv-iffalcon-43-smart-s55-full-hd.html,899.0,TV iFFALCON 43'' Smart S55 Full HD,IFFALCON,,,,Google TV,,1.0,43.0,,0.0,0.0,1.0,Full HD,QLED,True,True,60.0,1.0
pc_portables,https://www.mytek.tn/pc-portable-gamer-msi-cyborg-15-a13ve-i5-13e-gen-32go-rtx-4050.html,4299.0,PC Portable Gamer MSI Cyborg 15 A13VE i5 13è Gén 32Go RTX 4050,MSI,32.0,512.0,5.0,FreeDos,,,15.6,Intel,,,,,,,,,
televiseurs,https://www.mytek.tn/tv-samsung-43-fhd-f6000f-smart-tv-2025.html,1049.0,TV SAMSUNG 43'' FHD F6000F Smart TV (2025),SAMSUNG,,,,Tizen,,1.0,43.0,,0.0,0.0,0.0,Full HD,QLED,True,True,60.0,1.0
pc_portables,https://www.mytek.tn/pc-portable-lenovo-ideapad-slim-3-15irh10-i5-13eme-gen-16g-512g-ssd-gris.html,2205.0,PC Portable LENOVO IdeaPad Slim 3 15IRH10 i5 13ème Gén 16G 512G SSD - Gris,LENOVO,16.0,512.0,5.0,FreeDos,,,15.3,Intel,,,,,,,,,
pc_bureau,https://www.mytek.tn/pc-de-bureau-all-in-one-hp-24-cr0057nk-amd-ryzen-5-8go-512go-ssd-noir.html,2599.0,PC de Bureau All In One HP 24-cr0057nk AMD Ryzen 5 8Go 512Go SSD - Noir,HP,8.0,512.0,0.0,FreeDos,0.0,1.0,,,,,,,,,,,
pc_portables,https://www.mytek.tn/pc-portable-hp-15-fc0180nk-amd-ryzen-3-8go-512go-ssd-silver.html,1599.0,PC Portable HP 15-fc0180nk AMD RYZEN 3 8Go 512Go SSD - Silver,HP,8.0,512.0,0.0,FreeDos,,,15.6,AMD,,,,,,,,,
pc_portables,https://www.mytek.tn/pc-portable-asus-expertbook-p1503-i5-13eme-gen-8g-512go-ssd-gris.html,1859.0,PC Portable ASUS ExpertBook P1503 i5 13ème Gén 8G 512Go SSD - Gris,ASUS,8.0,512.0,5.0,FreeDos,,,15.6,Intel,,,,,,,,,
pc_bureau,https://www.mytek.tn/pc-de-bureau-all-in-one-asus-p440vak-intel-core-5-210h-8go-512go-ssd.html,2269.0,PC de Bureau ALL IN ONE ASUS P440VAK Intel Core 5 210H 8Go 512Go SSD,ASUS,8.0,512.0,5.0,FreeDos,0.0,1.0,,,,,,,,,,,
pc_portables,https://www.mytek.tn/pc-portable-gamer-asus-vivobook-16x-i5-13e-gen-8go-rtx3050.html,2339.0,PC Portable Gamer ASUS Vivobook 16X i5 13è Gén 8Go RTX3050,ASUS,8.0,512.0,5.0,Windows 11 Famille,,,16.0,Intel,,,,,,,,,
pc_portables,https://www.mytek.tn/pc-portable-gamer-msi-cyborg-17-b2rw-intel-core-7-240h-8go-rtx-5050.html,4299.0,PC Portable Gamer MSI Cyborg 17 B2RW Intel Core 7 240H 8Go RTX 5050,MSI,8.0,512.0,7.0,FreeDos,,,17.3,Intel,,,,,,,,,
pc_portables,https://www.mytek.tn/pc-portable-gamer-msi-thin-15-b13ucx-i7-13e-gen-16go-rtx-2050.html,2675.0,PC Portable Gamer MSI Thin 15 B13UCX i7 13è Gén 16Go RTX 2050,MSI,16.0,512.0,7.0,FreeDos,,,15.6,Intel,,,,,,,,,
smartphones,https://www.mytek.tn/smartphone-samsung-galaxy-a37-5g-8go-128go-awesome-charcoal.html,1799.0,Smartphone Samsung Galaxy A37 5G 16Go 128Go - Awesome Charcoal,SAMSUNG,16.0,128.0,,Android,1.0,0.0,6.7,Samsung Exynos,0.0,1.0,1.0,,,,,,
pc_portables,https://www.mytek.tn/pc-portable-dell-pro-15-essential-amd-ryzen-5-8g-512go-ssd-noir.html,2149.0,PC Portable DELL Pro 15 Essential AMD RYZEN 5 8G 512Go SSD - Noir,DELL,8.0,512.0,0.0,Windows 11 Pro,,,15.6,AMD,,,,,,,,,
smartphones,https://www.mytek.tn/smartphone-vivo-v70-fe-5g-12go-256go-ocean-blue.html,1699.0,Smartphone VIVO V70 FE 5G 12Go 256Go - Ocean Blue,VIVO,12.0,256.0,,Android,1.0,1.0,6.83,MediaTek,0.0,0.0,1.0,,,,,,
telephones_portables,https://www.mytek.tn/telephone-portable-uniwa-e1802-gold.html,49.0,Téléphone Portable UNIWA E1802 - Gold,UNIWA,0.02421875,32.0,,Autres,,,2.4,,,,0.0,,,,,,
pc_portables,https://www.mytek.tn/pc-portable-lenovo-thinkpad-l13-2en1-gen-6-ultra-7-255u-16go-512go-ssd-gris.html,6699.0,PC Portable LENOVO ThinkPad L13 2En1 Gen 6 Ultra 7 255U 16Go 512Go SSD - Gris,LENOVO,16.0,512.0,0.0,Windows 11 Pro,,,13.3,Intel,,,,,,,,,
pc_portables,https://www.mytek.tn/pc-portable-hp-15-fd0669nk-intel-core-5-120u-16go-512go-ssd-silver.html,2299.0,PC Portable HP 15-fd0669nk Intel Core 5 120U 16Go 512Go SSD - Silver,HP,16.0,512.0,5.0,FreeDos,,,15.6,Intel,,,,,,,,,
televiseurs,https://www.mytek.tn/tv-tcl-50-smart-p7k-qled-uhd-4k.html,1599.0,TV TCL 50'' Smart P7K QLED UHD 4K,TCL,,,,Google TV,,1.0,50.0,,0.0,0.0,1.0,4K,QLED,True,True,60.0,1.0
pc_bureau,https://www.mytek.tn/pc-de-bureau-lenovo-thinkcentre-neo-50q-gen-5-intel-core-5-210h-8g-512g-ssd.html,1939.0,PC de Bureau LENOVO ThinkCentre néo 50Q Gen 5 Intel Core 5 210H 8G 512G SSD,LENOVO,8.0,512.0,5.0,FreeDos,0.0,1.0,,,,,,,,,,,
pc_portables,https://www.mytek.tn/pc-portable-asus-vivobook-15-x1502va-i5-13e-gen-8g-512g-ssd-bleu.html,1799.0,PC Portable ASUS Vivobook 15 X1502VA i5 13è Gén 8G 512G SSD - Bleu,ASUS,8.0,512.0,5.0,Windows 11 Famille,,,15.6,Intel,,,,,,,,,
pc_portables,https://www.mytek.tn/pc-portable-lenovo-thinkpad-e14-gen-7-ultra-7-255h-16g-512go-ssd-noir.html,4159.0,PC Portable LENOVO ThinkPad E14 Gen 7 Ultra 7 255H 16G 512Go SSD - Noir,LENOVO,16.0,512.0,0.0,FreeDos,,,14.0,Intel,,,,,,,,,
televiseurs,https://www.mytek.tn/tv-samsung-55-qled-4k-uhd-q70dau-smart-tv-noir.html,3099.0,"TV SAMSUNG 55"" QLED 4K UHD Q70DAU Smart TV - Noir",SAMSUNG,,,,Tizen,,1.0,55.0,,0.0,0.0,1.0,4K,QLED,True,True,100.0,1.0
smartphones,https://www.mytek.tn/smartphone-infinix-note-60-pro-5g-12go-256go-titanium.html,1569.0,Smartphone Infinix Note 60 Pro 5G 12Go 256Go - Titanium,INFINIX,12.0,256.0,,Android,1.0,1.0,6.78,Qualcomm,1.0,0.0,1.0,,,,,,
smartphones,https://www.mytek.tn/smartphone-honor-x6c-12go-128go-4g-cyan.html,499.0,Smartphone HONOR  X6C 12Go 128Go 4G - Cyan,HONOR,6.0,128.0,,Android,0.0,1.0,6.61,MediaTek,1.0,0.0,1.0,,,,,,
smartphones,https://www.mytek.tn/smartphone-honor-x7d-5g-8go-256go-desert-gold.html,799.0,Smartphone HONOR X7D 5G  8Go 256Go - Desert Gold,HONOR,8.0,256.0,,Android,1.0,1.0,6.77,Qualcomm,0.0,0.0,1.0,,,,,,
pc_portables,https://www.mytek.tn/pc-portable-gamer-asus-vivobook-16x-i5-13e-gen-24g-rtx3050.html,2799.0,PC Portable Gamer ASUS Vivobook 16X i5 13è Gén 24G RTX3050,ASUS,24.0,512.0,5.0,Windows 11 Pro,,,16.0,Intel,,,,,,,,,
pc_bureau,https://www.mytek.tn/pc-de-bureau-gamer-mytek-amd-ryzen-5-32go-rtx-5050-8go.html,2819.0,Pc de Bureau Gamer MYTEK AMD RYZEN 5 32Go RTX 5050 8Go,MYTEK,32.0,500.0,0.0,FreeDos,0.0,0.0,,,,,,,,,,,
pc_portables,https://www.mytek.tn/pc-portable-gamer-hp-victus-15-fb3008nk-amd-ryzen-5-24g-rtx-2050.html,3149.0,PC Portable Gamer HP Victus 15-fb3008nk AMD RYZEN 5 24G RTX 2050,HP,24.0,512.0,0.0,Windows 11 Famille,,,15.6,AMD,,,,,,,,,
pc_portables,https://www.mytek.tn/pc-portable-gamer-hp-victus-15-fb3008nk-amd-ryzen-5-24go-rtx-2050.html,3149.0,PC Portable Gamer HP Victus 15-fb3008nk AMD RYZEN 5 24Go RTX 2050,HP,24.0,512.0,0.0,Windows 11 Famille,,,15.6,AMD,,,,,,,,,
pc_portables,https://www.mytek.tn/pc-portable-gamer-msi-cyborg-15-a13ve-i5-13e-gen-16g-rtx4050.html,3379.0,PC Portable Gamer MSI Cyborg 15 A13VE i5 13è Gén 16G RTX4050,MSI,16.0,512.0,5.0,FreeDos,,,15.6,Intel,,,,,,,,,
pc_portables,https://www.mytek.tn/pc-portable-hp-probook-4-g1ir-intel-core-5-120u-16go-512g-ssd.html,3259.0,Pc Portable HP ProBook 4 G1iR Intel Core 5 120U 16Go 512G SSD,HP,16.0,512.0,5.0,FreeDos,,,16.0,Intel,,,,,,,,,
televiseurs,https://www.mytek.tn/tv-tcl-55-qled-p8k-4k-google-tv.html,1969.0,Tv TCL 55'' QLED P8K 4K Google TV,TCL,,,,Google TV,,1.0,55.0,,0.0,0.0,1.0,4K,QLED,True,True,144.0,0.0
pc_portables,https://www.mytek.tn/pc-portable-gamer-lenovo-loq-15iax9-i5-12eme-gen-8g-rtx-3050.html,2499.0,PC Portable Gamer LENOVO LOQ 15IAX9 i5 12ème Gén 8G RTX 3050,LENOVO,8.0,512.0,5.0,Windows 11 Famille,,,15.6,Intel,,,,,,,,,
televiseurs,https://www.mytek.tn/tv-telefunken-43-smart-google-tv-qled-e3fq-recepteur-integre.html,879.0,TV TELEFUNKEN 43'' Smart Google TV QLED E3FQ + Récepteur Intégré,TELEFUNKEN,,,,Google TV,,1.0,43.0,,0.0,0.0,1.0,Full HD,QLED,True,True,60.0,1.0
pc_portables,https://www.mytek.tn/pc-portable-bmax-maxbook-x15-pro-intel-n95-12e-gen-16go-512go-ssd.html,1099.0,PC Portable BMAX MaxBook X15 Pro Intel N95 12è Gén 16Go 512Go SSD,BMAX,16.0,512.0,0.0,Windows 11 Pro,,,15.6,Intel,,,,,,,,,
smartphones,https://www.mytek.tn/smartphone-xiaomi-redmi-note-14-8go-128go-ocean-blue.html,749.0,Smartphone Xiaomi Redmi Note 14 4G 8Go 128Go - Océan blue,XIAOMI,8.0,128.0,,Android,0.0,0.0,6.67,Autre,1.0,0.0,0.0,,,,,,
smartphones,https://www.mytek.tn/smartphone-samsung-galaxy-s26-5g-12go-256go-noir.html,3999.0,Smartphone SAMSUNG GALAXY S26 5G 12Go 256Go - Noir,SAMSUNG,12.0,256.0,,Android,1.0,1.0,6.3,Samsung Exynos,1.0,0.0,1.0,,,,,,
smartphones,https://www.mytek.tn/smartphone-samsung-galaxy-s26-5g-12go-256g-bleu-ciel.html,3999.0,Smartphone SAMSUNG GALAXY S26 5G 12Go 256Go -Bleu Ciel,SAMSUNG,12.0,256.0,,Android,1.0,1.0,6.3,Samsung Exynos,1.0,0.0,1.0,,,,,,
telephones_portables,https://www.mytek.tn/telephone-portable-uniwa-e1803-gris.html,36.9,TÉLÉPHONE PORTABLE UNIWA E1803 - Gris,UNIWA,16.0,32.0,,Autres,,,1.77,,,,0.0,,,,,,
pc_bureau,https://www.mytek.tn/pc-de-bureau-dell-tower-ect1250-i5-14e-gen-16go-512go-ssd-noir.html,2289.0,PC de Bureau DELL Tower ECT1250 i5 14è Gén 16Go 512Go SSD - Noir,DELL,16.0,512.0,5.0,FreeDos,0.0,1.0,,,,,,,,,,,
smartphones,https://www.mytek.tn/smartphone-samsung-galaxy-s25-fe-8go-256go-bleu-clair.html,2799.0,Smartphone SAMSUNG GALAXY S25 FE 8Go 256Go - Ice Bleu,SAMSUNG,8.0,256.0,,Android,1.0,1.0,6.7,Samsung Exynos,0.0,0.0,1.0,,,,,,
pc_portables,https://www.mytek.tn/pc-portable-gamer-lenovo-loq-15arp9-amd-ryzen-5-16g-rtx-3050.html,3149.0,PC Portable Gamer LENOVO LOQ 15ARP9 AMD RYZEN 5 16G RTX 3050,LENOVO,16.0,512.0,0.0,Windows 11 Pro,,,15.6,AMD,,,,,,,,,
pc_portables,https://www.mytek.tn/pc-portable-hp-15-fc0091nk-amd-ryzen-5-8go-512go-ssd-silver-bleu.html,1715.0,PC Portable HP 15-fc0091nk AMD RYZEN 5 8Go 512Go SSD - Silver & Bleu,HP,8.0,512.0,0.0,Windows 11 Famille,,,15.6,AMD,,,,,,,,,
pc_portables,https://www.mytek.tn/pc-portable-gamer-asus-vivobook-16x-i5-13e-gen-24go-rtx-3050.html,2749.0,PC Portable Gamer ASUS Vivobook 16X i5 13è Gén 24Go RTX 3050,ASUS,24.0,512.0,5.0,Windows 11 Famille,,,16.0,Intel,,,,,,,,,
pc_portables,https://www.mytek.tn/pc-portable-gamer-asus-tuf-gaming-f16-i5-14e-gen-16go-rtx-5050.html,4995.0,PC Portable Gamer ASUS TUF Gaming F16 i5 14è Gén 16Go RTX 5050,ASUS,16.0,1024.0,5.0,Windows 11 Famille,,,16.0,Intel,,,,,,,,,
smartphones,https://www.mytek.tn/smartphone-xiaomi-redmi-note-15-4g-8go-256go-noir.html,899.0,Smartphone Xiaomi Redmi Note 15 4G 8Go 256Go - Noir,XIAOMI,8.0,256.0,,Android,0.0,1.0,6.77,MediaTek,1.0,0.0,1.0,,,,,,
pc_portables,https://www.mytek.tn/pc-portable-gamer-gigabyte-a16-pro-dyh-intel-core-7-240h-32go-rtx-5080.html,8479.0,PC Portable Gamer GIGABYTE A16 PRO DYH Intel Core 7 240H 32Go RTX 5080,GIGABYTE,32.0,1024.0,7.0,FreeDos,,,16.0,Intel,,,,,,,,,
televiseurs,https://www.mytek.tn/televiseur-telefunken-55-mini-led-x6f-google-tv-4k-matte-screen.html,1699.0,"Téléviseur TELEFUNKEN 55"" Mini Led X6f Google Tv 4k Matte Screen",TELEFUNKEN,,,,Google TV,,1.0,55.0,,0.0,0.0,0.0,4K,Mini-LED,True,True,104.8,1.0
pc_bureau,https://www.mytek.tn/pc-de-bureau-gamer-mytek-i7-14e-gen-16go-rtx-5070-12go.html,5289.0,Pc de Bureau Gamer MYTEK i7 14è Gén 16Go RTX 5070 12Go,MSI,16.0,1024.0,7.0,FreeDos,1.0,0.0,,,,,,,,,,,
pc_bureau,https://www.mytek.tn/pc-de-bureau-lenovo-thinkcentre-neo-50t-gen-5-i5-14e-gen-8g-512go-ssd.html,2159.0,PC de Bureau LENOVO ThinkCentre néo 50t Gen 5 i5 14è Gén 8G 512Go SSD,LENOVO,8.0,512.0,5.0,FreeDos,0.0,1.0,,,,,,,,,,,
pc_bureau,https://www.mytek.tn/pc-de-bureau-all-in-one-hp-ai-24-cr2016nk-ultra-5-225u-16go-512go-ssd-blanc.html,3149.0,PC de Bureau All In One HP AI 24-cr2016nk Ultra 5 225U 16Go 512Go SSD - Blanc,HP,16.0,512.0,0.0,FreeDos,0.0,1.0,,,,,,,,,,,
pc_portables,https://www.mytek.tn/pc-portable-gamer-msi-thin-15-b13udx-i5-13e-gen-16g-rtx3050.html,2639.0,PC Portable Gamer MSI Thin 15 B13UDX i5 13è Gén 16G RTX3050,MSI,16.0,512.0,5.0,FreeDos,,,15.6,Intel,,,,,,,,,
pc_bureau,https://www.mytek.tn/pc-de-bureau-all-in-one-dell-pro-24-plus-ultra-7-265-16go-512go-ssd.html,3929.0,PC de Bureau All In One Dell Pro 24 Plus Ultra 7 265 16Go 512Go SSD,DELL,16.0,512.0,0.0,FreeDos,0.0,1.0,,,,,,,,,,,
pc_bureau,https://www.mytek.tn/pc-de-bureau-gamer-mytek-i5-12e-gen-16go-rtx-5060-ti-8g.html,3599.0,Pc de Bureau Gamer MYTEK i5 12è Gén 16Go RTX 5060 Ti 8G,MSI,16.0,500.0,5.0,FreeDos,0.0,0.0,,,,,,,,,,,
smartphones,https://www.mytek.tn/smartphone-xiaomi-redmi-15c-8go-256go-noir-de-minuit.html,679.0,"Xiaomi Redmi 15C – 8Go RAM, 256Go, Noir de Minuit, Performance",XIAOMI,8.0,256.0,,Android,0.0,1.0,6.9,MediaTek,1.0,0.0,1.0,,,,,,
smartphones,https://www.mytek.tn/smartphone-samsung-galaxy-s25-ultra-5g-12go-256go-gris-titanium.html,4799.0,Smartphone SAMSUNG GALAXY S25 Ultra 5G 12Go 256Go -Gris Titanium,SAMSUNG,12.0,256.0,,Android,1.0,1.0,6.9,Qualcomm,0.0,0.0,1.0,,,,,,
smartphones,https://www.mytek.tn/smartphone-oppo-a5x-4go-128go-laser-white.html,599.0,SMARTPHONE OPPO A5X 4GO 128GO - LASER WHITE,OPPO,4.0,128.0,,Android,0.0,1.0,6.67,Qualcomm,1.0,0.0,1.0,,,,,,
televiseurs,https://www.mytek.tn/tv-maxwell-43-qled-full-hd-max-q43m20-avec-recepteur-integre.html,699.0,"TV MAXWELL 43"" QLED Full HD MAX-Q43M20 avec Récepteur Intégré",MAXWELL,,,,Autre,,0.0,43.0,,0.0,0.0,0.0,Full HD,QLED,False,False,60.0,0.0
smartphones,https://www.mytek.tn/smartphone-samsung-galaxy-a56-5g-16go-256go-gris.html,1899.0,Smartphone SAMSUNG Galaxy A56 5G 16Go 256Go - Gris,SAMSUNG,16.0,256.0,,Android,1.0,1.0,6.7,Autre,0.0,0.0,1.0,,,,,,
pc_portables,https://www.mytek.tn/pc-portable-lenovo-ideapad-slim-3-15irh10-i5-13e-gen-24g-512go-ssd-gris.html,2329.0,PC Portable LENOVO IdeaPad Slim 3 15IRH10 i5 13è Gén 24G 512Go SSD - Gris,LENOVO,24.0,512.0,5.0,FreeDos,,,15.3,Intel,,,,,,,,,
pc_bureau,https://www.mytek.tn/pc-de-bureau-gamer-mytek-i5-12e-gen-16go-rtx-5060-8go.html,2899.0,Pc de Bureau Gamer MYTEK i5 12è Gén 16Go RTX 5060 8Go,MSI,16.0,500.0,5.0,FreeDos,0.0,0.0,,,,,,,,,,,
pc_portables,https://www.mytek.tn/pc-portable-asus-expertbook-p1503-i5-13eme-gen-16g-512go-ssd-gris.html,2259.0,PC Portable ASUS ExpertBook P1503 i5 13ème Gén 16G 512Go SSD - Gris,ASUS,16.0,512.0,5.0,FreeDos,,,15.6,Intel,,,,,,,,,
telephones_portables,https://www.mytek.tn/telephone-portable-ami-c14-style-3-noir-vert.html,35.9,Téléphone Portable AMI C14 Style 3 - Noir Vert,AMI,16.0,32.0,,Autres,,,1.77,,,,1.0,,,,,,
televiseurs,https://www.mytek.tn/televiseur-lg-65-b56la-ai-smart-tv-oled-4k-ultra-hd.html,7599.0,Téléviseur LG 65'' B56LA AI Smart TV OLED 4K Ultra HD,LG,,,,webOS,,1.0,65.0,,0.0,1.0,1.0,4K,OLED,True,True,120.0,0.0
pc_portables,https://www.mytek.tn/pc-portable-lenovo-thinkbook-16-g8-ial-ultra-7-255h-32g-512go-ssd-gris.html,4259.0,PC Portable LENOVO ThinkBook 16 G8 IAL Ultra 7 255H 32G 512Go SSD - Gris,LENOVO,32.0,512.0,0.0,FreeDos,,,16.0,Intel,,,,,,,,,
pc_portables,https://www.mytek.tn/pc-portable-gamer-lenovo-loq-15irx9-i7-13eme-gen-32go-rtx3050.html,4179.0,PC Portable Gamer LENOVO LOQ 15IRX9 i7 13ème Gén 32Go RTX3050,LENOVO,32.0,512.0,7.0,FreeDos,,,15.6,Intel,,,,,,,,,
pc_portables,https://www.mytek.tn/pc-portable-gamer-asus-vivobook-16x-i5-13e-gen-24g-rtx-3050.html,2799.0,PC Portable Gamer ASUS Vivobook 16X i5 13è Gén 24G RTX 3050,ASUS,24.0,512.0,5.0,Windows 11 Pro,,,16.0,Intel,,,,,,,,,
televiseurs,https://www.mytek.tn/tv-tcl-75c6k-75-4k-ultra-hd-mini-led-smart-tv-wifi.html,4879.0,"TV TCL 75C6K 75"" 4K Ultra HD Mini LED Smart TV Wifi",TCL,,,,Google TV,,1.0,75.0,,0.0,0.0,0.0,4K,Mini-LED,True,True,120.0,0.0
pc_portables,https://www.mytek.tn/pc-portable-hp-15-fd0438nk-i3-13e-gen-8go-512go-ssd-noir.html,1679.0,PC Portable HP 15-fd0438nk i3 13è Gén 8Go 512Go SSD - Noir,HP,8.0,512.0,3.0,FreeDos,,,15.6,Intel,,,,,,,,,
pc_bureau,https://www.mytek.tn/pc-de-bureau-gamer-mytek-i7-13e-gen-32go-rtx5060-ti-16g.html,5129.0,Pc de Bureau Gamer MYTEK i7 13è Gén 32Go RTX5060 Ti 16G,MSI,32.0,1024.0,7.0,FreeDos,1.0,0.0,,,,,,,,,,,
pc_portables,https://www.mytek.tn/pc-portable-hp-omnibook-ultra-flip-14-fh0000nk-ultra-7-258v-32g-1to-ssd-bleu.html,6099.0,PC Portable HP OmniBook Ultra Flip 14-fh0000nk Ultra 7 258V 32G 1To SSD - Bleu,HP,32.0,1024.0,0.0,Windows 11 Famille,,,14.0,Intel,,,,,,,,,
smartphones,https://www.mytek.tn/smartphone-oppo-reno-15f-5g-24go-512go-bleu-crepuscule.html,2099.0,Smartphone OPPO Reno 15F 5G 24Go 512Go - Bleu Crépuscule,OPPO,12.0,512.0,,Android,1.0,1.0,6.57,Qualcomm,0.0,0.0,1.0,,,,,,
telephones_portables,https://www.mytek.tn/telephone-portable-ami-c14-style-3-noir-gris.html,35.9,Téléphone Portable AMI C14 Style 3 - Noir Gris,AMI,16.0,32.0,,Autres,,,1.77,,,,1.0,,,,,,
smartphones,https://www.mytek.tn/smartphone-xiaomi-redmi-note-14-4g-8go-128go-midnight-black.html,749.0,Smartphone Xiaomi Redmi Note 14 4G 8Go 128Go - Midnight Black,XIAOMI,8.0,128.0,,Android,0.0,0.0,6.67,Autre,1.0,0.0,0.0,,,,,,
smartphones,https://www.mytek.tn/smartphone-samsung-galaxy-a57-5g-8go-128go-gris.html,2099.0,Smartphone Samsung Galaxy A57 5G 16Go 128Go - Gris,SAMSUNG,16.0,128.0,,Android,1.0,0.0,6.7,Samsung Exynos,0.0,1.0,1.0,,,,,,
pc_portables,https://www.mytek.tn/pc-portable-dell-16-intel-core-5-120u-16g-512go-ssd-noir.html,2309.0,PC Portable DELL 16 Intel Core 5 120U 16G 512Go SSD - Noir,DELL,16.0,512.0,5.0,Windows 11 Pro,,,16.0,Intel,,,,,,,,,
pc_portables,https://www.mytek.tn/pc-portable-gamer-asus-tuf-gaming-f16-i5-13e-gen-16go-rtx-5050.html,3899.0,PC Portable Gamer ASUS TUF Gaming F16 i5 13è Gén 16Go RTX 5050,ASUS,16.0,512.0,5.0,Windows 11 Famille,,,16.0,Intel,,,,,,,,,
pc_portables,https://www.mytek.tn/pc-portable-asus-tuf-gaming-a14-amd-ryzen-ai-9-16go-rtx-4060.html,5599.0,PC Portable ASUS TUF Gaming A14 AMD Ryzen AI 9 16Go RTX 4060,ASUS,16.0,1024.0,0.0,Windows 11 Famille,,,14.0,AMD,,,,,,,,,
pc_portables,https://www.mytek.tn/pc-portable-asus-expertbook-p1503-i7-13e-gen-16go-512g-ssd-gris.html,2499.0,PC Portable ASUS ExpertBook P1503 i7 13è Gén 16Go 512G SSD - Gris,ASUS,16.0,512.0,7.0,FreeDos,,,15.6,Intel,,,,,,,,,
pc_portables,https://www.mytek.tn/pc-portable-gamer-lenovo-loq-15iax9e-i5-12e-gen-16go-rtx-2050.html,2199.0,PC Portable Gamer LENOVO LOQ 15IAX9E i5 12è Gén 16Go RTX 2050,LENOVO,16.0,512.0,5.0,Windows 11 Famille,,,15.6,Intel,,,,,,,,,
pc_portables,https://www.mytek.tn/pc-portable-gamer-lenovo-legion-pro-7-16irx9h-i9-14e-gen-32go-rtx-4090.html,11999.0,PC Portable Gamer LENOVO Légion Pro 7 16IRX9H i9 14è Gén 32Go RTX 4090,LENOVO,32.0,1024.0,9.0,Windows 11 Famille,,,16.0,Intel,,,,,,,,,
pc_portables,https://www.mytek.tn/pc-portable-gamer-hp-victus-15-fb3008nk-amd-ryzen-5-16g-rtx-2050.html,2749.0,PC Portable Gamer HP Victus 15-fb3008nk AMD RYZEN 5 16G RTX 2050,HP,16.0,512.0,0.0,Windows 11 Famille,,,15.6,AMD,,,,,,,,,
pc_portables,https://www.mytek.tn/pc-portable-gamer-asus-tuf-gaming-f16-i7-14e-gen-16go-rtx-5050.html,5399.0,PC Portable Gamer ASUS TUF Gaming F16 i7 14è Gén 16Go RTX 5050,ASUS,16.0,1024.0,7.0,Windows 11 Famille,,,16.0,Intel,,,,,,,,,
pc_portables,https://www.mytek.tn/pc-portable-hp-15-fd1079nk-ultra-5-125h-24g-512go-ssd-noir.html,2769.0,PC Portable HP 15-fd1079nk Ultra 5 125H 24G 512Go SSD - Noir,HP,24.0,512.0,0.0,FreeDos,,,15.6,Intel,,,,,,,,,
smartphones,https://www.mytek.tn/smartphone-samsung-galaxy-a17-4g-6go-128go-bleu-clair.html,799.0,Smartphone SAMSUNG GALAXY A17 4G 12Go 128Go - Bleu Clair,SAMSUNG,6.0,128.0,,Android,0.0,1.0,6.7,MediaTek,1.0,0.0,1.0,,,,,,
smartphones,https://www.mytek.tn/smartphone-tecno-spark-30-5g-4-go-128-go-azure-sky.html,559.0,Smartphone TECNO Spark 30 5G 4 Go 128 Go - Azure Sky,TECNO,4.0,128.0,,Android,1.0,1.0,6.67,MediaTek,1.0,0.0,1.0,,,,,,
televiseurs,https://www.mytek.tn/tv-samsung-55-smart-qn70fau-neo-qled-4k-2025.html,2899.0,Tv SAMSUNG 55'' Smart QN70FAU Néo QLED 4K 2025,SAMSUNG,,,,Tizen,,1.0,55.0,,0.0,0.0,1.0,4K,QLED,True,True,100.0,1.0
televiseurs,https://www.mytek.tn/tv-telefunken-32-c7-recepteur-integre.html,399.0,TV TELEFUNKEN 32'' C7 + Récepteur Intégré,TELEFUNKEN,,,,Autre,,0.0,32.0,,0.0,0.0,0.0,Full HD,LED,False,False,60.0,0.0
pc_bureau,https://www.mytek.tn/pc-de-bureau-all-in-one-lenovo-a100-intel-n100-8g-256g-ssd.html,1429.0,PC de Bureau ALL IN ONE LENOVO A100 Intel N100 8G 256G SSD,LENOVO,8.0,256.0,0.0,FreeDos,0.0,1.0,,,,,,,,,,,
pc_portables,https://www.mytek.tn/pc-portable-asus-expertbook-p5-ultra-5-226v-16go-512go-ssd-gris.html,2969.0,PC Portable ASUS ExpertBook P5 Ultra 5 226V 16Go 512Go SSD - Gris,ASUS,16.0,512.0,0.0,FreeDos,,,14.0,Intel,,,,,,,,,
smartphones,https://www.mytek.tn/smartphone-lesia-young-1-2go-16go-bleu-fonce.html,169.9,Smartphone LESIA YOUNG 1 2Go 16Go - Bleu Foncé,LESIA,2.0,16.0,,Android,0.0,0.0,5.5,Autre,0.0,0.0,0.0,,,,,,
pc_portables,https://www.mytek.tn/pc-portable-msi-modern-15-f13mg-i5-13eme-gen-24go-512go-ssd.html,2199.0,Pc Portable MSI Modern 15 F13MG i5 13ème Gén 24Go 512Go SSD,MSI,24.0,512.0,5.0,FreeDos,,,15.6,Intel,,,,,,,,,
pc_portables,https://www.mytek.tn/pc-portable-lenovo-ideapad-slim-3-15amn8-amd-ryzen5-16g-512g-ssd-gris.html,1949.0,PC Portable LENOVO IdeaPad Slim 3 15AMN8 AMD RYZEN5 16G 512G SSD - Gris,LENOVO,16.0,512.0,0.0,Windows 11 Pro,,,15.6,AMD,,,,,,,,,
pc_bureau,https://www.mytek.tn/pc-de-bureau-dell-pro-tower-essential-qvt1260-i5-14e-gen-8g-512go-ssd-noir.html,1899.0,PC de Bureau DELL Pro Tower Essential QVT1260 i5 14è Gén 8Go 512Go SSD - Noir,DELL,8.0,512.0,5.0,Windows 11 Pro,0.0,1.0,,,,,,,,,,,
smartphones,https://www.mytek.tn/smartphone-xiaomi-redmi-note-14-6go-128go-lime-vert.html,649.0,Smartphone Xiaomi Redmi Note 14  4G  6Go 128Go -  Lime Green,XIAOMI,6.0,128.0,,Android,0.0,0.0,6.67,Autre,1.0,0.0,0.0,,,,,,
pc_portables,https://www.mytek.tn/pc-portable-hp-probook-460-g11-ultra-5-125u-16g-512go-ssd-silver.html,3035.0,Pc Portable HP ProBook 460 G11 Ultra 5 125U 16G 512Go SSD - Silver,HP,16.0,512.0,0.0,Windows 11 Pro,,,16.0,Intel,,,,,,,,,
pc_bureau,https://www.mytek.tn/pc-de-bureau-gamer-mytek-amd-ryzen-7-32go-rtx5060-8g.html,3399.0,Pc de Bureau Gamer MYTEK AMD Ryzen 7 32Go RTX5060 8G,MYTEK,32.0,32.0,0.0,FreeDos,0.0,0.0,,,,,,,,,,,
televiseurs,https://www.mytek.tn/tv-hisense-a6500n-55-smart-4k-uhd-dled-google-tv-noir.html,1479.0,"TV Hisense A6500N 55"" Smart 4K UHD DLED Google TV - Noir",HISENSE,,,,Google TV,,1.0,55.0,,0.0,0.0,1.0,4K,QLED,True,True,104.8,1.0
smartphones,https://www.mytek.tn/smartphone-samsung-galaxy-a36-5g-8go-128go-blanc.html,1359.0,Smartphone SAMSUNG Galaxy A36 5G 16Go 128Go - blanc,SAMSUNG,16.0,128.0,,Android,1.0,1.0,6.7,Autre,0.0,0.0,1.0,,,,,,
pc_portables,https://www.mytek.tn/pc-portable-asus-zenbook-s-14-ultra-7-256v-16g-1to-ssd-blanc.html,5299.0,Pc Portable ASUS Zenbook S 14 Ultra 7 256V 16G 1To SSD - Blanc,ASUS,16.0,1024.0,0.0,Windows 11 Famille,,,14.0,Intel,,,,,,,,,
pc_portables,https://www.mytek.tn/pc-portable-dell-15-intel-core-3-100u-24go-512-ssd-noir.html,2009.0,PC Portable DELL 15 Intel Core 3 100U 24Go 512 SSD - Noir,DELL,24.0,512.0,3.0,Windows 11 Pro,,,15.6,Intel,,,,,,,,,
smartphones,https://www.mytek.tn/smartphone-samsung-galaxy-a07-4g-8go-128go-violet-clair.html,479.0,Smartphone Samsung Galaxy A07 4G 8Go 128Go - Violet Clair,SAMSUNG,8.0,128.0,,Android,0.0,1.0,6.7,MediaTek,1.0,0.0,1.0,,,,,,
televiseurs,https://www.mytek.tn/tv-samsung-70-crystal-uhd-u8000f-4k-smart-tv.html,3279.0,TV SAMSUNG 70'' Crystal UHD U8000F 4K Smart TV,SAMSUNG,,,,Tizen,,1.0,70.0,,0.0,0.0,1.0,4K,QLED,True,True,68.0,1.0
telephones_portables,https://www.mytek.tn/telephone-portable-joytel-2100-2-4-lcd-2500mah-noir.html,49.0,"Téléphone Portable JOYTEL 2100 2.4"" LCD 2500mAh - Noir",JOYTEL,0.03125,32.0,,Autres,,,2.4,,,,1.0,,,,,,
pc_portables,https://www.mytek.tn/pc-portable-lenovo-thinkpad-l16-gen-1-ultra-5-125u-8g-512go-ssd-noir.html,4119.0,PC Portable LENOVO ThinkPad L16 Gen 1 Ultra 5 125U 8G 512Go SSD - Noir,LENOVO,8.0,512.0,0.0,Windows 11 Pro,,,16.0,Intel,,,,,,,,,
smartphones,https://www.mytek.tn/smartphone-vivo-y31d-4g-8go-256go-120hz-7200mah-gold.html,1069.0,Smartphone VIVO Y31D 4G 8Go 256Go 120Hz 7200mAh - Gold,VIVO,8.0,256.0,,Android,0.0,1.0,6.75,Qualcomm,1.0,0.0,1.0,,,,,,
pc_portables,https://www.mytek.tn/pc-portable-hp-probook-450-g10-i5-13e-gen-8go-512go-ssd-silver.html,2399.0,Pc Portable HP ProBook 450 G10 i5 13è Gén 8Go 512Go SSD - Silver,HP,8.0,512.0,5.0,FreeDos,,,15.6,Intel,,,,,,,,,
pc_bureau,https://www.mytek.tn/pc-de-bureau-gamer-mytek-amd-ryzen-5-16g-rtx5060-8go.html,3059.0,Pc de Bureau Gamer MYTEK AMD RYZEN 5 16G RTX5060 8Go,MSI,16.0,500.0,5.0,FreeDos,0.0,0.0,,,,,,,,,,,
pc_bureau,https://www.mytek.tn/pc-de-bureau-gamer-mytek-amd-ryzen5-16g-rtx-5050-8g.html,3029.0,Pc de Bureau Gamer MYTEK AMD RYZEN5 16G RTX 5050 8G,MYTEK,16.0,1024.0,0.0,FreeDos,0.0,0.0,,,,,,,,,,,
telephones_portables,https://www.mytek.tn/telephone-portable-smartec-power-x1-1400-mah-noir.html,59.0,Téléphone Portable SMARTEC POWER X1 1400 mAh - Noir,SMARTEC,0.03125,32.0,,Autres,,,1.4,,,,1.0,,,,,,
telephones_portables,https://www.mytek.tn/telephone-portable-smartec-v2-noir.html,39.0,Téléphone Portable SMARTEC V2 - Noir,SMARTEC,0.02578125,32.0,,Inconnu,,,2.0,,,,1.0,,,,,,
pc_portables,https://www.mytek.tn/pc-portable-gamer-asus-v16-v3607vu-intel-core-5-210h-16g-rtx4050.html,3499.0,PC Portable Gamer ASUS V16 V3607VU Intel Core 5 210H 16G RTX4050,ASUS,16.0,512.0,5.0,FreeDos,,,16.0,Intel,,,,,,,,,
smartphones,https://www.mytek.tn/smartphone-samsung-galaxy-a07-4go-128go-4g-green.html,479.0,Smartphone SAMSUNG Galaxy A07 8Go 128Go 4G - Green,SAMSUNG,8.0,128.0,,Android,0.0,1.0,6.7,MediaTek,1.0,0.0,1.0,,,,,,
pc_bureau,https://www.mytek.tn/pc-de-bureau-gamer-mytek-i5-14e-gen-16go-rtx-5060-8g.html,3209.0,Pc de Bureau Gamer MYTEK i5 14è Gén 16Go RTX 5060 8G,MSI,16.0,1024.0,5.0,FreeDos,0.0,0.0,,,,,,,,,,,
pc_portables,https://www.mytek.tn/pc-portable-gamer-lenovo-loq-15irx9-i5-13eme-gen-32g-rtx-4050.html,4219.0,PC Portable Gamer LENOVO LOQ 15IRX9 i5 13ème Gén 32G RTX 4050,LENOVO,32.0,512.0,5.0,FreeDos,,,15.6,Intel,,,,,,,,,
pc_portables,https://www.mytek.tn/pc-portable-lenovo-ideapad-1-15ijl7-intel-celeron-n4500-8g-256g-ssd-gris.html,1239.0,PC Portable LENOVO IdeaPad 1 15IJL7 Intel Celeron N4500 8G 256G SSD - Gris,LENOVO,8.0,256.0,0.0,FreeDos,,,15.6,Intel,,,,,,,,,
pc_portables,https://www.mytek.tn/pc-portable-gamer-gigabyte-g6-kf-i7-13e-gen-32g-rtx-4060.html,4519.0,PC Portable Gamer GIGABYTE G6 KF i7 13è Gén 32G RTX 4060,GIGABYTE,32.0,1024.0,7.0,FreeDos,,,16.0,Intel,,,,,,,,,
telephones_portables,https://www.mytek.tn/telephone-portable-smartec-v1-double-sim-2-bleu.html,39.0,"Téléphone Portable Smartec V1 Double SIM 2"" - Bleu",SMARTEC,0.03125,32.0,,Autres,,,2.0,,,,1.0,,,,,,
pc_portables,https://www.mytek.tn/pc-portable-asus-vivobook-15-oled-x1505va-i5-13e-gen-24g-512g-ssd-silver.html,2609.0,PC Portable ASUS Vivobook 15 OLED X1505VA i5 13è Gén 24G 512G SSD - Silver,ASUS,24.0,512.0,5.0,Windows 11 Famille,,,15.6,Intel,,,,,,,,,
smartphones,https://www.mytek.tn/smartphone-honor-x7d-4g-8go-256go-desert-gold.html,799.0,Smartphone HONOR X7D 4G  8Go 256Go - Desert Gold,HONOR,8.0,256.0,,Android,0.0,1.0,6.77,Qualcomm,1.0,0.0,1.0,,,,,,
smartphones,https://www.mytek.tn/smartphone-oppo-a6-pro-4g-8go-256go-rouge.html,999.0,Smartphone OPPO A6 PRO 4G 8Go 256Go - Rouge,OPPO,8.0,256.0,,Android,0.0,1.0,6.57,MediaTek,1.0,0.0,1.0,,,,,,
pc_portables,https://www.mytek.tn/pc-portable-hp-omnibook-5-ai-16-af1003nf-ultra-7-255u-16go-1to-ssd.html,3315.0,PC Portable HP OmniBook 5 AI 16-af1003nf Ultra 7 255U 16Go 1To SSD,HP,16.0,1024.0,0.0,Windows 11 Famille,,,16.0,Intel,,,,,,,,,
pc_portables,https://www.mytek.tn/pc-portable-chuwi-acer-gadget-e10-erbook-amd-ryzen-5-8go-512go-ssd.html,1549.0,PC Portable CHUWI Acer Gadget E10 ERBook AMD RYZEN 5 8Go 512Go SSD,CHUWI,8.0,512.0,0.0,Windows 11 Famille,,,15.6,AMD,,,,,,,,,
pc_portables,https://www.mytek.tn/pc-portable-dell-pro-15-essential-i5-13e-gen-16g-512go-ssd-noir.html,1949.0,PC Portable DELL Pro 15 Essential i5 13è Gén 16G 512Go SSD - Noir,DELL,16.0,512.0,5.0,Windows 11 Pro,,,15.6,Intel,,,,,,,,,
pc_portables,https://www.mytek.tn/pc-portable-dell-15-i5-13e-gen-8g-512go-ssd-noir.html,1749.0,PC Portable DELL 15 i5 13è Gén 8G 512Go SSD - Noir,DELL,8.0,512.0,5.0,Windows 11 Pro,,,15.6,Intel,,,,,,,,,
smartphones,https://www.mytek.tn/smartphone-xiaomi-redmi-note-15-pro-plus-5g-8go-256go-glacier-bleu.html,1849.0,Smartphone Xiaomi Redmi Note 15 Pro Plus 5G  8Go 256Go - Glacier Bleu,XIAOMI,8.0,256.0,,Android,1.0,1.0,6.83,Qualcomm,0.0,1.0,1.0,,,,,,
pc_bureau,https://www.mytek.tn/pc-de-bureau-lenovo-thinkcentre-neo-50t-gen-5-i7-14e-gen-32go-512go-ssd.html,3719.0,PC de Bureau LENOVO ThinkCentre néo 50t Gen 5 i7 14è Gén 32Go 512Go SSD,LENOVO,32.0,512.0,7.0,FreeDos,0.0,1.0,,,,,,,,,,,
pc_bureau,https://www.mytek.tn/pc-de-bureau-gamer-mytek-amd-ryzen-5-32g-rtx5060-8go.html,3499.0,Pc de Bureau Gamer MYTEK AMD RYZEN 5 32G RTX5060 8Go,MSI,32.0,500.0,0.0,FreeDos,0.0,0.0,,,,,,,,,,,
pc_portables,https://www.mytek.tn/pc-portable-asus-vivobook-15-m1502ya-amd-ryzen7-12go-512g-ssd-silver.html,1819.0,PC Portable ASUS Vivobook 15 M1502YA AMD RYZEN7 12Go 512G SSD - Silver,ASUS,12.0,512.0,0.0,Windows 11 Famille,,,15.6,AMD,,,,,,,,,
pc_portables,https://www.mytek.tn/pc-portable-dell-pro-15-essential-i7-13e-gen-16go-512go-ssd-noir.html,2915.0,PC Portable DELL Pro 15 Essential i7 13è Gén 16Go 512Go SSD - Noir,DELL,16.0,512.0,7.0,FreeDos,,,15.6,Intel,,,,,,,,,
pc_portables,https://www.mytek.tn/pc-portable-gamer-msi-thin-15-b13udx-i7-13e-gen-8g-rtx-3050.html,2725.0,PC Portable Gamer MSI Thin 15 B13UDX i7 13è Gén 8G RTX 3050,MSI,8.0,512.0,7.0,Windows 11 Pro,,,15.6,Intel,,,,,,,,,
smartphones,https://www.mytek.tn/smartphone-xiaomi-redmi-15c-8go-256go-orange-twilight.html,679.0,Smartphone XIAOMI Redmi 15C 8Go 256Go - Orange Twilight,XIAOMI,8.0,256.0,,Android,0.0,1.0,6.9,MediaTek,1.0,0.0,1.0,,,,,,
pc_bureau,https://www.mytek.tn/pc-de-bureau-gamer-mytek-i7-14e-gen-32go-rtx-5060-ti-16g.html,5079.0,Pc de Bureau Gamer MYTEK i7 14è Gén 32Go RTX 5060 Ti 16G,MSI,32.0,1024.0,7.0,FreeDos,1.0,0.0,,,,,,,,,,,
telephones_portables,https://www.mytek.tn/telephone-portable-ami-c14-fashion-2-bleu-noir.html,39.9,Téléphone Portable AMI C14 FASHION 2- Bleu Noir,AMI,12.8046875,32.0,,Autres,,,1.8,,,,1.0,,,,,,
smartphones,https://www.mytek.tn/smartphone-samsung-galaxy-s26-5g-12go-256go-violet-de-cobalt.html,3999.0,Smartphone SAMSUNG GALAXY S26 5G 12Go 256Go -Violet de Cobalt,SAMSUNG,12.0,256.0,,Android,1.0,1.0,6.3,Samsung Exynos,1.0,0.0,1.0,,,,,,
pc_portables,https://www.mytek.tn/pc-portable-gamer-lenovo-legion-5-15agp11-amd-ryzen-ai-9-32go-rtx-5060.html,7299.0,PC Portable Gamer LENOVO Légion 5 15AGP11 AMD Ryzen AI 9 32Go RTX 5060,LENOVO,32.0,1024.0,0.0,FreeDos,,,15.3,AMD,,,,,,,,,
pc_bureau,https://www.mytek.tn/pc-de-bureau-all-in-one-hp-ai-24-cr2012nk-ultra-5-225u-8go-512go-ssd-noir.html,2799.0,PC de Bureau All In One HP AI 24-cr2012nk Ultra 5 225U 8Go 512Go SSD - Noir,HP,8.0,512.0,0.0,FreeDos,0.0,1.0,,,,,,,,,,,
pc_portables,https://www.mytek.tn/pc-portable-asus-vivobook-15-x1502va-i7-13e-gen-24g-512g-ssd-bleu.html,2559.0,PC Portable ASUS Vivobook 15 X1502VA i7 13è Gén 24G 512G SSD - Bleu,ASUS,24.0,512.0,7.0,Windows 11 Famille,,,15.6,Intel,,,,,,,,,
smartphones,https://www.mytek.tn/smartphone-samsung-galaxy-s25-ultra-5g-12go-256go-noir-titanium.html,4799.0,Smartphone SAMSUNG GALAXY S25 Ultra 5G 12Go 256Go - Noir Titanium,SAMSUNG,12.0,256.0,,Android,1.0,1.0,6.9,Qualcomm,0.0,0.0,1.0,,,,,,
televiseurs,https://www.mytek.tn/tv-biolux-75-smart-android-eco75rsm-uhd-4k-recepteur-integre.html,3299.0,TV BIOLUX 75'' Smart Android ECO75RSM UHD 4K + Récepteur intégré,BIOLUX,,,,Android TV,,0.0,75.0,,0.0,0.0,0.0,4K,QLED,True,True,103.6,1.0
pc_portables,https://www.mytek.tn/pc-portable-gamer-hp-omen-max-16-ah0042nf-ultra-9-275hx-32go-rtx-5060.html,9059.0,PC Portable Gamer HP OMEN MAX 16-ah0042nf Ultra 9 275HX 32Go RTX 5060,HP,32.0,1024.0,0.0,Windows 11 Famille,,,16.0,Intel,,,,,,,,,
pc_portables,https://www.mytek.tn/pc-portable-lenovo-ideapad-slim-3-15irh10-i7-13e-gen-24go-512go-ssd-gris.html,2799.0,PC Portable LENOVO IdeaPad Slim 3 15IRH10 i7 13è Gén 24Go 512Go SSD - Gris,LENOVO,24.0,512.0,7.0,FreeDos,,,15.3,Intel,,,,,,,,,
pc_bureau,https://www.mytek.tn/pc-de-bureau-gamer-mytek-amd-ryzen-5-16g-rtx5060-8g.html,2559.0,Pc de Bureau Gamer MYTEK AMD RYZEN 5 16G RTX5060 8G,MSI,16.0,500.0,0.0,FreeDos,0.0,0.0,,,,,,,,,,,
smartphones,https://www.mytek.tn/smartphone-lesia-young-2-4go-32go-dark-bleu.html,209.9,Smartphone LESIA YOUNG 2 4Go 32Go - Dark Bleu,LESIA,2.0,32.0,,Android,0.0,0.0,6.56,Autre,0.0,0.0,0.0,,,,,,
pc_portables,https://www.mytek.tn/pc-portable-gamer-lenovo-loq-15irx9-i5-13eme-gen-16go-rtx-4050.html,3399.0,PC Portable Gamer LENOVO LOQ 15IRX9 i5 13ème Gén 16Go RTX 4050,LENOVO,16.0,512.0,5.0,FreeDos,,,15.6,Intel,,,,,,,,,
pc_bureau,https://www.mytek.tn/pc-de-bureau-gamer-mytek-i7-14e-gen-16go-rtx-5060-ti-16g.html,4649.0,Pc de Bureau Gamer MYTEK i7 14è Gén 16Go RTX 5060 Ti 16G,MSI,16.0,1024.0,7.0,FreeDos,0.0,0.0,,,,,,,,,,,
pc_portables,https://www.mytek.tn/pc-portable-dell-15-i7-13e-gen-32go-512go-ssd-noir.html,2955.0,PC Portable DELL 15 i7 13è Gén 32Go 512Go SSD - Noir,DELL,32.0,512.0,7.0,FreeDos,,,15.6,Intel,,,,,,,,,
televiseurs,https://www.mytek.tn/televiseur-ecosat-32-led-smart-tv-avec-recepteur-smart-integree.html,439.0,Téléviseur ECOSAT 32″ LED SMART TV  Avec Récepteur Smart Intégrée,ECOSAT,,,,Android TV,,1.0,32.0,,0.0,0.0,0.0,HD Ready,LED,False,True,60.0,0.0
smartphones,https://www.mytek.tn/smartphone-honor-600-5g-256go-12go-golden-white.html,1999.0,Smartphone HONOR 600 5G 256Go 12Go - Golden White,HONOR,12.0,256.0,,Android,1.0,1.0,6.57,Qualcomm,0.0,0.0,1.0,,,,,,
pc_portables,https://www.mytek.tn/pc-portable-asus-vivobook-go-15-amd-ryzen-5-16go-1to-ssd-gris-vert.html,1899.0,PC Portable ASUS Vivobook Go 15 AMD RYZEN 5 16Go 1To SSD - Gris Vert,ASUS,16.0,1024.0,0.0,Windows 11 Famille,,,15.6,AMD,,,,,,,,,
pc_bureau,https://www.mytek.tn/pc-de-bureau-all-in-one-lenovo-ideacentre-aio-24irh9-i7-13e-gen-8go-512go-ssd.html,3499.0,PC de Bureau ALL IN ONE LENOVO IdeaCentre AIO 24IRH9 i7 13è Gén 8Go 512Go SSD,LENOVO,8.0,512.0,7.0,FreeDos,0.0,1.0,,,,,,,,,,,
smartphones,https://www.mytek.tn/smartphone-oscal-flat-2-12go-128go-noir.html,329.0,Smartphone OSCAL Flat 2 12Go 128Go - Noir,OSCAL,4.0,2048.0,,Android,0.0,1.0,6.56,Autre,1.0,0.0,1.0,,,,,,
pc_portables,https://www.mytek.tn/pc-portable-asus-vivobook-15-m1502ya-amd-ryzen7-16go-512g-ssd-bleu.html,1929.0,PC Portable ASUS Vivobook 15 M1502YA AMD RYZEN7 16Go 512G SSD - Bleu,ASUS,16.0,512.0,0.0,Windows 11 Famille,,,15.6,AMD,,,,,,,,,
telephones_portables,https://www.mytek.tn/telephone-portable-evertek-e3218-vert.html,38.0,Téléphone Portable EVERTEK E3218 - Vert,EVERTEK,0.03125,32.0,,Autres,,,1.77,,,,1.0,,,,,,
pc_portables,https://www.mytek.tn/pc-portable-gamer-lenovo-loq-15irx9-i7-13eme-gen-24g-rtx4050.html,4269.0,PC Portable Gamer LENOVO LOQ 15IRX9 i7 13ème Gén 24G RTX4050,LENOVO,24.0,512.0,7.0,Windows 11 Famille,,,15.6,Intel,,,,,,,,,
pc_portables,https://www.mytek.tn/pc-portable-gamer-lenovo-loq-15irx9-i7-13eme-gen-16g-rtx-3050.html,3349.0,PC Portable Gamer LENOVO LOQ 15IRX9 i7 13ème Gén 16G RTX 3050,LENOVO,16.0,512.0,7.0,FreeDos,,,15.6,Intel,,,,,,,,,
smartphones,https://www.mytek.tn/samsung-galaxy-a17-4g-8go-128go-light-blue.html,699.0,Samsung Galaxy A17 4G 8Go 128Go - Light Blue,SAMSUNG,4.0,128.0,,Android,0.0,1.0,6.7,MediaTek,1.0,0.0,1.0,,,,,,
smartphones,https://www.mytek.tn/smartphone-honor-x6c-12go-256go-4g-cyan.html,599.0,Smartphone HONOR X6C 12Go 256Go 4G - Cyan,HONOR,6.0,256.0,,Android,0.0,1.0,6.61,MediaTek,1.0,0.0,1.0,,,,,,
pc_portables,https://www.mytek.tn/pc-portable-asus-vivobook-15-x1502va-i9-13e-gen-24g-512go-ssd-silver.html,2999.0,PC Portable ASUS Vivobook 15 X1502VA i9 13è Gén 24G 512Go SSD - Silver,ASUS,24.0,512.0,9.0,Windows 11 Famille,,,15.6,Intel,,,,,,,,,
televiseurs,https://www.mytek.tn/televiseur-lg-55-b56la-ai-smart-tv-oled-4k-ultra-hd.html,5499.0,Téléviseur LG 55'' B56LA AI Smart TV OLED 4K Ultra HD,LG,,,,webOS,,1.0,55.0,,0.0,1.0,1.0,4K,OLED,True,True,120.0,0.0
telephones_portables,https://www.mytek.tn/telephone-portable-evertek-e3218-rouge.html,38.0,Téléphone Portable EVERTEK E3218 - Rouge,EVERTEK,0.03125,32.0,,Autres,,,1.77,,,,1.0,,,,,,
pc_portables,https://www.mytek.tn/pc-portable-gamer-gigabyte-a16-cwh-i7-13e-gen-16g-rtx-5070.html,4699.0,PC Portable Gamer GIGABYTE A16 CWH i7 13è Gén 16G RTX 5070,GIGABYTE,16.0,1024.0,7.0,Windows 11 Famille,,,16.0,Intel,,,,,,,,,
smartphones,https://www.mytek.tn/smartphone-samsung-galaxy-a07-12go-128go-violet-clair.html,569.0,Smartphone SAMSUNG GALAXY A07 12Go 128Go - Violet Clair,SAMSUNG,6.0,128.0,,Android,0.0,1.0,6.7,MediaTek,1.0,0.0,1.0,,,,,,
pc_bureau,https://www.mytek.tn/pc-de-bureau-dell-pro-tower-qct1250-i3-14e-gen-16go-512go-ssd-noir.html,2019.0,PC de Bureau DELL Pro Tower QCT1250 i3 14è Gén 16Go 512Go SSD - Noir,DELL,16.0,512.0,3.0,FreeDos,0.0,0.0,,,,,,,,,,,
pc_portables,https://www.mytek.tn/pc-portable-hp-15-fd1079nk-ultra-5-125h-32g-512g-ssd-noir.html,3319.0,PC Portable HP 15-fd1079nk Ultra 5 125H 32G 512G SSD - Noir,HP,32.0,512.0,0.0,FreeDos,,,15.6,Intel,,,,,,,,,
pc_portables,https://www.mytek.tn/pc-portable-dell-pro-16-plus-ultra-5-235u-32go-512go-ssd-gris.html,4299.0,PC Portable DELL Pro 16 Plus Ultra 5 235U 32Go 512Go SSD - Gris,DELL,32.0,512.0,0.0,FreeDos,,,16.0,Intel,,,,,,,,,
smartphones,https://www.mytek.tn/smartphone-oppo-a6x-5g-8go-4go-4go-ram-extensible-128go-bleu-glacier.html,699.0,Smartphone OPPO A6x 5G 8Go  128Go -  Bleu Glacier,OPPO,8.0,128.0,,Android,1.0,1.0,6.75,MediaTek,1.0,0.0,1.0,,,,,,
televiseurs,https://www.mytek.tn/tv-tcl-85-smart-tv-qled-mini-led-tv-tcl-85c6k-noir.html,7499.0,"TV TCL 85"" Smart TV QLED MINI LED TV-TCL-85C6K- Noir",TCL,,,,Google TV,,1.0,85.0,,0.0,0.0,1.0,4K,QLED,True,True,88.8,1.0
smartphones,https://www.mytek.tn/smartphone-samsung-galaxy-s26-ultra-5g-12go-512go-blanc.html,6999.0,Smartphone SAMSUNG GALAXY S26 Ultra 5G 12Go 512Go - Blanc,SAMSUNG,12.0,512.0,,Android,1.0,1.0,6.9,Qualcomm,0.0,0.0,1.0,,,,,,
pc_portables,https://www.mytek.tn/pc-portable-lenovo-ideapad-1-15ijl7-intel-celeron-n4500-8g-256-g-ssd.html,1299.0,PC Portable LENOVO IdeaPad 1 15IJL7 Intel Celeron N4500 8G 256 G SSD,LENOVO,8.0,256.0,0.0,FreeDos,,,15.6,Intel,,,,,,,,,
pc_portables,https://www.mytek.tn/pc-portable-asus-expertbook-p1503-i7-13e-gen-8go-512g-ssd-gris.html,2099.0,PC Portable ASUS ExpertBook P1503 i7 13è Gén 8Go 512G SSD - Gris,ASUS,8.0,512.0,7.0,FreeDos,,,15.6,Intel,,,,,,,,,
televiseurs,https://www.mytek.tn/tv-samsung-55-qled-4k-uhd-smart-tv-q6f-2025-noir.html,1999.0,"TV SAMSUNG 55"" QLED 4K UHD Smart TV Q6F",SAMSUNG,,,,Tizen,,1.0,55.0,,0.0,0.0,1.0,4K,QLED,True,True,104.8,1.0
televiseurs,https://www.mytek.tn/tv-samsung-55-crystal-uhd-u8000f-4k-smart-tv-2025.html,1749.0,TV SAMSUNG 55'' Crystal UHD 4K Smart TV - Noir,SAMSUNG,,,,Tizen,,1.0,55.0,,0.0,0.0,1.0,4K,QLED,True,True,104.8,1.0
pc_portables,https://www.mytek.tn/pc-portable-gamer-asus-tuf-gaming-f16-i7-14e-gen-32go-rtx-5060.html,6729.0,PC Portable Gamer ASUS TUF Gaming F16 i7 14è Gén 32Go RTX 5060,ASUS,32.0,1024.0,7.0,Windows 11 Famille,,,16.0,Intel,,,,,,,,,
pc_bureau,https://www.mytek.tn/pc-de-bureau-lenovo-thinkcentre-neo-50t-gen-5-i7-14e-gen-16go-512go-ssd.html,2919.0,PC de Bureau LENOVO ThinkCentre néo 50t Gen 5 i7 14è Gén 16Go 512Go SSD,LENOVO,16.0,512.0,7.0,FreeDos,0.0,1.0,,,,,,,,,,,
pc_portables,https://www.mytek.tn/pc-portable-lenovo-ideapad-slim-3-15irh10-i7-13e-gen-16g-512g-ssd-gris.html,2449.0,PC Portable LENOVO IdeaPad Slim 3 15IRH10 i7 13è Gén 16G 512G SSD - Gris,LENOVO,16.0,512.0,7.0,Windows 11 Pro,,,15.3,Intel,,,,,,,,,
pc_portables,https://www.mytek.tn/pc-portable-dell-pro-16-plus-ultra-5-235u-8go-512go-ssd-gris.html,3049.0,PC Portable DELL Pro 16 Plus Ultra 5 235U 8Go 512Go SSD - Gris,DELL,8.0,512.0,0.0,FreeDos,,,16.0,Intel,,,,,,,,,
telephones_portables,https://www.mytek.tn/telephone-portable-ami-c14-style-3-bleu-champagne.html,35.9,Téléphone Portable AMI C14 Style 3 - Bleu Champagne,AMI,16.0,32.0,,Autres,,,1.77,,,,1.0,,,,,,
telephones_portables,https://www.mytek.tn/telephone-portable-smartec-v2-blanc.html,39.0,Téléphone Portable SMARTEC V2 - Blanc,SMARTEC,0.02578125,32.0,,Inconnu,,,2.0,,,,1.0,,,,,,
pc_bureau,https://www.mytek.tn/pc-de-bureau-gamer-mytek-i7-12e-gen-32go-rtx-5060-ti-16g.html,4759.0,Pc de Bureau Gamer MYTEK i7 12è Gén 32Go RTX 5060 Ti 16G,MSI,32.0,1024.0,7.0,FreeDos,0.0,0.0,,,,,,,,,,,
pc_bureau,https://www.mytek.tn/pc-de-bureau-gamer-mytek-i5-12e-gen-16g-rtx-5060-ti-8go.html,3359.0,Pc de Bureau Gamer MYTEK i5 12è Gén 16G RTX 5060 TI 8Go,MYTEK,16.0,1024.0,5.0,FreeDos,0.0,0.0,,,,,,,,,,,
pc_portables,https://www.mytek.tn/pc-portable-lenovo-thinkbook-16-g8-ial-ultra-5-225u-8g-512go-ssd-gris.html,2829.0,PC Portable LENOVO ThinkBook 16 G8 IAL Ultra 5 225U 8G 512Go SSD - Gris,LENOVO,8.0,512.0,0.0,FreeDos,,,16.0,Intel,,,,,,,,,
pc_portables,https://www.mytek.tn/pc-portable-gamer-lenovo-loq-15irx10-i7-13e-gen-16go-rtx5050.html,3999.0,PC Portable Gamer LENOVO LOQ 15IRX10 i7 13è Gén 16Go RTX5050,LENOVO,16.0,512.0,7.0,FreeDos,,,15.6,Intel,,,,,,,,,
smartphones,https://www.mytek.tn/smartphone-honor-600-5g-256go-12go-noir.html,1999.0,Smartphone HONOR 600 5G 256Go 12Go - Noir,HONOR,12.0,256.0,,Android,1.0,1.0,6.57,Qualcomm,0.0,0.0,1.0,,,,,,
pc_bureau,https://www.mytek.tn/pc-de-bureau-gamer-mytek-i5-12e-gen-16go-rtx-5060-ti-8go.html,3079.0,Pc de Bureau Gamer MYTEK i5 12è Gén 16Go RTX 5060 Ti 8Go,MSI,16.0,500.0,5.0,FreeDos,0.0,0.0,,,,,,,,,,,
pc_portables,https://www.mytek.tn/pc-portable-hp-250r-g10-intel-core-3-100u-16go-512go-ssd.html,2355.0,PC Portable HP 250R G10 Intel Core 3 100U 16Go 512Go SSD,HP,16.0,512.0,3.0,FreeDos,,,15.6,Intel,,,,,,,,,
pc_portables,https://www.mytek.tn/pc-portable-gamer-msi-cyborg-17-b2rw-intel-core-7-240h-8go-rtx-5060.html,4499.0,PC Portable Gamer MSI Cyborg 17 B2RW Intel Core 7 240H 8Go RTX 5060,MSI,8.0,512.0,7.0,FreeDos,,,17.3,Intel,,,,,,,,,
smartphones,https://www.mytek.tn/smartphone-xiaomi-redmi-note-15-5g-6go-128go-couleur-noir.html,1069.0,Smartphone Xiaomi Redmi Note 15  5G  6Go 128Go -Couleur Noir,XIAOMI,6.0,128.0,,Android,1.0,1.0,6.77,Qualcomm,0.0,0.0,1.0,,,,,,
pc_portables,https://www.mytek.tn/pc-portable-dell-pro-15-essential-i5-13e-gen-16go-512go-ssd-noir.html,1899.0,PC Portable DELL Pro 15 Essential i5 13è Gén 16Go 512Go SSD - Noir,DELL,16.0,512.0,5.0,FreeDos,,,15.6,Intel,,,,,,,,,
pc_portables,https://www.mytek.tn/pc-portable-dell-pro-14-plus-ultra-7-255u-8go-512go-ssd.html,3589.0,PC Portable DELL Pro 14 Plus Ultra 7 255U 8Go 512Go SSD,DELL,8.0,512.0,0.0,FreeDos,,,14.0,Intel,,,,,,,,,
pc_portables,https://www.mytek.tn/pc-portable-chuwi-gtbook-x-i7-13e-gen-16go-512go-ssd-gris.html,1749.0,PC Portable CHUWI GTBook X i7 13è Gén 16Go 512Go SSD - Gris,CHUWI,16.0,512.0,7.0,Windows 11 Famille,,,16.0,Intel,,,,,,,,,
pc_portables,https://www.mytek.tn/pc-portable-gamer-gigabyte-a16-cvh-i7-13e-gen-24go-rtx-5060.html,5075.0,PC Portable Gamer GIGABYTE A16 CVH i7 13è Gén 24Go RTX 5060,GIGABYTE,24.0,1024.0,7.0,FreeDos,,,16.0,Intel,,,,,,,,,
pc_portables,https://www.mytek.tn/pc-portable-hp-15-fc0092nk-amd-ryzen-5-8g-512go-ssd-silver-blanc.html,1715.0,PC Portable HP 15-fc0092nk AMD RYZEN 5 8G 512Go SSD - Silver & Blanc,HP,8.0,512.0,0.0,Windows 11 Famille,,,15.6,AMD,,,,,,,,,
pc_portables,https://www.mytek.tn/pc-portable-gamer-asus-v16-v3607vj-intel-core-7-240h-32g-rtx-3050.html,3969.0,PC Portable Gamer ASUS V16 V3607VJ Intel Core 7 240H 32G RTX 3050,ASUS,32.0,512.0,7.0,Windows 11 Pro,,,16.0,Intel,,,,,,,,,
smartphones,https://www.mytek.tn/smartphone-samsung-galaxy-a37-5g-8go-256go-awesome-charcoal.html,1999.0,Smartphone Samsung Galaxy A37 5G 16Go 256Go - Awesome Charcoal,SAMSUNG,16.0,256.0,,Android,1.0,1.0,6.7,Samsung Exynos,0.0,0.0,1.0,,,,,,
telephones_portables,https://www.mytek.tn/telephone-portable-clever-c4-vert.html,32.9,Téléphone Portable Clever C4 - Vert,CLEVER,16.0,32.0,,Sans Système,,,1.77,,,,1.0,,,,,,
pc_bureau,https://www.mytek.tn/pc-de-bureau-gamer-mytek-amd-ryzen-5-16go-rtx-5060-8g.html,2959.0,Pc de Bureau Gamer MYTEK AMD RYZEN 5 16Go RTX 5060 8G,MSI,16.0,1024.0,0.0,FreeDos,0.0,0.0,,,,,,,,,,,
pc_portables,https://www.mytek.tn/pc-portable-dell-vostro-3530-i5-13e-gen-16g-512g-ssd-noir.html,1969.0,Pc Portable DELL Vostro 3530 i5 13è Gén 16G 512G SSD - Noir,DELL,16.0,512.0,5.0,Windows 11 Pro,,,15.6,Intel,,,,,,,,,
televiseurs,https://www.mytek.tn/tv-samsung-32-hd-h5000-smart-tv-2025.html,729.0,TV SAMSUNG 32'' HD H5000 Smart TV (2025),SAMSUNG,,,,Tizen,,1.0,32.0,,0.0,0.0,1.0,Full HD,LED,True,True,60.0,1.0
pc_bureau,https://www.mytek.tn/pc-de-bureau-hp-pro-mini-260-g9-i3-13e-gen-16go-256go-ssd-noir.html,1685.0,Pc De Bureau HP Pro Mini 260 G9 i3 13è Gén 16Go 256Go SSD - Noir,HP,16.0,256.0,3.0,FreeDos,0.0,1.0,,,,,,,,,,,
pc_portables,https://www.mytek.tn/pc-portable-hp-15-fc0090nk-amd-ryzen-5-8g-512go-ssd-silver-or-chaud.html,1715.0,PC Portable HP 15-fc0090nk AMD RYZEN 5 8G 512Go SSD - Silver & Or Chaud,HP,8.0,512.0,0.0,Windows 11 Famille,,,15.6,AMD,,,,,,,,,
pc_portables,https://www.mytek.tn/pc-portable-dell-15-intel-core-3-100u-24go-512go-ssd-silver.html,1959.0,PC Portable DELL 15 Intel Core 3 100U 24Go 512Go SSD - Noir,DELL,24.0,512.0,3.0,FreeDos,,,15.6,Intel,,,,,,,,,
smartphones,https://www.mytek.tn/smartphone-vivo-y19s-12gb-128gb-silver.html,459.0,Smartphone VIVO Y19S 12Go 128Go - Silver,VIVO,6.0,1024.0,,Android,0.0,1.0,6.68,Autre,1.0,0.0,1.0,,,,,,
pc_bureau,https://www.mytek.tn/pc-de-bureau-lenovo-thinkcentre-neo-50t-gen-5-i3-13e-gen-8go-512g-ssd.html,1749.0,PC de Bureau LENOVO ThinkCentre néo 50T Gen 5 i3 14e Gén 8Go 512G SSD,LENOVO,8.0,512.0,3.0,Windows 11 Pro,0.0,1.0,,,,,,,,,,,
pc_bureau,https://www.mytek.tn/pc-de-bureau-all-in-one-dell-pro-24-i5-14e-gen-8go-512go-ssd.html,2779.0,PC de Bureau All In One Dell Pro 24 i5 14è Gén 8Go 512Go SSD,DELL,8.0,512.0,5.0,FreeDos,0.0,1.0,,,,,,,,,,,
televiseurs,https://www.mytek.tn/tv-thomson-75-75qg7c14-qled-pro-uhd-4k-google-tv-noir.html,3999.0,"TV Thomson 75"" 75QG7C14 QLED PRO UHD 4K  Google Tv - Noir",THOMSON,,,,Google TV,,1.0,75.0,,0.0,0.0,1.0,4K,LED,True,True,144.0,1.0
smartphones,https://www.mytek.tn/smartphone-vivo-y31d-4g-8go-128go-6-75-7200-mah-gris.html,949.0,"Smartphone Vivo Y31D 4G 8Go 128Go 6.75"" 7200 mAh - Gris",VIVO,8.0,128.0,,Android,0.0,1.0,6.75,Qualcomm,1.0,0.0,1.0,,,,,,
telephones_portables,https://www.mytek.tn/telephone-portable-ami-d20-strong-1-couleur-noir.html,79.9,Téléphone Portable AMI D20 Strong 1 - Couleur Noir,AMI,0.02421875,32.0,,Autres,,,2.4,,,,1.0,,,,,,
pc_portables,https://www.mytek.tn/pc-portable-dell-15-i5-13e-gen-32g-512go-ssd-noir.html,2439.0,PC Portable DELL 15 i5 13è Gén 32G 512Go SSD - Noir,DELL,32.0,512.0,5.0,Windows 11 Pro,,,15.6,Intel,,,,,,,,,
pc_portables,https://www.mytek.tn/pc-portable-gamer-asus-v16-v3607vj-intel-core-7-240h-16g-rtx-3050.html,3229.0,PC Portable Gamer ASUS V16 V3607VJ Intel Core 7 240H 16G RTX 3050,ASUS,16.0,512.0,0.0,Windows 11 Pro,,,16.0,Autre,,,,,,,,,
smartphones,https://www.mytek.tn/smartphone-xiaomi-redmi-15c-4go-128go-orange-twilight.html,529.0,Smartphone XIAOMI Redmi 15C 4Go 128Go - Orange Twilight,XIAOMI,4.0,128.0,,Android,0.0,1.0,6.9,MediaTek,1.0,0.0,1.0,,,,,,
pc_portables,https://www.mytek.tn/pc-portable-dell-pro-14-plus-ultra-5-235u-8go-512go-ssd.html,3059.0,PC Portable DELL Pro 14 Plus Ultra 5 235U 8Go 512Go SSD,DELL,8.0,512.0,0.0,FreeDos,,,14.0,Intel,,,,,,,,,
pc_portables,https://www.mytek.tn/pc-portable-gamer-msi-cyborg-15-a13ve-i5-13e-gen-8go-rtx-4050.html,3099.0,PC Portable Gamer MSI Cyborg 15 A13VE i5 13è Gén 8Go RTX 4050,MSI,8.0,512.0,5.0,FreeDos,,,15.6,Intel,,,,,,,,,
pc_bureau,https://www.mytek.tn/pc-de-bureau-gamer-mytek-i9-12e-gen-32g-rtx5060-ti.html,6459.0,Pc de Bureau Gamer MYTEK i9 12è Gén 32G RTX5060 Ti 16G,MYTEK,32.0,1024.0,9.0,FreeDos,0.0,1.0,,,,,,,,,,,
smartphones,https://www.mytek.tn/smartphone-tecno-spark-30-5g-6go-128-go-azure-sky.html,599.0,Smartphone TECNO Spark 30 5G 6GO 128 GO - Azure Sky,TECNO,6.0,128.0,,Android,1.0,1.0,6.67,MediaTek,0.0,0.0,1.0,,,,,,
pc_portables,https://www.mytek.tn/pc-portable-dell-pro-16-ultra-5-225u-8go-512go-ssd-silver.html,2219.0,PC Portable DELL Pro 16 Ultra 5 225U 8Go 512Go SSD - Silver,DELL,8.0,512.0,0.0,FreeDos,,,16.0,Intel,,,,,,,,,
smartphones,https://www.mytek.tn/smartphone-samsung-galaxy-a26-5g-6go-128go-noir.html,1069.0,Smartphone SAMSUNG Galaxy A26 5G 12Go 128Go - Noir,SAMSUNG,12.0,128.0,,Android,1.0,1.0,6.7,Autre,0.0,0.0,1.0,,,,,,
pc_portables,https://www.mytek.tn/pc-portable-dell-15-intel-core-3-100u-16go-512go-ssd-silver.html,1729.0,PC Portable DELL 15 Intel Core 3 100U 16Go 512Go SSD - Noir,DELL,16.0,512.0,3.0,FreeDos,,,15.6,Intel,,,,,,,,,
smartphones,https://www.mytek.tn/smartphone-oppo-reno14-f-5g-12go-256go-opal-blue.html,1999.0,Smartphone OPPO Reno14 F 5G 12Go 512Go OPAL BLUE,OPPO,12.0,512.0,,Android,1.0,1.0,6.57,Qualcomm,0.0,0.0,1.0,,,,,,
pc_portables,https://www.mytek.tn/pc-portable-hp-probook-460-g11-ultra-5-125u-32go-512go-ssd-silver.html,3785.0,Pc Portable HP ProBook 460 G11 Ultra 5 125U 32Go 512Go SSD - Silver,HP,32.0,512.0,0.0,FreeDos,,,16.0,Intel,,,,,,,,,
smartphones,https://www.mytek.tn/smartphone-honor-x9b-5g-12go-256go-orange.html,1199.0,Smartphone HONOR X9b 5G 12Go 256Go - Orange,HONOR,12.0,256.0,,Android,1.0,1.0,6.78,Qualcomm,0.0,0.0,1.0,,,,,,
smartphones,https://www.mytek.tn/smartphone-xiaomi-redmi-15c-6go-128go-vert-menthe.html,599.0,Smartphone XIAOMI Redmi 15C 6Go 128Go - Vert Menthe,XIAOMI,6.0,128.0,,Android,0.0,1.0,6.9,MediaTek,1.0,0.0,1.0,,,,,,
pc_bureau,https://www.mytek.tn/pc-de-bureau-asus-expertcenter-p500mv-i3-13e-gen-16g-256g-ssd-gris.html,1799.0,Pc de Bureau ASUS ExpertCenter P500MV i3 13è Gén 16G 256G SSD - Gris,ASUS,16.0,256.0,3.0,FreeDos,0.0,1.0,,,,,,,,,,,
smartphones,https://www.mytek.tn/smartphone-xiaomi-redmi-note-15-5g-6go-128go-couleur-glacier-blue.html,1069.0,Smartphone Xiaomi Redmi Note 15  5G  6Go 128Go -Couleur  Glacier Blue,XIAOMI,6.0,128.0,,Android,1.0,1.0,6.77,Qualcomm,0.0,0.0,1.0,,,,,,
pc_portables,https://www.mytek.tn/pc-portable-asus-vivobook-15-x1504va-intel-core-5-120u-8g-512g-ssd-silver.html,1899.0,PC Portable ASUS Vivobook 15 X1504VA Intel Core 5 120U 8G 512G SSD - Silver,ASUS,8.0,512.0,5.0,Windows 11 Famille,,,15.6,Intel,,,,,,,,,
pc_portables,https://www.mytek.tn/pc-portable-hp-omnibook-5-flip-2-in-1-14-fp0011nk-intel-core-7-150u-16go-512go-ssd.html,4489.0,PC Portable HP OmniBook 5 Flip 2-in-1 14-fp0011nk Intel Core 7 150U 16Go 512Go SSD,HP,16.0,512.0,7.0,Windows 11 Famille,,,14.0,Intel,,,,,,,,,
pc_portables,https://www.mytek.tn/pc-portable-gamer-msi-thin-15-b13ucx-i5-13e-gen-16go-rtx-2050.html,2469.0,PC Portable Gamer MSI Thin 15 B13UCX i5 13è Gén 16Go RTX 2050,MSI,16.0,512.0,5.0,FreeDos,,,15.6,Intel,,,,,,,,,
smartphones,https://www.mytek.tn/smartphone-lesia-young-3-2-2-go-32go-sky-blue.html,229.9,Smartphone LESIA YOUNG 3  2+2 Go 32Go - Sky blue,LESIA,4.0,32.0,,Android,0.0,0.0,6.56,Autre,1.0,0.0,0.0,,,,,,
televiseurs,https://www.mytek.tn/tv-thomson-75-75ug5c14-uhd-4k-google-tv-noir.html,3749.0,"TV Thomson 75"" 75UG5C14 UHD 4K Google Tv - Noir",THOMSON,,,,Google TV,,1.0,75.0,,0.0,0.0,1.0,4K,QLED,False,True,60.0,0.0
smartphones,https://www.mytek.tn/smartphone-vivo-y19s-12go-128go-noir.html,459.0,Smartphone VIVO Y19s 12Go 128Go - Noir,VIVO,6.0,1024.0,,Android,0.0,1.0,6.68,Autre,1.0,0.0,1.0,,,,,,
smartphones,https://www.mytek.tn/smartphone-samsung-galaxy-a37-5g-8go-256go-lavender.html,1999.0,Smartphone Samsung Galaxy A37 5G 16Go 256Go - Lavender,SAMSUNG,16.0,256.0,,Android,1.0,1.0,6.7,Samsung Exynos,0.0,0.0,1.0,,,,,,
pc_bureau,https://www.mytek.tn/pc-de-bureau-all-in-one-dell-pro-24-plus-ultra-5-245-16go-512go-ssd.html,3385.0,PC de Bureau All In One Dell Pro 24 Plus Ultra 5 245 16Go 512Go SSD,DELL,16.0,512.0,0.0,FreeDos,0.0,1.0,,,,,,,,,,,
pc_portables,https://www.mytek.tn/pc-portable-asus-vivobook-16-snapdragonr-x-x1-26-100-16g-512g-ssd-silver.html,2439.0,PC Portable ASUS Vivobook 16 Snapdragon® X X1 26 100 16G 512G SSD - Silver,ASUS,16.0,512.0,0.0,Windows 11 Famille,,,16.0,Qualcomm,,,,,,,,,
pc_portables,https://www.mytek.tn/pc-portable-asus-vivobook-15-m1502ya-amd-ryzen7-8go-512g-ssd-silver.html,1699.0,PC Portable ASUS Vivobook 15 M1502YA AMD RYZEN7 8Go 512G SSD - Silver,ASUS,8.0,512.0,0.0,Windows 11 Famille,,,15.6,AMD,,,,,,,,,
pc_portables,https://www.mytek.tn/pc-portable-lenovo-ideapad-1-15ijl7-intel-celeron-n4500-8go-256-g-ssd.html,1345.0,PC Portable LENOVO IdeaPad 1 15IJL7 Intel Celeron N4500 8Go 256 G SSD,LENOVO,8.0,256.0,0.0,Windows 11 Famille,,,15.6,Intel,,,,,,,,,
pc_portables,https://www.mytek.tn/pc-portable-dell-14-plus-2-en-1-ultra-9-288v-32go-1to-ssd-bleu.html,6089.0,PC Portable DELL 14 Plus 2-en-1 Ultra 9 288V 32Go 1To SSD - Bleu,DELL,32.0,1024.0,0.0,Windows 11 Famille,,,14.0,Intel,,,,,,,,,
smartphones,https://www.mytek.tn/smartphone-samsung-galaxy-a07-4go-64go-couleur-noir.html,399.0,Smartphone SAMSUNG GALAXY A07 8Go 64Go - Couleur Noir,SAMSUNG,8.0,64.0,,Android,0.0,1.0,6.7,MediaTek,1.0,0.0,1.0,,,,,,
pc_portables,https://www.mytek.tn/pc-portable-dell-pro-16-plus-ultra-5-235u-24go-512go-ssd-gris.html,3899.0,PC Portable DELL Pro 16 Plus Ultra 5 235U 24Go 512Go SSD - Gris,DELL,24.0,512.0,0.0,FreeDos,,,16.0,Intel,,,,,,,,,
pc_portables,https://www.mytek.tn/pc-portable-dell-pro-16-intel-core-5-120u-8go-512go-ssd-silver.html,2099.0,PC Portable DELL Pro 16 Intel Core 5 120U 8Go 512Go SSD - Gris,DELL,8.0,512.0,5.0,FreeDos,,,16.0,Intel,,,,,,,,,
pc_bureau,https://www.mytek.tn/pc-de-bureau-all-in-one-hp-proone-240-g10-ultra-5-125u-8go-512go-ssd-noir.html,2739.0,PC de Bureau All In One HP ProOne 240 G10 Ultra 5 125U 8Go 512Go SSD - Noir,HP,8.0,512.0,0.0,FreeDos,0.0,1.0,,,,,,,,,,,
televiseurs,https://www.mytek.tn/tv-telefunken-43-c7-fhd-recepteur-integre.html,679.0,TV TELEFUNKEN 43'' C7 FHD + Récepteur intégré,TELEFUNKEN,,,,Autre,,0.0,43.0,,0.0,0.0,0.0,Full HD,QLED,False,False,60.0,0.0
pc_bureau,https://www.mytek.tn/pc-de-bureau-gamer-mytek-amd-ryzen-5-16g-rtx-5070-12g.html,4929.0,Pc de Bureau Gamer MYTEK AMD RYZEN 5 16G RTX 5070 12G,MSI,16.0,1024.0,0.0,FreeDos,0.0,0.0,,,,,,,,,,,
pc_portables,https://www.mytek.tn/pc-portable-gamer-msi-thin-15-b13ucx-i7-13e-gen-32go-rtx-2050-gris.html,3095.0,PC Portable Gamer MSI Thin 15 B13UCX i7 13è Gén 32Go RTX 2050 - Gris,MSI,32.0,512.0,7.0,Windows 11 Pro,,,15.6,Intel,,,,,,,,,
pc_portables,https://www.mytek.tn/pc-portable-gamer-lenovo-loq-15irx9-i7-13eme-gen-16g-rtx4050.html,3859.0,PC Portable Gamer LENOVO LOQ 15IRX9 i7 13ème Gén 16G RTX4050,LENOVO,16.0,512.0,7.0,Windows 11 Famille,,,15.6,Intel,,,,,,,,,
pc_portables,https://www.mytek.tn/pc-portable-lenovo-ideapad-slim-3-15amn8-amd-athlon-8g-256g-ssd-gris.html,1419.0,PC Portable LENOVO IdeaPad Slim 3 15AMN8 AMD Athlon 8G 256G SSD - Gris,LENOVO,8.0,256.0,0.0,Windows 11 Pro,,,15.6,AMD,,,,,,,,,
smartphones,https://www.mytek.tn/smartphone-samsung-galaxy-a36-5g-8go-256go-lavender.html,1549.0,Smartphone SAMSUNG Galaxy A36 5G 16Go 256Go - Lavender,SAMSUNG,16.0,256.0,,Android,1.0,1.0,6.7,Autre,0.0,0.0,1.0,,,,,,
pc_portables,https://www.mytek.tn/pc-portable-lenovo-ideapad-slim-3-15irh10-i7-13e-gen-24g-512go-ssd-gris.html,2849.0,PC Portable LENOVO IdeaPad Slim 3 15IRH10 i7 13è Gén 24G 512Go SSD - Gris,LENOVO,24.0,512.0,7.0,Windows 11 Pro,,,15.3,Intel,,,,,,,,,
pc_portables,https://www.mytek.tn/pc-portable-hp-15-fd1079nk-ultra-5-125h-24go-512go-ssd-noir.html,2749.0,PC Portable HP 15-fd1079nk Ultra 5 125H 24Go 512Go SSD - Noir,HP,24.0,512.0,0.0,FreeDos,,,15.6,Intel,,,,,,,,,
telephones_portables,https://www.mytek.tn/telephone-portable-uniwa-e1803-rouge.html,36.9,TÉLÉPHONE PORTABLE UNIWA E1803 - Rouge,UNIWA,16.0,32.0,,Autres,,,1.77,,,,0.0,,,,,,
pc_portables,https://www.mytek.tn/pc-portable-lenovo-v15-g2-ijl-intel-celeron-n4500-8go-256go-ssd-noir.html,1099.0,PC Portable LENOVO V15 G2 IJL Intel Celeron N4500 8Go 256Go SSD - Noir,LENOVO,8.0,256.0,0.0,FreeDos,,,15.6,Intel,,,,,,,,,
pc_portables,https://www.mytek.tn/pc-portable-gamer-asus-vivobook-16x-i5-13e-gen-16go-rtx3050.html,2549.0,PC Portable Gamer ASUS Vivobook 16X i5 13è Gén 16Go RTX3050,ASUS,16.0,512.0,5.0,Windows 11 Famille,,,16.0,Intel,,,,,,,,,
pc_portables,https://www.mytek.tn/pc-portable-lenovo-v15-g5-irl-i5-13e-gen-8g-512go-ssd-noir.html,2169.0,PC Portable LENOVO V15 G5 IRL i5 13è Gén 8G 512Go SSD - Noir,LENOVO,8.0,512.0,5.0,Windows 11 Pro,,,15.6,Intel,,,,,,,,,
smartphones,https://www.mytek.tn/smartphone-xiaomi-redmi-15-8go-256go-noir-de-minuit.html,699.0,Smartphone XIAOMI Redmi 15 8Go 256Go - Noir De Minuit,XIAOMI,8.0,256.0,,Android,0.0,1.0,6.9,Qualcomm,1.0,0.0,1.0,,,,,,
smartphones,https://www.mytek.tn/smartphone-samsung-galaxy-a37-5g-8go-128go-gray-green.html,1799.0,Smartphone Samsung Galaxy A37 5G 16Go 128Go - Gray Green,SAMSUNG,16.0,128.0,,Android,1.0,0.0,6.7,Samsung Exynos,0.0,1.0,1.0,,,,,,
smartphones,https://www.mytek.tn/smartphone-infinix-smart-20-4go-64go-cloudine-blue.html,399.0,Smartphone INFINIX Smart 20 8Go 64Go -CLOUDINE BLUE,INFINIX,4.0,64.0,,Android,0.0,0.0,6.78,MediaTek,1.0,0.0,1.0,,,,,,
smartphones,https://www.mytek.tn/smartphone-samsung-galaxy-a17-5g-6go-128go-noir.html,899.0,Smartphone SAMSUNG GALAXY A17 5G 12Go 128Go - Noir,SAMSUNG,6.0,128.0,,Android,1.0,1.0,6.7,Samsung Exynos,0.0,0.0,1.0,,,,,,
pc_portables,https://www.mytek.tn/pc-portable-gamer-asus-v16-v3607vj-intel-core-5-210h-8g-rtx-3050.html,2739.0,PC Portable Gamer ASUS V16 V3607VJ Intel Core 5 210H 8G RTX 3050,ASUS,8.0,512.0,5.0,Windows 11 Pro,,,16.0,Intel,,,,,,,,,
pc_portables,https://www.mytek.tn/pc-portable-lenovo-ideapad1-15ijl7-intel-celeron-n4500-8go-256go-ssd-gris.html,1279.0,PC Portable LENOVO IdeaPad1 15IJL7 Intel Celeron N4500 8Go 256Go SSD - Gris,LENOVO,8.0,256.0,0.0,Windows 11 Pro,,,15.6,Intel,,,,,,,,,
televiseurs,https://www.mytek.tn/tv-telefunken-g7ep-mini-led-uhd-4k-google-tv-55-recepteur-integre.html,2349.0,"TV Telefunken G7EP Mini LED UHD 4K Google TV 55"" + Récepteur intégré",TELEFUNKEN,,,,Google TV,,1.0,55.0,,0.0,0.0,0.0,4K,Mini-LED,True,True,104.8,1.0
pc_portables,https://www.mytek.tn/pc-portable-gamer-lenovo-loq-15irx9-i5-13eme-gen-24go-rtx-4050.html,3799.0,PC Portable Gamer LENOVO LOQ 15IRX9 i5 13ème Gén 24Go RTX 4050,LENOVO,24.0,512.0,5.0,FreeDos,,,15.6,Intel,,,,,,,,,
pc_portables,https://www.mytek.tn/pc-portable-hp-15-fc0090nk-amd-ryzen-5-8go-512go-ssd-silver-or-chaud.html,1715.0,PC Portable HP 15-fc0090nk AMD RYZEN 5 8Go 512Go SSD - Silver & Or Chaud,HP,8.0,512.0,0.0,Windows 11 Famille,,,15.6,AMD,,,,,,,,,
pc_portables,https://www.mytek.tn/pc-portable-gamer-msi-thin-15-b13ucx-i7-13e-gen-8go-rtx-2050.html,2479.0,PC Portable Gamer MSI Thin 15 B13UCX i7 13è Gén 8Go RTX 2050,MSI,8.0,512.0,7.0,FreeDos,,,15.6,Intel,,,,,,,,,
pc_bureau,https://www.mytek.tn/pc-de-bureau-all-in-one-asus-p440vak-intel-core-7-240h-8go-512go-ssd-blanc.html,2599.0,PC de Bureau ALL IN ONE ASUS P440VAK Intel Core 7 240H 8Go 512Go SSD - Blanc,ASUS,8.0,512.0,7.0,FreeDos,0.0,1.0,,,,,,,,,,,
pc_portables,https://www.mytek.tn/pc-portable-lenovo-thinkpad-p16s-gen-3-ultra-7-155h-16g-512go-ssd-noir.html,7195.0,PC Portable LENOVO ThinkPad P16s Gen 3 Ultra 7 155H 16G 512Go SSD - Noir,LENOVO,16.0,512.0,0.0,Windows 11 Pro,,,16.0,Intel,,,,,,,,,
smartphones,https://www.mytek.tn/smartphone-honor-x7d-4g-8go-256go-meteor-silver.html,799.0,Smartphone HONOR X7D 4G  8Go 256Go - Meteor Silver,HONOR,8.0,256.0,,Android,0.0,1.0,6.77,Qualcomm,1.0,0.0,1.0,,,,,,
smartphones,https://www.mytek.tn/smartphone-xiaomi-redmi-note-15-5g-6go-128go-forest-green.html,799.0,Smartphone Xiaomi Redmi Note 15 4G 6Go 128Go - Forest Green,XIAOMI,6.0,128.0,,Android,0.0,1.0,6.77,MediaTek,1.0,0.0,1.0,,,,,,
pc_portables,https://www.mytek.tn/pc-portable-dell-pro-15-essential-amd-ryzen-5-8go-512go-ssd-noir.html,2099.0,PC Portable DELL Pro 15 Essential AMD RYZEN 5 8Go 512Go SSD - Noir,DELL,8.0,512.0,0.0,FreeDos,,,15.6,AMD,,,,,,,,,
pc_portables,https://www.mytek.tn/pc-portable-hp-15-fd1108nk-intel-core-5-120u-16g-512go-ssd-silver.html,2209.0,PC Portable HP 15-fd1108nk Intel Core 5 120U 16G 512Go SSD - Silver,HP,16.0,512.0,5.0,Windows 11 Pro,,,15.6,Intel,,,,,,,,,
smartphones,https://www.mytek.tn/smartphone-lesia-young-6-2-2go-16go-silver.html,189.9,Smartphone Lesia Young 6 2 + 2Go 16Go - Silver,LESIA,2.0,16.0,,Android,0.0,0.0,6.1,Autre,1.0,0.0,0.0,,,,,,
televiseurs,https://www.mytek.tn/tv-thomson-50qg7c14-uhd-4k-50-google-tv-qled-pro-noir.html,1899.0,TV THOMSON 50QG7C14 UHD 4K  50″ GOOGLE TV QLED PRO – NOIR,THOMSON,,,,Google TV,,1.0,50.0,,0.0,0.0,1.0,4K,QLED,True,True,144.0,1.0
pc_portables,https://www.mytek.tn/pc-portable-lenovo-thinkpad-e14-gen-7-ultra-5-225u-24go-512go-ssd-noir.html,3999.0,PC Portable LENOVO ThinkPad E14 Gen 7 Ultra 5 225U 24Go 512Go SSD - Noir,LENOVO,24.0,512.0,0.0,FreeDos,,,14.0,Intel,,,,,,,,,
televiseurs,https://www.mytek.tn/tv-alma-40-smart-tv-avec-recepteur-tnt-integre-noir.html,639.0,"TV ALMA 40"" Smart Avec Récepteur Intégré - Noir",ALMATV,,,,Google TV,,1.0,40.0,,0.0,0.0,1.0,Full HD,QLED,True,True,60.0,0.0
pc_portables,https://www.mytek.tn/pc-portable-gamer-asus-tuf-gaming-f16-i5-13e-gen-16g-rtx-5060.html,4805.0,PC Portable Gamer ASUS TUF Gaming F16 i5 13è Gén 16G RTX 5060,ASUS,16.0,1024.0,5.0,Windows 11 Famille,,,16.0,Intel,,,,,,,,,
televiseurs,https://www.mytek.tn/tv-maxwell-mg60-55-qled-4k-smart-google-tv-avec-recepteur-integre.html,1399.0,"TV MAXWELL MG60 55"" QLED 4K Smart Google TV avec Récepteur Intégré",MAXWELL,,,,Google TV,,1.0,55.0,,0.0,0.0,0.0,4K,QLED,True,True,60.0,1.0
pc_portables,https://www.mytek.tn/pc-portable-chuwi-corebook-i3-10e-gen-8go-256go-ssd-gris.html,1179.0,PC Portable CHUWI CoreBook i3 10è Gén 8Go 256Go SSD - Gris,CHUWI,8.0,256.0,3.0,Windows 11 Famille,,,14.0,Intel,,,,,,,,,
smartphones,https://www.mytek.tn/smartphone-samsung-galaxy-s26-5g-12go-512go-bleu-ciel.html,4999.0,Smartphone SAMSUNG GALAXY S26 5G 12Go 512Go -Bleu Ciel,SAMSUNG,12.0,512.0,,Android,1.0,1.0,6.3,Samsung Exynos,1.0,0.0,1.0,,,,,,
smartphones,https://www.mytek.tn/smartphone-vivo-v70-fe-5g-12go-256go-titanium-silver.html,1699.0,Smartphone VIVO V70 FE 5G 12Go 256Go - Titanium Silver,VIVO,12.0,256.0,,Android,1.0,1.0,6.83,MediaTek,0.0,0.0,1.0,,,,,,
pc_portables,https://www.mytek.tn/pc-portable-gamer-msi-cyborg-15-a13ve-i5-13e-gen-32g-rtx4050.html,4319.0,PC Portable Gamer MSI Cyborg 15 A13VE i5 13è Gén 32G RTX4050,MSI,32.0,512.0,5.0,FreeDos,,,15.6,Intel,,,,,,,,,
pc_bureau,https://www.mytek.tn/pc-de-bureau-pro-mytek-amd-ryzen5-8go-500go-ssd-noir.html,1259.0,Pc de Bureau Pro MYTEK AMD RYZEN5 8Go 500Go SSD - Noir,MYTEK,8.0,500.0,0.0,FreeDos,0.0,0.0,,,,,,,,,,,
smartphones,https://www.mytek.tn/smartphone-infinix-hot-60-pro-plus-4g-8-8go-256go-sonic-yellow.html,799.0,Smartphone INFINIX Hot 60 Pro Plus 4G 8+8Go 256Go - Sonic Yellow,INFINIX,8.0,256.0,,Android,0.0,1.0,6.78,MediaTek,1.0,0.0,1.0,,,,,,
smartphones,https://www.mytek.tn/smartphone-honor-x7d-4g-8go-256go-velvet-black.html,799.0,Smartphone HONOR X7D 4G  8Go 256Go - Velours Noir,HONOR,8.0,256.0,,Android,0.0,1.0,6.77,Qualcomm,1.0,0.0,1.0,,,,,,
pc_portables,https://www.mytek.tn/pc-portable-gamer-asus-vivobook-16x-i5-13e-gen-16g-rtx-3050.html,2599.0,PC Portable Gamer ASUS Vivobook 16X i5 13è Gén 16G RTX 3050,ASUS,16.0,512.0,5.0,Windows 11 Pro,,,16.0,Intel,,,,,,,,,
smartphones,https://www.mytek.tn/smartphone-xiaomi-redmi-note-15-4g-8go-256go-violet.html,899.0,Smartphone Xiaomi Redmi Note 15  4G  8Go 256Go - Violet,XIAOMI,8.0,256.0,,Android,0.0,1.0,6.77,MediaTek,1.0,0.0,1.0,,,,,,
pc_bureau,https://www.mytek.tn/pc-de-bureau-gamer-mytek-i5-12e-gen-32go-rtx-5050-8g.html,3379.0,Pc de Bureau Gamer MYTEK i5 12è Gén 32Go RTX 5050 8G,MYTEK,32.0,1024.0,5.0,FreeDos,0.0,0.0,,,,,,,,,,,
pc_bureau,https://www.mytek.tn/pc-de-bureau-gamer-mytek-i5-12e-gen-32g-rtx-5060-8g.html,3539.0,Pc de Bureau Gamer MYTEK i5 12è Gén 32G RTX 5060 8G,MSI,32.0,1024.0,5.0,FreeDos,0.0,0.0,,,,,,,,,,,
smartphones,https://www.mytek.tn/smartphone-oppo-a6-pro-5g-8go-256go-bleu.html,1399.0,Smartphone OPPO A6 PRO 5G 8Go 256Go - Bleu,OPPO,8.0,256.0,,Android,1.0,1.0,6.57,MediaTek,0.0,0.0,1.0,,,,,,
pc_portables,https://www.mytek.tn/pc-portable-hp-15-fd1073nk-intel-core-7-150u-24go-512go-ssd-silver.html,2529.0,PC Portable HP 15-fd1073nk Intel Core 7 150U 24Go 512Go SSD - Silver,HP,24.0,512.0,7.0,FreeDos,,,15.6,Intel,,,,,,,,,
smartphones,https://www.mytek.tn/smartphone-samsung-galaxy-s26-5g-12go-512go-blanc.html,4999.0,Smartphone SAMSUNG GALAXY S26 5G 12Go 512Go - Blanc,SAMSUNG,12.0,512.0,,Android,1.0,1.0,6.3,Samsung Exynos,1.0,0.0,1.0,,,,,,
pc_portables,https://www.mytek.tn/pc-portable-lenovo-thinkpad-e16-gen-3-ultra-5-225u-16g-512g-ssd-noir.html,3499.0,PC Portable LENOVO ThinkPad E16 Gen 3 Ultra 5 225U 16G 512G SSD - Noir,LENOVO,16.0,512.0,0.0,FreeDos,,,16.0,Intel,,,,,,,,,
telephones_portables,https://www.mytek.tn/telephone-portable-smartec-v1-double-sim-800mah-bleu-fonce.html,39.0,Téléphone Portable SMARTEC V1 Double SIM 800mAh - bleu foncé,SMARTEC,0.03125,32.0,,Autres,,,2.0,,,,1.0,,,,,,
pc_portables,https://www.mytek.tn/pc-portable-gamer-lenovo-loq-15irx9-i7-13eme-gen-32go-rtx4050.html,4669.0,PC Portable Gamer LENOVO LOQ 15IRX9 i7 13ème Gén 32Go RTX4050,LENOVO,32.0,512.0,7.0,Windows 11 Pro,,,15.6,Intel,,,,,,,,,
pc_portables,https://www.mytek.tn/pc-portable-gamer-lenovo-loq-15irx10-i7-13e-gen-16go-rtx-5050.html,3999.0,PC Portable Gamer LENOVO LOQ 15IRX10 i7 13è Gén 16Go RTX 5050,LENOVO,16.0,512.0,7.0,FreeDos,,,15.6,Intel,,,,,,,,,
pc_portables,https://www.mytek.tn/pc-portable-dell-pro-15-essential-i7-13e-gen-8go-512go-ssd-noir.html,2015.0,PC Portable DELL Pro 15 Essential i7 13è Gén 8Go 512Go SSD - Noir,DELL,8.0,512.0,7.0,FreeDos,,,15.6,Intel,,,,,,,,,
pc_portables,https://www.mytek.tn/pc-portable-hp-15-fd1079nk-ultra-5-125h-32g-512go-ssd-noir.html,3349.0,PC Portable HP 15-fd1079nk Ultra 5 125H 32G 512Go SSD - Noir,HP,32.0,512.0,0.0,Windows 11 Pro,,,15.6,Intel,,,,,,,,,
televiseurs,https://www.mytek.tn/tv-eternal-32-n18-led-hd-avec-recepteur-tnt-integre.html,389.0,"TV ETERNAL 32"" N18 LED HD Avec Récepteur TNT Intégré",ETERNAL,,,,Autre,,0.0,32.0,,0.0,0.0,0.0,Full HD,LED,False,False,60.0,0.0
smartphones,https://www.mytek.tn/smartphone-honor-x7d-5g-8go-256go-velvet-black.html,799.0,Smartphone HONOR X7D 5G  8Go 256Go - Velvet Black,HONOR,8.0,256.0,,Android,1.0,1.0,6.77,Qualcomm,0.0,0.0,1.0,,,,,,
pc_bureau,https://www.mytek.tn/pc-de-bureau-pro-mytek-intel-celeron-g5900-16go-240go-ssd-noir.html,829.0,Pc de Bureau Pro MYTEK Intel Celeron G5900 16Go 240Go SSD - Noir,MYTEK,16.0,240.0,0.0,FreeDos,0.0,0.0,,,,,,,,,,,
pc_portables,https://www.mytek.tn/pc-portable-dell-vostro-3530-i5-13e-gen-32go-512go-ssd-noir.html,2389.0,Pc Portable DELL Vostro 3530 i5 13è Gén 32Go 512Go SSD - Noir,DELL,32.0,512.0,5.0,FreeDos,,,15.6,Intel,,,,,,,,,
smartphones,https://www.mytek.tn/smartphone-honor-600-lite-5g-8go-256go-noir.html,1399.0,Smartphone HONOR 600 Lite 5G 8Go 256Go - Noir,HONOR,8.0,256.0,,Android,1.0,1.0,6.6,MediaTek,0.0,0.0,1.0,,,,,,
pc_portables,https://www.mytek.tn/pc-portable-gamer-asus-tuf-gaming-f16-i5-13e-gen-24go-rtx-5060.html,4615.0,PC Portable Gamer ASUS TUF Gaming F16 i5 13è Gén 24Go RTX 5060,ASUS,24.0,512.0,5.0,Windows 11 Famille,,,16.0,Intel,,,,,,,,,
televiseurs,https://www.mytek.tn/tv-samsung-75-qled-q7f-4k-vision-ai-smart-tv-2025.html,5299.0,TV SAMSUNG 75'' QLED Q7F 4K Vision AI Smart TV,SAMSUNG,,,,Tizen,,1.0,75.0,,0.0,0.0,1.0,4K,QLED,True,True,103.6,1.0
pc_portables,https://www.mytek.tn/pc-portable-asus-vivobook-15-m1502ya-amd-ryzen7-12go-512g-ssd-bleu.html,1819.0,PC Portable ASUS Vivobook 15 M1502YA AMD RYZEN7 12Go 512G SSD - Bleu,ASUS,12.0,512.0,0.0,Windows 11 Famille,,,15.6,AMD,,,,,,,,,
pc_bureau,https://www.mytek.tn/pc-de-bureau-gamer-mytek-i5-12e-gen-16go-rtx-5070-12g.html,4379.0,Pc de Bureau Gamer MYTEK i5 12è Gén 16Go RTX 5070 12G,MSI,16.0,1024.0,5.0,FreeDos,0.0,0.0,,,,,,,,,,,
smartphones,https://www.mytek.tn/smartphone-oppo-a6x-5g-8go-4go-4go-ram-extensible-128go-plum-purple.html,699.0,Smartphone OPPO A6x 5G 8Go 128Go - Plum Purple,OPPO,4.0,128.0,,Android,1.0,1.0,6.75,MediaTek,0.0,0.0,1.0,,,,,,
pc_bureau,https://www.mytek.tn/pc-de-bureau-pro-mytek-i3-12eme-gen-32g-500go-ssd-noir.html,1999.0,Pc de Bureau Pro MYTEK i3 12ème Gén 32G 500Go SSD - Noir,MYTEK,32.0,500.0,3.0,FreeDos,0.0,0.0,,,,,,,,,,,
telephones_portables,https://www.mytek.tn/telephone-portable-smartec-f1-flip-gris.html,85.0,Téléphone Portable SMARTEC F1 FLIP - Gris,SMARTEC,0.02421875,32.0,,Autres,,,2.4,,,,0.0,,,,,,
pc_bureau,https://www.mytek.tn/pc-de-bureau-gamer-mytek-i7-12e-gen-32g-rtx-5060-8g.html,4799.0,Pc de Bureau Gamer MYTEK i7 12è Gén 32G RTX 5060 8G,MSI,32.0,1024.0,7.0,FreeDos,0.0,0.0,,,,,,,,,,,
pc_portables,https://www.mytek.tn/pc-portable-lenovo-ideapad-1-15ijl7-intel-celeron-n4500-8g-256-g-ssd-gris.html,1379.0,PC Portable LENOVO IdeaPad 1 15IJL7 Intel Celeron N4500 8G 256 G SSD - Gris,LENOVO,8.0,256.0,0.0,Windows 11 Famille,,,15.6,Intel,,,,,,,,,
pc_portables,https://www.mytek.tn/pc-portable-lenovo-thinkbook-16-g8-ial-ultra-5-225u-32g-512g-ssd-gris.html,3859.0,PC Portable LENOVO ThinkBook 16 G8 IAL Ultra 5 225U 32G 512G SSD - Gris,LENOVO,32.0,512.0,0.0,FreeDos,,,16.0,Intel,,,,,,,,,
pc_portables,https://www.mytek.tn/pc-portable-lenovo-ideapad-5-2-in-1-14irh9-i5-13e-gen-16go-512go-ssd.html,3355.0,PC Portable LENOVO IdeaPad 5 2-in-1 14IRH9 i5 13è Gén 16Go 512Go SSD,LENOVO,16.0,512.0,5.0,Windows 11 Famille,,,14.0,Intel,,,,,,,,,
smartphones,https://www.mytek.tn/smartphone-honor-600-lite-5g-8go-256go-gris.html,1399.0,Smartphone HONOR 600 Lite 5G 8Go 256Go - Gris,HONOR,8.0,256.0,,Android,1.0,1.0,6.6,MediaTek,0.0,0.0,1.0,,,,,,
smartphones,https://www.mytek.tn/smartphone-tekno-digital-uniwa-w555-4go-64go-4g-noir-silver.html,249.0,Smartphone Tekno Digital UNIWA W555 4Go 64Go 4G - Noir Silver,UNIWA,4.0,64.0,,Android,0.0,1.0,5.71,Autre,1.0,0.0,1.0,,,,,,
pc_bureau,https://www.mytek.tn/pc-de-bureau-gamer-mytek-i5-12e-gen-16go-rtx-5060-ti-16g.html,3619.0,Pc de Bureau Gamer MYTEK i5 12è Gén 16Go RTX 5060 Ti 16G,MSI,16.0,1024.0,5.0,FreeDos,0.0,0.0,,,,,,,,,,,
pc_portables,https://www.mytek.tn/pc-portable-dell-vostro-3530-i3-13e-gen-32go-512go-ssd-noir.html,2419.0,Pc Portable DELL Vostro 3530 i3 13è Gén 32Go 512Go SSD - Noir,DELL,32.0,512.0,3.0,FreeDos,,,15.6,Intel,,,,,,,,,
pc_portables,https://www.mytek.tn/pc-portable-hp-250r-g10-intel-core-5-120u-24go-512go-ssd-argent-cendre-fonce.html,3115.0,PC Portable HP 250R G10 Intel Core 5 120U 24Go 512Go SSD - Argent Cendré Foncé,HP,24.0,512.0,5.0,FreeDos,,,15.6,Intel,,,,,,,,,
pc_portables,https://www.mytek.tn/pc-portable-gamer-asus-v16-v3607vu-intel-core-7-240h-8go-rtx4050.html,3299.0,PC Portable Gamer ASUS V16 V3607VU Intel Core 7 240H 8Go RTX4050,ASUS,8.0,512.0,7.0,Windows 11 Pro,,,16.0,Intel,,,,,,,,,
pc_portables,https://www.mytek.tn/pc-portable-lenovo-ideapad-slim-3-15iru8-i3-13eme-gen-8g-512g-ssd-gris.html,1529.0,PC Portable LENOVO IdeaPad Slim 3 15IRU8 i3 13ème Gén 8G 512G SSD - Gris,LENOVO,8.0,512.0,3.0,Windows 11 Pro,,,15.6,Intel,,,,,,,,,
pc_portables,https://www.mytek.tn/pc-portable-lenovo-ideapad-1-15ijl7-intel-celeron-n4500-8go-256g-ssd-gris.html,1359.0,PC Portable LENOVO IdeaPad 1 15IJL7 Intel Celeron N4500 8Go 256G SSD - Gris,LENOVO,8.0,256.0,0.0,Windows 11 Famille,,,15.6,Intel,,,,,,,,,
pc_bureau,https://www.mytek.tn/pc-de-bureau-gamer-mytek-i5-12e-gen-16g-rtx-3050-6g.html,2299.0,Pc de Bureau Gamer MYTEK i5 12è Gén 16G RTX 3050 6G,MYTEK,16.0,500.0,5.0,FreeDos,0.0,0.0,,,,,,,,,,,
smartphones,https://www.mytek.tn/smartphone-xiaomi-redmi-note-15-5g-8go-256go-couleur-glacier-blue.html,1199.0,Smartphone Xiaomi Redmi Note 15  5G  8Go 256Go - GLACIER BLUE,XIAOMI,8.0,256.0,,Android,1.0,1.0,6.77,Qualcomm,0.0,0.0,1.0,,,,,,
pc_portables,https://www.mytek.tn/pc-portable-lenovo-thinkbook-16-g7-arp-amd-ryzen-5-16go-512g-ssd-gris.html,2519.0,PC Portable LENOVO ThinkBook 16 G7 ARP AMD RYZEN 5 16Go 512G SSD - Gris,LENOVO,16.0,512.0,0.0,Windows 11 Pro,,,16.0,AMD,,,,,,,,,
pc_portables,https://www.mytek.tn/pc-portable-hp-probook-4-g1ir-intel-core-7-150u-8go-512go-ssd.html,3159.0,Pc Portable HP ProBook 4 G1iR Intel Core 7 150U 8Go 512Go SSD,HP,8.0,512.0,7.0,FreeDos,,,14.0,Intel,,,,,,,,,
pc_portables,https://www.mytek.tn/pc-portable-gamer-msi-thin-15-b13ucx-i5-13e-gen-32g-rtx-2050.html,2939.0,PC Portable Gamer MSI Thin 15 B13UCX i5 13è Gén 32G RTX 2050,MSI,32.0,512.0,5.0,Windows 11 Pro,,,15.6,Intel,,,,,,,,,
televiseurs,https://www.mytek.tn/tv-ecosat-32-pouces-led-hd-32t2-gris.html,385.0,TV ECOSAT 32 Pouces LED HD 32T2 - Gris,ECOSAT,,,,Autre,,0.0,32.0,,0.0,0.0,0.0,HD Ready,LED,False,False,60.0,0.0
pc_bureau,https://www.mytek.tn/pc-de-bureau-dell-pro-tower-qct1250-i5-14e-gen-8go-512go-ssd-noir.html,2039.0,PC de Bureau DELL Pro Tower QCT1250 i5 14è Gén 8Go 512Go SSD - Noir,DELL,8.0,512.0,5.0,FreeDos,0.0,0.0,,,,,,,,,,,
pc_portables,https://www.mytek.tn/pc-portable-gamer-asus-vivobook-16x-i5-13e-gen-8go-rtx-3050.html,2339.0,PC Portable Gamer ASUS Vivobook 16X i5 13è Gén 8Go RTX 3050,ASUS,8.0,512.0,5.0,Windows 11 Famille,,,16.0,Intel,,,,,,,,,
pc_portables,https://www.mytek.tn/pc-portable-gamer-msi-thin-15-b13ucx-i5-13e-gen-24go-rtx-2050.html,2679.0,PC Portable Gamer MSI Thin 15 B13UCX i5 13è Gén 24Go RTX 2050,MSI,24.0,512.0,5.0,FreeDos,,,15.6,Intel,,,,,,,,,
telephones_portables,https://www.mytek.tn/telephone-portable-clever-c4-rouge.html,32.9,Téléphone Portable Clever C4 - Rouge,CLEVER,16.0,32.0,,Sans Système,,,1.77,,,,1.0,,,,,,
smartphones,https://www.mytek.tn/smartphone-samsung-galaxy-s25-fe-8go-256go-blanc.html,2799.0,Smartphone SAMSUNG GALAXY S25 FE 8Go 256Go - Blanc,SAMSUNG,8.0,256.0,,Android,1.0,1.0,6.7,Samsung Exynos,0.0,0.0,1.0,,,,,,
pc_bureau,https://www.mytek.tn/pc-de-bureau-gamer-mytek-amd-ryzen-5-32g-rtx5060-8g.html,2999.0,Pc de Bureau Gamer MYTEK AMD RYZEN 5 32G RTX5060 8G,MSI,32.0,500.0,0.0,FreeDos,0.0,0.0,,,,,,,,,,,
smartphones,https://www.mytek.tn/smartphone-honor-x9d-5g-12go-256go-gold.html,1499.0,Smartphone HONOR X9D 5G 12Go 256Go - Gold,HONOR,12.0,256.0,,Android,1.0,1.0,6.79,Qualcomm,0.0,1.0,1.0,,,,,,
pc_portables,https://www.mytek.tn/pc-portable-dell-16-intel-core-5-120u-16go-512go-ssd-noir.html,2259.0,PC Portable DELL 16 Intel Core 5 120U 16Go 512Go SSD - Noir,DELL,16.0,512.0,5.0,FreeDos,,,16.0,Intel,,,,,,,,,
pc_portables,https://www.mytek.tn/pc-portable-lenovo-ideapad-slim-3-15irh10-i5-13e-gen-24g-512g-ssd-gris.html,2369.0,PC Portable LENOVO IdeaPad Slim 3 15IRH10 i5 13è Gén 24G 512G SSD - Gris,LENOVO,24.0,512.0,5.0,Windows 11 Pro,,,15.3,Intel,,,,,,,,,
pc_bureau,https://www.mytek.tn/pc-de-bureau-dell-pro-tower-essential-qvt1260-i3-14e-gen-8g-512go-ssd-noir.html,1569.0,PC de Bureau DELL Pro Tower Essential QVT1260 i3 14è Gén 8G 512Go SSD - Noir,DELL,8.0,512.0,3.0,Windows 11 Pro,0.0,1.0,,,,,,,,,,,
pc_portables,https://www.mytek.tn/pc-portable-lenovo-thinkpad-x1-2en1-gen-10-aura-edition-ultra7-258v-32g-1to-ssd.html,9999.0,PC Portable LENOVO ThinkPad X1 2En1 Gen 10 Aura Edition Ultra7 258V 32G 1To SSD,LENOVO,32.0,1024.0,0.0,Windows 11 Pro,,,14.0,Intel,,,,,,,,,
televiseurs,https://www.mytek.tn/tv-telefunken-40-c7-fhd-recepteur-integre.html,569.0,TV TELEFUNKEN 40'' C7 FHD + Récepteur intégré,TELEFUNKEN,,,,Autre,,0.0,40.0,,0.0,0.0,0.0,Full HD,QLED,False,False,60.0,0.0
pc_bureau,https://www.mytek.tn/pc-de-bureau-all-in-one-lenovo-ideacentre-aio-24irh9-i5-13e-gen-8g-512g-ssd-gris.html,2589.0,PC de Bureau ALL IN ONE LENOVO IdeaCentre AIO 24IRH9 i5 13è Gén 8G 512G SSD - Gris,LENOVO,8.0,512.0,5.0,FreeDos,0.0,1.0,,,,,,,,,,,
pc_bureau,https://www.mytek.tn/pc-de-bureau-pro-mytek-i3-12eme-gen-16g-500go-ssd-noir.html,1579.0,Pc de Bureau Pro MYTEK i3 12ème Gén 16G 500Go SSD - Noir,MYTEK,16.0,500.0,3.0,FreeDos,0.0,0.0,,,,,,,,,,,
telephones_portables,https://www.mytek.tn/telephone-portable-maxfone-16-max-noir.html,79.9,Téléphone Portable Maxfone 16 Max - Noir,MAXFONE,0.03125,32.0,,Autres,,,2.4,,,,1.0,,,,,,
pc_portables,https://www.mytek.tn/pc-portable-hp-15-fc0181nk-amd-ryzen-5-8g-512go-ssd-silver.html,1949.0,PC Portable HP 15-fc0181nk AMD RYZEN 5 8G 512Go SSD - Silver,HP,8.0,512.0,0.0,Windows 11 Pro,,,15.6,AMD,,,,,,,,,
pc_bureau,https://www.mytek.tn/pc-de-bureau-lenovo-thinkcentre-neo-50t-gen-5-i3-13e-gen-8g-512g-ssd.html,1699.0,PC de Bureau LENOVO ThinkCentre néo 50T Gen 5 i3 14e Gén 8G 512G SSD,LENOVO,8.0,512.0,3.0,FreeDos,0.0,1.0,,,,,,,,,,,
pc_bureau,https://www.mytek.tn/pc-de-bureau-gamer-mytek-i7-12e-gen-16go-rtx-5060-8g.html,3859.0,Pc de Bureau Gamer MYTEK i7 12è Gén 16Go RTX 5060 8G,MSI,16.0,1024.0,7.0,FreeDos,0.0,0.0,,,,,,,,,,,
televiseurs,https://www.mytek.tn/tv-tcl-c6k-4k-uhd-smart-tv-mini-led-98-noir.html,10799.0,"TV TCL C6K 4K UHD Smart TV Mini LED 98"" - Noir",TCL,,,,Google TV,,1.0,98.0,,0.0,1.0,0.0,4K,Mini-LED,True,True,100.8,1.0
smartphones,https://www.mytek.tn/smartphone-samsung-galaxy-a16-5g-8go-256go-noir.html,979.0,Smartphone SAMSUNG GALAXY A16 5G 16Go 256Go - Noir,SAMSUNG,16.0,256.0,,Android,1.0,1.0,6.7,Autre,0.0,0.0,1.0,,,,,,
smartphones,https://www.mytek.tn/smartphone-samsung-galaxy-a06-5g-4go-64go-noir.html,499.0,Smartphone SAMSUNG GALAXY A06 5G 8Go 64Go - Noir,SAMSUNG,4.0,64.0,,Android,1.0,1.0,6.7,Autre,1.0,0.0,1.0,,,,,,
pc_bureau,https://www.mytek.tn/pc-de-bureau-lenovo-thinkcentre-neo-50q-gen-6-ultra-5-226v-16g-512g-ssd.html,2109.0,PC de Bureau LENOVO ThinkCentre néo 50q Gen 6 Ultra 5 226V 16G 512G SSD,LENOVO,16.0,512.0,0.0,FreeDos,0.0,1.0,,,,,,,,,,,
pc_portables,https://www.mytek.tn/pc-portable-gamer-gigabyte-a16-cwh-i7-13e-gen-16go-rtx-5070.html,4599.0,PC Portable Gamer GIGABYTE A16 CWH i7 13è Gén 16Go RTX 5070,GIGABYTE,16.0,1024.0,7.0,FreeDos,,,16.0,Intel,,,,,,,,,
smartphones,https://www.mytek.tn/smartphone-honor-x8d-4g-8go-256go-bleu-clair.html,979.0,Smartphone HONOR X8D 4G 8Go 256Go - Bleu Clair,HONOR,8.0,256.0,,Android,0.0,1.0,6.77,Qualcomm,1.0,0.0,1.0,,,,,,
smartphones,https://www.mytek.tn/smartphone-xiaomi-redmi-note-14-4g-8go-256go-sand-gold.html,729.0,Smartphone Xiaomi Redmi Note 14 4G 8Go 256Go - Sand Gold,XIAOMI,8.0,256.0,,Android,0.0,0.0,6.67,Autre,1.0,0.0,0.0,,,,,,
televiseurs,https://www.mytek.tn/tv-tcl-75-smart-p8k-qled-uhd-4k.html,4399.0,TV TCL 75'' Smart P8K QLED UHD 4K,TCL,,,,Google TV,,1.0,75.0,,0.0,0.0,1.0,4K,QLED,True,True,144.0,1.0
pc_bureau,https://www.mytek.tn/pc-de-bureau-dell-tower-ect1250-i5-14e-gen-24go-512go-ssd-noir.html,2689.0,PC de Bureau DELL Tower ECT1250 i5 14è Gén 24Go 512Go SSD - Noir,DELL,24.0,512.0,5.0,FreeDos,0.0,1.0,,,,,,,,,,,
televiseurs,https://www.mytek.tn/tv-samsung-50-qled-q7f-4k-vision-ai-smart-tv-2025.html,1849.0,TV SAMSUNG 50'' QLED Q7F 4K Vision AI Smart TV,SAMSUNG,,,,Tizen,,1.0,50.0,,0.0,0.0,1.0,4K,QLED,True,True,84.8,0.0
pc_portables,https://www.mytek.tn/pc-portable-dell-14-plus-2-en-1-ultra-7-256v-16go-1to-ssd-bleu.html,4699.0,PC Portable DELL 14 Plus 2-en-1 Ultra 7 256V 16Go 1To SSD - Bleu,DELL,16.0,1024.0,0.0,Windows 11 Famille,,,14.0,Intel,,,,,,,,,
pc_bureau,https://www.mytek.tn/pc-de-bureau-gamer-mytek-i5-14e-gen-32go-rtx-5060-ti-16go.html,4299.0,Pc de Bureau Gamer MYTEK i5 14è Gén 32Go RTX 5060 TI 16Go,MYTEK,32.0,1024.0,5.0,FreeDos,0.0,0.0,,,,,,,,,,,
smartphones,https://www.mytek.tn/smartphone-infinix-hot-60-pro-plus-4g-8-8go-256go-misty-violet.html,799.0,Smartphone INFINIX Hot 60 Pro Plus 4G 8+8Go 256Go - Misty Violet,INFINIX,8.0,256.0,,Android,0.0,1.0,6.78,MediaTek,1.0,0.0,1.0,,,,,,
pc_portables,https://www.mytek.tn/pc-portable-asus-zenbook-14-ultra-7-255h-16go-1to-ssd-silver.html,4369.0,Pc Portable ASUS ZenBook 14 Ultra 7 255H 16Go 1To SSD - Silver,ASUS,16.0,1024.0,0.0,Windows 11 Famille,,,14.0,Intel,,,,,,,,,
pc_portables,https://www.mytek.tn/pc-portable-lenovo-ideapad-slim-3-15iru8-i3-13e-gen-8g-512go-ssd-gris.html,1559.0,PC Portable LENOVO IdeaPad Slim 3 15IRU8 i3 13è Gén 8G 512Go SSD - Gris,LENOVO,8.0,512.0,3.0,Windows 11 Pro,,,15.6,Intel,,,,,,,,,
pc_portables,https://www.mytek.tn/pc-portable-gamer-msi-thin-15-b13udx-i7-13e-gen-32g-rtx3050.html,3265.0,PC Portable Gamer MSI Thin 15 B13UDX i7 13è Gén 32G RTX3050,MSI,32.0,512.0,7.0,FreeDos,,,15.6,Intel,,,,,,,,,
telephones_portables,https://www.mytek.tn/telephone-portable-itel-it2165-bleu-cite.html,35.0,Téléphone Portable ITEL it2165 - Bleu Cité,ITEL,12.8046875,32.0,,Autres,,,1.8,,,,0.0,,,,,,
pc_portables,https://www.mytek.tn/pc-portable-hp-15-fd0438nk-i3-13e-gen-16g-512go-ssd-noir.html,1899.0,PC Portable HP 15-fd0438nk i3 13è Gén 16G 512Go SSD - Noir,HP,16.0,512.0,3.0,Windows 11 Pro,,,15.6,Intel,,,,,,,,,
pc_portables,https://www.mytek.tn/pc-portable-gamer-hp-victus-15-fa1006nk-i5-13e-gen-8go-rtx-2050.html,2259.0,PC Portable Gamer HP Victus 15-fa1006nk i5 13è Gén 8Go RTX 2050,HP,8.0,512.0,5.0,Windows 11 Famille,,,15.6,Intel,,,,,,,,,
televiseurs,https://www.mytek.tn/tv-lg-43-ai-ua85-4k-smart-43ua85006la.html,1499.0,TV LG 43'' AI UA85 4K Smart (43UA85006LA),LG,,,,webOS,,1.0,43.0,,0.0,0.0,1.0,Full HD,QLED,True,True,60.0,1.0
telephones_portables,https://www.mytek.tn/telephone-portable-uniwa-e1803-ice-bleu.html,36.9,TÉLÉPHONE PORTABLE UNIWA E1803 - ice bleu,UNIWA,16.0,32.0,,Autres,,,1.77,,,,0.0,,,,,,
pc_portables,https://www.mytek.tn/pc-portable-gamer-msi-thin-15-b13ucx-i5-13e-gen-32go-rtx-2050.html,2889.0,PC Portable Gamer MSI Thin 15 B13UCX i5 13è Gén 32Go RTX 2050,MSI,32.0,512.0,5.0,FreeDos,,,15.6,Intel,,,,,,,,,
pc_portables,https://www.mytek.tn/pc-portable-gamer-gigabyte-a16-3vh-amd-ryzen-7-24go-rtx-5060.html,5075.0,PC Portable Gamer GIGABYTE A16 3VH AMD RYZEN 7 24Go RTX 5060,GIGABYTE,24.0,1024.0,0.0,FreeDos,,,16.0,AMD,,,,,,,,,
pc_bureau,https://www.mytek.tn/pc-de-bureau-gamer-mytek-i5-12eme-gen-32g-rtx-5060-8g.html,3499.0,Pc de Bureau Gamer MYTEK i5 12ème Gén 32G RTX 5060 8G,MSI,32.0,1024.0,5.0,FreeDos,0.0,0.0,,,,,,,,,,,
pc_portables,https://www.mytek.tn/pc-portable-gamer-lenovo-legion-pro5-16iax10-ultra-7-255hx-32g-rtx5060.html,6299.0,PC Portable Gamer LENOVO Légion Pro5 16IAX10 Ultra 7 255HX 32G RTX5060,LENOVO,32.0,1024.0,0.0,FreeDos,,,16.0,Intel,,,,,,,,,
televiseurs,https://www.mytek.tn/televiseur-50-telefunken-led-n1-tizen-os-4k-uhd-smarttv.html,1069.0,"Téléviseur 50"" TELEFUNKEN Led N1 SmartTv  Tizen OS  4k UHD",TELEFUNKEN,,,,Tizen,,1.0,50.0,,0.0,0.0,0.0,4K,QLED,True,True,84.8,1.0
smartphones,https://www.mytek.tn/smartphone-xiaomi-redmi-note-15-5g-6go-128go-glacier-blue.html,799.0,Smartphone Xiaomi Redmi Note 15 4G  6Go 128Go - Glacier Blue,XIAOMI,6.0,128.0,,Android,0.0,1.0,6.77,MediaTek,1.0,0.0,1.0,,,,,,
televiseurs,https://www.mytek.tn/tv-tcl-65-smart-tv-qled-mini-led-tv-tcl-65c6k-noir.html,2999.0,"TV TCL 65"" Smart TV QLED MINI LED TV-TCL-65C6K- Noir",TCL,,,,Google TV,,1.0,65.0,,0.0,0.0,1.0,4K,QLED,True,True,70.0,0.0
pc_bureau,https://www.mytek.tn/pc-de-bureau-gamer-mytek-i7-12e-gen-16g-rtx-5070-12g.html,5169.0,Pc de Bureau Gamer MYTEK i7 12è Gén 16G RTX 5070 12G,MSI,16.0,1024.0,7.0,FreeDos,1.0,0.0,,,,,,,,,,,
pc_portables,https://www.mytek.tn/pc-portable-asus-zenbook-14-ultra-9-285h-32g-1to-ssd-silver.html,6259.0,Pc Portable ASUS ZenBook 14 Ultra 9 285H 32G 1To SSD - Silver,ASUS,32.0,1024.0,0.0,Windows 11 Famille,,,14.0,Intel,,,,,,,,,
pc_portables,https://www.mytek.tn/pc-portable-asus-vivobook-15-x1502va-i5-13e-gen-24g-512g-ssd-bleu.html,2269.0,PC Portable ASUS Vivobook 15 X1502VA i5 13è Gén 24G 512G SSD - Bleu,ASUS,24.0,512.0,5.0,Windows 11 Famille,,,15.6,Intel,,,,,,,,,
pc_portables,https://www.mytek.tn/pc-portable-gamer-lenovo-legion-pro-5-16irx10-i9-14e-gen-32g-rtx-5070.html,7059.0,PC Portable Gamer LENOVO Légion Pro 5 16IRX10 i9 14è Gén 32G RTX 5070,LENOVO,32.0,1024.0,9.0,FreeDos,,,16.0,Intel,,,,,,,,,
televiseurs,https://www.mytek.tn/tv-samsung-65-smart-qn70fau-neo-qled-4k-2025.html,4399.0,TV SAMSUNG 65'' Smart QN70FAU Néo QLED 4K 2025,SAMSUNG,,,,Tizen,,1.0,65.0,,0.0,0.0,1.0,4K,QLED,True,True,100.0,1.0
smartphones,https://www.mytek.tn/smartphone-samsung-galaxy-a36-5g-8go-256go-blanc.html,1549.0,Smartphone SAMSUNG Galaxy A36 5G 16Go 256Go - Blanc,SAMSUNG,16.0,256.0,,Android,1.0,1.0,6.7,Autre,0.0,0.0,1.0,,,,,,
pc_portables,https://www.mytek.tn/pc-portable-hp-ai-15-fd2005nk-ultra-5-225u-24g-512go-ssd-silver-or-chaud.html,3109.0,PC Portable HP AI 15-fd2005nk Ultra 5 225U 24G 512Go SSD - Silver & Or Chaud,HP,24.0,512.0,0.0,Windows 11 Pro,,,15.6,Intel,,,,,,,,,
pc_bureau,https://www.mytek.tn/pc-de-bureau-gamer-mytek-amd-ryzen-7-32g-rtx5070-ti-16g.html,8699.0,Pc de Bureau Gamer MYTEK AMD RYZEN 7 32G RTX5070 Ti 16G,MSI,32.0,1024.0,0.0,FreeDos,0.0,0.0,,,,,,,,,,,
pc_portables,https://www.mytek.tn/pc-portable-dell-15-intel-core-3-100u-12go-512go-ssd-noir.html,1615.0,PC Portable DELL 15 Intel Core 3 100U 12Go 512Go SSD - Noir,DELL,12.0,512.0,3.0,FreeDos,,,15.6,Intel,,,,,,,,,
pc_bureau,https://www.mytek.tn/pc-de-bureau-gamer-mytek-i5-14e-gen-16go-rtx-5060-ti-8g.html,3469.0,Pc de Bureau Gamer MYTEK i5 14è Gén 16Go RTX 5060 Ti 8G,MSI,16.0,1024.0,5.0,FreeDos,0.0,0.0,,,,,,,,,,,
smartphones,https://www.mytek.tn/smartphone-honor-x7d-5g-6go-128go-desert-gold.html,639.0,Smartphone HONOR X7D 5G  6Go 128Go - Desert Gold,HONOR,6.0,128.0,,Android,1.0,1.0,6.77,Qualcomm,0.0,0.0,1.0,,,,,,
televiseurs,https://www.mytek.tn/tv-alma-32-altv32b-avec-recepteur-integre-noir.html,379.0,"TV ALMA 32"" Avec Récepteur Intégré - Noir",ALMATV,,,,Autre,,0.0,32.0,,0.0,0.0,0.0,Full HD,LED,True,False,60.0,0.0
pc_portables,https://www.mytek.tn/pc-portable-gamer-msi-cyborg-17-b2rw-intel-core-5-210h-8go-rtx-5050.html,4099.0,PC Portable Gamer MSI Cyborg 17 B2RW Intel Core 5 210H 8Go RTX 5050,MSI,8.0,512.0,5.0,FreeDos,,,17.3,Intel,,,,,,,,,
smartphones,https://www.mytek.tn/smartphone-vivo-y04-4go-128go-or-titane.html,409.0,Smartphone VIVO Y04 8Go 128Go - Or Titane,VIVO,4.0,128.0,,Android,0.0,1.0,6.74,Autre,1.0,0.0,1.0,,,,,,
smartphones,https://www.mytek.tn/smartphone-lesia-young-6-2go-16go-gold.html,189.9,Smartphone LESIA YOUNG 6 4Go 16Go - Gold,LESIA,2.0,16.0,,Android,0.0,0.0,6.0,Autre,0.0,0.0,0.0,,,,,,
pc_portables,https://www.mytek.tn/pc-portable-dell-pro-14-ultra-7-255u-8go-512go-ssd-silver.html,3039.0,PC Portable DELL Pro 14 Ultra 7 255U 8Go 512Go SSD - Silver,DELL,8.0,512.0,0.0,FreeDos,,,14.0,Intel,,,,,,,,,
pc_bureau,https://www.mytek.tn/pc-de-bureau-pro-mytek-i3-12eme-gen-8g-500go-ssd-noir.html,1379.0,Pc de Bureau Pro MYTEK i3 12ème Gén 8G 500Go SSD - Noir,MYTEK,8.0,500.0,3.0,FreeDos,0.0,0.0,,,,,,,,,,,
pc_portables,https://www.mytek.tn/pc-portable-hp-probook-450-g10-i5-13e-gen-8g-512g-ssd-silver.html,2459.0,Pc Portable HP ProBook 450 G10 i5 13è Gén 8G 512G SSD - Silver,HP,8.0,512.0,5.0,Windows 11 Pro,,,15.6,Intel,,,,,,,,,
pc_portables,https://www.mytek.tn/pc-portable-asus-vivobook-15-x1502va-i7-13e-gen-24g-512g-ssd-silver.html,2559.0,PC Portable ASUS Vivobook 15 X1502VA i7 13è Gén 24G 512G SSD - Silver,ASUS,24.0,512.0,7.0,Windows 11 Famille,,,15.6,Intel,,,,,,,,,
smartphones,https://www.mytek.tn/smartphone-xiaomi-redmi-15c-6go-128go-noir-de-minuit.html,599.0,Smartphone XIAOMI Redmi 15C 6Go 128Go - Noir De Minuit,XIAOMI,6.0,128.0,,Android,0.0,1.0,6.9,MediaTek,1.0,0.0,1.0,,,,,,
smartphones,https://www.mytek.tn/smartphone-xiaomi-redmi-note-14-4g-8go-128go-purple.html,749.0,Smartphone Xiaomi Redmi Note 14 4G 8Go 128Go - Purple,XIAOMI,8.0,128.0,,Android,0.0,0.0,6.67,MediaTek,1.0,0.0,0.0,,,,,,
televiseurs,https://www.mytek.tn/tv-tcl-50-s5k-qled-full-hd-smart-google-tv-50s5k.html,1199.0,"TV TCL 50"" S5K QLED Full HD Smart Google TV (50S5K)",TCL,,,,Google TV,,1.0,50.0,,0.0,0.0,1.0,Full HD,QLED,True,True,84.8,0.0
pc_portables,https://www.mytek.tn/pc-portable-gamer-asus-v16-v3607vj-intel-core-5-210h-16g-rtx-3050.html,3139.0,PC Portable Gamer ASUS V16 V3607VJ Intel Core 5 210H 16G RTX 3050,ASUS,16.0,512.0,5.0,Windows 11 Pro,,,16.0,Intel,,,,,,,,,
smartphones,https://www.mytek.tn/smartphone-samsung-galaxy-a56-5g-8go-256go-graphite.html,1899.0,Smartphone SAMSUNG Galaxy A56 5G 16Go 256Go - Graphite,SAMSUNG,16.0,256.0,,Android,1.0,1.0,6.7,Autre,0.0,0.0,1.0,,,,,,
pc_portables,https://www.mytek.tn/pc-portable-hp-ai-15-fd2010nk-ultra-5-225u-24go-512go-ssd-silver.html,2949.0,PC Portable HP AI 15-fd2010nk Ultra 5 225U 24Go 512Go SSD - Silver,HP,24.0,512.0,0.0,FreeDos,,,15.6,Intel,,,,,,,,,
pc_portables,https://www.mytek.tn/pc-portable-dell-15-i5-13e-gen-24g-512go-ssd-noir.html,2209.0,PC Portable DELL 15 i5 13è Gén 24G 512Go SSD - Noir,DELL,24.0,512.0,5.0,Windows 11 Pro,,,15.6,Intel,,,,,,,,,
televiseurs,https://www.mytek.tn/tv-thomson-65-65ug4s14-4k-uhd-side-feet-google-tv-noir.html,2339.0,"TV Thomson 65"" 65UG4S14 4K UHD Side Feet Google Tv - Noir",THOMSON,,,,Google TV,,1.0,65.0,,0.0,0.0,1.0,4K,QLED,True,True,60.0,1.0
pc_bureau,https://www.mytek.tn/pc-de-bureau-gamer-mytek-i5-12e-gen-16go-rtx5060-8g.html,2819.0,Pc de Bureau Gamer MYTEK i5 12è Gén 16Go RTX5060 8G,MYTEK,16.0,500.0,5.0,FreeDos,0.0,0.0,,,,,,,,,,,
smartphones,https://www.mytek.tn/samsung-galaxy-a17-4g-8go-128go-gris.html,699.0,Samsung Galaxy A17 4G 8Go 128Go - Gris,SAMSUNG,4.0,128.0,,Android,0.0,1.0,6.7,MediaTek,1.0,0.0,1.0,,,,,,
smartphones,https://www.mytek.tn/smartphone-samsung-galaxy-a55-5g-256go-16go-ice-blue.html,1599.0,Smartphone Samsung Galaxy A55 5G 256Go 16Go - Ice Blue,SAMSUNG,16.0,256.0,,Android,1.0,1.0,6.6,Samsung Exynos,0.0,0.0,1.0,,,,,,
pc_portables,https://www.mytek.tn/pc-portable-lenovo-ideapad-1-15ijl7-intel-celeron-n4500-8go-256-g-ssd-gris.html,1345.0,PC Portable LENOVO IdeaPad 1 15IJL7 Intel Celeron N4500 8Go 256G SSD - Gris,LENOVO,8.0,256.0,0.0,Windows 11 Pro,,,15.6,Intel,,,,,,,,,
pc_bureau,https://www.mytek.tn/pc-de-bureau-gamer-mytek-ultra-7-265k-64go-msi-rtx-5070-ti-16g.html,10659.0,Pc de Bureau Gamer MYTEK Ultra 7 265K 64Go MSI RTX 5070 Ti 16G,MSI,64.0,2048.0,0.0,FreeDos,0.0,1.0,,,,,,,,,,,
televiseurs,https://www.mytek.tn/televiseur-vega-l50f2fb2-50-full-hd-avec-recepteur-integre.html,929.0,"Téléviseur Vega L50F2FB2 50"" Full HD avec récepteur intégré",VEGA,,,,Autre,,0.0,50.0,,0.0,0.0,0.0,Full HD,QLED,False,False,84.8,0.0
smartphones,https://www.mytek.tn/smartphone-samsung-galaxy-a07-64go-4go-vert.html,399.0,Smartphone SAMSUNG GALAXY A07 64Go 8Go - Vert,SAMSUNG,8.0,64.0,,Android,0.0,1.0,6.7,MediaTek,1.0,0.0,1.0,,,,,,
smartphones,https://www.mytek.tn/smartphone-samsung-galaxy-a56-5g-8go-128go-gris.html,1699.0,Smartphone SAMSUNG Galaxy A56 5G 16Go 128Go - Gris,SAMSUNG,16.0,128.0,,Android,1.0,1.0,6.7,Autre,0.0,0.0,1.0,,,,,,
pc_portables,https://www.mytek.tn/pc-portable-gamer-asus-vivobook-16x-i5-13e-gen-8g-rtx-3050.html,2389.0,PC Portable Gamer ASUS Vivobook 16X i5 13è Gén 8G RTX 3050,ASUS,8.0,512.0,5.0,Windows 11 Pro,,,16.0,Intel,,,,,,,,,
pc_portables,https://www.mytek.tn/pc-portable-gamer-msi-cyborg-15-b2rw-intel-core-7-240h-8go-rtx-5060.html,4099.0,PC Portable Gamer MSI Cyborg 15 B2RW Intel Core 7 240H 8Go RTX 5060,MSI,8.0,512.0,7.0,FreeDos,,,15.6,Intel,,,,,,,,,
pc_bureau,https://www.mytek.tn/pc-de-bureau-pro-mytek-amd-ryzen5-16go-500go-ssd-noir.html,1469.0,Pc de Bureau Pro MYTEK AMD RYZEN5 16Go 500Go SSD - Noir,MYTEK,16.0,500.0,0.0,FreeDos,0.0,0.0,,,,,,,,,,,
smartphones,https://www.mytek.tn/smartphone-samsung-galaxy-s26-ultra-5g-12go-256go-violet-de-cobalt.html,5999.0,Smartphone SAMSUNG GALAXY S26 Ultra 5G 12Go 256Go - Violet de Cobalt,SAMSUNG,12.0,256.0,,Android,1.0,1.0,6.9,Qualcomm,1.0,0.0,1.0,,,,,,
pc_bureau,https://www.mytek.tn/pc-de-bureau-pro-mytek-amd-ryzen-3-32g-500g-ssd-noir.html,1619.0,Pc de Bureau Pro MYTEK AMD RYZEN 3 32G 500G SSD - Noir,MYTEK,32.0,500.0,0.0,FreeDos,0.0,0.0,,,,,,,,,,,
pc_bureau,https://www.mytek.tn/pc-de-bureau-gamer-mytek-i7-12e-gen-16go-rtx-5050-8g.html,3319.0,Pc de Bureau Gamer MYTEK i7 12è Gén 16Go RTX 5050 8G,MYTEK,16.0,500.0,7.0,FreeDos,0.0,0.0,,,,,,,,,,,
pc_bureau,https://www.mytek.tn/pc-de-bureau-gamer-mytek-amd-ryzen-5-16g-rtx-5060-8g.html,3069.0,Pc de Bureau Gamer MYTEK AMD RYZEN 5 16G RTX 5060 8G,MSI,16.0,1024.0,0.0,FreeDos,0.0,0.0,,,,,,,,,,,
pc_portables,https://www.mytek.tn/pc-portable-msi-modern-15-f1m-intel-core-7-150u-16go-512go-ssd.html,2349.0,Pc Portable MSI Modern 15 F1M Intel Core 7 150U 16Go 512Go SSD,MSI,16.0,512.0,7.0,FreeDos,,,15.6,Intel,,,,,,,,,
pc_bureau,https://www.mytek.tn/pc-de-bureau-gamer-mytek-amd-ryzen5-16go-rtx-5050-8g.html,2729.0,Pc de Bureau Gamer MYTEK AMD RYZEN5 16Go RTX 5050 8G,MYTEK,16.0,500.0,0.0,FreeDos,0.0,0.0,,,,,,,,,,,
smartphones,https://www.mytek.tn/smartphone-samsung-galaxy-a37-5g-8go-256go-blanc.html,1999.0,Smartphone Samsung Galaxy A37 5G 16Go 256Go - Blanc,SAMSUNG,16.0,256.0,,Android,1.0,1.0,6.7,Samsung Exynos,0.0,0.0,1.0,,,,,,
pc_bureau,https://www.mytek.tn/pc-de-bureau-gamer-mytek-i5-14e-gen-32go-rtx5070-12g.html,5239.0,Pc de Bureau Gamer MYTEK i5 14è Gén 32Go RTX5070 12G,MSI,32.0,1024.0,5.0,FreeDos,1.0,0.0,,,,,,,,,,,
televiseurs,https://www.mytek.tn/tv-telefunken-50-qled-w3hq-google-tv-full-hd-noir.html,1049.0,"TV TELEFUNKEN 50"" QLED W3HQ Google TV Full HD - Noir",TELEFUNKEN,,,,Google TV,,1.0,50.0,,0.0,0.0,1.0,Full HD,QLED,True,True,84.8,1.0
smartphones,https://www.mytek.tn/smartphone-samsung-galaxy-a37-5g-8go-128go-blanc.html,1799.0,Smartphone Samsung Galaxy A37 5G 16Go 128Go - Blanc,SAMSUNG,16.0,128.0,,Android,1.0,0.0,6.7,Samsung Exynos,0.0,1.0,1.0,,,,,,
smartphones,https://www.mytek.tn/smartphone-xiaomi-redmi-note-15-pro-plus-5g-8go-256go-mocha-brown.html,1849.0,Smartphone Xiaomi Redmi Note 15 Pro Plus 5G  8Go 256Go - Moka Brown,XIAOMI,8.0,256.0,,Android,1.0,1.0,6.83,Qualcomm,0.0,1.0,1.0,,,,,,
pc_bureau,https://www.mytek.tn/pc-de-bureau-asus-expertcenter-p500mv-intel-core-7-240h-8go-512go-ssd-gris.html,1939.0,Pc de Bureau ASUS ExpertCenter P500MV Intel Core 7 240H 8Go 512Go SSD - Gris,ASUS,8.0,512.0,7.0,FreeDos,0.0,1.0,,,,,,,,,,,
pc_bureau,https://www.mytek.tn/pc-de-bureau-hp-pro-tower-290-g9-i5-14e-gen-8g-512go-ssd-noir.html,2449.0,Pc De Bureau HP Pro Tower 290 G9 I5 14è Gén 8G 512Go SSD - Noir,HP,8.0,512.0,5.0,Windows 11 Pro,0.0,1.0,,,,,,,,,,,
pc_portables,https://www.mytek.tn/pc-portable-lenovo-ideapad-slim-3-15irh10-i5-13e-gen-16go-512go-ssd-bleu.html,2099.0,PC Portable LENOVO IdeaPad Slim 3 15IRH10 i5 13è Gén 16Go 512Go SSD - Bleu,LENOVO,16.0,512.0,5.0,Windows 11 Famille,,,15.3,Intel,,,,,,,,,
televiseurs,https://www.mytek.tn/tv-vega-55-smart-qled-uhd-4k-avec-recepteur-integre-noir.html,1399.0,"Tv VEGA 55"" Smart Qled UHD 4K Avec Récepteur Intégré - Noir",VEGA,,,,Android TV,,1.0,55.0,,0.0,0.0,1.0,4K,QLED,True,True,104.8,1.0
pc_bureau,https://www.mytek.tn/pc-de-bureau-gamer-mytek-amd-ryzen-5-16g-rtx-3050-6g.html,2049.0,Pc de Bureau Gamer MYTEK AMD RYZEN 5 16G RTX 3050 6G,MYTEK,16.0,500.0,0.0,FreeDos,0.0,0.0,,,,,,,,,,,
pc_portables,https://www.mytek.tn/pc-portable-gamer-msi-cyborg-15-a13ve-i5-13e-gen-16go-rtx4050.html,3549.0,PC Portable Gamer MSI Cyborg 15 A13VE i5 13è Gén 16Go RTX4050,MSI,16.0,512.0,5.0,Windows 11 Pro,,,15.6,Intel,,,,,,,,,
pc_portables,https://www.mytek.tn/pc-portable-gamer-asus-tuf-gaming-f16-i7-14e-gen-16go-rtx-5060.html,5879.0,PC Portable Gamer ASUS TUF Gaming F16 i7 14è Gén 16Go RTX 5060,ASUS,16.0,1024.0,7.0,Windows 11 Famille,,,16.0,Intel,,,,,,,,,
pc_portables,https://www.mytek.tn/pc-portable-asus-vivobook-go-14-i3-n305-8go-256go-ssd-noir.html,1399.0,PC Portable ASUS Vivobook Go 14 I3-N305 8Go 256Go SSD - Noir,ASUS,8.0,256.0,3.0,Windows 11 Famille,,,14.0,Intel,,,,,,,,,
smartphones,https://www.mytek.tn/smartphone-oscal-marine-2-12go-64go-noir.html,449.0,Smartphone OSCAL Marine 2 12Go 64Go - Noir,OSCAL,4.0,2048.0,,Android,0.0,1.0,6.56,Autre,1.0,0.0,1.0,,,,,,
pc_portables,https://www.mytek.tn/pc-portable-asus-vivobook-15-x1502va-i5-13e-gen-8go-512go-ssd-silver.html,1799.0,PC Portable ASUS Vivobook 15 X1502VA i5 13è Gén 8Go 512Go SSD - Silver,ASUS,8.0,512.0,5.0,Windows 11 Famille,,,15.6,Intel,,,,,,,,,
pc_portables,https://www.mytek.tn/pc-portable-dell-15-i7-13e-gen-16g-512go-ssd-noir.html,2549.0,PC Portable DELL 15 i7 13è Gén 16G 512Go SSD - Noir,DELL,16.0,512.0,7.0,Windows 11 Pro,,,15.6,Intel,,,,,,,,,
pc_portables,https://www.mytek.tn/pc-portable-gamer-lenovo-loq-15arp9-amd-ryzen-5-16go-rtx-3050.html,3099.0,PC Portable Gamer LENOVO LOQ 15ARP9 AMD RYZEN 5 16Go RTX 3050,LENOVO,16.0,512.0,0.0,FreeDos,,,15.6,AMD,,,,,,,,,
pc_portables,https://www.mytek.tn/pc-portable-gamer-gigabyte-g6-kf-i7-13e-gen-16go-rtx4060.html,3849.0,PC Portable Gamer GIGABYTE G6 KF i7 13è Gén 16Go RTX4060,GIGABYTE,16.0,1024.0,7.0,Windows 11 Pro,,,16.0,Intel,,,,,,,,,
pc_portables,https://www.mytek.tn/pc-portable-hp-probook-460-g11-ultra-5-125u-8g-512go-ssd-silver.html,2639.0,Pc Portable HP ProBook 460 G11 Ultra 5 125U 8G 512Go SSD - Silver,HP,8.0,512.0,0.0,Windows 11 Pro,,,16.0,Intel,,,,,,,,,
pc_portables,https://www.mytek.tn/pc-portable-lenovo-thinkpad-e16-gen-3-ultra-7-255h-16g-512go-ssd-noir.html,4049.0,PC Portable LENOVO ThinkPad E16 Gen 3 Ultra 7 255H 16G 512Go SSD - Noir,LENOVO,16.0,512.0,0.0,FreeDos,,,16.0,Intel,,,,,,,,,
pc_portables,https://www.mytek.tn/pc-portable-gamer-asus-v16-v3607vu-intel-core-5-210h-16go-rtx4050.html,3499.0,PC Portable Gamer ASUS V16 V3607VU Intel Core 5 210H 16Go RTX4050,ASUS,16.0,512.0,5.0,Windows 11 Pro,,,16.0,Intel,,,,,,,,,
pc_portables,https://www.mytek.tn/pc-portable-gamer-msi-cyborg-15-b2rw-intel-core-7-240h-32go-rtx-5060.html,5319.0,PC Portable Gamer MSI Cyborg 15 B2RW Intel Core 7 240H 32Go RTX 5060,MSI,32.0,512.0,7.0,FreeDos,,,15.6,Intel,,,,,,,,,
pc_bureau,https://www.mytek.tn/pc-de-bureau-dell-pro-tower-plus-qbt1250-ultra-5-235-8go-512go-ssd-noir.html,2199.0,PC de Bureau DELL Pro Tower Plus QBT1250 Ultra 5 235 8Go 512Go SSD - Noir,DELL,8.0,512.0,0.0,FreeDos,0.0,0.0,,,,,,,,,,,
smartphones,https://www.mytek.tn/smartphone-samsung-galaxy-a07-4go-128go-4g-noir.html,479.0,Smartphone SAMSUNG Galaxy A07 8Go 128Go 4G - Noir,SAMSUNG,8.0,128.0,,Android,0.0,1.0,6.7,MediaTek,1.0,0.0,1.0,,,,,,
televiseurs,https://www.mytek.tn/tv-lg-55-ai-ua85-4k-smart-55ua85006la.html,1999.0,TV LG 55'' AI UA85 4K Smart (55UA85006LA),LG,,,,webOS,,1.0,55.0,,0.0,0.0,1.0,4K,QLED,True,True,60.0,1.0
pc_bureau,https://www.mytek.tn/pc-de-bureau-pro-mytek-amd-ryzen-5-16go-512go-ssd-noir.html,999.0,Pc de Bureau Pro MYTEK AMD RYZEN 5 16Go 512Go SSD - Noir,MYTEK,16.0,512.0,0.0,FreeDos,0.0,0.0,,,,,,,,,,,
smartphones,https://www.mytek.tn/smartphone-xiaomi-redmi-15c-4go-128go-bleu-moonlight.html,529.0,Smartphone XIAOMI Redmi 15C 4Go 128Go - Bleu Moonlight,XIAOMI,4.0,128.0,,Android,0.0,1.0,6.9,MediaTek,1.0,0.0,1.0,,,,,,
pc_bureau,https://www.mytek.tn/pc-de-bureau-gamer-mytek-i5-13e-gen-16go-rtx-5060-8g.html,3079.0,Pc de Bureau Gamer MYTEK i5 13è Gén 16Go RTX 5060 8G,MSI,16.0,1024.0,5.0,FreeDos,0.0,0.0,,,,,,,,,,,
smartphones,https://www.mytek.tn/smartphone-oppo-a5-4g-8go-256go-blanc-brumeux.html,899.0,Smartphone OPPO A5 4G 8Go 256Go - Blanc brumeux,OPPO,8.0,256.0,,Android,0.0,1.0,6.67,Qualcomm,1.0,0.0,1.0,,,,,,
pc_bureau,https://www.mytek.tn/pc-de-bureau-asus-expertcenter-p500mv-i7-13e-gen-8go-512go-ssd-gris.html,1999.0,Pc de Bureau ASUS ExpertCenter P500MV i7 13è Gén 8Go 512Go SSD - Gris,ASUS,8.0,512.0,7.0,FreeDos,0.0,1.0,,,,,,,,,,,
smartphones,https://www.mytek.tn/smartphone-samsung-galaxy-a57-5g-8go-256go-light-blue.html,2299.0,Smartphone Samsung Galaxy A57 5G 16Go 256Go - Light Blue,SAMSUNG,16.0,256.0,,Android,1.0,0.0,6.7,Samsung Exynos,0.0,1.0,1.0,,,,,,
pc_portables,https://www.mytek.tn/pc-portable-gamer-lenovo-legion-pro-5-16irx10-i7-14e-gen-16go-rtx-5050.html,5469.0,PC Portable Gamer LENOVO Légion Pro 5 16IRX10 i7 14è Gén 16Go RTX 5050,LENOVO,16.0,512.0,7.0,FreeDos,,,16.0,Intel,,,,,,,,,
pc_portables,https://www.mytek.tn/pc-portable-dell-16-intel-core-5-120u-8go-512go-ssd-noir.html,1849.0,PC Portable DELL 16 Intel Core 5 120U 8Go 512Go SSD - Noir,DELL,8.0,512.0,5.0,FreeDos,,,16.0,Intel,,,,,,,,,
pc_portables,https://www.mytek.tn/pc-portable-hp-omnibook-ultra-flip-14-fh0005nk-ultra-7-256v-16g-1to-ssd-gris.html,5799.0,PC Portable HP OmniBook Ultra Flip 14-fh0005nk Ultra 7 256V 16G 1To SSD - Gris,HP,16.0,1024.0,0.0,Windows 11 Famille,,,14.0,Intel,,,,,,,,,
pc_portables,https://www.mytek.tn/pc-portable-gamer-asus-tuf-gaming-f16-i7-13e-gen-16go-rtx-4050.html,3899.0,PC Portable Gamer ASUS TUF Gaming F16 i7 13è Gén 16Go RTX 4050,ASUS,16.0,512.0,7.0,Windows 11 Famille,,,16.0,Intel,,,,,,,,,
telephones_portables,https://www.mytek.tn/telephone-portable-evertek-e3218-bleu-marine.html,38.0,Téléphone Portable EVERTEK E3218 - Bleu Marine,EVERTEK,0.03125,32.0,,Autres,,,1.77,,,,1.0,,,,,,
pc_bureau,https://www.mytek.tn/pc-de-bureau-dell-pro-tower-qct1250-i3-14e-gen-8go-512go-ssd-noir.html,1625.0,PC de Bureau DELL Pro Tower QCT1250 i3 14è Gén 8Go 512Go SSD - Noir,DELL,8.0,512.0,3.0,FreeDos,0.0,0.0,,,,,,,,,,,
pc_portables,https://www.mytek.tn/pc-portable-gamer-hp-victus-15-fb3005nk-amd-ryzen-7-16go-rtx-4050.html,4299.0,PC Portable Gamer HP Victus 15-fb3005nk AMD RYZEN 7 16Go RTX 4050,HP,16.0,512.0,0.0,Windows 11 Famille,,,15.6,AMD,,,,,,,,,
smartphones,https://www.mytek.tn/smartphone-samsung-galaxy-a26-5g-8go-256go-blanc.html,1269.0,Smartphone SAMSUNG Galaxy A26 5G 16Go 256Go - Blanc,SAMSUNG,16.0,256.0,,Android,1.0,1.0,6.7,Autre,0.0,0.0,1.0,,,,,,
pc_portables,https://www.mytek.tn/pc-portable-gamer-hp-victus-15-fb3007nk-amd-ryzen-7-8go-rtx-3050.html,2799.0,PC Portable Gamer HP Victus 15-fb3007nk AMD RYZEN 7 8Go RTX 3050,HP,8.0,512.0,0.0,Windows 11 Famille,,,15.6,AMD,,,,,,,,,
pc_portables,https://www.mytek.tn/pc-portable-dell-pro-16-ultra-7-255u-16go-512go-ssd-silver.html,3395.0,PC Portable DELL Pro 16 Ultra 7 255U 16Go 512Go SSD - Silver,DELL,16.0,512.0,0.0,FreeDos,,,16.0,Intel,,,,,,,,,
pc_portables,https://www.mytek.tn/pc-portable-dell-15-i5-13e-gen-16g-512go-ssd-noir.html,1979.0,PC Portable DELL 15 i5 13è Gén 16G 512Go SSD - Noir,DELL,16.0,512.0,5.0,Windows 11 Pro,,,15.6,Intel,,,,,,,,,
pc_portables,https://www.mytek.tn/pc-portable-dell-pro-15-essential-i7-13e-gen-16go-512g-ssd-noir.html,2965.0,PC Portable DELL Pro 15 Essential i7 13è Gén 16Go 512G SSD - Noir,DELL,16.0,512.0,7.0,Windows 11 Pro,,,15.6,Intel,,,,,,,,,
pc_bureau,https://www.mytek.tn/pc-de-bureau-gamer-mytek-i7-14e-gen-32go-rtx5070-12g.html,5899.0,Pc de Bureau Gamer MYTEK i7 14è Gén 32Go RTX5070 12G,MSI,32.0,1024.0,7.0,FreeDos,1.0,0.0,,,,,,,,,,,
pc_portables,https://www.mytek.tn/pc-portable-asus-vivobook-s14-ultra-7-256v-16go-1to-ssd-bleu.html,4379.0,PC Portable ASUS Vivobook S14 Ultra 7 256V 16Go 1To SSD - Bleu,ASUS,16.0,1024.0,0.0,Windows 11 Famille,,,14.0,Intel,,,,,,,,,
smartphones,https://www.mytek.tn/smartphone-samsung-galaxy-a56-5g-8go-128go-graphite.html,1699.0,Smartphone SAMSUNG Galaxy A56 5G 16Go 128Go - Graphite,SAMSUNG,16.0,128.0,,Android,1.0,1.0,6.7,Autre,0.0,0.0,1.0,,,,,,
televiseurs,https://www.mytek.tn/tv-hisense-43a4200g-43-uhd-android-smart-tv-noir.html,889.0,"TV Hisense 43A4200G 43"" UHD Android Smart Tv - Noir",HISENSE,,,,Android TV,,1.0,43.0,,0.0,0.0,1.0,Full HD,QLED,False,True,60.0,0.0
smartphones,https://www.mytek.tn/smartphone-oppo-a6x-4go-128go-violet.html,599.0,Smartphone OPPO A6x 4Go 128Go - Violet,OPPO,4.0,128.0,,Android,0.0,1.0,6.75,Qualcomm,1.0,0.0,1.0,,,,,,
pc_portables,https://www.mytek.tn/pc-portable-dell-pro-16-plus-ultra-7-266v-16go-512go-ssd-gris.html,4299.0,PC Portable DELL Pro 16 Plus Ultra 7 266V 16Go 512Go SSD - Gris,DELL,16.0,512.0,0.0,FreeDos,,,16.0,Intel,,,,,,,,,
smartphones,https://www.mytek.tn/smartphone-honor-x5b-plus-4go-128go-bleu.html,469.0,Smartphone HONOR X5b Plus 4Go 128Go - Bleu,HONOR,4.0,128.0,,Android,0.0,1.0,6.56,MediaTek,1.0,0.0,1.0,,,,,,
pc_portables,https://www.mytek.tn/pc-portable-hp-15-fd1079nk-ultra-5-125h-32go-512go-ssd-noir.html,3299.0,PC Portable HP 15-fd1079nk Ultra 5 125H 32Go 512Go SSD - Noir,HP,32.0,512.0,0.0,FreeDos,,,15.6,Intel,,,,,,,,,
pc_bureau,https://www.mytek.tn/pc-de-bureau-lenovo-thinkcentre-neo-50t-gen-5-i7-14e-gen-16g-512go-ssd.html,2969.0,PC de Bureau LENOVO ThinkCentre néo 50t Gen 5 i7 14è Gén 16G 512Go SSD,LENOVO,16.0,512.0,7.0,Windows 11 Pro,0.0,1.0,,,,,,,,,,,
smartphones,https://www.mytek.tn/smartphone-honor-x8d-4g-8go-256go-velvet-noir.html,979.0,Smartphone HONOR X8D 4G 8Go 256Go - Velvet Noir,HONOR,8.0,256.0,,Android,0.0,1.0,6.77,Qualcomm,1.0,0.0,1.0,,,,,,
televiseurs,https://www.mytek.tn/tv-vega-32-f32f2hbs-android-hd-smart-tv-noir.html,499.0,"TV VEGA 32"" F32F2HBS Android HD Smart TV - Noir",VEGA,,,,Android TV,,1.0,32.0,,0.0,0.0,0.0,Full HD,LED,False,True,60.0,1.0
pc_portables,https://www.mytek.tn/pc-portable-dell-pro-15-essential-intel-core-3-100u-16go-512go-ssd-noir.html,1609.0,PC Portable DELL Pro 15 Essential Intel Core 3 100U 16Go 512Go SSD - Noir,DELL,16.0,512.0,3.0,FreeDos,,,15.6,Intel,,,,,,,,,
pc_portables,https://www.mytek.tn/pc-portable-gamer-asus-tuf-gaming-f16-i7-14e-gen-16go-rtx-5070.html,6959.0,PC Portable Gamer ASUS TUF Gaming F16 i7 14è Gén 16Go RTX 5070,ASUS,16.0,1024.0,7.0,Windows 11 Famille,,,16.0,Intel,,,,,,,,,
smartphones,https://www.mytek.tn/smartphone-xiaomi-redmi-15c-4go-128go-5g-vert-menthe.html,599.0,Smartphone XIAOMI Redmi 15C 4Go 128Go 5G - Vert Menthe,XIAOMI,4.0,128.0,,Android,1.0,0.0,6.09,MediaTek,0.0,0.0,1.0,,,,,,
pc_bureau,https://www.mytek.tn/pc-de-bureau-gamer-mytek-i5-12e-gen-32g-rtx5060-8g.html,3519.0,Pc de Bureau Gamer MYTEK i5 12è Gén 32G RTX5060 8G,MYTEK,32.0,1024.0,5.0,FreeDos,0.0,0.0,,,,,,,,,,,
pc_bureau,https://www.mytek.tn/pc-de-bureau-all-in-one-lenovo-thinkcentre-neo-50a-27-gen5-i7-13e-gen-8g-512g-ssd.html,3649.0,PC de Bureau ALL IN ONE LENOVO ThinkCentre neo 50a 27 Gen5 i7 13è Gén 8G 512G SSD,LENOVO,8.0,512.0,7.0,FreeDos,0.0,1.0,,,,,,,,,,,
pc_bureau,https://www.mytek.tn/pc-de-bureau-gamer-mytek-i5-14e-gen-16go-rtx-5070-12g.html,4709.0,Pc de Bureau Gamer MYTEK i5 14è Gén 16Go RTX 5070 12G,MSI,16.0,1024.0,5.0,FreeDos,1.0,0.0,,,,,,,,,,,
smartphones,https://www.mytek.tn/smartphone-infinix-hot-60-pro-plus-4g-8-8go-256go-sleek-black.html,799.0,Smartphone INFINIX Hot 60 Pro Plus 4G 8+8Go 256Go - Sleek Black,INFINIX,8.0,256.0,,Android,0.0,1.0,6.78,MediaTek,1.0,0.0,1.0,,,,,,
smartphones,https://www.mytek.tn/smartphone-infinix-gt-50-pro-5g-12go-256go-noir.html,1869.0,Smartphone Infinix GT 50 Pro 5G 12Go 256Go - Noir,INFINIX,12.0,256.0,,Android,1.0,0.0,6.78,MediaTek,0.0,0.0,0.0,,,,,,
pc_portables,https://www.mytek.tn/pc-portable-hp-omnibook-7-aerongai-13-bg1004nk-amd-ryzen-ai-5-16go-512go-ssd.html,3239.0,PC Portable HP OmniBook 7 AeroNGAI 13-bg1004nk AMD Ryzen AI 5 16Go 512Go SSD,HP,16.0,512.0,0.0,Windows 11 Famille,,,13.3,AMD,,,,,,,,,
pc_bureau,https://www.mytek.tn/pc-de-bureau-gamer-mytek-amd-ryzen-5-32g-rtx-3050-6g.html,2459.0,Pc de Bureau Gamer MYTEK AMD RYZEN 5 32G RTX 3050 6G,MYTEK,32.0,500.0,0.0,FreeDos,0.0,0.0,,,,,,,,,,,
telephones_portables,https://www.mytek.tn/telephone-portable-x-tigi-kids1-violet.html,69.9,Téléphone Portable X-TIGI Kids1 - Violet,X-TIGI,0.0625,32.0,,Autres,,,2.0,,,,1.0,,,,,,
smartphones,https://www.mytek.tn/smartphone-xiaomi-redmi-15-8go-256go-violet-sableux.html,699.0,Smartphone XIAOMI Redmi 15 8Go 256Go - Violet Sableux,XIAOMI,8.0,256.0,,Android,0.0,1.0,6.9,Qualcomm,1.0,0.0,1.0,,,,,,
televiseurs,https://www.mytek.tn/tv-hisense-a6gn-50-uhd-4k-smart-google-tv-noir.html,1299.0,"TV Hisense A6GN 50"" UHD 4K Smart Google TV - Noir",HISENSE,,,,Google TV,,1.0,50.0,,0.0,0.0,1.0,4K,QLED,True,True,60.0,1.0
televiseurs,https://www.mytek.tn/televiseur-ecosat-55-google-tv-qled-4k-uhd-noir.html,1499.0,"Téléviseur ECOSAT 55"" Google TV Qled 4K UHD - Noir",ECOSAT,,,,Google TV,,1.0,55.0,,1.0,0.0,0.0,4K,QLED,True,False,104.8,0.0
pc_bureau,https://www.mytek.tn/pc-de-bureau-asus-expertcenter-p500mv-i7-13eme-gen-8g-512go-ssd-noir.html,2059.0,Pc de Bureau ASUS ExpertCenter P500MV i7 13ème Gén 8G 512Go SSD - Gris,ASUS,8.0,512.0,7.0,Windows 11 Famille,0.0,1.0,,,,,,,,,,,
pc_portables,https://www.mytek.tn/pc-portable-gamer-asus-v16-v3607vu-intel-core-5-210h-24go-rtx4050.html,3899.0,PC Portable Gamer ASUS V16 V3607VU Intel Core 5 210H 24Go RTX4050,ASUS,24.0,512.0,5.0,Windows 11 Pro,,,16.0,Intel,,,,,,,,,
pc_portables,https://www.mytek.tn/pc-portable-gamer-lenovo-loq-15irx9-i7-13eme-gen-24go-rtx-4050.html,4209.0,PC Portable Gamer LENOVO LOQ 15IRX9 i7 13ème Gén 24Go RTX 4050,LENOVO,24.0,512.0,7.0,FreeDos,,,15.6,Intel,,,,,,,,,
pc_portables,https://www.mytek.tn/pc-portable-gamer-asus-v16-v3607vj-intel-core-5-210h-32g-rtx-3050.html,3945.0,PC Portable Gamer ASUS V16 V3607VJ Intel Core 5 210H 32G RTX 3050,ASUS,32.0,512.0,5.0,Windows 11 Pro,,,16.0,Intel,,,,,,,,,
telephones_portables,https://www.mytek.tn/telephone-portable-ami-c14-style-4-vert-noir.html,35.9,Téléphone Portable AMI C14 Style 4 - Vert Noir,AMI,16.0,32.0,,Autres,,,1.77,,,,1.0,,,,,,
pc_bureau,https://www.mytek.tn/pc-de-bureau-gamer-mytek-amd-ryzen-5-16go-rtx5060-8go.html,3669.0,Pc de Bureau Gamer MYTEK AMD RYZEN 5 16Go RTX5060 8Go,MSI,16.0,1024.0,0.0,FreeDos,0.0,0.0,,,,,,,,,,,
pc_portables,https://www.mytek.tn/pc-portable-lenovo-thinkbook-16-g8-ial-ultra-7-255h-8g-512go-ssd-gris.html,3049.0,PC Portable LENOVO ThinkBook 16 G8 IAL Ultra 7 255H 8G 512Go SSD - Gris,LENOVO,8.0,512.0,0.0,FreeDos,,,16.0,Intel,,,,,,,,,
pc_bureau,https://www.mytek.tn/pc-de-bureau-gamer-mytek-i7-12e-gen-32go-rtx5070-12g.html,5299.0,Pc de Bureau Gamer MYTEK i7 12è Gén 32Go RTX5070 12G,MSI,32.0,1024.0,7.0,FreeDos,1.0,0.0,,,,,,,,,,,
pc_bureau,https://www.mytek.tn/pc-de-bureau-gamer-mytek-i5-14e-gen-32go-rtx-5070-12g.html,5139.0,Pc de Bureau Gamer MYTEK i5 14è Gén 32Go RTX 5070 12G,MSI,32.0,1024.0,5.0,FreeDos,1.0,0.0,,,,,,,,,,,
pc_bureau,https://www.mytek.tn/pc-de-bureau-gamer-mytek-i3-12e-gen-32go-rtx-5060-8g.html,2899.0,Pc de Bureau Gamer MYTEK i3 12è Gén 32Go RTX 5060 8G,MSI,32.0,500.0,3.0,FreeDos,0.0,0.0,,,,,,,,,,,
telephones_portables,https://www.mytek.tn/telephone-portable-smartec-f1-flip-rouge.html,85.0,Téléphone Portable SMARTEC F1 FLIP - Rouge,SMARTEC,0.02421875,32.0,,Inconnu,,,2.4,,,,0.0,,,,,,
televiseurs,https://www.mytek.tn/tv-hisense-a6500n-65-smart-4k-uhd-dled-google-tv-noir.html,2399.0,"TV Hisense A6500N 65"" Smart 4K UHD DLED Google TV - Noir",HISENSE,,,,Google TV,,1.0,65.0,,0.0,0.0,1.0,4K,LED,True,True,70.0,1.0
televiseurs,https://www.mytek.tn/tv-lg-50-ai-ua85-4k-smart-50ua85006la.html,1699.0,TV LG 50'' AI UA85 4K Smart  (50UA85006LA),LG,,,,webOS,,1.0,50.0,,0.0,0.0,1.0,4K,QLED,True,True,60.0,1.0
smartphones,https://www.mytek.tn/smartphone-vivo-v70-5g-12go-512go-grey-dunes.html,2199.0,Smartphone VIVO V70 5G 12Go 512Go - Grey Dunes,VIVO,12.0,512.0,,Android,1.0,1.0,6.59,Qualcomm,0.0,0.0,1.0,,,,,,
smartphones,https://www.mytek.tn/smartphone-xiaomi-redmi-note-15-5g-8go-256go-couleur-noir.html,1199.0,Smartphone Xiaomi Redmi Note 15  5G  8Go 256Go -Couleur Noir,XIAOMI,8.0,256.0,,Android,1.0,1.0,6.77,Qualcomm,0.0,0.0,1.0,,,,,,
pc_bureau,https://www.mytek.tn/pc-de-bureau-gamer-mytek-amd-ryzen-5-32g-rtx-5070-12g.html,5729.0,Pc de Bureau Gamer MYTEK AMD RYZEN 5 32G RTX 5070 12G,MSI,32.0,1024.0,0.0,FreeDos,0.0,0.0,,,,,,,,,,,
pc_portables,https://www.mytek.tn/pc-portable-lenovo-ideapad-slim-3-15irh10-i7-13e-gen-16go-512go-ssd-gris.html,2399.0,PC Portable LENOVO IdeaPad Slim 3 15IRH10 i7 13è Gén 16Go 512Go SSD - Gris,LENOVO,16.0,512.0,7.0,FreeDos,,,15.3,Intel,,,,,,,,,
pc_portables,https://www.mytek.tn/pc-portable-asus-vivobook-14-flip-ultra-7-256v-16go-512go-ssd-gris.html,3749.0,PC Portable ASUS Vivobook 14 Flip Ultra 7 256V 16Go 512Go SSD - Gris,ASUS,16.0,512.0,0.0,Windows 11 Famille,,,14.0,Intel,,,,,,,,,
pc_portables,https://www.mytek.tn/pc-portable-lenovo-thinkpad-e16-gen-3-ultra-5-225u-16g-512go-ssd-noir.html,3499.0,PC Portable LENOVO ThinkPad E16 Gen 3 Ultra 5 225U 16G 512Go SSD - Noir,LENOVO,16.0,512.0,0.0,FreeDos,,,16.0,Intel,,,,,,,,,
smartphones,https://www.mytek.tn/smartphone-honor-x9d-5g-12go-256go-marron-rougeatre.html,1499.0,Smartphone HONOR X9D 5G 12Go 256Go - Marron Rougeâtre,HONOR,12.0,256.0,,Android,1.0,1.0,6.79,Qualcomm,0.0,1.0,1.0,,,,,,
pc_bureau,https://www.mytek.tn/pc-de-bureau-pro-mytek-amd-ryzen-5-16go-500go-ssd-noir.html,1499.0,Pc de Bureau Pro MYTEK AMD RYZEN 5 16Go 500Go SSD - Noir,MYTEK,16.0,500.0,0.0,FreeDos,0.0,0.0,,,,,,,,,,,
pc_portables,https://www.mytek.tn/pc-portable-asus-vivobook-15-x1502va-i5-13e-gen-24g-512g-ssd-silver.html,2269.0,PC Portable ASUS Vivobook 15 X1502VA i5 13è Gén 24G 512G SSD - Silver,ASUS,24.0,512.0,5.0,Windows 11 Famille,,,15.6,Intel,,,,,,,,,
smartphones,https://www.mytek.tn/smartphone-xiaomi-redmi-note-15-5g-6go-128go-noir.html,799.0,Smartphone Xiaomi Redmi Note 15  4G  6Go 128Go - Noir,XIAOMI,6.0,128.0,,Android,0.0,1.0,6.77,MediaTek,1.0,0.0,1.0,,,,,,
pc_portables,https://www.mytek.tn/pc-portable-asus-vivobook-15-x1504va-i3-13eme-gen-16go-512go-ssd-bleu.html,1705.0,PC Portable ASUS Vivobook 15 X1504VA i3 13ème Gén 16Go 512Go SSD - Bleu,ASUS,16.0,512.0,3.0,Windows 11 Famille,,,15.6,Intel,,,,,,,,,
telephones_portables,https://www.mytek.tn/telephone-portable-smartec-v1-ecran-2-lcd-800-mah-noir.html,39.0,"Téléphone Portable SMARTEC V1 Écran 2"" LCD 800 mAh - Noir",SMARTEC,0.03125,32.0,,Autres,,,2.0,,,,1.0,,,,,,
smartphones,https://www.mytek.tn/smartphone-samsung-galaxy-s25-12go-256go-light-green.html,3899.0,Smartphone SAMSUNG GALAXY S25+ 5G 12Go 256Go - Light Green,SAMSUNG,12.0,256.0,,Android,1.0,1.0,6.7,Autre,0.0,0.0,1.0,,,,,,
pc_portables,https://www.mytek.tn/pc-portable-hp-omnibook-x-flip-2-in-1-14-fm0020nk-ultra-5-226v-16g-512g-ssd-silver.html,3899.0,PC Portable HP OmniBook X Flip 2-in-1 14-fm0020nk Ultra 5 226V 16G 512G SSD - Silver,HP,16.0,512.0,0.0,Windows 11 Famille,,,14.0,Intel,,,,,,,,,
telephones_portables,https://www.mytek.tn/telephone-portable-smartec-f1-flip-noir.html,85.0,Téléphone Portable SMARTEC F1 FLIP - Noir,SMARTEC,0.02421875,32.0,,Inconnu,,,2.4,,,,0.0,,,,,,
pc_bureau,https://www.mytek.tn/pc-de-bureau-lenovo-thinkcentre-neo-50q-gen-5-i3-13e-gen-32go-512go-ssd.html,2789.0,PC de Bureau LENOVO ThinkCentre néo 50q Gen 5 i3 13è Gén 32Go 512Go SSD,LENOVO,32.0,512.0,3.0,FreeDos,0.0,1.0,,,,,,,,,,,
pc_portables,https://www.mytek.tn/pc-portable-gamer-msi-cyborg-15-b2rw-intel-core-5-210h-8go-rtx-5060.html,3819.0,PC Portable Gamer MSI Cyborg 15 B2RW Intel Core 5 210H 8Go RTX 5060,MSI,8.0,512.0,5.0,FreeDos,,,15.6,Intel,,,,,,,,,
pc_portables,https://www.mytek.tn/pc-portable-gamer-lenovo-legion-5-15irx10-i7-13e-gen-16go-rtx-5050.html,4799.0,PC Portable Gamer LENOVO Légion 5 15IRX10 i7 13è Gén 16Go RTX 5050,LENOVO,16.0,512.0,7.0,Windows 11 Famille,,,15.3,Intel,,,,,,,,,
pc_portables,https://www.mytek.tn/pc-portable-gamer-asus-v16-v3607vj-intel-core-5-210h-8go-rtx-3050.html,2739.0,PC Portable Gamer ASUS V16 V3607VJ Intel Core 5 210H 8Go RTX 3050,ASUS,8.0,512.0,5.0,FreeDos,,,16.0,Intel,,,,,,,,,
televiseurs,https://www.mytek.tn/tv-hisense-85-smart-serie-q6n-qled-4k-uhd-noir.html,6629.0,TV Hisense 85″ Smart Série Q6N QLED 4K UHD - Noir,HISENSE,,,,Autre,,1.0,85.0,,0.0,0.0,1.0,4K,QLED,True,True,120.0,1.0
televiseurs,https://www.mytek.tn/tv-samsung-58-crystal-uhd-u8000f-4k-smart-tv-2025.html,1999.0,TV SAMSUNG 58'' Crystal UHD 4K Smart TV,SAMSUNG,,,,Tizen,,1.0,58.0,,0.0,0.0,1.0,4K,QLED,True,True,104.8,1.0
televiseurs,https://www.mytek.tn/tv-lazer-hisense-100l5ge-100-4k-hdr-smart-noir.html,6999.0,"TV Lazer Hisense 100L5GE 100"" 4K HDR Smart - Noir",HISENSE,,,,VIDAA,,1.0,100.0,,0.0,0.0,1.0,4K,QLED,True,True,60.0,1.0
pc_bureau,https://www.mytek.tn/pc-de-bureau-dell-pro-tower-qct1250-i3-14e-gen-8g-512go-ssd-noir.html,1699.0,PC de Bureau DELL Pro Tower QCT1250 i3 14è Gén 8G 512Go SSD - Noir,DELL,8.0,512.0,3.0,FreeDos,0.0,0.0,,,,,,,,,,,
pc_portables,https://www.mytek.tn/pc-portable-gamer-gigabyte-aorus-master-16-ultra-9-275hx-32go-rtx-5080.html,11339.0,PC Portable Gamer GIGABYTE AORUS MASTER 16 Ultra 9 275HX 32Go RTX 5080,GIGABYTE,32.0,1024.0,0.0,Windows 11 Pro,,,16.0,Intel,,,,,,,,,
pc_bureau,https://www.mytek.tn/pc-de-bureau-gamer-mytek-i5-12e-gen-32go-rtx5060-8g.html,3219.0,Pc de Bureau Gamer MYTEK i5 12è Gén 32Go RTX5060 8G,MYTEK,32.0,500.0,5.0,FreeDos,0.0,0.0,,,,,,,,,,,
pc_portables,https://www.mytek.tn/pc-portable-gamer-asus-v16-v3607vu-intel-core-7-240h-8g-rtx-4050.html,3299.0,PC Portable Gamer ASUS V16 V3607VU Intel Core 7 240H 8G RTX 4050,ASUS,8.0,512.0,7.0,FreeDos,,,16.0,Intel,,,,,,,,,
smartphones,https://www.mytek.tn/smartphone-oppo-a6x-4go-128go-bleu.html,599.0,Smartphone OPPO A6x 4Go 128Go - Bleu,OPPO,4.0,128.0,,Android,0.0,1.0,6.75,Qualcomm,1.0,0.0,1.0,,,,,,
telephones_portables,https://www.mytek.tn/telephone-portable-uniwa-e1801-bleu.html,37.9,Téléphone Portable UNIWA E1801 - Bleu,UNIWA,16.0,32.0,,Autres,,,1.77,,,,0.0,,,,,,
smartphones,https://www.mytek.tn/smartphone-oppo-a5-4g-8go-256go-vert-aurore.html,899.0,Smartphone OPPO A5 4G 8Go 256Go - Vert aurore,OPPO,8.0,256.0,,Android,0.0,1.0,6.67,Qualcomm,1.0,0.0,1.0,,,,,,
pc_bureau,https://www.mytek.tn/pc-de-bureau-gamer-mytek-amd-ryzen-5-16go-rtx5060-8g.html,3949.0,Pc de Bureau Gamer MYTEK AMD RYZEN 5 16Go RTX5060 8G,MSI,16.0,1024.0,0.0,FreeDos,0.0,0.0,,,,,,,,,,,
pc_portables,https://www.mytek.tn/pc-portable-gamer-asus-v16-v3607vu-intel-core-5-210h-24g-rtx4050.html,3899.0,PC Portable Gamer ASUS V16 V3607VU Intel Core 5 210H 24G RTX4050,ASUS,24.0,512.0,5.0,FreeDos,,,16.0,Intel,,,,,,,,,
smartphones,https://www.mytek.tn/smartphone-xiaomi-redmi-15c-8go-256go-vert-menthe.html,679.0,Smartphone XIAOMI Redmi 15C 8Go 256Go - Vert Menthe,XIAOMI,8.0,256.0,,Android,0.0,1.0,6.9,MediaTek,1.0,0.0,1.0,,,,,,
telephones_portables,https://www.mytek.tn/telephone-portable-smartec-v1-ecran-2-0-800mah-gris.html,39.0,Téléphone Portable SMARTEC V1 Écran 2.0” 800mAh - Gris,SMARTEC,0.03125,32.0,,Autres,,,2.0,,,,1.0,,,,,,
smartphones,https://www.mytek.tn/smartphone-samsung-galaxy-s26-ultra-5g-12go-256go-bleu-ciel.html,5999.0,Smartphone SAMSUNG GALAXY S26 Ultra 5G 12Go 256Go - Bleu Ciel,SAMSUNG,12.0,256.0,,Android,1.0,1.0,6.9,Qualcomm,1.0,0.0,1.0,,,,,,
pc_portables,https://www.mytek.tn/pc-portable-gamer-lenovo-loq-essential-15irx11-i5-13e-gen-16g-rtx-5060.html,3965.0,PC Portable Gamer LENOVO LOQ Essential 15IRX11 i5 13è Gén 16G RTX 5060,LENOVO,16.0,512.0,5.0,Windows 11 Famille,,,15.6,Intel,,,,,,,,,
pc_bureau,https://www.mytek.tn/pc-de-bureau-asus-expertcenter-p500mv-i5-13e-gen-8g-512-ssd-gris.html,1789.0,Pc de Bureau ASUS ExpertCenter P500MV i5 13è Gén 8Go 512Go SSD - Gris,ASUS,8.0,512.0,5.0,Windows 11 Pro,0.0,1.0,,,,,,,,,,,
pc_bureau,https://www.mytek.tn/pc-de-bureau-gamer-mytek-amd-ryzen-7-16go-rtx-5070-12go.html,5359.0,Pc de Bureau Gamer MYTEK AMD Ryzen 7 16Go RTX 5070 12Go,MSI,16.0,1024.0,7.0,FreeDos,0.0,0.0,,,,,,,,,,,
pc_portables,https://www.mytek.tn/pc-portable-gamer-asus-tuf-gaming-a15-amd-ryzen-7-32g-rtx-3050.html,3969.0,PC Portable Gamer ASUS TUF Gaming A15 AMD RYZEN 7 32G RTX 3050,ASUS,32.0,512.0,0.0,Windows 11 Famille,,,15.6,AMD,,,,,,,,,
pc_portables,https://www.mytek.tn/pc-portable-gamer-dell-alienware-16-aurora-intel-core-5-210h-16go-rtx-3050.html,4309.0,PC Portable Gamer DELL Alienware 16 Aurora Intel Core 5 210H 16Go RTX 3050,DELL,16.0,512.0,5.0,FreeDos,,,16.0,Intel,,,,,,,,,
pc_portables,https://www.mytek.tn/pc-portable-hp-15-fc0181nk-amd-ryzen-5-8go-512go-ssd-silver.html,1899.0,PC Portable HP 15-fc0181nk AMD RYZEN 5 8Go 512Go SSD - Silver,HP,8.0,512.0,0.0,FreeDos,,,15.6,AMD,,,,,,,,,
pc_portables,https://www.mytek.tn/pc-portable-lenovo-v15-g5-irl-i7-13e-gen-8g-512go-ssd-noir.html,2309.0,PC Portable LENOVO V15 G5 IRL i7 13è Gén 8G 512Go SSD - Noir,LENOVO,8.0,512.0,7.0,Windows 11 Pro,,,15.6,Intel,,,,,,,,,
pc_portables,https://www.mytek.tn/pc-portable-asus-vivobook-15-x1502va-i9-13e-gen-8go-512go-ssd-bleu.html,2199.0,PC Portable ASUS Vivobook 15 X1502VA i9 13è Gén 8Go 512Go SSD - Bleu,ASUS,8.0,512.0,9.0,Windows 11 Famille,,,15.6,Intel,,,,,,,,,
televiseurs,https://www.mytek.tn/tv-hisense-100q7n-100-mini-led-uhd-4k-smart-vidaa-garantie-2-ans.html,9999.0,TV Hisense 100Q7N 100″ Mini LED UHD 4K Smart VIDAA - Garantie 2 Ans,HISENSE,,,,VIDAA,,1.0,100.0,,0.0,0.0,1.0,4K,Mini-LED,True,True,120.0,1.0
pc_bureau,https://www.mytek.tn/mini-pc-de-bureau-bmax-b3-pro-n5095-8go-256go-ssd.html,569.0,Mini PC de Bureau BMAX B3 Pro N5095 8Go 256Go SSD,BMAX,8.0,256.0,0.0,Windows 11,0.0,1.0,,,,,,,,,,,
pc_bureau,https://www.mytek.tn/pc-de-bureau-gamer-mytek-amd-ryzen-7-32go-rtx-5070-12go.html,5859.0,Pc de Bureau Gamer MYTEK AMD Ryzen 7 32Go RTX 5070 12Go,MSI,32.0,1024.0,7.0,FreeDos,0.0,0.0,,,,,,,,,,,
pc_portables,https://www.mytek.tn/pc-portable-gamer-hp-victus-15-fb3007nk-amd-ryzen-7-24go-rtx-3050.html,3599.0,PC Portable Gamer HP Victus 15-fb3007nk AMD RYZEN 7 24Go RTX 3050,HP,24.0,512.0,0.0,Windows 11 Famille,,,15.6,AMD,,,,,,,,,
pc_bureau,https://www.mytek.tn/pc-de-bureau-pro-mytek-amd-ryzen-3-16g-500g-ssd-noir.html,1189.0,Pc de Bureau Pro MYTEK AMD RYZEN 3 16G 500G SSD - Noir,MYTEK,16.0,500.0,0.0,FreeDos,0.0,0.0,,,,,,,,,,,
pc_portables,https://www.mytek.tn/pc-portable-gamer-gigabyte-g6-kf-i7-13e-gen-24g-rtx4060.html,4249.0,PC Portable Gamer GIGABYTE G6 KF i7 13è Gén 24G RTX4060,GIGABYTE,24.0,1024.0,7.0,Windows 11 Pro,,,16.0,Intel,,,,,,,,,
pc_portables,https://www.mytek.tn/pc-portable-gamer-asus-tuf-gaming-f16-i5-13e-gen-16g-rtx-5050.html,4599.0,PC Portable Gamer ASUS TUF Gaming F16 i5 13è Gén 16G RTX 5050,ASUS,16.0,512.0,5.0,Windows 11 Famille,,,16.0,Intel,,,,,,,,,
pc_portables,https://www.mytek.tn/pc-portable-gamer-asus-v16-v3607vj-intel-core-7-240h-16go-rtx-3050.html,3229.0,PC Portable Gamer ASUS V16 V3607VJ Intel Core 7 240H 16Go RTX 3050,ASUS,16.0,512.0,0.0,FreeDos,,,16.0,Autre,,,,,,,,,
pc_portables,https://www.mytek.tn/pc-portable-asus-vivobook-15-x1502va-i7-13e-gen-16g-512g-ssd-bleu.html,2329.0,PC Portable ASUS Vivobook 15 X1502VA i7 13è Gén 16G 512G SSD - Bleu,ASUS,16.0,512.0,7.0,Windows 11 Famille,,,15.6,Intel,,,,,,,,,
televiseurs,https://www.mytek.tn/tv-tcl-65-smart-p7k-qled-ultra-hd-4k.html,2749.0,TV TCL 65'' Smart P7K QLED Ultra HD 4K,TCL,,,,Google TV,,1.0,65.0,,0.0,0.0,1.0,4K,QLED,True,True,60.0,1.0
smartphones,https://www.mytek.tn/smartphone-tecno-spark-30c-5g-4go-64go-midnight-shadow.html,549.0,Smartphone TECNO Spark 30C 5G  4Go 64Go -  Midnight Shadow,TECNO,4.0,64.0,,Android,1.0,1.0,6.67,MediaTek,1.0,0.0,1.0,,,,,,
pc_bureau,https://www.mytek.tn/pc-de-bureau-all-in-one-hp-proone-240-g10-ultra-7-155u-16g-512go-ssd-noir.html,3589.0,PC de Bureau All In One HP ProOne 240 G10 Ultra 7 155U 16G 512Go SSD - Noir,HP,16.0,512.0,0.0,FreeDos,0.0,1.0,,,,,,,,,,,
pc_portables,https://www.mytek.tn/pc-portable-asus-vivobook-go-15-amd-ryzen-5-8go-512go-ssd-silver.html,1599.0,PC Portable ASUS Vivobook Go 15 AMD RYZEN 5 8Go 512Go SSD - Silver,ASUS,8.0,512.0,0.0,Windows 11 Famille,,,15.6,AMD,,,,,,,,,
smartphones,https://www.mytek.tn/smartphone-samsung-galaxy-s26-ultra-5g-12go-256go-noir.html,5999.0,Smartphone SAMSUNG GALAXY S26 Ultra 5G 12Go 256Go - Noir,SAMSUNG,12.0,256.0,,Android,1.0,1.0,6.9,Qualcomm,1.0,0.0,1.0,,,,,,
televiseurs,https://www.mytek.tn/tv-telefunken-85-qled-4k-g4fn-smart-google-tv-avec-recepteur-integre.html,5779.0,"TV TELEFUNKEN 85"" QLED 4K G4FN Smart Google TV avec Récepteur Intégré",TELEFUNKEN,,,,Google TV,,1.0,85.0,,0.0,0.0,1.0,4K,QLED,True,True,88.8,1.0
pc_portables,https://www.mytek.tn/pc-portable-hp-15-fc0180nk-amd-ryzen-3-8g-512go-ssd-silver.html,1819.0,PC Portable HP 15-fc0180nk AMD RYZEN 3 8G 512Go SSD - Silver,HP,8.0,512.0,0.0,Windows 11 Pro,,,15.6,AMD,,,,,,,,,
pc_portables,https://www.mytek.tn/pc-portable-gamer-gigabyte-a16-cvh-i7-13e-gen-16go-rtx-5060.html,4699.0,PC Portable Gamer GIGABYTE A16 CVH i7 13è Gén 16Go RTX 5060,GIGABYTE,16.0,1024.0,7.0,FreeDos,,,16.0,Intel,,,,,,,,,
pc_bureau,https://www.mytek.tn/pc-de-bureau-pro-mytek-i5-12eme-gen-32g-1to-ssd-noir.html,2329.0,Pc de Bureau Pro MYTEK i5 12ème Gén 32G 1To SSD - Noir,MYTEK,32.0,1024.0,5.0,FreeDos,0.0,0.0,,,,,,,,,,,
smartphones,https://www.mytek.tn/smartphone-honor-x9d-5g-12go-256go-noir-de-minuit.html,1499.0,Smartphone HONOR X9D 5G 12Go 256Go - Noir De Minuit,HONOR,12.0,256.0,,Android,1.0,1.0,6.79,Qualcomm,0.0,1.0,1.0,,,,,,
smartphones,https://www.mytek.tn/smartphone-oppo-a6-pro-4g-8go-256go-bleu.html,999.0,Smartphone OPPO A6 PRO 4G 8Go 256Go - Bleu,OPPO,8.0,256.0,,Android,0.0,1.0,6.57,MediaTek,1.0,0.0,1.0,,,,,,
pc_portables,https://www.mytek.tn/pc-portable-lenovo-ideapad-slim-3-15amn8-amd-athlon-8g-256go-ssd-gris.html,1379.0,PC Portable LENOVO IdeaPad Slim 3 15AMN8 AMD Athlon 8G 256Go SSD - Gris,LENOVO,8.0,256.0,0.0,FreeDos,,,15.6,AMD,,,,,,,,,
pc_portables,https://www.mytek.tn/pc-portable-gamer-hp-victus-15-fa1006nk-i5-13e-gen-16g-rtx-2050.html,2475.0,PC Portable Gamer HP Victus 15-fa1006nk i5 13è Gén 16G RTX 2050,HP,16.0,512.0,5.0,Windows 11 Famille,,,15.6,Intel,,,,,,,,,
pc_portables,https://www.mytek.tn/pc-portable-gamer-lenovo-loq-15irx10-i5-13e-gen-24go-rtx-5050.html,3629.0,PC Portable Gamer LENOVO LOQ 15IRX10 i5 13è Gén 24Go RTX 5050,LENOVO,24.0,512.0,5.0,Windows 11 Famille,,,15.6,Intel,,,,,,,,,
smartphones,https://www.mytek.tn/smartphone-honor-600-lite-5g-8go-256go-vert.html,1399.0,Smartphone HONOR 600 Lite 5G 8Go 256Go - vert,HONOR,8.0,256.0,,Android,1.0,1.0,6.6,MediaTek,0.0,0.0,1.0,,,,,,
televiseurs,https://www.mytek.tn/tv-lg-55-qned-ev-ai-qned70-4k-smart-tv-2025-noir.html,3199.0,TV LG 55 '' QNED EV AI QNED70 4K  Smart TV 2025 - Noir,LG,,,,webOS,,1.0,55.0,,0.0,0.0,1.0,4K,QNED,True,True,104.8,0.0
pc_portables,https://www.mytek.tn/pc-portable-asus-vivobook-go-15-intel-celeron-n4500-8go-256go-ssd-bleu.html,1299.0,PC Portable ASUS Vivobook Go 15 Intel Celeron N4500 8Go 256Go SSD - Bleu,ASUS,8.0,256.0,0.0,Windows 11 Famille,,,15.6,Intel,,,,,,,,,
pc_portables,https://www.mytek.tn/pc-portable-gamer-asus-v16-v3607vu-intel-core-7-240h-24g-rtx4050.html,4019.0,PC Portable Gamer ASUS V16 V3607VU Intel Core 7 240H 24G RTX4050,ASUS,24.0,512.0,7.0,FreeDos,,,16.0,Intel,,,,,,,,,
smartphones,https://www.mytek.tn/smartphone-xiaomi-redmi-note-15-pro-5g-8go-256go-noir.html,1319.0,Smartphone Xiaomi Redmi Note 15 Pro 5G  8Go 256Go - Noir,XIAOMI,8.0,256.0,,Android,1.0,1.0,6.83,MediaTek,0.0,1.0,1.0,,,,,,
pc_bureau,https://www.mytek.tn/pc-de-bureau-asus-expertcenter-p500mv-intel-core-5-210h-8g-512g-ssd-gris.html,1729.0,Pc de Bureau ASUS ExpertCenter P500MV Intel Core 5 210H 8G 512G SSD - Gris,ASUS,8.0,512.0,5.0,FreeDos,0.0,1.0,,,,,,,,,,,
smartphones,https://www.mytek.tn/smartphone-samsung-galaxy-a17-5g-8go-256go-gris.html,1199.0,Smartphone SAMSUNG GALAXY A17 5G 16Go 256Go - Gris,SAMSUNG,16.0,256.0,,Android,1.0,1.0,6.7,Samsung Exynos,0.0,0.0,1.0,,,,,,
pc_portables,https://www.mytek.tn/pc-portable-asus-vivobook-15-x1502va-i7-13e-gen-8g-512g-ssd-silver.html,2099.0,PC Portable ASUS Vivobook 15 X1502VA i7 13è Gén 8G 512G SSD - Silver,ASUS,8.0,512.0,7.0,Windows 11 Famille,,,15.6,Intel,,,,,,,,,
pc_bureau,https://www.mytek.tn/pc-de-bureau-gamer-mytek-i7-12e-gen-16g-rtx-5060-ti-16g.html,4699.0,Pc de Bureau Gamer MYTEK i7 12è Gén 16G RTX 5060 Ti 16G,MSI,16.0,1024.0,7.0,FreeDos,0.0,0.0,,,,,,,,,,,
telephones_portables,https://www.mytek.tn/telephone-portable-ami-c14-style-4-bleu-noir.html,35.9,Téléphone Portable AMI C14 Style 4 -Bleu Noir,AMI,16.0,32.0,,Autres,,,1.77,,,,1.0,,,,,,
pc_bureau,https://www.mytek.tn/pc-de-bureau-gamer-mytek-i3-12e-gen-16go-rtx-5060-8g.html,2699.0,Pc de Bureau Gamer MYTEK i3 12è Gén 16Go RTX 5060 8G,MSI,16.0,500.0,3.0,FreeDos,0.0,0.0,,,,,,,,,,,
pc_portables,https://www.mytek.tn/pc-portable-gamer-asus-tuf-gaming-f16-i7-13e-gen-8go-rtx-4050.html,3499.0,PC Portable Gamer ASUS TUF Gaming F16 i7 13è Gén 8Go RTX 4050,ASUS,8.0,512.0,7.0,Windows 11 Famille,,,16.0,Intel,,,,,,,,,
televiseurs,https://www.mytek.tn/tv-tcl-43-s5k-qled-full-hd-smart.html,999.0,Tv TCL 43'' S5K QLED  Full HD SMART + Récepteur Intégré,TCL,,,,Google TV,,1.0,43.0,,0.0,0.0,1.0,Full HD,QLED,True,True,60.0,1.0
pc_bureau,https://www.mytek.tn/pc-de-bureau-gamer-mytek-amd-ryzen-5-16go-rtx-3050-6g.html,1999.0,Pc de Bureau Gamer MYTEK AMD RYZEN 5 16Go RTX 3050 6G,MSI,16.0,500.0,0.0,FreeDos,0.0,0.0,,,,,,,,,,,
smartphones,https://www.mytek.tn/smartphone-xiaomi-redmi-15c-8go-256go-5g-noir-de-minuit.html,839.0,Smartphone XIAOMI Redmi 15C 8Go 256Go 5G - Noir De Minuit,XIAOMI,8.0,256.0,,Android,1.0,1.0,6.09,MediaTek,0.0,0.0,1.0,,,,,,
smartphones,https://www.mytek.tn/smartphone-samsung-galaxy-s26-5g-12go-256go-blanc.html,3999.0,Smartphone SAMSUNG GALAXY S26 5G 12Go 256Go - Blanc,SAMSUNG,12.0,256.0,,Android,1.0,1.0,6.3,Samsung Exynos,1.0,0.0,1.0,,,,,,
pc_bureau,https://www.mytek.tn/pc-de-bureau-gamer-mytek-i5-12e-gen-32go-rtx-5070-12g.html,4799.0,Pc de Bureau Gamer MYTEK i5 12è Gén 32Go RTX 5070 12G,MSI,32.0,1024.0,5.0,FreeDos,0.0,0.0,,,,,,,,,,,
pc_portables,https://www.mytek.tn/pc-portable-lenovo-ideapad-slim-3-15iru8-i3-13eme-gen-8g-512go-ssd-gris.html,1489.0,PC Portable LENOVO IdeaPad Slim 3 15IRU8 i3 13ème Gén 8G 512Go SSD - Gris,LENOVO,8.0,512.0,3.0,FreeDos,,,15.6,Intel,,,,,,,,,
pc_portables,https://www.mytek.tn/pc-portable-gamer-asus-tuf-gaming-a15-amd-ryzen-7-8g-rtx-3050.html,3069.0,PC Portable Gamer ASUS TUF Gaming A15 AMD RYZEN 7 8G RTX 3050,ASUS,8.0,512.0,0.0,Windows 11 Famille,,,15.6,AMD,,,,,,,,,
pc_bureau,https://www.mytek.tn/pc-de-bureau-gamer-mytek-amd-ryzen-5-16go-rtx-5050-8go.html,2419.0,Pc de Bureau Gamer MYTEK AMD RYZEN 5 16Go RTX 5050 8Go,MSI,16.0,500.0,0.0,FreeDos,0.0,0.0,,,,,,,,,,,
televiseurs,https://www.mytek.tn/tv-vega-43-smart-qled-fhd-avec-recepteur-integre-noir.html,849.0,"Tv VEGA 43"" Smart Qled FHD Avec Récepteur Intégré - Noir",VEGA,,,,Android TV,,0.0,43.0,,0.0,0.0,0.0,Full HD,QLED,True,True,60.0,1.0
pc_portables,https://www.mytek.tn/pc-portable-asus-vivobook-go-15-amd-ryzen-5-8g-512go-ssd-noir.html,1599.0,PC Portable ASUS Vivobook Go 15 AMD RYZEN 5 8G 512Go SSD - Noir,ASUS,8.0,512.0,0.0,Windows 11 Famille,,,15.6,AMD,,,,,,,,,
smartphones,https://www.mytek.tn/smartphone-oppo-reno-15f-5g-24go-512go-bleu-aurore.html,2099.0,Smartphone OPPO Reno 15F 5G 24Go 512Go - Bleu Aurore,OPPO,12.0,512.0,,Android,1.0,1.0,6.57,Qualcomm,0.0,0.0,1.0,,,,,,
pc_portables,https://www.mytek.tn/pc-portable-gamer-gigabyte-g6-kf-i7-13e-gen-16g-rtx4060.html,3799.0,PC Portable Gamer GIGABYTE G6 KF i7 13è Gén 16G RTX4060,GIGABYTE,16.0,1024.0,7.0,FreeDos,,,16.0,Intel,,,,,,,,,
pc_bureau,https://www.mytek.tn/pc-de-bureau-gamer-mytek-amd-ryzen-5-32go-rtx-5060-8g.html,3379.0,Pc de Bureau Gamer MYTEK AMD RYZEN 5 32Go RTX 5060 8G,MSI,32.0,1024.0,0.0,FreeDos,0.0,0.0,,,,,,,,,,,
smartphones,https://www.mytek.tn/smartphone-vivo-v70-fe-5g-8go-256go-titanium-silver.html,1499.0,Smartphone VIVO V70 FE 5G 8Go 256Go - Titanium Silver,VIVO,8.0,256.0,,Android,1.0,1.0,6.83,MediaTek,0.0,0.0,1.0,,,,,,
pc_portables,https://www.mytek.tn/pc-portable-hp-15-fc0182nk-amd-ryzen-5-16go-512go-ssd-silver.html,2099.0,PC Portable HP 15-fc0182nk AMD RYZEN 5 16Go 512Go SSD - Silver,HP,16.0,512.0,0.0,FreeDos,,,15.6,AMD,,,,,,,,,
pc_portables,https://www.mytek.tn/pc-portable-gamer-asus-tuf-gaming-a15-amd-ryzen-7-16g-rtx3050.html,3179.0,PC Portable Gamer ASUS TUF Gaming A15 AMD RYZEN 7 16G RTX3050,ASUS,16.0,512.0,0.0,Windows 11 Famille,,,15.6,AMD,,,,,,,,,
smartphones,https://www.mytek.tn/smartphone-samsung-galaxy-a07-6go-128go-couleur-noir.html,569.0,Smartphone SAMSUNG GALAXY A07 12Go 128Go - Noir,SAMSUNG,12.0,128.0,,Android,0.0,1.0,6.7,MediaTek,1.0,0.0,1.0,,,,,,
televiseurs,https://www.mytek.tn/tv-samsung-65-qled-q7f-4k-vision-ai-smart-tv-2025.html,3249.0,TV SAMSUNG 65'' QLED Q7F 4K Vision AI Smart TV (2025),SAMSUNG,,,,Tizen,,1.0,65.0,,0.0,0.0,1.0,4K,QLED,True,True,70.0,1.0
smartphones,https://www.mytek.tn/smartphone-xiaomi-redmi-note-15-5g-8go-256go-couleur-violet-lavande.html,1199.0,Smartphone Xiaomi Redmi Note 15  5G  8Go 256Go - Violet Lavande,XIAOMI,8.0,256.0,,Android,1.0,1.0,6.77,Qualcomm,0.0,0.0,1.0,,,,,,
pc_portables,https://www.mytek.tn/pc-portable-gamer-lenovo-loq-15irx10-i7-13eme-gen-16g-rtx-5050.html,4039.0,PC Portable Gamer LENOVO LOQ 15IRX10 i7 13ème Gén 16G RTX 5050,LENOVO,16.0,512.0,7.0,Windows 11 Pro,,,15.6,Intel,,,,,,,,,
pc_portables,https://www.mytek.tn/pc-portable-gamer-msi-thin-15-b13ucx-i7-13e-gen-32go-rtx-2050.html,3055.0,PC Portable Gamer MSI Thin 15 B13UCX i7 13è Gén 32Go RTX 2050,MSI,32.0,512.0,7.0,FreeDos,,,15.6,Intel,,,,,,,,,
pc_portables,https://www.mytek.tn/pc-portable-gamer-hp-victus-15-fa2025nk-i7-13e-gen-16go-rtx-4050.html,4739.0,PC Portable Gamer HP Victus 15-fa2025nk i7 13è Gén 16Go RTX 4050,HP,16.0,512.0,7.0,FreeDos,,,15.6,Intel,,,,,,,,,
pc_portables,https://www.mytek.tn/pc-portable-gamer-gigabyte-aero-x16-1wh-amd-ryzen-ai-7-350-16g-rtx5070.html,5879.0,PC Portable Gamer GIGABYTE AERO X16 1WH AMD Ryzen AI 7 350 16G RTX5070,GIGABYTE,16.0,1024.0,0.0,Windows 11 Famille,,,16.0,AMD,,,,,,,,,
pc_portables,https://www.mytek.tn/pc-portable-gamer-hp-victus-15-fb3007nk-amd-ryzen-7-24g-rtx-3050.html,3599.0,PC Portable Gamer HP Victus 15-fb3007nk AMD RYZEN 7 24G RTX 3050,HP,24.0,512.0,0.0,Windows 11 Famille,,,15.6,AMD,,,,,,,,,
televiseurs,https://www.mytek.tn/tv-telefunken-40-smart-google-tv-e3f-full-hd-recepteur-integre.html,699.0,"TV TELEFUNKEN 40"" Smart Google TV E3F Full HD + Récepteur Intégré",TELEFUNKEN,,,,Google TV,,1.0,40.0,,1.0,0.0,1.0,Full HD,QLED,True,True,60.0,1.0
pc_portables,https://www.mytek.tn/pc-portable-dell-pro-15-essential-intel-core-3-100u-16g-512go-ssd-noir.html,1659.0,PC Portable DELL Pro 15 Essential Intel Core 3 100U 16G 512Go SSD - Noir,DELL,16.0,512.0,3.0,Windows 11 Pro,,,15.6,Intel,,,,,,,,,
telephones_portables,https://www.mytek.tn/telephone-portable-philips-fun-100-dual-sim-2-1000-mah-deep-blue.html,45.9,"Téléphone Portable PHILIPS Fun 100 Dual SIM 2"" 1000 mAh - Deep Blue",PHILIPS,0.02578125,32.0,,Autres,,,2.0,,,,0.0,,,,,,
pc_bureau,https://www.mytek.tn/pc-de-bureau-hp-pro-mini-260-g9-i3-13e-gen-8go-256go-ssd-noir.html,1469.0,Pc De Bureau HP Pro Mini 260 G9 i3 13è Gén 8Go 256Go SSD - Noir,HP,8.0,256.0,3.0,FreeDos,0.0,1.0,,,,,,,,,,,
