url,prix_tnd,nom,marque,ram_go,stockage_go,taille_ecran,cpu_brand,cpu_serie,os_platform,semaine,cluster_direct,gamme_prix,cluster_id
https://www.mytek.tn/pc-portable-asus-vivobook-go-15-intel-celeron-n4500-8go-256go-ssd-bleu.html,1299.0,PC Portable ASUS Vivobook Go 15 Intel Celeron N4500 8Go 256Go SSD - Bleu,ASUS,8.0,256.0,15.6,Intel,0.0,Windows 11 Famille,1,0,Économique,ASUS::Économique::c3
https://www.mytek.tn/pc-portable-asus-vivobook-go-15-intel-celeron-n4500-8g-256go-ssd-bleu.html,1339.0,PC Portable ASUS Vivobook Go 15 Intel Celeron N4500 8G 256Go SSD - Bleu,ASUS,8.0,256.0,15.6,Intel,0.0,Windows 11 Pro,1,0,Économique,ASUS::Économique::c3
https://www.mytek.tn/pc-portable-asus-vivobook-go-14-i3-n305-8go-256go-ssd-noir.html,1399.0,PC Portable ASUS Vivobook Go 14 I3-N305 8Go 256Go SSD - Noir,ASUS,8.0,256.0,14.0,Intel,3.0,Windows 11 Famille,1,0,Économique,ASUS::Économique::c3
https://www.mytek.tn/pc-portable-asus-vivobook-15-x1504va-i3-13eme-gen-8go-512go-ssd-bleu.html,1499.0,PC Portable ASUS Vivobook 15 X1504VA i3 13ème Gén 8Go 512Go SSD - Bleu,ASUS,8.0,512.0,15.6,Intel,3.0,Windows 11 Famille,1,0,Économique,ASUS::Économique::c0
https://www.mytek.tn/pc-portable-asus-vivobook-go-15-amd-ryzen-5-8g-512go-ssd-noir.html,1599.0,PC Portable ASUS Vivobook Go 15 AMD RYZEN 5 8G 512Go SSD - Noir,ASUS,8.0,512.0,15.6,AMD,0.0,Windows 11 Famille,1,1,Économique,ASUS::Économique::c1
https://www.mytek.tn/pc-portable-asus-vivobook-go-15-amd-ryzen-5-8go-512g-ssd-noir.html,1599.0,PC Portable ASUS Vivobook Go 15 AMD RYZEN 5 8Go 512G SSD - Noir,ASUS,8.0,512.0,15.6,AMD,0.0,Windows 11 Famille,1,1,Économique,ASUS::Économique::c1
https://www.mytek.tn/pc-portable-asus-vivobook-go-15-amd-ryzen-5-8go-512go-ssd-silver.html,1599.0,PC Portable ASUS Vivobook Go 15 AMD RYZEN 5 8Go 512Go SSD - Silver,ASUS,8.0,512.0,15.6,AMD,0.0,Windows 11 Famille,1,1,Économique,ASUS::Économique::c1
https://www.mytek.tn/pc-portable-asus-vivobook-15-m1502ya-amd-ryzen7-8go-512g-ssd-silver.html,1699.0,PC Portable ASUS Vivobook 15 M1502YA AMD RYZEN7 8Go 512G SSD - Silver,ASUS,8.0,512.0,15.6,AMD,0.0,Windows 11 Famille,1,1,Économique,ASUS::Économique::c1
https://www.mytek.tn/pc-portable-asus-vivobook-15-m1502ya-amd-ryzen7-8go-512g-ssd-bleu.html,1699.0,PC Portable ASUS Vivobook 15 M1502YA AMD RYZEN7 8Go 512G SSD - Bleu,ASUS,8.0,512.0,15.6,AMD,0.0,Windows 11 Famille,1,1,Économique,ASUS::Économique::c1
https://www.mytek.tn/pc-portable-asus-vivobook-15-x1504va-i3-13eme-gen-16go-512go-ssd-bleu.html,1705.0,PC Portable ASUS Vivobook 15 X1504VA i3 13ème Gén 16Go 512Go SSD - Bleu,ASUS,16.0,512.0,15.6,Intel,3.0,Windows 11 Famille,1,0,Économique,ASUS::Économique::c0
https://www.mytek.tn/pc-portable-asus-vivobook-15-x1502va-i5-13e-gen-8go-512go-ssd-silver.html,1799.0,PC Portable ASUS Vivobook 15 X1502VA i5 13è Gén 8Go 512Go SSD - Silver,ASUS,8.0,512.0,15.6,Intel,5.0,Windows 11 Famille,1,0,Économique,ASUS::Économique::c0
https://www.mytek.tn/pc-portable-asus-vivobook-15-x1502va-i5-13e-gen-8g-512g-ssd-bleu.html,1799.0,PC Portable ASUS Vivobook 15 X1502VA i5 13è Gén 8G 512G SSD - Bleu,ASUS,8.0,512.0,15.6,Intel,5.0,Windows 11 Famille,1,0,Économique,ASUS::Économique::c0
https://www.mytek.tn/pc-portable-asus-expertbook-p1503-i5-13e-gen-8g-512go-ssd-gris.html,1799.0,PC Portable ASUS ExpertBook P1503 i5 13è Gén 8G 512Go SSD - Gris,ASUS,8.0,512.0,15.6,Intel,5.0,FreeDos,1,0,Économique,ASUS::Économique::c2
https://www.mytek.tn/pc-portable-asus-vivobook-15-m1502ya-amd-ryzen7-12go-512g-ssd-bleu.html,1819.0,PC Portable ASUS Vivobook 15 M1502YA AMD RYZEN7 12Go 512G SSD - Bleu,ASUS,12.0,512.0,15.6,AMD,0.0,Windows 11 Famille,1,1,Économique,ASUS::Économique::c1
https://www.mytek.tn/pc-portable-asus-vivobook-15-m1502ya-amd-ryzen7-12go-512g-ssd-silver.html,1819.0,PC Portable ASUS Vivobook 15 M1502YA AMD RYZEN7 12Go 512G SSD - Silver,ASUS,12.0,512.0,15.6,AMD,0.0,Windows 11 Famille,1,1,Économique,ASUS::Économique::c1
https://www.mytek.tn/pc-portable-asus-expertbook-p1503-i5-13eme-gen-8g-512go-ssd-gris.html,1859.0,PC Portable ASUS ExpertBook P1503 i5 13ème Gén 8G 512Go SSD - Gris,ASUS,8.0,512.0,15.6,Intel,5.0,FreeDos,1,0,Économique,ASUS::Économique::c2
https://www.mytek.tn/pc-portable-asus-vivobook-15-x1504va-intel-core-5-120u-8g-512g-ssd-silver.html,1899.0,PC Portable ASUS Vivobook 15 X1504VA Intel Core 5 120U 8G 512G SSD - Silver,ASUS,8.0,512.0,15.6,Intel,5.0,Windows 11 Famille,1,0,Économique,ASUS::Économique::c0
https://www.mytek.tn/pc-portable-asus-vivobook-go-15-amd-ryzen-5-16go-512go-ssd-noir.html,1899.0,PC Portable ASUS Vivobook Go 15 AMD RYZEN 5 16Go 512Go SSD - Noir,ASUS,16.0,512.0,15.6,AMD,0.0,Windows 11 Famille,1,1,Économique,ASUS::Économique::c1
https://www.mytek.tn/pc-portable-asus-vivobook-go-15-amd-ryzen-5-16go-1to-ssd-gris-vert.html,1899.0,PC Portable ASUS Vivobook Go 15 AMD RYZEN 5 16Go 1To SSD - Gris Vert,ASUS,16.0,1024.0,15.6,AMD,0.0,Windows 11 Famille,1,1,Économique,ASUS::Économique::c1
https://www.mytek.tn/pc-portable-asus-vivobook-15-x1502va-i5-13e-gen-12g-512go-ssd-silver.html,1925.0,PC Portable ASUS Vivobook 15 X1502VA i5 13è Gen 12G 512Go SSD - Silver,ASUS,12.0,512.0,15.6,Intel,5.0,Windows 11 Famille,1,0,Économique,ASUS::Économique::c0
https://www.mytek.tn/pc-portable-asus-vivobook-15-x1502va-i5-13e-gen-12g-512g-ssd-bleu.html,1925.0,PC Portable ASUS Vivobook 15 X1502VA i5 13è Gen 12G 512G SSD - Bleu,ASUS,12.0,512.0,15.6,Intel,5.0,Windows 11 Famille,1,0,Économique,ASUS::Économique::c0
https://www.mytek.tn/pc-portable-asus-vivobook-15-x1504va-i3-13eme-gen-24g-512g-ssd-silver.html,1929.0,PC Portable ASUS Vivobook 15 X1504VA i3 13ème Gén 24G 512G SSD - Silver,ASUS,24.0,512.0,15.6,Intel,3.0,Windows 11 Famille,1,0,Économique,ASUS::Économique::c0
https://www.mytek.tn/pc-portable-asus-vivobook-15-x1504va-i3-13eme-gen-24go-512go-ssd-bleu.html,1929.0,PC Portable ASUS Vivobook 15 X1504VA i3 13ème Gén 24Go 512Go SSD - Bleu,ASUS,24.0,512.0,15.6,Intel,3.0,Windows 11 Famille,1,0,Économique,ASUS::Économique::c0
https://www.mytek.tn/pc-portable-asus-vivobook-15-m1502ya-amd-ryzen7-16go-512g-ssd-silver.html,1929.0,PC Portable ASUS Vivobook 15 M1502YA AMD RYZEN7 16Go 512G SSD - Silver,ASUS,16.0,512.0,15.6,AMD,0.0,Windows 11 Famille,1,1,Économique,ASUS::Économique::c1
https://www.mytek.tn/pc-portable-asus-vivobook-15-m1502ya-amd-ryzen7-16go-512g-ssd-bleu.html,1929.0,PC Portable ASUS Vivobook 15 M1502YA AMD RYZEN7 16Go 512G SSD - Bleu,ASUS,16.0,512.0,15.6,AMD,0.0,Windows 11 Famille,1,1,Économique,ASUS::Économique::c1
https://www.mytek.tn/pc-portable-asus-vivobook-15-m1502naq-amd-ryzen-5-8go-512go-ssd-bleu.html,1999.0,PC Portable ASUS Vivobook 15 M1502NAQ AMD RYZEN 5 8Go 512Go SSD - Bleu,ASUS,8.0,512.0,15.6,AMD,0.0,Windows 11 Famille,1,1,Économique,ASUS::Économique::c1
https://www.mytek.tn/pc-portable-asus-vivobook-15-x1502va-i5-13e-gen-16g-512g-ssd-bleu.html,2039.0,PC Portable ASUS Vivobook 15 X1502VA i5 13è Gén 16G 512G SSD - Bleu,ASUS,16.0,512.0,15.6,Intel,5.0,Windows 11 Famille,1,0,Économique,ASUS::Économique::c0
https://www.mytek.tn/pc-portable-asus-vivobook-15-x1502va-i5-13e-gen-16g-512g-ssd-silver.html,2039.0,PC Portable ASUS Vivobook 15 X1502VA i5 13è Gén 16G 512G SSD - Silver,ASUS,16.0,512.0,15.6,Intel,5.0,Windows 11 Famille,1,0,Économique,ASUS::Économique::c0
https://www.mytek.tn/pc-portable-asus-vivobook-15-x1502va-i7-13e-gen-8g-512g-ssd-bleu.html,2099.0,PC Portable ASUS Vivobook 15 X1502VA i7 13è Gén 8G 512G SSD - Bleu,ASUS,8.0,512.0,15.6,Intel,7.0,Windows 11 Famille,1,0,Économique,ASUS::Économique::c3
https://www.mytek.tn/pc-portable-asus-vivobook-15-x1502va-i7-13e-gen-8g-512g-ssd-silver.html,2099.0,PC Portable ASUS Vivobook 15 X1502VA i7 13è Gén 8G 512G SSD - Silver,ASUS,8.0,512.0,15.6,Intel,7.0,Windows 11 Famille,1,0,Économique,ASUS::Économique::c3
https://www.mytek.tn/pc-portable-asus-expertbook-p1503-i7-13e-gen-8go-512g-ssd-gris.html,2099.0,PC Portable ASUS ExpertBook P1503 i7 13è Gén 8Go 512G SSD - Gris,ASUS,8.0,512.0,15.6,Intel,7.0,FreeDos,1,0,Économique,ASUS::Économique::c2
https://www.mytek.tn/pc-portable-asus-expertbook-p1503-i7-13e-gen-8g-512g-ssd-gris.html,2139.0,PC Portable ASUS ExpertBook P1503 i7 13è Gén 8G 512G SSD - Gris,ASUS,8.0,512.0,15.6,Intel,7.0,Windows 11 Pro,1,0,Économique,ASUS::Économique::c3
https://www.mytek.tn/pc-portable-asus-vivobook-15-m1502ya-amd-ryzen7-24go-512g-ssd-silver.html,2159.0,PC Portable ASUS Vivobook 15 M1502YA AMD RYZEN7 24Go 512G SSD - Silver,ASUS,24.0,512.0,15.6,AMD,0.0,Windows 11 Famille,1,1,Économique,ASUS::Économique::c1
https://www.mytek.tn/pc-portable-asus-vivobook-15-m1502ya-amd-ryzen7-24go-512g-ssd-bleu.html,2159.0,PC Portable ASUS Vivobook 15 M1502YA AMD RYZEN7 24Go 512G SSD - Bleu,ASUS,24.0,512.0,15.6,AMD,0.0,Windows 11 Famille,1,1,Économique,ASUS::Économique::c1
https://www.mytek.tn/pc-portable-asus-vivobook-15-x1502va-i9-13e-gen-8go-512go-ssd-bleu.html,2199.0,PC Portable ASUS Vivobook 15 X1502VA i9 13è Gén 8Go 512Go SSD - Bleu,ASUS,8.0,512.0,15.6,Intel,9.0,Windows 11 Famille,1,0,Économique,ASUS::Économique::c3
https://www.mytek.tn/pc-portable-asus-vivobook-15-x1502va-i9-13e-gen-8g-512go-ssd-silver.html,2199.0,PC Portable ASUS Vivobook 15 X1502VA i9 13è Gén 8G 512Go SSD - Silver,ASUS,8.0,512.0,15.6,Intel,9.0,Windows 11 Famille,1,0,Économique,ASUS::Économique::c3
https://www.mytek.tn/pc-portable-asus-expertbook-p1503-i5-13e-gen-16g-512go-ssd-gris.html,2199.0,PC Portable ASUS ExpertBook P1503 i5 13è Gén 16G 512Go SSD - Gris,ASUS,16.0,512.0,15.6,Intel,5.0,FreeDos,1,0,Économique,ASUS::Économique::c2
https://www.mytek.tn/pc-portable-asus-vivobook-15-x1504va-intel-core-7-150u-8go-512go-ssd-silver.html,2199.0,PC Portable ASUS Vivobook 15 X1504VA Intel Core 7 150U 8Go 512Go SSD - Silver,ASUS,8.0,512.0,15.6,Intel,7.0,Windows 11 Famille,1,0,Économique,ASUS::Économique::c3
https://www.mytek.tn/pc-portable-asus-vivobook-15-oled-x1505va-i5-13e-gen-8g-512g-ssd-silver.html,2239.0,PC Portable ASUS Vivobook 15 OLED X1505VA i5 13è Gén 8G 512G SSD - Silver,ASUS,8.0,512.0,15.6,Intel,5.0,Windows 11 Famille,1,0,Économique,ASUS::Économique::c0
https://www.mytek.tn/pc-portable-asus-expertbook-p1503-i5-13eme-gen-16g-512go-ssd-gris.html,2259.0,PC Portable ASUS ExpertBook P1503 i5 13ème Gén 16G 512Go SSD - Gris,ASUS,16.0,512.0,15.6,Intel,5.0,FreeDos,1,0,Économique,ASUS::Économique::c2
https://www.mytek.tn/pc-portable-asus-vivobook-15-x1502va-i5-13e-gen-24g-512g-ssd-bleu.html,2269.0,PC Portable ASUS Vivobook 15 X1502VA i5 13è Gén 24G 512G SSD - Bleu,ASUS,24.0,512.0,15.6,Intel,5.0,Windows 11 Famille,1,0,Économique,ASUS::Économique::c0
https://www.mytek.tn/pc-portable-asus-vivobook-15-x1502va-i5-13e-gen-24g-512g-ssd-silver.html,2269.0,PC Portable ASUS Vivobook 15 X1502VA i5 13è Gén 24G 512G SSD - Silver,ASUS,24.0,512.0,15.6,Intel,5.0,Windows 11 Famille,1,0,Économique,ASUS::Économique::c0
https://www.mytek.tn/pc-portable-asus-vivobook-15-x1504va-intel-core-5-120u-16g-512g-ssd-silver.html,2295.0,PC Portable ASUS Vivobook 15 X1504VA Intel Core 5 120U 16G 512G SSD - Silver,ASUS,16.0,512.0,15.6,Intel,5.0,Windows 11 Famille,1,0,Économique,ASUS::Économique::c0
https://www.mytek.tn/pc-portable-asus-vivobook-15-x1502va-i7-13e-gen-16g-512g-ssd-silver.html,2329.0,PC Portable ASUS Vivobook 15 X1502VA i7 13è Gén 16G 512G SSD - Silver,ASUS,16.0,512.0,15.6,Intel,7.0,Windows 11 Famille,1,0,Économique,ASUS::Économique::c3
https://www.mytek.tn/pc-portable-asus-vivobook-15-x1502va-i7-13e-gen-16g-512g-ssd-bleu.html,2329.0,PC Portable ASUS Vivobook 15 X1502VA i7 13è Gén 16G 512G SSD - Bleu,ASUS,16.0,512.0,15.6,Intel,7.0,Windows 11 Famille,1,0,Économique,ASUS::Économique::c3
https://www.mytek.tn/pc-portable-gamer-asus-vivobook-16x-i5-13e-gen-8go-rtx3050.html,2339.0,PC Portable Gamer ASUS Vivobook 16X i5 13è Gén 8Go RTX3050,ASUS,8.0,512.0,16.0,Intel,5.0,Windows 11 Famille,1,0,Économique,ASUS::Économique::c0
https://www.mytek.tn/pc-portable-gamer-asus-vivobook-16x-i5-13e-gen-8go-rtx-3050.html,2339.0,PC Portable Gamer ASUS Vivobook 16X i5 13è Gén 8Go RTX 3050,ASUS,8.0,512.0,16.0,Intel,5.0,Windows 11 Famille,1,0,Économique,ASUS::Économique::c0
https://www.mytek.tn/pc-portable-gamer-asus-vivobook-16x-i5-13e-gen-8g-rtx3050.html,2389.0,PC Portable Gamer ASUS Vivobook 16X i5 13è Gén 8G RTX3050,ASUS,8.0,512.0,16.0,Intel,5.0,Windows 11 Pro,1,0,Milieu de gamme,ASUS::Milieu de gamme::c0
https://www.mytek.tn/pc-portable-gamer-asus-vivobook-16x-i5-13e-gen-8g-rtx-3050.html,2389.0,PC Portable Gamer ASUS Vivobook 16X i5 13è Gén 8G RTX 3050,ASUS,8.0,512.0,16.0,Intel,5.0,Windows 11 Pro,1,0,Milieu de gamme,ASUS::Milieu de gamme::c0
https://www.mytek.tn/pc-portable-asus-vivobook-15-x1502va-i7-13e-gen-8g-512go-ssd-silver.html,2399.0,PC Portable ASUS Vivobook 15 X1502VA i7 13è Gén 8G 512Go SSD - Silver,ASUS,8.0,512.0,15.6,Intel,7.0,Windows 11 Famille,1,0,Milieu de gamme,ASUS::Milieu de gamme::c0
https://www.mytek.tn/pc-portable-asus-vivobook-15-oled-x1505va-i5-13e-gen-16g-512g-ssd-silver.html,2399.0,PC Portable ASUS Vivobook 15 OLED X1505VA i5 13è Gén 16G 512G SSD - Silver,ASUS,16.0,512.0,15.6,Intel,5.0,Windows 11 Famille,1,0,Milieu de gamme,ASUS::Milieu de gamme::c0
https://www.mytek.tn/pc-portable-asus-vivobook-16-snapdragonr-x-x1-26-100-16g-512g-ssd-silver.html,2439.0,PC Portable ASUS Vivobook 16 Snapdragon® X X1 26 100 16G 512G SSD - Silver,ASUS,16.0,512.0,16.0,Qualcomm,0.0,Windows 11 Famille,1,1,Milieu de gamme,ASUS::Milieu de gamme::c1
https://www.mytek.tn/pc-portable-gamer-asus-vivobook-16x-i5-13e-gen-12go-rtx-3050.html,2445.0,PC Portable Gamer ASUS Vivobook 16X i5 13è Gén 12Go RTX 3050,ASUS,12.0,512.0,16.0,Intel,5.0,Windows 11 Famille,1,0,Milieu de gamme,ASUS::Milieu de gamme::c0
https://www.mytek.tn/pc-portable-gamer-asus-tuf-gaming-a15-amd-ryzen-5-8go-rtx-2050.html,2459.0,PC Portable Gamer ASUS TUF Gaming A15 AMD RYZEN 5 8Go RTX 2050,ASUS,8.0,512.0,15.6,AMD,5.0,Windows 11 Famille,1,1,Milieu de gamme,ASUS::Milieu de gamme::c1
https://www.mytek.tn/pc-portable-asus-expertbook-p1503-i7-13e-gen-16go-512g-ssd-gris.html,2499.0,PC Portable ASUS ExpertBook P1503 i7 13è Gén 16Go 512G SSD - Gris,ASUS,16.0,512.0,15.6,Intel,7.0,FreeDos,1,0,Milieu de gamme,ASUS::Milieu de gamme::c0
https://www.mytek.tn/pc-portable-gamer-asus-vivobook-16x-i5-13e-gen-16go-rtx3050.html,2549.0,PC Portable Gamer ASUS Vivobook 16X i5 13è Gén 16Go RTX3050,ASUS,16.0,512.0,16.0,Intel,5.0,Windows 11 Famille,1,0,Milieu de gamme,ASUS::Milieu de gamme::c0
https://www.mytek.tn/pc-portable-gamer-asus-vivobook-16x-i5-13e-gen-16go-rtx-3050.html,2549.0,PC Portable Gamer ASUS Vivobook 16X i5 13è Gén 16Go RTX 3050,ASUS,16.0,512.0,16.0,Intel,5.0,Windows 11 Famille,1,0,Milieu de gamme,ASUS::Milieu de gamme::c0
https://www.mytek.tn/pc-portable-asus-vivobook-15-x1502va-i7-13e-gen-24g-512g-ssd-silver.html,2559.0,PC Portable ASUS Vivobook 15 X1502VA i7 13è Gén 24G 512G SSD - Silver,ASUS,24.0,512.0,15.6,Intel,7.0,Windows 11 Famille,1,0,Milieu de gamme,ASUS::Milieu de gamme::c0
https://www.mytek.tn/pc-portable-asus-vivobook-15-x1502va-i7-13e-gen-24g-512g-ssd-bleu.html,2559.0,PC Portable ASUS Vivobook 15 X1502VA i7 13è Gén 24G 512G SSD - Bleu,ASUS,24.0,512.0,15.6,Intel,7.0,Windows 11 Famille,1,0,Milieu de gamme,ASUS::Milieu de gamme::c0
https://www.mytek.tn/pc-portable-asus-vivobook-15-x1502va-i9-13e-gen-16go-512go-ssd-bleu.html,2599.0,PC Portable ASUS Vivobook 15 X1502VA i9 13è Gén 16Go 512Go SSD - Bleu,ASUS,16.0,512.0,15.6,Intel,9.0,Windows 11 Famille,1,0,Milieu de gamme,ASUS::Milieu de gamme::c0
https://www.mytek.tn/pc-portable-asus-vivobook-15-x1502va-i9-13e-gen-16g-512go-ssd-silver.html,2599.0,PC Portable ASUS Vivobook 15 X1502VA i9 13è Gén 16G 512Go SSD - Silver,ASUS,16.0,512.0,15.6,Intel,9.0,Windows 11 Famille,1,0,Milieu de gamme,ASUS::Milieu de gamme::c0
https://www.mytek.tn/pc-portable-asus-vivobook-15-x1504va-intel-core-7-150u-16go-512go-ssd-silver.html,2599.0,PC Portable ASUS Vivobook 15 X1504VA Intel Core 7 150U 16Go 512Go SSD - Silver,ASUS,16.0,512.0,15.6,Intel,7.0,Windows 11 Famille,1,0,Milieu de gamme,ASUS::Milieu de gamme::c0
https://www.mytek.tn/pc-portable-gamer-asus-vivobook-16x-i5-13e-gen-16g-rtx3050.html,2599.0,PC Portable Gamer ASUS Vivobook 16X i5 13è Gén 16G RTX3050,ASUS,16.0,512.0,16.0,Intel,5.0,Windows 11 Pro,1,0,Milieu de gamme,ASUS::Milieu de gamme::c0
https://www.mytek.tn/pc-portable-gamer-asus-vivobook-16x-i5-13e-gen-16g-rtx-3050.html,2599.0,PC Portable Gamer ASUS Vivobook 16X i5 13è Gén 16G RTX 3050,ASUS,16.0,512.0,16.0,Intel,5.0,Windows 11 Pro,1,0,Milieu de gamme,ASUS::Milieu de gamme::c0
https://www.mytek.tn/pc-portable-asus-vivobook-15-oled-x1505va-i5-13e-gen-24g-512g-ssd-silver.html,2609.0,PC Portable ASUS Vivobook 15 OLED X1505VA i5 13è Gén 24G 512G SSD - Silver,ASUS,24.0,512.0,15.6,Intel,5.0,Windows 11 Famille,1,0,Milieu de gamme,ASUS::Milieu de gamme::c0
https://www.mytek.tn/pc-portable-gamer-asus-v16-v3607vj-intel-core-5-210h-8go-rtx-3050.html,2739.0,PC Portable Gamer ASUS V16 V3607VJ Intel Core 5 210H 8Go RTX 3050,ASUS,8.0,512.0,16.0,Intel,5.0,FreeDos,1,0,Milieu de gamme,ASUS::Milieu de gamme::c0
https://www.mytek.tn/pc-portable-gamer-asus-v16-v3607vj-intel-core-5-210h-8g-rtx-3050.html,2739.0,PC Portable Gamer ASUS V16 V3607VJ Intel Core 5 210H 8G RTX 3050,ASUS,8.0,512.0,16.0,Intel,5.0,Windows 11 Pro,1,0,Milieu de gamme,ASUS::Milieu de gamme::c0
https://www.mytek.tn/pc-portable-gamer-asus-vivobook-16x-i5-13e-gen-24go-rtx3050.html,2749.0,PC Portable Gamer ASUS Vivobook 16X i5 13è Gén 24Go RTX3050,ASUS,24.0,512.0,16.0,Intel,5.0,Windows 11 Famille,1,0,Milieu de gamme,ASUS::Milieu de gamme::c0
https://www.mytek.tn/pc-portable-gamer-asus-vivobook-16x-i5-13e-gen-24go-rtx-3050.html,2749.0,PC Portable Gamer ASUS Vivobook 16X i5 13è Gén 24Go RTX 3050,ASUS,24.0,512.0,16.0,Intel,5.0,Windows 11 Famille,1,0,Milieu de gamme,ASUS::Milieu de gamme::c0
https://www.mytek.tn/pc-portable-gamer-asus-vivobook-16x-i5-13e-gen-24g-rtx3050.html,2799.0,PC Portable Gamer ASUS Vivobook 16X i5 13è Gén 24G RTX3050,ASUS,24.0,512.0,16.0,Intel,5.0,Windows 11 Pro,1,0,Milieu de gamme,ASUS::Milieu de gamme::c0
https://www.mytek.tn/pc-portable-gamer-asus-vivobook-16x-i5-13e-gen-24g-rtx-3050.html,2799.0,PC Portable Gamer ASUS Vivobook 16X i5 13è Gén 24G RTX 3050,ASUS,24.0,512.0,16.0,Intel,5.0,Windows 11 Pro,1,0,Milieu de gamme,ASUS::Milieu de gamme::c0
https://www.mytek.tn/pc-portable-gamer-asus-v16-v3607vj-intel-core-7-240h-8go-rtx-3050.html,2829.0,PC Portable Gamer ASUS V16 V3607VJ Intel Core 7 240H 8Go RTX 3050,ASUS,8.0,512.0,16.0,Intel,7.0,FreeDos,1,0,Milieu de gamme,ASUS::Milieu de gamme::c0
https://www.mytek.tn/pc-portable-gamer-asus-v16-v3607vj-intel-core-7-240h-8g-rtx-3050.html,2829.0,PC Portable Gamer ASUS V16 V3607VJ Intel Core 7 240H 8G RTX 3050,ASUS,8.0,512.0,16.0,Intel,7.0,Windows 11 Pro,1,0,Milieu de gamme,ASUS::Milieu de gamme::c0
https://www.mytek.tn/pc-portable-asus-expertbook-p5-ultra-5-226v-16go-512go-ssd-gris.html,2969.0,PC Portable ASUS ExpertBook P5 Ultra 5 226V 16Go 512Go SSD - Gris,ASUS,16.0,512.0,14.0,Intel,0.0,FreeDos,1,0,Milieu de gamme,ASUS::Milieu de gamme::c0
https://www.mytek.tn/pc-portable-asus-vivobook-15-x1502va-i9-13e-gen-24go-512go-ssd-bleu.html,2999.0,PC Portable ASUS Vivobook 15 X1502VA i9 13è Gén 24Go 512Go SSD - Bleu,ASUS,24.0,512.0,15.6,Intel,9.0,Windows 11 Famille,1,0,Milieu de gamme,ASUS::Milieu de gamme::c0
https://www.mytek.tn/pc-portable-asus-vivobook-15-x1502va-i9-13e-gen-24g-512go-ssd-silver.html,2999.0,PC Portable ASUS Vivobook 15 X1502VA i9 13è Gén 24G 512Go SSD - Silver,ASUS,24.0,512.0,15.6,Intel,9.0,Windows 11 Famille,1,0,Milieu de gamme,ASUS::Milieu de gamme::c0
https://www.mytek.tn/pc-portable-asus-vivobook-16-x1605va-intel-core-9-270h-16go-512go-ssd-noir.html,3059.0,PC Portable ASUS Vivobook 16 X1605VA Intel Core 9 270H 16Go 512Go SSD - Noir,ASUS,16.0,512.0,16.0,Intel,9.0,Windows 11 Famille,1,0,Milieu de gamme,ASUS::Milieu de gamme::c0
https://www.mytek.tn/pc-portable-gamer-asus-tuf-gaming-a15-amd-ryzen-7-8g-rtx-3050.html,3069.0,PC Portable Gamer ASUS TUF Gaming A15 AMD RYZEN 7 8G RTX 3050,ASUS,8.0,512.0,15.6,AMD,0.0,Windows 11 Famille,1,1,Milieu de gamme,ASUS::Milieu de gamme::c1
https://www.mytek.tn/pc-portable-gamer-asus-v16-v3607vu-intel-core-5-210h-8g-rtx4050.html,3099.0,PC Portable Gamer ASUS V16 V3607VU Intel Core 5 210H 8G RTX4050,ASUS,8.0,512.0,16.0,Intel,5.0,Windows 11 Pro,1,0,Milieu de gamme,ASUS::Milieu de gamme::c0
https://www.mytek.tn/pc-portable-gamer-asus-v16-v3607vj-intel-core-5-210h-16go-rtx-3050.html,3139.0,PC Portable Gamer ASUS V16 V3607VJ Intel Core 5 210H 16Go RTX 3050,ASUS,16.0,512.0,16.0,Intel,5.0,FreeDos,1,0,Milieu de gamme,ASUS::Milieu de gamme::c0
https://www.mytek.tn/pc-portable-gamer-asus-v16-v3607vj-intel-core-5-210h-16g-rtx-3050.html,3139.0,PC Portable Gamer ASUS V16 V3607VJ Intel Core 5 210H 16G RTX 3050,ASUS,16.0,512.0,16.0,Intel,5.0,Windows 11 Pro,1,0,Milieu de gamme,ASUS::Milieu de gamme::c0
https://www.mytek.tn/pc-portable-gamer-asus-tuf-gaming-a15-amd-ryzen-7-16g-rtx3050.html,3179.0,PC Portable Gamer ASUS TUF Gaming A15 AMD RYZEN 7 16G RTX3050,ASUS,16.0,512.0,15.6,AMD,0.0,Windows 11 Famille,1,1,Milieu de gamme,ASUS::Milieu de gamme::c1
https://www.mytek.tn/pc-portable-asus-vivobook-s16-amd-ryzen-9-16go-512go-ssd-silver.html,3199.0,PC Portable ASUS Vivobook S16 AMD RYZEN 9 16Go 512Go SSD - Silver,ASUS,16.0,512.0,16.0,AMD,0.0,Windows 11 Famille,1,1,Milieu de gamme,ASUS::Milieu de gamme::c1
https://www.mytek.tn/pc-portable-gamer-asus-v16-v3607vj-intel-core-7-240h-16go-rtx-3050.html,3229.0,PC Portable Gamer ASUS V16 V3607VJ Intel Core 7 240H 16Go RTX 3050,ASUS,16.0,512.0,16.0,Autre,0.0,FreeDos,1,1,Milieu de gamme,ASUS::Milieu de gamme::c1
https://www.mytek.tn/pc-portable-gamer-asus-v16-v3607vj-intel-core-7-240h-16g-rtx-3050.html,3229.0,PC Portable Gamer ASUS V16 V3607VJ Intel Core 7 240H 16G RTX 3050,ASUS,16.0,512.0,16.0,Autre,0.0,Windows 11 Pro,1,1,Milieu de gamme,ASUS::Milieu de gamme::c1
https://www.mytek.tn/pc-portable-gamer-asus-v16-v3607vu-intel-core-7-240h-8g-rtx-4050.html,3299.0,PC Portable Gamer ASUS V16 V3607VU Intel Core 7 240H 8G RTX 4050,ASUS,8.0,512.0,16.0,Intel,7.0,FreeDos,1,0,Milieu de gamme,ASUS::Milieu de gamme::c0
https://www.mytek.tn/pc-portable-gamer-asus-v16-v3607vu-intel-core-7-240h-8go-rtx4050.html,3299.0,PC Portable Gamer ASUS V16 V3607VU Intel Core 7 240H 8Go RTX4050,ASUS,8.0,512.0,16.0,Intel,7.0,Windows 11 Pro,1,0,Milieu de gamme,ASUS::Milieu de gamme::c0
https://www.mytek.tn/pc-portable-gamer-asus-tuf-gaming-f16-intel-core-5-210h-8g-rtx-3050.html,3299.0,PC Portable Gamer ASUS TUF Gaming F16 Intel Core 5 210H 8G RTX 3050,ASUS,8.0,512.0,16.0,Intel,5.0,FreeDos,1,0,Milieu de gamme,ASUS::Milieu de gamme::c0
https://www.mytek.tn/pc-portable-gamer-asus-tuf-gaming-f16-i7-13e-gen-8go-rtx-4050.html,3499.0,PC Portable Gamer ASUS TUF Gaming F16 i7 13è Gén 8Go RTX 4050,ASUS,8.0,512.0,16.0,Intel,7.0,Windows 11 Famille,1,0,Milieu de gamme,ASUS::Milieu de gamme::c0
https://www.mytek.tn/pc-portable-gamer-asus-tuf-gaming-a15-amd-ryzen-7-16go-rtx3050.html,3499.0,PC Portable Gamer ASUS TUF Gaming A15 AMD RYZEN 7 16Go RTX3050,ASUS,16.0,512.0,15.6,AMD,0.0,Windows 11 Famille,1,1,Milieu de gamme,ASUS::Milieu de gamme::c1
https://www.mytek.tn/pc-portable-gamer-asus-v16-v3607vu-intel-core-5-210h-16g-rtx4050.html,3499.0,PC Portable Gamer ASUS V16 V3607VU Intel Core 5 210H 16G RTX4050,ASUS,16.0,512.0,16.0,Intel,5.0,FreeDos,1,0,Milieu de gamme,ASUS::Milieu de gamme::c0
https://www.mytek.tn/pc-portable-gamer-asus-v16-v3607vu-intel-core-5-210h-16go-rtx4050.html,3499.0,PC Portable Gamer ASUS V16 V3607VU Intel Core 5 210H 16Go RTX4050,ASUS,16.0,512.0,16.0,Intel,5.0,Windows 11 Pro,1,0,Milieu de gamme,ASUS::Milieu de gamme::c0
https://www.mytek.tn/pc-portable-gamer-asus-tuf-gaming-f16-intel-core-5-210h-8go-rtx-3050.html,3529.0,PC Portable Gamer ASUS TUF Gaming F16 Intel Core 5 210H 8Go RTX 3050,ASUS,8.0,512.0,16.0,Intel,5.0,Windows 11 Famille,1,0,Milieu de gamme,ASUS::Milieu de gamme::c0
https://www.mytek.tn/pc-portable-gamer-asus-tuf-gaming-f16-intel-core-5-210h-8go-rtx-4050.html,3599.0,PC Portable Gamer ASUS TUF Gaming F16 Intel Core 5 210H 8Go RTX 4050,ASUS,8.0,512.0,16.0,Intel,5.0,Windows 11 Famille,1,0,Premium,ASUS::Premium::c2
https://www.mytek.tn/pc-portable-gamer-asus-tuf-gaming-a15-amd-ryzen-7-24g-rtx3050.html,3599.0,PC Portable Gamer ASUS TUF Gaming A15 AMD RYZEN 7 24G RTX3050,ASUS,24.0,512.0,15.6,AMD,0.0,Windows 11 Famille,1,1,Premium,ASUS::Premium::c0
https://www.mytek.tn/pc-portable-asus-vivobook-s16-amd-ryzen-9-32go-1to-ssd-gris.html,3689.0,PC Portable ASUS Vivobook S16 AMD RYZEN 9 32Go 1To SSD - Gris,ASUS,32.0,1024.0,16.0,AMD,0.0,Windows 11 Famille,1,1,Premium,ASUS::Premium::c0
https://www.mytek.tn/pc-portable-gamer-asus-v16-v3607vu-intel-core-7-240h-16go-rtx4050.html,3699.0,PC Portable Gamer ASUS V16 V3607VU Intel Core 7 240H 16Go RTX4050,ASUS,16.0,512.0,16.0,Intel,7.0,Windows 11 Pro,1,0,Premium,ASUS::Premium::c1
https://www.mytek.tn/pc-portable-asus-vivobook-14-flip-ultra-7-256v-16go-512go-ssd-gris.html,3749.0,PC Portable ASUS Vivobook 14 Flip Ultra 7 256V 16Go 512Go SSD - Gris,ASUS,16.0,512.0,14.0,Intel,0.0,Windows 11 Famille,1,0,Premium,ASUS::Premium::c3
https://www.mytek.tn/pc-portable-gamer-asus-tuf-gaming-a15-amd-ryzen-7-32g-rtx3050.html,3879.0,PC Portable Gamer ASUS TUF Gaming A15 AMD RYZEN 7 32G RTX3050,ASUS,32.0,512.0,15.6,AMD,0.0,Windows 11 Famille,1,1,Premium,ASUS::Premium::c0
https://www.mytek.tn/pc-portable-gamer-asus-tuf-gaming-f16-i5-13e-gen-16go-rtx-5050.html,3899.0,PC Portable Gamer ASUS TUF Gaming F16 i5 13è Gén 16Go RTX 5050,ASUS,16.0,512.0,16.0,Intel,5.0,Windows 11 Famille,1,0,Premium,ASUS::Premium::c2
https://www.mytek.tn/pc-portable-gamer-asus-tuf-gaming-f16-i7-13e-gen-16go-rtx-4050.html,3899.0,PC Portable Gamer ASUS TUF Gaming F16 i7 13è Gén 16Go RTX 4050,ASUS,16.0,512.0,16.0,Intel,7.0,Windows 11 Famille,1,0,Premium,ASUS::Premium::c2
https://www.mytek.tn/pc-portable-gamer-asus-v16-v3607vu-intel-core-5-210h-24g-rtx4050.html,3899.0,PC Portable Gamer ASUS V16 V3607VU Intel Core 5 210H 24G RTX4050,ASUS,24.0,512.0,16.0,Intel,5.0,FreeDos,1,0,Premium,ASUS::Premium::c1
https://www.mytek.tn/pc-portable-gamer-asus-v16-v3607vu-intel-core-5-210h-24go-rtx4050.html,3899.0,PC Portable Gamer ASUS V16 V3607VU Intel Core 5 210H 24Go RTX4050,ASUS,24.0,512.0,16.0,Intel,5.0,Windows 11 Pro,1,0,Premium,ASUS::Premium::c1
https://www.mytek.tn/pc-portable-gamer-asus-tuf-gaming-f16-intel-core-5-210h-16go-rtx-3050.html,3929.0,PC Portable Gamer ASUS TUF Gaming F16 Intel Core 5 210H 16Go RTX 3050,ASUS,16.0,512.0,16.0,Intel,5.0,Windows 11 Famille,1,0,Premium,ASUS::Premium::c2
https://www.mytek.tn/pc-portable-gamer-asus-v16-v3607vj-intel-core-5-210h-32go-rtx-3050.html,3945.0,PC Portable Gamer ASUS V16 V3607VJ Intel Core 5 210H 32Go RTX 3050,ASUS,32.0,512.0,16.0,Intel,5.0,FreeDos,1,0,Premium,ASUS::Premium::c1
https://www.mytek.tn/pc-portable-gamer-asus-v16-v3607vj-intel-core-5-210h-32g-rtx-3050.html,3945.0,PC Portable Gamer ASUS V16 V3607VJ Intel Core 5 210H 32G RTX 3050,ASUS,32.0,512.0,16.0,Intel,5.0,Windows 11 Pro,1,0,Premium,ASUS::Premium::c1
https://www.mytek.tn/pc-portable-gamer-asus-v16-v3607vj-intel-core-7-240h-32go-rtx-3050.html,3969.0,PC Portable Gamer ASUS V16 V3607VJ Intel Core 7 240H 32Go RTX 3050,ASUS,32.0,512.0,16.0,Intel,7.0,FreeDos,1,0,Premium,ASUS::Premium::c1
https://www.mytek.tn/pc-portable-gamer-asus-tuf-gaming-a15-amd-ryzen-7-32g-rtx-3050.html,3969.0,PC Portable Gamer ASUS TUF Gaming A15 AMD RYZEN 7 32G RTX 3050,ASUS,32.0,512.0,15.6,AMD,0.0,Windows 11 Famille,1,1,Premium,ASUS::Premium::c0
https://www.mytek.tn/pc-portable-gamer-asus-v16-v3607vj-intel-core-7-240h-32g-rtx-3050.html,3969.0,PC Portable Gamer ASUS V16 V3607VJ Intel Core 7 240H 32G RTX 3050,ASUS,32.0,512.0,16.0,Intel,7.0,Windows 11 Pro,1,0,Premium,ASUS::Premium::c1
https://www.mytek.tn/pc-portable-gamer-asus-tuf-gaming-f16-intel-core-5-210h-16go-rtx-4050.html,4009.0,PC Portable Gamer ASUS TUF Gaming F16 Intel Core 5 210H 16Go RTX 4050,ASUS,16.0,512.0,16.0,Intel,5.0,Windows 11 Famille,1,0,Premium,ASUS::Premium::c2
https://www.mytek.tn/pc-portable-gamer-asus-v16-v3607vu-intel-core-7-240h-24g-rtx4050.html,4019.0,PC Portable Gamer ASUS V16 V3607VU Intel Core 7 240H 24G RTX4050,ASUS,24.0,512.0,16.0,Intel,7.0,FreeDos,1,0,Premium,ASUS::Premium::c1
https://www.mytek.tn/pc-portable-gamer-asus-v16-v3607vu-intel-core-7-240h-24go-rtx4050.html,4019.0,PC Portable Gamer ASUS V16 V3607VU Intel Core 7 240H 24Go RTX4050,ASUS,24.0,512.0,16.0,Intel,7.0,Windows 11 Pro,1,0,Premium,ASUS::Premium::c1
https://www.mytek.tn/pc-portable-asus-zenbook-a14-snapdragonr-x-x1-26-100-32go-1to-ssd-beige.html,4119.0,Pc Portable ASUS Zenbook A14 Snapdragon® X X1 26 100 32Go 1To SSD - Beige,ASUS,32.0,1024.0,14.0,Qualcomm,0.0,Windows 11 Famille,1,1,Premium,ASUS::Premium::c3
https://www.mytek.tn/pc-portable-gamer-asus-tuf-gaming-f16-i7-13e-gen-24go-rtx-4050.html,4299.0,PC Portable Gamer ASUS TUF Gaming F16 i7 13è Gén 24Go RTX 4050,ASUS,24.0,512.0,16.0,Intel,7.0,Windows 11 Famille,1,0,Premium,ASUS::Premium::c2
https://www.mytek.tn/pc-portable-gamer-asus-tuf-gaming-f16-i5-13e-gen-24go-rtx-5050.html,4329.0,PC Portable Gamer ASUS TUF Gaming F16 i5 13è Gén 24Go RTX 5050,ASUS,24.0,512.0,16.0,Intel,5.0,Windows 11 Famille,1,0,Premium,ASUS::Premium::c2
https://www.mytek.tn/pc-portable-gamer-asus-tuf-gaming-a15-amd-ryzen-7-32go-rtx3050.html,4329.0,PC Portable Gamer ASUS TUF Gaming A15 AMD RYZEN 7 32Go RTX3050,ASUS,32.0,512.0,15.6,AMD,0.0,Windows 11 Famille,1,1,Premium,ASUS::Premium::c0
https://www.mytek.tn/pc-portable-asus-zenbook-14-ultra-7-255h-16go-1to-ssd-silver.html,4369.0,Pc Portable ASUS ZenBook 14 Ultra 7 255H 16Go 1To SSD - Silver,ASUS,16.0,1024.0,14.0,Intel,0.0,Windows 11 Famille,1,0,Premium,ASUS::Premium::c3
https://www.mytek.tn/pc-portable-asus-vivobook-s14-ultra-7-256v-16go-1to-ssd-bleu.html,4379.0,PC Portable ASUS Vivobook S14 Ultra 7 256V 16Go 1To SSD - Bleu,ASUS,16.0,1024.0,14.0,Intel,0.0,Windows 11 Famille,1,0,Premium,ASUS::Premium::c3
https://www.mytek.tn/pc-portable-gamer-asus-tuf-gaming-f16-i5-13e-gen-16go-rtx-5060.html,4399.0,PC Portable Gamer ASUS TUF Gaming F16 i5 13è Gén 16Go RTX 5060,ASUS,16.0,512.0,16.0,Intel,5.0,Windows 11 Famille,1,0,Premium,ASUS::Premium::c2
https://www.mytek.tn/pc-portable-gamer-asus-tuf-gaming-f16-intel-core-5-210h-24go-rtx-4050.html,4539.0,PC Portable Gamer ASUS TUF Gaming F16 Intel Core 5 210H 24Go RTX 4050,ASUS,24.0,512.0,16.0,Intel,5.0,Windows 11 Famille,1,0,Premium,ASUS::Premium::c2
https://www.mytek.tn/pc-portable-asus-tuf-gaming-a14-amd-ryzen-ai-7-16go-rtx-5050.html,4599.0,PC Portable ASUS TUF Gaming A14 AMD Ryzen AI 7 16Go RTX 5050,ASUS,16.0,1024.0,14.0,AMD,0.0,Windows 11 Famille,1,1,Premium,ASUS::Premium::c3
https://www.mytek.tn/pc-portable-gamer-asus-tuf-gaming-f16-i5-13e-gen-16g-rtx-5050.html,4599.0,PC Portable Gamer ASUS TUF Gaming F16 i5 13è Gén 16G RTX 5050,ASUS,16.0,512.0,16.0,Intel,5.0,Windows 11 Famille,1,0,Premium,ASUS::Premium::c2
https://www.mytek.tn/pc-portable-gamer-asus-tuf-gaming-f16-i5-13e-gen-24go-rtx-5060.html,4615.0,PC Portable Gamer ASUS TUF Gaming F16 i5 13è Gén 24Go RTX 5060,ASUS,24.0,512.0,16.0,Intel,5.0,Windows 11 Famille,1,0,Premium,ASUS::Premium::c2
https://www.mytek.tn/pc-portable-gamer-asus-tuf-gaming-f16-i5-13e-gen-32go-rtx-5050.html,4729.0,PC Portable Gamer ASUS TUF Gaming F16 i5 13è Gén 32Go RTX 5050,ASUS,32.0,512.0,16.0,Intel,5.0,Windows 11 Famille,1,0,Premium,ASUS::Premium::c2
https://www.mytek.tn/pc-portable-gamer-asus-tuf-gaming-f16-i5-13e-gen-16g-rtx-5060.html,4805.0,PC Portable Gamer ASUS TUF Gaming F16 i5 13è Gén 16G RTX 5060,ASUS,16.0,1024.0,16.0,Intel,5.0,Windows 11 Famille,1,0,Premium,ASUS::Premium::c2
https://www.mytek.tn/pc-portable-gamer-asus-tuf-gaming-f16-i5-13e-gen-32go-rtx-5060.html,4819.0,PC Portable Gamer ASUS TUF Gaming F16 i5 13è Gén 32Go RTX 5060,ASUS,32.0,512.0,16.0,Intel,5.0,Windows 11 Famille,1,0,Premium,ASUS::Premium::c2
https://www.mytek.tn/pc-portable-gamer-asus-tuf-gaming-f16-i5-14e-gen-16go-rtx-5050.html,4995.0,PC Portable Gamer ASUS TUF Gaming F16 i5 14è Gén 16Go RTX 5050,ASUS,16.0,1024.0,16.0,Intel,5.0,Windows 11 Famille,1,0,Premium,ASUS::Premium::c2
https://www.mytek.tn/pc-portable-gamer-asus-tuf-gaming-a16-amd-ryzen-7-16go-rtx-5070.html,5089.0,PC Portable Gamer ASUS TUF Gaming A16 AMD RYZEN 7 16Go RTX 5070,ASUS,16.0,512.0,16.0,AMD,0.0,FreeDos,1,1,Premium,ASUS::Premium::c0
https://www.mytek.tn/pc-portable-asus-zenbook-s-14-ultra-7-256v-16g-1to-ssd-blanc.html,5299.0,Pc Portable ASUS Zenbook S 14 Ultra 7 256V 16G 1To SSD - Blanc,ASUS,16.0,1024.0,14.0,Intel,0.0,Windows 11 Famille,1,0,Premium,ASUS::Premium::c3
https://www.mytek.tn/pc-portable-gamer-asus-tuf-gaming-f16-i7-14e-gen-16go-rtx-5050.html,5399.0,PC Portable Gamer ASUS TUF Gaming F16 i7 14è Gén 16Go RTX 5050,ASUS,16.0,1024.0,16.0,Intel,7.0,Windows 11 Famille,1,0,Premium,ASUS::Premium::c2
https://www.mytek.tn/pc-portable-gamer-asus-tuf-gaming-f16-i7-14e-gen-16g-rtx-5050.html,5589.0,PC Portable Gamer ASUS TUF Gaming F16 i7 14è Gén 16G RTX 5050,ASUS,16.0,1024.0,16.0,Intel,7.0,Windows 11 Famille,1,0,Premium,ASUS::Premium::c2
https://www.mytek.tn/pc-portable-asus-tuf-gaming-a14-amd-ryzen-ai-9-16go-rtx-4060.html,5599.0,PC Portable ASUS TUF Gaming A14 AMD Ryzen AI 9 16Go RTX 4060,ASUS,16.0,1024.0,14.0,AMD,0.0,Windows 11 Famille,1,1,Premium,ASUS::Premium::c3
https://www.mytek.tn/pc-portable-gamer-asus-tuf-gaming-a16-amd-ryzen-7-16g-rtx-5050.html,5769.0,PC Portable Gamer ASUS TUF Gaming A16 AMD RYZEN 7 16G RTX 5050,ASUS,16.0,1024.0,16.0,AMD,0.0,Windows 11 Famille,1,1,Premium,ASUS::Premium::c0
https://www.mytek.tn/pc-portable-gamer-asus-tuf-gaming-f16-i7-14e-gen-16go-rtx-5060.html,5879.0,PC Portable Gamer ASUS TUF Gaming F16 i7 14è Gén 16Go RTX 5060,ASUS,16.0,1024.0,16.0,Intel,7.0,Windows 11 Famille,1,0,Premium,ASUS::Premium::c2
https://www.mytek.tn/pc-portable-asus-tuf-gaming-a14-amd-ryzen-ai-7-16go-rtx-5060.html,5929.0,PC Portable ASUS TUF Gaming A14 AMD Ryzen AI 7 16Go RTX 5060,ASUS,16.0,1024.0,14.0,AMD,0.0,Windows 11 Famille,1,1,Premium,ASUS::Premium::c3
https://www.mytek.tn/pc-portable-asus-zenbook-14-ultra-9-285h-32g-1to-ssd-silver.html,6259.0,Pc Portable ASUS ZenBook 14 Ultra 9 285H 32G 1To SSD - Silver,ASUS,32.0,1024.0,14.0,Intel,0.0,Windows 11 Famille,1,0,Premium,ASUS::Premium::c3
https://www.mytek.tn/pc-portable-gamer-asus-tuf-gaming-f16-i7-14e-gen-32go-rtx-5060.html,6729.0,PC Portable Gamer ASUS TUF Gaming F16 i7 14è Gén 32Go RTX 5060,ASUS,32.0,1024.0,16.0,Intel,7.0,Windows 11 Famille,1,0,Premium,ASUS::Premium::c2
https://www.mytek.tn/pc-portable-gamer-asus-tuf-gaming-f16-i7-14e-gen-16go-rtx-5070.html,6959.0,PC Portable Gamer ASUS TUF Gaming F16 i7 14è Gén 16Go RTX 5070,ASUS,16.0,1024.0,16.0,Intel,7.0,Windows 11 Famille,1,0,Premium,ASUS::Premium::c2
https://www.mytek.tn/pc-portable-gamer-asus-tuf-gaming-a16-amd-ryzen-9-32go-rtx-5070.html,7649.0,PC Portable Gamer ASUS TUF Gaming A16 AMD RYZEN 9 32Go RTX 5070,ASUS,32.0,1024.0,16.0,AMD,0.0,Windows 11 Famille,1,1,Premium,ASUS::Premium::c0
https://www.mytek.tn/pc-portable-gamer-asus-rog-strix-g16-ultra-9-275hx-32go-rtx-5070.html,7999.0,PC Portable Gamer ASUS ROG Strix G16 Ultra 9 275HX 32Go RTX 5070,ASUS,32.0,1024.0,16.0,Intel,0.0,Windows 11 Famille,1,0,Premium,ASUS::Premium::c3
https://www.mytek.tn/pc-portable-bmax-maxbook-x15-pro-intel-n95-12e-gen-16go-512go-ssd.html,1099.0,PC Portable BMAX MaxBook X15 Pro Intel N95 12è Gén 16Go 512Go SSD,BMAX,16.0,512.0,15.6,Intel,0.0,Windows 11 Pro,1,0,,
https://www.mytek.tn/pc-portable-bmax-maxbook-x15-power-i3-8109u-16go-512go-ssd.html,1219.0,PC Portable BMAX MaxBook X15 Power i3-8109U 16Go 512Go SSD,BMAX,16.0,512.0,15.6,Intel,3.0,Windows 11 Famille,1,0,,
https://www.mytek.tn/pc-portable-chuwi-corebook-i3-10e-gen-8go-256go-ssd-gris.html,1179.0,PC Portable CHUWI CoreBook i3 10è Gén 8Go 256Go SSD - Gris,CHUWI,8.0,256.0,14.0,Intel,3.0,Windows 11 Famille,1,0,Gamme unique,CHUWI::Gamme unique::c0
https://www.mytek.tn/pc-portable-chuwi-minibook-x-n150-16g-512go-ssd-gris.html,1349.0,PC Portable CHUWI MiniBook X N150 16G 512Go SSD - Gris,CHUWI,16.0,512.0,10.51,Intel,0.0,Windows 11 Pro,1,0,Gamme unique,CHUWI::Gamme unique::c0
https://www.mytek.tn/pc-portable-chuwi-acer-gadget-e10-erbook-amd-ryzen-5-8go-512go-ssd.html,1549.0,PC Portable CHUWI Acer Gadget E10 ERBook AMD RYZEN 5 8Go 512Go SSD,CHUWI,8.0,512.0,15.6,AMD,0.0,Windows 11 Famille,1,1,Gamme unique,CHUWI::Gamme unique::c0
https://www.mytek.tn/pc-portable-chuwi-gtbook-x-i7-13e-gen-16go-512go-ssd-gris.html,1749.0,PC Portable CHUWI GTBook X i7 13è Gén 16Go 512Go SSD - Gris,CHUWI,16.0,512.0,16.0,Intel,7.0,Windows 11 Famille,1,0,Gamme unique,CHUWI::Gamme unique::c0
https://www.mytek.tn/pc-portable-chuwi-corebook-air-plus-amd-ryzen-5-16go-512go-ssd.html,1889.0,PC Portable CHUWI CoreBook Air Plus AMD RYZEN 5 16Go 512Go SSD,CHUWI,16.0,512.0,16.0,AMD,0.0,Windows 11 Pro,1,1,Gamme unique,CHUWI::Gamme unique::c0
https://www.mytek.tn/pc-portable-chuwi-gtbook-xpro-i7-13e-gen-16go-rtx-3050.html,2999.0,PC Portable CHUWI GTBook XPro i7 13è Gén 16Go RTX 3050,CHUWI,16.0,512.0,15.6,Intel,7.0,Windows 11,1,0,Gamme unique,CHUWI::Gamme unique::c0
https://www.mytek.tn/pc-portable-dell-15-intel-core-3-100u-8go-512go-ssd-silver.html,1499.0,PC Portable DELL 15 Intel Core 3 100U 8Go 512Go SSD - Noir,DELL,8.0,512.0,15.6,Intel,3.0,FreeDos,1,0,Économique,DELL::Économique::c2
https://www.mytek.tn/pc-portable-dell-pro-15-essential-intel-core-3-100u-8go-512go-ssd-noir.html,1499.0,PC Portable DELL Pro 15 Essential Intel Core 3 100U 8Go 512Go SSD - Noir,DELL,8.0,512.0,15.6,Intel,3.0,FreeDos,1,0,Économique,DELL::Économique::c2
https://www.mytek.tn/pc-portable-dell-pro-15-essential-i3-13eme-gen-8go-512go-ssd-noir.html,1499.0,PC Portable DELL Pro 15 Essential i3 13ème Gén 8Go 512Go SSD - Noir,DELL,8.0,512.0,15.6,Intel,3.0,FreeDos,1,0,Économique,DELL::Économique::c2
https://www.mytek.tn/pc-portable-dell-15-intel-core-3-100u-8g-512go-ssd-silver.html,1549.0,PC Portable DELL 15 Intel Core 3 100U 8G 512Go SSD - Noir,DELL,8.0,512.0,15.6,Intel,3.0,Windows 11 Pro,1,0,Économique,DELL::Économique::c1
https://www.mytek.tn/pc-portable-dell-pro-15-essential-intel-core-3-100u-8g-512go-ssd-noir.html,1549.0,PC Portable DELL Pro 15 Essential Intel Core 3 100U 8G 512Go SSD - Noir,DELL,8.0,512.0,15.6,Intel,3.0,Windows 11 Pro,1,0,Économique,DELL::Économique::c1
https://www.mytek.tn/pc-portable-dell-pro-15-essential-i3-13eme-gen-8g-512go-ssd-noir.html,1549.0,PC Portable DELL Pro 15 Essential i3 13ème Gén 8G 512Go SSD - Noir,DELL,8.0,512.0,15.6,Intel,3.0,Windows 11 Pro,1,0,Économique,DELL::Économique::c1
https://www.mytek.tn/pc-portable-dell-pro-15-essential-intel-core-3-100u-16go-512go-ssd-noir.html,1609.0,PC Portable DELL Pro 15 Essential Intel Core 3 100U 16Go 512Go SSD - Noir,DELL,16.0,512.0,15.6,Intel,3.0,FreeDos,1,0,Économique,DELL::Économique::c2
https://www.mytek.tn/pc-portable-dell-15-intel-core-3-100u-12go-512go-ssd-noir.html,1615.0,PC Portable DELL 15 Intel Core 3 100U 12Go 512Go SSD - Noir,DELL,12.0,512.0,15.6,Intel,3.0,FreeDos,1,0,Économique,DELL::Économique::c2
https://www.mytek.tn/pc-portable-dell-pro-15-essential-intel-core-3-100u-16g-512go-ssd-noir.html,1659.0,PC Portable DELL Pro 15 Essential Intel Core 3 100U 16G 512Go SSD - Noir,DELL,16.0,512.0,15.6,Intel,3.0,Windows 11 Pro,1,0,Économique,DELL::Économique::c1
https://www.mytek.tn/pc-portable-dell-15-i5-13e-gen-8go-512go-ssd-noir.html,1699.0,PC Portable DELL 15 i5 13è Gén 8Go 512Go SSD - Noir,DELL,8.0,512.0,15.6,Intel,5.0,FreeDos,1,0,Économique,DELL::Économique::c0
https://www.mytek.tn/pc-portable-dell-15-intel-core-3-100u-16go-512go-ssd-silver.html,1729.0,PC Portable DELL 15 Intel Core 3 100U 16Go 512Go SSD - Noir,DELL,16.0,512.0,15.6,Intel,3.0,FreeDos,1,0,Économique,DELL::Économique::c2
https://www.mytek.tn/pc-portable-dell-vostro-3530-i5-13e-gen-8g-512g-ssd-noir.html,1739.0,Pc Portable DELL Vostro 3530 i5 13è Gén 8G 512G SSD - Noir,DELL,8.0,512.0,15.6,Intel,5.0,Windows 11 Pro,1,0,Économique,DELL::Économique::c1
https://www.mytek.tn/pc-portable-dell-pro-15-essential-i5-13e-gen-8go-512go-ssd-noir.html,1745.0,PC Portable DELL Pro 15 Essential i5 13è Gén 8Go 512Go SSD - Noir,DELL,8.0,512.0,15.6,Intel,5.0,FreeDos,1,0,Économique,DELL::Économique::c0
https://www.mytek.tn/pc-portable-dell-15-i5-13e-gen-8g-512go-ssd-noir.html,1749.0,PC Portable DELL 15 i5 13è Gén 8G 512Go SSD - Noir,DELL,8.0,512.0,15.6,Intel,5.0,Windows 11 Pro,1,0,Économique,DELL::Économique::c1
https://www.mytek.tn/pc-portable-dell-15-intel-core-3-100u-16g-512go-ssd-silver.html,1779.0,PC Portable DELL 15 Intel Core 3 100U 16G 512Go SSD - Noir,DELL,16.0,512.0,15.6,Intel,3.0,Windows 11 Pro,1,0,Économique,DELL::Économique::c1
https://www.mytek.tn/pc-portable-dell-pro-15-essential-i5-13e-gen-8g-512go-ssd-noir.html,1799.0,PC Portable DELL Pro 15 Essential i5 13è Gén 8G 512Go SSD - Noir,DELL,8.0,512.0,15.6,Intel,5.0,Windows 11 Pro,1,0,Économique,DELL::Économique::c1
https://www.mytek.tn/pc-portable-dell-15-i5-13e-gen-12go-512go-ssd-noir.html,1819.0,PC Portable DELL 15 i5 13è Gén 12Go 512Go SSD - Noir,DELL,12.0,512.0,15.6,Intel,5.0,FreeDos,1,0,Économique,DELL::Économique::c0
https://www.mytek.tn/pc-portable-dell-16-intel-core-5-120u-8go-512go-ssd-noir.html,1849.0,PC Portable DELL 16 Intel Core 5 120U 8Go 512Go SSD - Noir,DELL,8.0,512.0,16.0,Intel,5.0,FreeDos,1,0,Économique,DELL::Économique::c0
https://www.mytek.tn/pc-portable-dell-pro-15-essential-i5-13e-gen-16go-512go-ssd-noir.html,1899.0,PC Portable DELL Pro 15 Essential i5 13è Gén 16Go 512Go SSD - Noir,DELL,16.0,512.0,15.6,Intel,5.0,FreeDos,1,0,Économique,DELL::Économique::c0
https://www.mytek.tn/pc-portable-dell-vostro-3530-i5-13e-gen-16g-512go-ssd-noir.html,1929.0,Pc Portable DELL Vostro 3530 i5 13è Gén 16G 512Go SSD - Noir,DELL,16.0,512.0,15.6,Intel,5.0,FreeDos,1,0,Économique,DELL::Économique::c0
https://www.mytek.tn/pc-portable-dell-15-i5-13e-gen-16go-512go-ssd-noir.html,1929.0,PC Portable DELL 15 i5 13è Gén 16Go 512Go SSD - Noir,DELL,16.0,512.0,15.6,Intel,5.0,FreeDos,1,0,Économique,DELL::Économique::c0
https://www.mytek.tn/pc-portable-dell-pro-15-essential-i5-13e-gen-16g-512go-ssd-noir.html,1949.0,PC Portable DELL Pro 15 Essential i5 13è Gén 16G 512Go SSD - Noir,DELL,16.0,512.0,15.6,Intel,5.0,Windows 11 Pro,1,0,Économique,DELL::Économique::c1
https://www.mytek.tn/pc-portable-dell-15-intel-core-3-100u-24go-512go-ssd-silver.html,1959.0,PC Portable DELL 15 Intel Core 3 100U 24Go 512Go SSD - Noir,DELL,24.0,512.0,15.6,Intel,3.0,FreeDos,1,0,Économique,DELL::Économique::c2
https://www.mytek.tn/pc-portable-dell-vostro-3530-i5-13e-gen-16g-512g-ssd-noir.html,1969.0,Pc Portable DELL Vostro 3530 i5 13è Gén 16G 512G SSD - Noir,DELL,16.0,512.0,15.6,Intel,5.0,Windows 11 Pro,1,0,Économique,DELL::Économique::c1
https://www.mytek.tn/pc-portable-dell-15-i5-13e-gen-16g-512go-ssd-noir.html,1979.0,PC Portable DELL 15 i5 13è Gén 16G 512Go SSD - Noir,DELL,16.0,512.0,15.6,Intel,5.0,Windows 11 Pro,1,0,Économique,DELL::Économique::c1
https://www.mytek.tn/pc-portable-dell-15-intel-core-3-100u-24go-512-ssd-noir.html,2009.0,PC Portable DELL 15 Intel Core 3 100U 24Go 512 SSD - Noir,DELL,24.0,512.0,15.6,Intel,3.0,Windows 11 Pro,1,0,Milieu de gamme,DELL::Milieu de gamme::c1
https://www.mytek.tn/pc-portable-dell-pro-15-essential-i7-13e-gen-8go-512go-ssd-noir.html,2015.0,PC Portable DELL Pro 15 Essential i7 13è Gén 8Go 512Go SSD - Noir,DELL,8.0,512.0,15.6,Intel,7.0,FreeDos,1,0,Milieu de gamme,DELL::Milieu de gamme::c1
https://www.mytek.tn/pc-portable-dell-pro-15-essential-i7-13e-gen-8g-512go-ssd-noir.html,2065.0,PC Portable DELL Pro 15 Essential i7 13è Gén 8G 512Go SSD - Noir,DELL,8.0,512.0,15.6,Intel,7.0,Windows 11 Pro,1,0,Milieu de gamme,DELL::Milieu de gamme::c1
https://www.mytek.tn/pc-portable-dell-pro-16-intel-core-5-120u-8go-512go-ssd-silver.html,2099.0,PC Portable DELL Pro 16 Intel Core 5 120U 8Go 512Go SSD - Gris,DELL,8.0,512.0,16.0,Intel,5.0,FreeDos,1,0,Milieu de gamme,DELL::Milieu de gamme::c1
https://www.mytek.tn/pc-portable-dell-pro-15-essential-amd-ryzen-5-8go-512go-ssd-noir.html,2099.0,PC Portable DELL Pro 15 Essential AMD RYZEN 5 8Go 512Go SSD - Noir,DELL,8.0,512.0,15.6,AMD,0.0,FreeDos,1,1,Milieu de gamme,DELL::Milieu de gamme::c0
https://www.mytek.tn/pc-portable-dell-pro-15-essential-amd-ryzen-5-8g-512go-ssd-noir.html,2149.0,PC Portable DELL Pro 15 Essential AMD RYZEN 5 8G 512Go SSD - Noir,DELL,8.0,512.0,15.6,AMD,0.0,Windows 11 Pro,1,1,Milieu de gamme,DELL::Milieu de gamme::c0
https://www.mytek.tn/pc-portable-dell-vostro-3530-i5-13e-gen-24g-512go-ssd-noir.html,2159.0,Pc Portable DELL Vostro 3530 i5 13è Gén 24G 512Go SSD - Noir,DELL,24.0,512.0,15.6,Intel,5.0,FreeDos,1,0,Milieu de gamme,DELL::Milieu de gamme::c1
https://www.mytek.tn/pc-portable-dell-15-i5-13e-gen-24go-512go-ssd-noir.html,2159.0,PC Portable DELL 15 i5 13è Gén 24Go 512Go SSD - Noir,DELL,24.0,512.0,15.6,Intel,5.0,FreeDos,1,0,Milieu de gamme,DELL::Milieu de gamme::c1
https://www.mytek.tn/pc-portable-dell-15-i5-13e-gen-24g-512go-ssd-noir.html,2209.0,PC Portable DELL 15 i5 13è Gén 24G 512Go SSD - Noir,DELL,24.0,512.0,15.6,Intel,5.0,Windows 11 Pro,1,0,Milieu de gamme,DELL::Milieu de gamme::c1
https://www.mytek.tn/pc-portable-dell-pro-16-ultra-5-225u-8go-512go-ssd-silver.html,2219.0,PC Portable DELL Pro 16 Ultra 5 225U 8Go 512Go SSD - Silver,DELL,8.0,512.0,16.0,Intel,0.0,FreeDos,1,0,Milieu de gamme,DELL::Milieu de gamme::c0
https://www.mytek.tn/pc-portable-dell-16-intel-core-5-120u-16go-512go-ssd-noir.html,2259.0,PC Portable DELL 16 Intel Core 5 120U 16Go 512Go SSD - Noir,DELL,16.0,512.0,16.0,Intel,5.0,FreeDos,1,0,Milieu de gamme,DELL::Milieu de gamme::c1
https://www.mytek.tn/pc-portable-dell-16-intel-core-5-120u-16g-512go-ssd-noir.html,2309.0,PC Portable DELL 16 Intel Core 5 120U 16G 512Go SSD - Noir,DELL,16.0,512.0,16.0,Intel,5.0,Windows 11 Pro,1,0,Milieu de gamme,DELL::Milieu de gamme::c1
https://www.mytek.tn/pc-portable-dell-vostro-3530-i5-13e-gen-32go-512go-ssd-noir.html,2389.0,Pc Portable DELL Vostro 3530 i5 13è Gén 32Go 512Go SSD - Noir,DELL,32.0,512.0,15.6,Intel,5.0,FreeDos,1,0,Milieu de gamme,DELL::Milieu de gamme::c1
https://www.mytek.tn/pc-portable-dell-15-i5-13e-gen-32go-512go-ssd-noir.html,2389.0,PC Portable DELL 15 i5 13è Gén 32Go 512Go SSD - Noir,DELL,32.0,512.0,15.6,Intel,5.0,FreeDos,1,0,Milieu de gamme,DELL::Milieu de gamme::c1
https://www.mytek.tn/pc-portable-dell-pro-16-amd-ryzen-5-16go-512go-ssd-gris.html,2395.0,PC Portable DELL Pro 16 AMD RYZEN 5 16Go 512Go SSD - Gris,DELL,16.0,512.0,16.0,AMD,0.0,FreeDos,1,1,Milieu de gamme,DELL::Milieu de gamme::c0
https://www.mytek.tn/pc-portable-dell-vostro-3530-i3-13e-gen-32go-512go-ssd-noir.html,2419.0,Pc Portable DELL Vostro 3530 i3 13è Gén 32Go 512Go SSD - Noir,DELL,32.0,512.0,15.6,Intel,3.0,FreeDos,1,0,Milieu de gamme,DELL::Milieu de gamme::c1
https://www.mytek.tn/pc-portable-dell-15-i5-13e-gen-32g-512go-ssd-noir.html,2439.0,PC Portable DELL 15 i5 13è Gén 32G 512Go SSD - Noir,DELL,32.0,512.0,15.6,Intel,5.0,Windows 11 Pro,1,0,Milieu de gamme,DELL::Milieu de gamme::c1
https://www.mytek.tn/pc-portable-dell-15-i7-13e-gen-16go-512go-ssd-noir.html,2499.0,PC Portable DELL 15 i7 13è Gén 16Go 512Go SSD - Noir,DELL,16.0,512.0,15.6,Intel,7.0,FreeDos,1,0,Milieu de gamme,DELL::Milieu de gamme::c1
https://www.mytek.tn/pc-portable-dell-pro-15-essential-i5-13e-gen-24go-512go-ssd-noir.html,2549.0,PC Portable DELL Pro 15 Essential i5 13è Gén 24Go 512Go SSD - Noir,DELL,24.0,512.0,15.6,Intel,5.0,FreeDos,1,0,Milieu de gamme,DELL::Milieu de gamme::c1
https://www.mytek.tn/pc-portable-dell-15-i7-13e-gen-16g-512go-ssd-noir.html,2549.0,PC Portable DELL 15 i7 13è Gén 16G 512Go SSD - Noir,DELL,16.0,512.0,15.6,Intel,7.0,Windows 11 Pro,1,0,Milieu de gamme,DELL::Milieu de gamme::c1
https://www.mytek.tn/pc-portable-dell-pro-15-essential-i5-13e-gen-24g-512go-ssd-noir.html,2599.0,PC Portable DELL Pro 15 Essential i5 13è Gén 24G 512Go SSD - Noir,DELL,24.0,512.0,15.6,Intel,5.0,Windows 11 Pro,1,0,Milieu de gamme,DELL::Milieu de gamme::c1
https://www.mytek.tn/pc-portable-dell-pro-16-ultra-5-225u-16go-512go-ssd-silver.html,2619.0,PC Portable DELL Pro 16 Ultra 5 225U 16Go 512Go SSD - Silver,DELL,16.0,512.0,16.0,Intel,0.0,FreeDos,1,0,Milieu de gamme,DELL::Milieu de gamme::c0
https://www.mytek.tn/pc-portable-dell-16-intel-core-5-120u-24go-512go-ssd-noir.html,2659.0,PC Portable DELL 16 Intel Core 5 120U 24Go 512Go SSD - Noir,DELL,24.0,512.0,16.0,Intel,5.0,FreeDos,1,0,Milieu de gamme,DELL::Milieu de gamme::c1
https://www.mytek.tn/pc-portable-dell-pro-16-amd-ryzen-5-32go-512go-ssd-gris.html,2745.0,PC Portable DELL Pro 16 AMD RYZEN 5 32Go 512Go SSD - Gris,DELL,32.0,512.0,16.0,AMD,0.0,FreeDos,1,1,Milieu de gamme,DELL::Milieu de gamme::c0
https://www.mytek.tn/pc-portable-dell-pro-15-essential-i7-13e-gen-16go-512go-ssd-noir.html,2915.0,PC Portable DELL Pro 15 Essential i7 13è Gén 16Go 512Go SSD - Noir,DELL,16.0,512.0,15.6,Intel,7.0,FreeDos,1,0,Milieu de gamme,DELL::Milieu de gamme::c1
https://www.mytek.tn/pc-portable-dell-pro-15-essential-i7-13e-gen-16g-512go-ssd-noir.html,2915.0,PC Portable DELL Pro 15 Essential i7 13è Gén 16G 512Go SSD - Noir,DELL,16.0,512.0,15.6,Intel,7.0,FreeDos,1,0,Milieu de gamme,DELL::Milieu de gamme::c1
https://www.mytek.tn/pc-portable-dell-15-i7-13e-gen-32go-512go-ssd-noir.html,2955.0,PC Portable DELL 15 i7 13è Gén 32Go 512Go SSD - Noir,DELL,32.0,512.0,15.6,Intel,7.0,FreeDos,1,0,Premium,DELL::Premium::c1
https://www.mytek.tn/pc-portable-dell-pro-15-essential-i7-13e-gen-16g-512g-ssd-noir.html,2965.0,PC Portable DELL Pro 15 Essential i7 13è Gén 16G 512G SSD - Noir,DELL,16.0,512.0,15.6,Intel,7.0,Windows 11 Pro,1,0,Premium,DELL::Premium::c1
https://www.mytek.tn/pc-portable-dell-pro-15-essential-i7-13e-gen-16go-512g-ssd-noir.html,2965.0,PC Portable DELL Pro 15 Essential i7 13è Gén 16Go 512G SSD - Noir,DELL,16.0,512.0,15.6,Intel,7.0,Windows 11 Pro,1,0,Premium,DELL::Premium::c1
https://www.mytek.tn/pc-portable-dell-pro-16-ultra-7-255u-8go-512go-ssd-silver.html,2989.0,PC Portable DELL Pro 16 Ultra 7 255U 8Go 512Go SSD - Silver,DELL,8.0,512.0,16.0,Intel,0.0,FreeDos,1,0,Premium,DELL::Premium::c0
https://www.mytek.tn/pc-portable-dell-15-i7-13e-gen-32g-512go-ssd-noir.html,3005.0,PC Portable DELL 15 i7 13è Gén 32G 512Go SSD - Noir,DELL,32.0,512.0,15.6,Intel,7.0,Windows 11 Pro,1,0,Premium,DELL::Premium::c1
https://www.mytek.tn/pc-portable-dell-pro-14-ultra-7-255u-8go-512go-ssd-silver.html,3039.0,PC Portable DELL Pro 14 Ultra 7 255U 8Go 512Go SSD - Silver,DELL,8.0,512.0,14.0,Intel,0.0,FreeDos,1,0,Premium,DELL::Premium::c0
https://www.mytek.tn/pc-portable-dell-pro-16-plus-ultra-5-235u-8go-512go-ssd-gris.html,3049.0,PC Portable DELL Pro 16 Plus Ultra 5 235U 8Go 512Go SSD - Gris,DELL,8.0,512.0,16.0,Intel,0.0,FreeDos,1,0,Premium,DELL::Premium::c0
https://www.mytek.tn/pc-portable-dell-pro-14-plus-ultra-5-235u-8go-512go-ssd.html,3059.0,PC Portable DELL Pro 14 Plus Ultra 5 235U 8Go 512Go SSD,DELL,8.0,512.0,14.0,Intel,0.0,FreeDos,1,0,Premium,DELL::Premium::c0
https://www.mytek.tn/pc-portable-dell-pro-14-plus-ultra-5-235u-8g-512go-ssd.html,3109.0,PC Portable DELL Pro 14 Plus Ultra 5 235U 8G 512Go SSD,DELL,8.0,512.0,14.0,Intel,0.0,Windows 11 Pro,1,0,Premium,DELL::Premium::c0
https://www.mytek.tn/pc-portable-dell-pro-16-ultra-7-255u-16go-512go-ssd-silver.html,3395.0,PC Portable DELL Pro 16 Ultra 7 255U 16Go 512Go SSD - Silver,DELL,16.0,512.0,16.0,Intel,0.0,FreeDos,1,0,Premium,DELL::Premium::c0
https://www.mytek.tn/pc-portable-dell-pro-16-plus-ultra-5-235u-16go-512go-ssd-gris.html,3499.0,PC Portable DELL Pro 16 Plus Ultra 5 235U 16Go 512Go SSD - Gris,DELL,16.0,512.0,16.0,Intel,0.0,FreeDos,1,0,Premium,DELL::Premium::c0
https://www.mytek.tn/pc-portable-dell-pro-14-plus-ultra-7-255u-8go-512go-ssd.html,3589.0,PC Portable DELL Pro 14 Plus Ultra 7 255U 8Go 512Go SSD,DELL,8.0,512.0,14.0,Intel,0.0,FreeDos,1,0,Premium,DELL::Premium::c0
https://www.mytek.tn/pc-portable-dell-pro-14-plus-ultra-7-255u-8g-512go-ssd.html,3639.0,PC Portable DELL Pro 14 Plus Ultra 7 255U 8G 512Go SSD,DELL,8.0,512.0,14.0,Intel,0.0,Windows 11 Pro,1,0,Premium,DELL::Premium::c0
https://www.mytek.tn/pc-portable-dell-pro-16-plus-ultra-5-235u-24go-512go-ssd-gris.html,3899.0,PC Portable DELL Pro 16 Plus Ultra 5 235U 24Go 512Go SSD - Gris,DELL,24.0,512.0,16.0,Intel,0.0,FreeDos,1,0,Premium,DELL::Premium::c0
https://www.mytek.tn/pc-portable-dell-14-plus-2-en-1-ultra-5-226v-16go-512go-ssd-bleu.html,4099.0,PC Portable DELL 14 Plus 2-en-1 Ultra 5 226V 16Go 512Go SSD - Bleu,DELL,16.0,512.0,14.0,Intel,0.0,Windows 11 Famille,1,0,Premium,DELL::Premium::c0
https://www.mytek.tn/pc-portable-dell-pro-16-plus-ultra-7-266v-16go-512go-ssd-gris.html,4299.0,PC Portable DELL Pro 16 Plus Ultra 7 266V 16Go 512Go SSD - Gris,DELL,16.0,512.0,16.0,Intel,0.0,FreeDos,1,0,Premium,DELL::Premium::c0
https://www.mytek.tn/pc-portable-dell-pro-16-plus-ultra-5-235u-32go-512go-ssd-gris.html,4299.0,PC Portable DELL Pro 16 Plus Ultra 5 235U 32Go 512Go SSD - Gris,DELL,32.0,512.0,16.0,Intel,0.0,FreeDos,1,0,Premium,DELL::Premium::c0
https://www.mytek.tn/pc-portable-gamer-dell-alienware-16-aurora-intel-core-5-210h-16go-rtx-3050.html,4309.0,PC Portable Gamer DELL Alienware 16 Aurora Intel Core 5 210H 16Go RTX 3050,DELL,16.0,512.0,16.0,Intel,5.0,FreeDos,1,0,Premium,DELL::Premium::c1
https://www.mytek.tn/pc-portable-dell-14-plus-2-en-1-ultra-7-256v-16go-1to-ssd-bleu.html,4699.0,PC Portable DELL 14 Plus 2-en-1 Ultra 7 256V 16Go 1To SSD - Bleu,DELL,16.0,1024.0,14.0,Intel,0.0,Windows 11 Famille,1,0,Premium,DELL::Premium::c0
https://www.mytek.tn/pc-portable-gamer-dell-alienware-16-aurora-intel-core-7-240h-16go-rtx-4050.html,5139.0,PC Portable Gamer DELL Alienware 16 Aurora Intel Core 7 240H 16Go RTX 4050,DELL,16.0,1024.0,16.0,Intel,7.0,FreeDos,1,0,Premium,DELL::Premium::c1
https://www.mytek.tn/pc-portable-gamer-dell-alienware-16-aurora-intel-core-7-240h-32go-rtx-4050.html,5955.0,PC Portable Gamer DELL Alienware 16 Aurora Intel Core 7 240H 32Go RTX 4050,DELL,32.0,1024.0,16.0,Intel,7.0,FreeDos,1,0,Premium,DELL::Premium::c1
https://www.mytek.tn/pc-portable-dell-14-plus-2-en-1-ultra-9-288v-32go-1to-ssd-bleu.html,6089.0,PC Portable DELL 14 Plus 2-en-1 Ultra 9 288V 32Go 1To SSD - Bleu,DELL,32.0,1024.0,14.0,Intel,0.0,Windows 11 Famille,1,0,Premium,DELL::Premium::c0
https://www.mytek.tn/pc-portable-gamer-dell-alienware-16x-aurora-ultra-7-255hx-32go-rtx-5060.html,6199.0,PC Portable Gamer DELL Alienware 16X Aurora Ultra 7 255HX 32Go RTX 5060,DELL,32.0,1024.0,16.0,Intel,0.0,Windows 11 Famille,1,0,Premium,DELL::Premium::c0
https://www.mytek.tn/pc-portable-gamer-dell-alienware-16-aurora-intel-core-9-270h-32go-rtx-5070.html,6819.0,PC Portable Gamer DELL Alienware 16 Aurora Intel Core 9 270H 32Go RTX 5070,DELL,32.0,1024.0,16.0,Intel,9.0,FreeDos,1,0,Premium,DELL::Premium::c1
https://www.mytek.tn/pc-portable-gamer-gigabyte-g6-kf-i7-13e-gen-16g-rtx4060.html,3799.0,PC Portable Gamer GIGABYTE G6 KF i7 13è Gén 16G RTX4060,GIGABYTE,16.0,1024.0,16.0,Intel,7.0,FreeDos,1,0,Économique,GIGABYTE::Économique::c0
https://www.mytek.tn/pc-portable-gamer-gigabyte-g6-kf-i7-13e-gen-16go-rtx4060.html,3849.0,PC Portable Gamer GIGABYTE G6 KF i7 13è Gén 16Go RTX4060,GIGABYTE,16.0,1024.0,16.0,Intel,7.0,Windows 11 Pro,1,0,Économique,GIGABYTE::Économique::c0
https://www.mytek.tn/pc-portable-gamer-gigabyte-g6-kf-i7-13e-gen-24g-rtx-4060.html,4199.0,PC Portable Gamer GIGABYTE G6 KF i7 13è Gén 24G RTX 4060,GIGABYTE,24.0,1024.0,16.0,Intel,7.0,FreeDos,1,0,Économique,GIGABYTE::Économique::c0
https://www.mytek.tn/pc-portable-gamer-gigabyte-a16-5th-amd-ryzen-7-16go-rtx-5050.html,4239.0,PC Portable Gamer GIGABYTE A16 5TH AMD Ryzen 7 16Go RTX 5050,GIGABYTE,16.0,512.0,16.0,AMD,0.0,FreeDos,1,1,Économique,GIGABYTE::Économique::c0
https://www.mytek.tn/pc-portable-gamer-gigabyte-g6-kf-i7-13e-gen-24g-rtx4060.html,4249.0,PC Portable Gamer GIGABYTE G6 KF i7 13è Gén 24G RTX4060,GIGABYTE,24.0,1024.0,16.0,Intel,7.0,Windows 11 Pro,1,0,Économique,GIGABYTE::Économique::c0
https://www.mytek.tn/pc-portable-gamer-gigabyte-g6-kf-i7-13e-gen-32g-rtx-4060.html,4519.0,PC Portable Gamer GIGABYTE G6 KF i7 13è Gén 32G RTX 4060,GIGABYTE,32.0,1024.0,16.0,Intel,7.0,FreeDos,1,0,Économique,GIGABYTE::Économique::c0
https://www.mytek.tn/pc-portable-gamer-gigabyte-g6-kf-i7-13e-gen-32g-rtx4060.html,4569.0,PC Portable Gamer GIGABYTE G6 KF i7 13è Gén 32G RTX4060,GIGABYTE,32.0,1024.0,16.0,Intel,7.0,Windows 11 Pro,1,0,Économique,GIGABYTE::Économique::c0
https://www.mytek.tn/pc-portable-gamer-gigabyte-a16-cwh-i7-13e-gen-16go-rtx-5070.html,4599.0,PC Portable Gamer GIGABYTE A16 CWH i7 13è Gén 16Go RTX 5070,GIGABYTE,16.0,1024.0,16.0,Intel,7.0,FreeDos,1,0,Économique,GIGABYTE::Économique::c0
https://www.mytek.tn/pc-portable-gamer-gigabyte-a16-cvh-i7-13e-gen-16go-rtx-5060.html,4699.0,PC Portable Gamer GIGABYTE A16 CVH i7 13è Gén 16Go RTX 5060,GIGABYTE,16.0,1024.0,16.0,Intel,7.0,FreeDos,1,0,Milieu de gamme,GIGABYTE::Milieu de gamme::c0
https://www.mytek.tn/pc-portable-gamer-gigabyte-a16-3vh-amd-ryzen-7-16go-rtx-5060.html,4699.0,PC Portable Gamer GIGABYTE A16 3VH AMD RYZEN 7 16Go RTX 5060,GIGABYTE,16.0,1024.0,16.0,AMD,0.0,FreeDos,1,1,Milieu de gamme,GIGABYTE::Milieu de gamme::c0
https://www.mytek.tn/pc-portable-gamer-gigabyte-a16-cwh-i7-13e-gen-16g-rtx-5070.html,4699.0,PC Portable Gamer GIGABYTE A16 CWH i7 13è Gén 16G RTX 5070,GIGABYTE,16.0,1024.0,16.0,Intel,7.0,Windows 11 Famille,1,0,Milieu de gamme,GIGABYTE::Milieu de gamme::c0
https://www.mytek.tn/pc-portable-gamer-gigabyte-a16-3vh-amd-ryzen-7-24go-rtx-5060.html,5075.0,PC Portable Gamer GIGABYTE A16 3VH AMD RYZEN 7 24Go RTX 5060,GIGABYTE,24.0,1024.0,16.0,AMD,0.0,FreeDos,1,1,Milieu de gamme,GIGABYTE::Milieu de gamme::c0
https://www.mytek.tn/pc-portable-gamer-gigabyte-a16-cvh-i7-13e-gen-24go-rtx-5060.html,5075.0,PC Portable Gamer GIGABYTE A16 CVH i7 13è Gén 24Go RTX 5060,GIGABYTE,24.0,1024.0,16.0,Intel,7.0,FreeDos,1,0,Milieu de gamme,GIGABYTE::Milieu de gamme::c0
https://www.mytek.tn/pc-portable-gamer-gigabyte-a16-3vh-amd-ryzen-7-32go-rtx-5060.html,5479.0,PC Portable Gamer GIGABYTE A16 3VH AMD RYZEN 7 32Go RTX 5060,GIGABYTE,32.0,1024.0,16.0,AMD,0.0,FreeDos,1,1,Milieu de gamme,GIGABYTE::Milieu de gamme::c0
https://www.mytek.tn/pc-portable-gamer-gigabyte-a16-cvh-i7-13e-gen-32go-rtx-5060.html,5479.0,PC Portable Gamer GIGABYTE A16 CVH i7 13è Gén 32Go RTX 5060,GIGABYTE,32.0,1024.0,16.0,Intel,7.0,FreeDos,1,0,Milieu de gamme,GIGABYTE::Milieu de gamme::c0
https://www.mytek.tn/pc-portable-gamer-gigabyte-aero-x16-1wh-amd-ryzen-ai-7-350-16g-rtx5070.html,5879.0,PC Portable Gamer GIGABYTE AERO X16 1WH AMD Ryzen AI 7 350 16G RTX5070,GIGABYTE,16.0,1024.0,16.0,AMD,0.0,Windows 11 Famille,1,1,Premium,GIGABYTE::Premium::c0
https://www.mytek.tn/pc-portable-gamer-gigabyte-aero-x16-2wh-amd-ryzen-ai-9-hx-370-32g-rtx5070.html,6759.0,PC Portable Gamer GIGABYTE AERO X16 2WH AMD Ryzen AI 9 HX 370 32G RTX5070,GIGABYTE,32.0,1024.0,16.0,AMD,0.0,Windows 11 Famille,1,1,Premium,GIGABYTE::Premium::c0
https://www.mytek.tn/pc-portable-gamer-gigabyte-aero-x16-2wh-amd-ryzen-ai-9-hx-370-32go-rtx5070.html,7059.0,PC Portable Gamer GIGABYTE AERO X16 2WH AMD Ryzen AI 9 HX 370 32Go RTX5070,GIGABYTE,32.0,2048.0,16.0,AMD,0.0,Windows 11 Famille,1,1,Premium,GIGABYTE::Premium::c0
https://www.mytek.tn/pc-portable-gamer-gigabyte-aero-x16-2wh-amd-ryzen-ai-9-hx-370-32g-rtx-5070.html,7059.0,PC Portable Gamer GIGABYTE AERO X16 2WH AMD Ryzen AI 9 HX 370 32G RTX 5070,GIGABYTE,32.0,2048.0,16.0,AMD,0.0,Windows 11 Famille,1,1,Premium,GIGABYTE::Premium::c0
https://www.mytek.tn/pc-portable-gamer-gigabyte-a16-pro-dyh-intel-core-7-240h-32go-rtx-5080.html,8479.0,PC Portable Gamer GIGABYTE A16 PRO DYH Intel Core 7 240H 32Go RTX 5080,GIGABYTE,32.0,1024.0,16.0,Intel,7.0,FreeDos,1,0,Premium,GIGABYTE::Premium::c0
https://www.mytek.tn/pc-portable-gamer-gigabyte-aorus-master-16-ultra-9-275hx-32go-rtx-5080.html,11339.0,PC Portable Gamer GIGABYTE AORUS MASTER 16 Ultra 9 275HX 32Go RTX 5080,GIGABYTE,32.0,1024.0,16.0,Intel,0.0,Windows 11 Pro,1,0,Premium,GIGABYTE::Premium::c0
https://www.mytek.tn/pc-portable-gamer-gigabyte-aorus-master-16-ultra-9-275hx-32go-rtx-5090.html,16129.0,PC Portable Gamer GIGABYTE AORUS MASTER 16 Ultra 9 275HX 32Go RTX 5090,GIGABYTE,32.0,2048.0,16.0,Intel,0.0,Windows 11 Pro,1,0,Premium,GIGABYTE::Premium::c0
https://www.mytek.tn/pc-portable-hp-15-fc0180nk-amd-ryzen-3-8go-512go-ssd-silver.html,1599.0,PC Portable HP 15-fc0180nk AMD RYZEN 3 8Go 512Go SSD - Silver,HP,8.0,512.0,15.6,AMD,0.0,FreeDos,1,1,Économique,HP::Économique::c0
https://www.mytek.tn/pc-portable-hp-15-fd0438nk-i3-13e-gen-8go-512go-ssd-noir.html,1679.0,PC Portable HP 15-fd0438nk i3 13è Gén 8Go 512Go SSD - Noir,HP,8.0,512.0,15.6,Intel,3.0,FreeDos,1,0,Économique,HP::Économique::c1
https://www.mytek.tn/pc-portable-hp-15-fc0090nk-amd-ryzen-5-8go-512go-ssd-silver-or-chaud.html,1715.0,PC Portable HP 15-fc0090nk AMD RYZEN 5 8Go 512Go SSD - Silver & Or Chaud,HP,8.0,512.0,15.6,AMD,0.0,Windows 11 Famille,1,1,Économique,HP::Économique::c0
https://www.mytek.tn/pc-portable-hp-15-fc0091nk-amd-ryzen-5-8go-512go-ssd-silver-bleu.html,1715.0,PC Portable HP 15-fc0091nk AMD RYZEN 5 8Go 512Go SSD - Silver & Bleu,HP,8.0,512.0,15.6,AMD,0.0,Windows 11 Famille,1,1,Économique,HP::Économique::c0
https://www.mytek.tn/pc-portable-hp-15-fc0092nk-amd-ryzen-5-8go-512go-ssd-silver-blanc.html,1715.0,PC Portable HP 15-fc0092nk AMD RYZEN 5 8Go 512Go SSD - Silver & Blanc,HP,8.0,512.0,15.6,AMD,0.0,Windows 11 Famille,1,1,Économique,HP::Économique::c0
https://www.mytek.tn/pc-portable-hp-15-fc0127nk-amd-ryzen-5-8go-512go-ssd-silver.html,1715.0,PC Portable HP 15-fc0127nk AMD RYZEN 5 8Go 512Go SSD - Silver,HP,8.0,512.0,15.6,AMD,0.0,Windows 11 Famille,1,1,Économique,HP::Économique::c0
https://www.mytek.tn/pc-portable-hp-15-fc0127nk-amd-ryzen-5-8g-512go-ssd-silver.html,1715.0,PC Portable HP 15-fc0127nk AMD RYZEN 5 8G 512Go SSD - Silver,HP,8.0,512.0,15.6,AMD,0.0,Windows 11 Famille,1,1,Économique,HP::Économique::c0
https://www.mytek.tn/pc-portable-hp-15-fc0090nk-amd-ryzen-5-8g-512go-ssd-silver-or-chaud.html,1715.0,PC Portable HP 15-fc0090nk AMD RYZEN 5 8G 512Go SSD - Silver & Or Chaud,HP,8.0,512.0,15.6,AMD,0.0,Windows 11 Famille,1,1,Économique,HP::Économique::c0
https://www.mytek.tn/pc-portable-hp-15-fc0091nk-amd-ryzen-5-8g-512go-ssd-silver-bleu.html,1715.0,PC Portable HP 15-fc0091nk AMD RYZEN 5 8G 512Go SSD - Silver & Bleu,HP,8.0,512.0,15.6,AMD,0.0,Windows 11 Famille,1,1,Économique,HP::Économique::c0
https://www.mytek.tn/pc-portable-hp-15-fc0092nk-amd-ryzen-5-8g-512go-ssd-silver-blanc.html,1715.0,PC Portable HP 15-fc0092nk AMD RYZEN 5 8G 512Go SSD - Silver & Blanc,HP,8.0,512.0,15.6,AMD,0.0,Windows 11 Famille,1,1,Économique,HP::Économique::c0
https://www.mytek.tn/pc-portable-hp-15-fd0438nk-i3-13e-gen-8g-512go-ssd-noir.html,1729.0,PC Portable HP 15-fd0438nk i3 13è Gén 8G 512Go SSD - Noir,HP,8.0,512.0,15.6,Intel,3.0,Windows 11 Pro,1,0,Économique,HP::Économique::c1
https://www.mytek.tn/pc-portable-hp-15-fc0180nk-amd-ryzen-3-8g-512go-ssd-silver.html,1819.0,PC Portable HP 15-fc0180nk AMD RYZEN 3 8G 512Go SSD - Silver,HP,8.0,512.0,15.6,AMD,0.0,Windows 11 Pro,1,1,Économique,HP::Économique::c0
https://www.mytek.tn/pc-portable-hp-15-fd0438nk-i3-13e-gen-16go-512go-ssd-noir.html,1829.0,PC Portable HP 15-fd0438nk i3 13è Gén 16Go 512Go SSD - Noir,HP,16.0,512.0,15.6,Intel,3.0,FreeDos,1,0,Économique,HP::Économique::c1
https://www.mytek.tn/pc-portable-hp-15-fd0438nk-i3-13e-gen-16g-512go-ssd-noir.html,1899.0,PC Portable HP 15-fd0438nk i3 13è Gén 16G 512Go SSD - Noir,HP,16.0,512.0,15.6,Intel,3.0,Windows 11 Pro,1,0,Économique,HP::Économique::c1
https://www.mytek.tn/pc-portable-hp-15-fc0181nk-amd-ryzen-5-8go-512go-ssd-silver.html,1899.0,PC Portable HP 15-fc0181nk AMD RYZEN 5 8Go 512Go SSD - Silver,HP,8.0,512.0,15.6,AMD,0.0,FreeDos,1,1,Économique,HP::Économique::c0
https://www.mytek.tn/pc-portable-hp-250r-g10-intel-core-3-100u-8go-512go-ssd.html,1945.0,PC Portable HP 250R G10 Intel Core 3 100U 8Go 512Go SSD,HP,8.0,512.0,15.6,Intel,3.0,FreeDos,1,0,Économique,HP::Économique::c1
https://www.mytek.tn/pc-portable-hp-15-fc0181nk-amd-ryzen-5-8g-512go-ssd-silver.html,1949.0,PC Portable HP 15-fc0181nk AMD RYZEN 5 8G 512Go SSD - Silver,HP,8.0,512.0,15.6,AMD,0.0,Windows 11 Pro,1,1,Économique,HP::Économique::c0
https://www.mytek.tn/pc-portable-hp-15-fd1073nk-intel-core-7-150u-8go-512go-ssd-silver.html,2065.0,PC Portable HP 15-fd1073nk Intel Core 7 150U 8Go 512Go SSD - Silver,HP,8.0,512.0,15.6,Intel,7.0,FreeDos,1,0,Économique,HP::Économique::c2
https://www.mytek.tn/pc-portable-hp-15-fd0438nk-i3-13e-gen-24go-512go-ssd-noir.html,2079.0,PC Portable HP 15-fd0438nk i3 13è Gén 24Go 512Go SSD - Noir,HP,24.0,512.0,15.6,Intel,3.0,FreeDos,1,0,Économique,HP::Économique::c1
https://www.mytek.tn/pc-portable-hp-15-fc0182nk-amd-ryzen-5-16go-512go-ssd-silver.html,2099.0,PC Portable HP 15-fc0182nk AMD RYZEN 5 16Go 512Go SSD - Silver,HP,16.0,512.0,15.6,AMD,0.0,FreeDos,1,1,Économique,HP::Économique::c0
https://www.mytek.tn/pc-portable-hp-15-fd1108nk-intel-core-5-120u-16go-512go-ssd-silver.html,2159.0,PC Portable HP 15-fd1108nk Intel Core 5 120U 16Go 512Go SSD - Silver,HP,16.0,512.0,15.6,Intel,5.0,FreeDos,1,0,Économique,HP::Économique::c2
https://www.mytek.tn/pc-portable-hp-15-fd1079nk-ultra-5-125h-16go-512go-ssd-noir.html,2199.0,PC Portable HP 15-fd1079nk Ultra 5 125H 16Go 512Go SSD - Noir,HP,16.0,512.0,15.6,Intel,0.0,FreeDos,1,0,Économique,HP::Économique::c2
https://www.mytek.tn/pc-portable-hp-15-fd1077nk-ultra-5-125h-16go-512go-ssd-silver-or-chaud.html,2199.0,PC Portable HP 15-fd1077nk Ultra 5 125H 16Go 512Go SSD - Silver & Or Chaud,HP,16.0,512.0,15.6,Intel,0.0,FreeDos,1,0,Économique,HP::Économique::c2
https://www.mytek.tn/pc-portable-hp-15-fd1108nk-intel-core-5-120u-16g-512go-ssd-silver.html,2209.0,PC Portable HP 15-fd1108nk Intel Core 5 120U 16G 512Go SSD - Silver,HP,16.0,512.0,15.6,Intel,5.0,Windows 11 Pro,1,0,Économique,HP::Économique::c2
https://www.mytek.tn/pc-portable-hp-15-fd1079nk-ultra-5-125h-16g-512go-ssd-noir.html,2249.0,PC Portable HP 15-fd1079nk Ultra 5 125H 16G 512Go SSD - Noir,HP,16.0,512.0,15.6,Intel,0.0,Windows 11 Pro,1,0,Économique,HP::Économique::c2
https://www.mytek.tn/pc-portable-hp-15-fd1077nk-ultra-5-125h-16g-512go-ssd-silver-or-chaud.html,2249.0,PC Portable HP 15-fd1077nk Ultra 5 125H 16G 512Go SSD - Silver & Or Chaud,HP,16.0,512.0,15.6,Intel,0.0,Windows 11 Pro,1,0,Économique,HP::Économique::c2
https://www.mytek.tn/pc-portable-gamer-hp-victus-15-fa1006nk-i5-13e-gen-8go-rtx-2050.html,2259.0,PC Portable Gamer HP Victus 15-fa1006nk i5 13è Gén 8Go RTX 2050,HP,8.0,512.0,15.6,Intel,5.0,Windows 11 Famille,1,0,Économique,HP::Économique::c2
https://www.mytek.tn/pc-portable-hp-15-fd1073nk-intel-core-7-150u-16go-512go-ssd-silver.html,2295.0,PC Portable HP 15-fd1073nk Intel Core 7 150U 16Go 512Go SSD - Silver,HP,16.0,512.0,15.6,Intel,7.0,FreeDos,1,0,Économique,HP::Économique::c2
https://www.mytek.tn/pc-portable-hp-15-fd0669nk-intel-core-5-120u-16go-512go-ssd-silver.html,2299.0,PC Portable HP 15-fd0669nk Intel Core 5 120U 16Go 512Go SSD - Silver,HP,16.0,512.0,15.6,Intel,5.0,FreeDos,1,0,Économique,HP::Économique::c2
https://www.mytek.tn/pc-portable-hp-15-fd1073nk-intel-core-7-150u-16g-512go-ssd-silver.html,2345.0,PC Portable HP 15-fd1073nk Intel Core 7 150U 16G 512Go SSD - Silver,HP,16.0,512.0,15.6,Intel,7.0,Windows 11 Pro,1,0,Économique,HP::Économique::c2
https://www.mytek.tn/pc-portable-gamer-hp-victus-15-fb3008nk-amd-ryzen-5-8go-rtx-2050.html,2349.0,PC Portable Gamer HP Victus 15-fb3008nk AMD RYZEN 5 8Go RTX 2050,HP,8.0,512.0,15.6,AMD,0.0,Windows 11 Famille,1,1,Économique,HP::Économique::c0
https://www.mytek.tn/pc-portable-gamer-hp-victus-15-fb3008nk-amd-ryzen-5-8g-rtx-2050.html,2349.0,PC Portable Gamer HP Victus 15-fb3008nk AMD RYZEN 5 8G RTX 2050,HP,8.0,512.0,15.6,AMD,0.0,Windows 11 Famille,1,1,Économique,HP::Économique::c0
https://www.mytek.tn/pc-portable-hp-250r-g10-intel-core-3-100u-16go-512go-ssd.html,2355.0,PC Portable HP 250R G10 Intel Core 3 100U 16Go 512Go SSD,HP,16.0,512.0,15.6,Intel,3.0,FreeDos,1,0,Milieu de gamme,HP::Milieu de gamme::c0
https://www.mytek.tn/pc-portable-hp-probook-450-g10-i5-13e-gen-8go-512go-ssd-silver.html,2399.0,Pc Portable HP ProBook 450 G10 i5 13è Gén 8Go 512Go SSD - Silver,HP,8.0,512.0,15.6,Intel,5.0,FreeDos,1,0,Milieu de gamme,HP::Milieu de gamme::c0
https://www.mytek.tn/pc-portable-hp-probook-450-g10-i5-13e-gen-8g-512g-ssd-silver.html,2459.0,Pc Portable HP ProBook 450 G10 i5 13è Gén 8G 512G SSD - Silver,HP,8.0,512.0,15.6,Intel,5.0,Windows 11 Pro,1,0,Milieu de gamme,HP::Milieu de gamme::c0
https://www.mytek.tn/pc-portable-gamer-hp-victus-15-fa1006nk-i5-13e-gen-16g-rtx-2050.html,2475.0,PC Portable Gamer HP Victus 15-fa1006nk i5 13è Gén 16G RTX 2050,HP,16.0,512.0,15.6,Intel,5.0,Windows 11 Famille,1,0,Milieu de gamme,HP::Milieu de gamme::c0
https://www.mytek.tn/pc-portable-hp-15-fd1073nk-intel-core-7-150u-24go-512go-ssd-silver.html,2529.0,PC Portable HP 15-fd1073nk Intel Core 7 150U 24Go 512Go SSD - Silver,HP,24.0,512.0,15.6,Intel,7.0,FreeDos,1,0,Milieu de gamme,HP::Milieu de gamme::c0
https://www.mytek.tn/pc-portable-hp-probook-450-g10-i5-13e-gen-16go-512go-ssd-silver.html,2569.0,Pc Portable HP ProBook 450 G10 i5 13è Gén 16Go 512Go SSD - Silver,HP,16.0,512.0,15.6,Intel,5.0,FreeDos,1,0,Milieu de gamme,HP::Milieu de gamme::c0
https://www.mytek.tn/pc-portable-hp-15-fd1108nk-intel-core-5-120u-32go-512go-ssd-silver.html,2589.0,PC Portable HP 15-fd1108nk Intel Core 5 120U 32Go 512Go SSD - Silver,HP,32.0,512.0,15.6,Intel,5.0,FreeDos,1,0,Milieu de gamme,HP::Milieu de gamme::c0
https://www.mytek.tn/pc-portable-hp-probook-460-g11-ultra-5-125u-8go-512go-ssd-silver.html,2589.0,Pc Portable HP ProBook 460 G11 Ultra 5 125U 8Go 512Go SSD - Silver,HP,8.0,512.0,16.0,Intel,0.0,FreeDos,1,0,Milieu de gamme,HP::Milieu de gamme::c0
https://www.mytek.tn/pc-portable-hp-probook-450-g10-i5-13eme-gen-16g-512g-ssd-silver.html,2619.0,Pc Portable HP ProBook 450 G10 i5 13ème Gén 16G 512G SSD - Silver,HP,16.0,512.0,15.6,Intel,5.0,Windows 11 Pro,1,0,Milieu de gamme,HP::Milieu de gamme::c0
https://www.mytek.tn/pc-portable-hp-probook-4-g1ir-intel-core-5-120u-8go-512go-ssd.html,2635.0,Pc Portable HP ProBook 4 G1iR Intel Core 5 120U 8Go 512Go SSD,HP,8.0,512.0,14.0,Intel,5.0,FreeDos,1,0,Milieu de gamme,HP::Milieu de gamme::c0
https://www.mytek.tn/pc-portable-hp-probook-460-g11-ultra-5-125u-8g-512go-ssd-silver.html,2639.0,Pc Portable HP ProBook 460 G11 Ultra 5 125U 8G 512Go SSD - Silver,HP,8.0,512.0,16.0,Intel,0.0,Windows 11 Pro,1,0,Milieu de gamme,HP::Milieu de gamme::c0
https://www.mytek.tn/pc-portable-hp-probook-4-g1ir-intel-core-5-120u-16go-512go-ssd.html,2709.0,Pc Portable HP ProBook 4 G1iR Intel Core 5 120U 16Go 512Go SSD,HP,16.0,512.0,14.0,Intel,5.0,FreeDos,1,0,Milieu de gamme,HP::Milieu de gamme::c0
https://www.mytek.tn/pc-portable-hp-probook-450-g10-i5-13e-gen-24g-512g-ssd-silver.html,2749.0,Pc Portable HP ProBook 450 G10 i5 13è Gén 24G 512G SSD - Silver,HP,24.0,512.0,15.6,Intel,5.0,FreeDos,1,0,Milieu de gamme,HP::Milieu de gamme::c0
https://www.mytek.tn/pc-portable-hp-15-fd1079nk-ultra-5-125h-24go-512go-ssd-noir.html,2749.0,PC Portable HP 15-fd1079nk Ultra 5 125H 24Go 512Go SSD - Noir,HP,24.0,512.0,15.6,Intel,0.0,FreeDos,1,0,Milieu de gamme,HP::Milieu de gamme::c0
https://www.mytek.tn/pc-portable-gamer-hp-victus-15-fb3008nk-amd-ryzen-5-16go-rtx-2050.html,2749.0,PC Portable Gamer HP Victus 15-fb3008nk AMD RYZEN 5 16Go RTX 2050,HP,16.0,512.0,15.6,AMD,0.0,Windows 11 Famille,1,1,Milieu de gamme,HP::Milieu de gamme::c0
https://www.mytek.tn/pc-portable-gamer-hp-victus-15-fb3008nk-amd-ryzen-5-16g-rtx-2050.html,2749.0,PC Portable Gamer HP Victus 15-fb3008nk AMD RYZEN 5 16G RTX 2050,HP,16.0,512.0,15.6,AMD,0.0,Windows 11 Famille,1,1,Milieu de gamme,HP::Milieu de gamme::c0
https://www.mytek.tn/pc-portable-hp-15-fd1079nk-ultra-5-125h-24g-512go-ssd-noir.html,2769.0,PC Portable HP 15-fd1079nk Ultra 5 125H 24G 512Go SSD - Noir,HP,24.0,512.0,15.6,Intel,0.0,FreeDos,1,0,Milieu de gamme,HP::Milieu de gamme::c0
https://www.mytek.tn/pc-portable-hp-15-fd1079nk-ultra-5-125h-24g-512g-ssd-noir.html,2799.0,PC Portable HP 15-fd1079nk Ultra 5 125H 24G 512G SSD - Noir,HP,24.0,512.0,15.6,Intel,0.0,Windows 11 Pro,1,0,Milieu de gamme,HP::Milieu de gamme::c0
https://www.mytek.tn/pc-portable-gamer-hp-victus-15-fb3007nk-amd-ryzen-7-8g-rtx-3050.html,2799.0,PC Portable Gamer HP Victus 15-fb3007nk AMD RYZEN 7 8G RTX 3050,HP,8.0,512.0,15.6,AMD,0.0,Windows 11 Famille,1,1,Milieu de gamme,HP::Milieu de gamme::c0
https://www.mytek.tn/pc-portable-gamer-hp-victus-15-fb3007nk-amd-ryzen-7-8go-rtx-3050.html,2799.0,PC Portable Gamer HP Victus 15-fb3007nk AMD RYZEN 7 8Go RTX 3050,HP,8.0,512.0,15.6,AMD,0.0,Windows 11 Famille,1,1,Milieu de gamme,HP::Milieu de gamme::c0
https://www.mytek.tn/pc-portable-hp-probook-4-g1ir-intel-core-5-120u-16g-512go-ssd.html,2929.0,Pc Portable HP ProBook 4 G1iR Intel Core 5 120U 16G 512Go SSD,HP,16.0,512.0,16.0,Intel,5.0,FreeDos,1,0,Milieu de gamme,HP::Milieu de gamme::c0
https://www.mytek.tn/pc-portable-hp-probook-450-g10-i5-13e-gen-32g-512g-ssd-silver.html,2939.0,Pc Portable HP ProBook 450 G10 i5 13è Gén 32G 512G SSD - Silver,HP,32.0,512.0,15.6,Intel,5.0,FreeDos,1,0,Milieu de gamme,HP::Milieu de gamme::c0
https://www.mytek.tn/pc-portable-hp-ai-15-fd2010nk-ultra-5-225u-24go-512go-ssd-silver.html,2949.0,PC Portable HP AI 15-fd2010nk Ultra 5 225U 24Go 512Go SSD - Silver,HP,24.0,512.0,15.6,Intel,0.0,FreeDos,1,0,Milieu de gamme,HP::Milieu de gamme::c0
https://www.mytek.tn/pc-portable-hp-probook-4-g1ir-intel-core-5-120u-16g-512g-ssd.html,2979.0,Pc Portable HP ProBook 4 G1iR Intel Core 5 120U 16G 512G SSD,HP,16.0,512.0,16.0,Intel,5.0,Windows 11 Pro,1,0,Milieu de gamme,HP::Milieu de gamme::c0
https://www.mytek.tn/pc-portable-hp-probook-460-g11-ultra-5-125u-16go-512go-ssd-silver.html,2985.0,Pc Portable HP ProBook 460 G11 Ultra 5 125U 16Go 512Go SSD - Silver,HP,16.0,512.0,16.0,Intel,0.0,FreeDos,1,0,Milieu de gamme,HP::Milieu de gamme::c0
https://www.mytek.tn/pc-portable-hp-probook-460-g11-ultra-5-125u-16g-512go-ssd-silver.html,3035.0,Pc Portable HP ProBook 460 G11 Ultra 5 125U 16G 512Go SSD - Silver,HP,16.0,512.0,16.0,Intel,0.0,Windows 11 Pro,1,0,Milieu de gamme,HP::Milieu de gamme::c0
https://www.mytek.tn/pc-portable-hp-ai-15-fd2005nk-ultra-5-225u-24go-512go-ssd-silver-or-chaud.html,3059.0,PC Portable HP AI 15-fd2005nk Ultra 5 225U 24Go 512Go SSD - Silver & Or Chaud,HP,24.0,512.0,15.6,Intel,0.0,Windows 11 Famille,1,0,Milieu de gamme,HP::Milieu de gamme::c0
https://www.mytek.tn/pc-portable-hp-ai-15-fd2005nk-ultra-5-225u-24g-512go-ssd-silver-or-chaud.html,3109.0,PC Portable HP AI 15-fd2005nk Ultra 5 225U 24G 512Go SSD - Silver & Or Chaud,HP,24.0,512.0,15.6,Intel,0.0,Windows 11 Pro,1,0,Milieu de gamme,HP::Milieu de gamme::c0
https://www.mytek.tn/pc-portable-hp-250r-g10-intel-core-5-120u-24go-512go-ssd-argent-cendre-fonce.html,3115.0,PC Portable HP 250R G10 Intel Core 5 120U 24Go 512Go SSD - Argent Cendré Foncé,HP,24.0,512.0,15.6,Intel,5.0,FreeDos,1,0,Milieu de gamme,HP::Milieu de gamme::c0
https://www.mytek.tn/pc-portable-gamer-hp-victus-15-fb3008nk-amd-ryzen-5-24go-rtx-2050.html,3149.0,PC Portable Gamer HP Victus 15-fb3008nk AMD RYZEN 5 24Go RTX 2050,HP,24.0,512.0,15.6,AMD,0.0,Windows 11 Famille,1,1,Premium,HP::Premium::c0
https://www.mytek.tn/pc-portable-gamer-hp-victus-15-fb3008nk-amd-ryzen-5-24g-rtx-2050.html,3149.0,PC Portable Gamer HP Victus 15-fb3008nk AMD RYZEN 5 24G RTX 2050,HP,24.0,512.0,15.6,AMD,0.0,Windows 11 Famille,1,1,Premium,HP::Premium::c0
https://www.mytek.tn/pc-portable-hp-probook-4-g1ir-intel-core-7-150u-8go-512go-ssd.html,3159.0,Pc Portable HP ProBook 4 G1iR Intel Core 7 150U 8Go 512Go SSD,HP,8.0,512.0,14.0,Intel,7.0,FreeDos,1,0,Premium,HP::Premium::c2
https://www.mytek.tn/pc-portable-gamer-hp-victus-15-fb3007nk-amd-ryzen-7-16go-rtx-3050.html,3189.0,PC Portable Gamer HP Victus 15-fb3007nk AMD RYZEN 7 16Go RTX 3050,HP,16.0,512.0,15.6,AMD,0.0,Windows 11 Famille,1,1,Premium,HP::Premium::c0
https://www.mytek.tn/pc-portable-gamer-hp-victus-15-fb3007nk-amd-ryzen-7-16g-rtx-3050.html,3189.0,PC Portable Gamer HP Victus 15-fb3007nk AMD RYZEN 7 16G RTX 3050,HP,16.0,512.0,15.6,AMD,0.0,Windows 11 Famille,1,1,Premium,HP::Premium::c0
https://www.mytek.tn/pc-portable-hp-omnibook-7-aerongai-13-bg1004nk-amd-ryzen-ai-5-16go-512go-ssd.html,3239.0,PC Portable HP OmniBook 7 AeroNGAI 13-bg1004nk AMD Ryzen AI 5 16Go 512Go SSD,HP,16.0,512.0,13.3,AMD,0.0,Windows 11 Famille,1,1,Premium,HP::Premium::c0
https://www.mytek.tn/pc-portable-hp-probook-4-g1ir-intel-core-5-120u-16go-512g-ssd.html,3259.0,Pc Portable HP ProBook 4 G1iR Intel Core 5 120U 16Go 512G SSD,HP,16.0,512.0,16.0,Intel,5.0,FreeDos,1,0,Premium,HP::Premium::c2
https://www.mytek.tn/pc-portable-hp-15-fd1079nk-ultra-5-125h-32go-512go-ssd-noir.html,3299.0,PC Portable HP 15-fd1079nk Ultra 5 125H 32Go 512Go SSD - Noir,HP,32.0,512.0,15.6,Intel,0.0,FreeDos,1,0,Premium,HP::Premium::c1
https://www.mytek.tn/pc-portable-hp-omnibook-5-ai-16-af1003nf-ultra-7-255u-16go-1to-ssd.html,3315.0,PC Portable HP OmniBook 5 AI 16-af1003nf Ultra 7 255U 16Go 1To SSD,HP,16.0,1024.0,16.0,Intel,0.0,Windows 11 Famille,1,0,Premium,HP::Premium::c1
https://www.mytek.tn/pc-portable-hp-15-fd1079nk-ultra-5-125h-32g-512g-ssd-noir.html,3319.0,PC Portable HP 15-fd1079nk Ultra 5 125H 32G 512G SSD - Noir,HP,32.0,512.0,15.6,Intel,0.0,FreeDos,1,0,Premium,HP::Premium::c1
https://www.mytek.tn/pc-portable-hp-15-fd1079nk-ultra-5-125h-32g-512go-ssd-noir.html,3349.0,PC Portable HP 15-fd1079nk Ultra 5 125H 32G 512Go SSD - Noir,HP,32.0,512.0,15.6,Intel,0.0,Windows 11 Pro,1,0,Premium,HP::Premium::c1
https://www.mytek.tn/pc-portable-gamer-hp-victus-15-fb3007nk-amd-ryzen-7-24go-rtx-3050.html,3599.0,PC Portable Gamer HP Victus 15-fb3007nk AMD RYZEN 7 24Go RTX 3050,HP,24.0,512.0,15.6,AMD,0.0,Windows 11 Famille,1,1,Premium,HP::Premium::c0
https://www.mytek.tn/pc-portable-gamer-hp-victus-15-fb3007nk-amd-ryzen-7-24g-rtx-3050.html,3599.0,PC Portable Gamer HP Victus 15-fb3007nk AMD RYZEN 7 24G RTX 3050,HP,24.0,512.0,15.6,AMD,0.0,Windows 11 Famille,1,1,Premium,HP::Premium::c0
https://www.mytek.tn/pc-portable-hp-probook-4-g1i-ultra-7-255u-16go-512go-ssd.html,3625.0,Pc Portable HP ProBook 4 G1i Ultra 7 255U 16Go 512Go SSD,HP,16.0,512.0,14.0,Intel,0.0,FreeDos,1,0,Premium,HP::Premium::c1
https://www.mytek.tn/pc-portable-hp-probook-4-g1ir-intel-core-7-150u-16g-512go-ssd.html,3675.0,Pc Portable HP ProBook 4 G1iR Intel Core 7 150U 16G 512Go SSD,HP,16.0,512.0,16.0,Intel,7.0,FreeDos,1,0,Premium,HP::Premium::c2
https://www.mytek.tn/pc-portable-hp-probook-4-g1ir-intel-core-7-150u-16g-512g-ssd.html,3725.0,Pc Portable HP ProBook 4 G1iR Intel Core 7 150U 16G 512G SSD,HP,16.0,512.0,16.0,Intel,7.0,Windows 11 Pro,1,0,Premium,HP::Premium::c2
https://www.mytek.tn/pc-portable-hp-probook-460-g11-ultra-5-125u-32go-512go-ssd-silver.html,3785.0,Pc Portable HP ProBook 460 G11 Ultra 5 125U 32Go 512Go SSD - Silver,HP,32.0,512.0,16.0,Intel,0.0,FreeDos,1,0,Premium,HP::Premium::c1
https://www.mytek.tn/pc-portable-hp-omnibook-5-flip-2-in-1-14-fp0005nk-i5-13e-gen-16go-512go-ssd.html,3799.0,PC Portable HP OmniBook 5 Flip 2-in-1 14-fp0005nk i5 13è Gén 16Go 512Go SSD,HP,16.0,512.0,14.0,Intel,5.0,Windows 11 Famille,1,0,Premium,HP::Premium::c1
https://www.mytek.tn/pc-portable-hp-probook-460-g11-ultra-5-125u-32g-512go-ssd-silver.html,3835.0,Pc Portable HP ProBook 460 G11 Ultra 5 125U 32G 512Go SSD - Silver,HP,32.0,512.0,16.0,Intel,0.0,Windows 11 Pro,1,0,Premium,HP::Premium::c1
https://www.mytek.tn/pc-portable-gamer-hp-victus-15-fb3004nk-amd-ryzen-5-16go-rtx-4050.html,3889.0,PC Portable Gamer HP Victus 15-fb3004nk AMD RYZEN 5 16Go RTX 4050,HP,16.0,512.0,15.6,AMD,0.0,FreeDos,1,1,Premium,HP::Premium::c0
https://www.mytek.tn/pc-portable-hp-omnibook-x-flip-2-in-1-14-fm0020nk-ultra-5-226v-16g-512g-ssd-silver.html,3899.0,PC Portable HP OmniBook X Flip 2-in-1 14-fm0020nk Ultra 5 226V 16G 512G SSD - Silver,HP,16.0,512.0,14.0,Intel,0.0,Windows 11 Famille,1,0,Premium,HP::Premium::c1
https://www.mytek.tn/pc-portable-hp-ai-15-fd2000nk-ultra-7-255u-16go-1to-ssd-silver.html,4119.0,PC Portable HP AI 15-fd2000nk Ultra 7 255U 16Go 1To SSD - Silver,HP,16.0,1024.0,15.6,Intel,0.0,Windows 11 Famille,1,0,Premium,HP::Premium::c1
https://www.mytek.tn/pc-portable-gamer-hp-victus-15-fb3005nk-amd-ryzen-7-16go-rtx-4050.html,4299.0,PC Portable Gamer HP Victus 15-fb3005nk AMD RYZEN 7 16Go RTX 4050,HP,16.0,512.0,15.6,AMD,0.0,Windows 11 Famille,1,1,Premium,HP::Premium::c0
https://www.mytek.tn/pc-portable-hp-omnibook-x-flipngai-14-fm0019nk-ultra-7-256v-16g-512g-ssd-silver.html,4379.0,PC Portable HP OmniBook X FlipNGAI 14-fm0019nk Ultra 7 256V 16G 512G SSD - Silver,HP,16.0,512.0,14.0,Intel,0.0,Windows 11 Famille,1,0,Premium,HP::Premium::c1
https://www.mytek.tn/pc-portable-hp-omnibook-5-flip-2-in-1-14-fp0011nk-intel-core-7-150u-16go-512go-ssd.html,4489.0,PC Portable HP OmniBook 5 Flip 2-in-1 14-fp0011nk Intel Core 7 150U 16Go 512Go SSD,HP,16.0,512.0,14.0,Intel,7.0,Windows 11 Famille,1,0,Premium,HP::Premium::c2
https://www.mytek.tn/pc-portable-gamer-hp-victus-15-fa2025nk-i7-13e-gen-16go-rtx-4050.html,4739.0,PC Portable Gamer HP Victus 15-fa2025nk i7 13è Gén 16Go RTX 4050,HP,16.0,512.0,15.6,Intel,7.0,FreeDos,1,0,Premium,HP::Premium::c2
https://www.mytek.tn/pc-portable-hp-omnibook-ultra-flip-14-fh0008nk-ultra-5-226v-16g-512g-ssd-gris.html,5245.0,PC Portable HP OmniBook Ultra Flip 14-fh0008nk Ultra 5 226V 16G 512G SSD - Gris,HP,16.0,512.0,14.0,Intel,0.0,Windows 11 Famille,1,0,Premium,HP::Premium::c1
https://www.mytek.tn/pc-portable-hp-omnibook-ultra-flip-14-fh0005nk-ultra-7-256v-16g-1to-ssd-gris.html,5799.0,PC Portable HP OmniBook Ultra Flip 14-fh0005nk Ultra 7 256V 16G 1To SSD - Gris,HP,16.0,1024.0,14.0,Intel,0.0,Windows 11 Famille,1,0,Premium,HP::Premium::c1
https://www.mytek.tn/pc-portable-hp-omnibook-ultra-flip-14-fh0000nk-ultra-7-258v-32g-1to-ssd-bleu.html,6099.0,PC Portable HP OmniBook Ultra Flip 14-fh0000nk Ultra 7 258V 32G 1To SSD - Bleu,HP,32.0,1024.0,14.0,Intel,0.0,Windows 11 Famille,1,0,Premium,HP::Premium::c1
https://www.mytek.tn/pc-portable-gamer-hp-omen-max-16-ah0042nf-ultra-9-275hx-32go-rtx-5060.html,9059.0,PC Portable Gamer HP OMEN MAX 16-ah0042nf Ultra 9 275HX 32Go RTX 5060,HP,32.0,1024.0,16.0,Intel,0.0,Windows 11 Famille,1,0,Premium,HP::Premium::c1
https://www.mytek.tn/pc-portable-lenovo-v15-g2-ijl-intel-celeron-n4500-8go-256go-ssd-noir.html,1099.0,PC Portable LENOVO V15 G2 IJL Intel Celeron N4500 8Go 256Go SSD - Noir,LENOVO,8.0,256.0,15.6,Intel,0.0,FreeDos,1,0,Économique,LENOVO::Économique::c1
https://www.mytek.tn/pc-portable-lenovo-v15-g2-ijl-intel-celeron-n4500-8g-256g-ssd-noir.html,1149.0,PC Portable LENOVO V15 G2 IJL Intel Celeron N4500 8G 256G SSD - Noir,LENOVO,8.0,256.0,15.6,Intel,0.0,Windows 11 Pro,1,0,Économique,LENOVO::Économique::c1
https://www.mytek.tn/pc-portable-lenovo-ideapad-1-15ijl7-intel-celeron-n4500-8go-256go-ssd-gris.html,1219.0,PC Portable LENOVO IdeaPad 1 15IJL7 Intel Celeron N4500 8Go 256Go SSD - Gris,LENOVO,8.0,256.0,15.6,Intel,0.0,FreeDos,1,0,Économique,LENOVO::Économique::c1
https://www.mytek.tn/pc-portable-lenovo-ideapad-1-15ijl7-intel-celeron-n4500-8go-256g-ssd.html,1219.0,PC Portable LENOVO IdeaPad 1 15IJL7 Intel Celeron N4500 8Go 256G SSD,LENOVO,8.0,256.0,15.6,Intel,0.0,FreeDos,1,0,Économique,LENOVO::Économique::c1
https://www.mytek.tn/pc-portable-lenovo-ideapad-1-15ijl7-intel-celeron-n4500-8g-256g-ssd-gris.html,1239.0,PC Portable LENOVO IdeaPad 1 15IJL7 Intel Celeron N4500 8G 256G SSD - Gris,LENOVO,8.0,256.0,15.6,Intel,0.0,FreeDos,1,0,Économique,LENOVO::Économique::c1
https://www.mytek.tn/pc-portable-lenovo-ideapad-1-15ijl7-intel-celeron-n4500-8g-256g-ssd.html,1249.0,PC Portable LENOVO IdeaPad 1 15IJL7 Intel Celeron N4500 8G 256G SSD,LENOVO,8.0,256.0,15.6,Intel,0.0,FreeDos,1,0,Économique,LENOVO::Économique::c1
https://www.mytek.tn/pc-portable-lenovo-ideapad1-15ijl7-intel-celeron-n4500-8g-256g-ssd-gris.html,1259.0,PC Portable LENOVO IdeaPad1 15IJL7 Intel Celeron N4500 8G 256G SSD - Gris,LENOVO,8.0,256.0,15.6,Intel,0.0,Windows 11 Pro,1,0,Économique,LENOVO::Économique::c1
https://www.mytek.tn/pc-portable-lenovo-ideapad1-15ijl7-intel-celeron-n4500-8go-256go-ssd-gris.html,1279.0,PC Portable LENOVO IdeaPad1 15IJL7 Intel Celeron N4500 8Go 256Go SSD - Gris,LENOVO,8.0,256.0,15.6,Intel,0.0,Windows 11 Pro,1,0,Économique,LENOVO::Économique::c1
https://www.mytek.tn/pc-portable-lenovo-ideapad-1-15ijl7-intel-celeron-n4500-8g-256-g-ssd.html,1299.0,PC Portable LENOVO IdeaPad 1 15IJL7 Intel Celeron N4500 8G 256 G SSD,LENOVO,8.0,256.0,15.6,Intel,0.0,FreeDos,1,0,Économique,LENOVO::Économique::c1
https://www.mytek.tn/pc-portable-lenovo-ideapad-1-15ijl7-intel-celeron-n4500-8-go-256g-ssd.html,1315.0,PC Portable LENOVO IdeaPad 1 15IJL7 Intel Celeron N4500 8 Go 256G SSD,LENOVO,8.0,256.0,15.6,Intel,0.0,Windows 11 Famille,1,0,Économique,LENOVO::Économique::c1
https://www.mytek.tn/pc-portable-lenovo-v15-g2-ijl-intel-celeron-n4500-16go-256go-ssd-noir.html,1319.0,PC Portable LENOVO V15 G2 IJL Intel Celeron N4500 16Go 256Go SSD - Noir,LENOVO,16.0,256.0,15.6,Intel,0.0,FreeDos,1,0,Économique,LENOVO::Économique::c1
https://www.mytek.tn/pc-portable-lenovo-ideapad-1-15ijl7-intel-celeron-n4500-8g-256go-ssd.html,1329.0,PC Portable LENOVO IdeaPad 1 15IJL7 Intel Celeron N4500 8G 256Go SSD,LENOVO,8.0,256.0,15.6,Intel,0.0,FreeDos,1,0,Économique,LENOVO::Économique::c1
https://www.mytek.tn/pc-portable-lenovo-ideapad-1-15ijl7-intel-celeron-n-4500-8go-256g-ssd-gris.html,1329.0,PC Portable LENOVO IdeaPad 1 15IJL7 Intel Celeron N 4500 8Go 256G SSD - Gris,LENOVO,8.0,256.0,15.6,Intel,0.0,FreeDos,1,0,Économique,LENOVO::Économique::c1
https://www.mytek.tn/pc-portable-lenovo-ideapad-1-15ijl7-intel-celeron-n4500-8go-256-g-ssd.html,1345.0,PC Portable LENOVO IdeaPad 1 15IJL7 Intel Celeron N4500 8Go 256 G SSD,LENOVO,8.0,256.0,15.6,Intel,0.0,Windows 11 Famille,1,0,Économique,LENOVO::Économique::c1
https://www.mytek.tn/pc-portable-lenovo-ideapad-1-15ijl7-intel-celeron-n4500-8go-256-g-ssd-gris.html,1345.0,PC Portable LENOVO IdeaPad 1 15IJL7 Intel Celeron N4500 8Go 256G SSD - Gris,LENOVO,8.0,256.0,15.6,Intel,0.0,Windows 11 Pro,1,0,Économique,LENOVO::Économique::c1
https://www.mytek.tn/pc-portable-lenovo-ideapad-1-15ijl7-intel-celeron-n4500-8go-256g-ssd-gris.html,1359.0,PC Portable LENOVO IdeaPad 1 15IJL7 Intel Celeron N4500 8Go 256G SSD - Gris,LENOVO,8.0,256.0,15.6,Intel,0.0,Windows 11 Famille,1,0,Économique,LENOVO::Économique::c1
https://www.mytek.tn/pc-portable-lenovo-v15-g2-ijl-intel-celeron-n4500-16go-256g-ssd-noir.html,1369.0,PC Portable LENOVO V15 G2 IJL Intel Celeron N4500 16Go 256G SSD - Noir,LENOVO,16.0,256.0,15.6,Intel,0.0,Windows 11 Pro,1,0,Économique,LENOVO::Économique::c1
https://www.mytek.tn/pc-portable-lenovo-ideapad-slim-3-15amn8-amd-athlon-8g-256go-ssd-gris.html,1379.0,PC Portable LENOVO IdeaPad Slim 3 15AMN8 AMD Athlon 8G 256Go SSD - Gris,LENOVO,8.0,256.0,15.6,AMD,0.0,FreeDos,1,1,Économique,LENOVO::Économique::c3
https://www.mytek.tn/pc-portable-lenovo-ideapad-1-15ijl7-intel-celeron-n4500-8g-256-g-ssd-gris.html,1379.0,PC Portable LENOVO IdeaPad 1 15IJL7 Intel Celeron N4500 8G 256 G SSD - Gris,LENOVO,8.0,256.0,15.6,Intel,0.0,Windows 11 Famille,1,0,Économique,LENOVO::Économique::c1
https://www.mytek.tn/pc-portable-lenovo-ideapad-slim-3-15amn8-amd-athlon-8g-256g-ssd-gris.html,1419.0,PC Portable LENOVO IdeaPad Slim 3 15AMN8 AMD Athlon 8G 256G SSD - Gris,LENOVO,8.0,256.0,15.6,AMD,0.0,Windows 11 Pro,1,1,Économique,LENOVO::Économique::c3
https://www.mytek.tn/pc-portable-lenovo-ideapad-slim-3-15iru8-i3-13eme-gen-8g-512go-ssd-gris.html,1489.0,PC Portable LENOVO IdeaPad Slim 3 15IRU8 i3 13ème Gén 8G 512Go SSD - Gris,LENOVO,8.0,512.0,15.6,Intel,3.0,FreeDos,1,0,Économique,LENOVO::Économique::c0
https://www.mytek.tn/pc-portable-lenovo-ideapad-slim-3-15iru8-i3-13e-gen-8g-512g-ssd-gris.html,1519.0,PC Portable LENOVO IdeaPad Slim 3 15IRU8 i3 13è Gén 8G 512G SSD - Gris,LENOVO,8.0,512.0,15.6,Intel,3.0,FreeDos,1,0,Économique,LENOVO::Économique::c0
https://www.mytek.tn/pc-portable-lenovo-ideapad-slim-3-15iru8-i3-13eme-gen-8g-512g-ssd-gris.html,1529.0,PC Portable LENOVO IdeaPad Slim 3 15IRU8 i3 13ème Gén 8G 512G SSD - Gris,LENOVO,8.0,512.0,15.6,Intel,3.0,Windows 11 Pro,1,0,Économique,LENOVO::Économique::c0
https://www.mytek.tn/pc-portable-lenovo-ideapad-slim-3-15amn8-amd-ryzen-3-8g-256g-ssd-gris.html,1559.0,PC Portable LENOVO IdeaPad Slim 3 15AMN8 AMD RYZEN 3 8G 256G SSD - Gris,LENOVO,8.0,256.0,15.6,AMD,0.0,Windows 11 Famille,1,1,Économique,LENOVO::Économique::c3
https://www.mytek.tn/pc-portable-lenovo-ideapad-slim-3-15iru8-i3-13e-gen-8go-512g-ssd-gris.html,1559.0,PC Portable LENOVO IdeaPad Slim 3 15IRU8 i3 13è Gén 8Go 512G SSD - Gris,LENOVO,8.0,512.0,15.6,Intel,3.0,Windows 11 Famille,1,0,Économique,LENOVO::Économique::c0
https://www.mytek.tn/pc-portable-lenovo-ideapad-slim-3-15iru8-i3-13e-gen-8g-512go-ssd-gris.html,1559.0,PC Portable LENOVO IdeaPad Slim 3 15IRU8 i3 13è Gén 8G 512Go SSD - Gris,LENOVO,8.0,512.0,15.6,Intel,3.0,Windows 11 Pro,1,0,Économique,LENOVO::Économique::c0
https://www.mytek.tn/pc-portable-lenovo-ideapad-slim-3-15irh10-i5-13e-gen-8g-512go-ssd-gris.html,1789.0,PC Portable LENOVO IdeaPad Slim 3 15IRH10 i5 13è Gén 8G 512Go SSD - Gris,LENOVO,8.0,512.0,15.3,Intel,5.0,FreeDos,1,0,Économique,LENOVO::Économique::c2
https://www.mytek.tn/pc-portable-lenovo-ideapad-slim-3-15irh10-i5-13e-gen-8go-512go-ssd-gris.html,1799.0,PC Portable LENOVO IdeaPad Slim 3 15IRH10 i5 13è Gén 8Go 512Go SSD - Gris,LENOVO,8.0,512.0,15.3,Intel,5.0,Windows 11 Famille,1,0,Économique,LENOVO::Économique::c2
https://www.mytek.tn/pc-portable-lenovo-ideapad-slim-3-15irh10-i5-8go-512go-ssd-gris.html,1819.0,PC Portable LENOVO IdeaPad Slim 3 15IRH10 i5 8Go 512Go SSD Gris,LENOVO,8.0,512.0,15.3,Intel,5.0,FreeDos,1,0,Économique,LENOVO::Économique::c2
https://www.mytek.tn/pc-portable-lenovo-ideapad-slim-3-15irh10-i5-13e-gen-8g-512g-ssd-gris.html,1839.0,PC Portable LENOVO IdeaPad Slim 3 15IRH10 i5 13è Gén 8G 512G SSD - Gris,LENOVO,8.0,512.0,15.3,Intel,5.0,Windows 11 Pro,1,0,Économique,LENOVO::Économique::c2
https://www.mytek.tn/pc-portable-lenovo-ideapad-slim-3-15amn8-amd-ryzen-5-16g-512g-ssd-gris.html,1899.0,PC Portable LENOVO IdeaPad Slim 3 15AMN8 AMD RYZEN 5 16G 512G SSD - Gris,LENOVO,16.0,512.0,15.6,AMD,0.0,FreeDos,1,1,Économique,LENOVO::Économique::c3
https://www.mytek.tn/pc-portable-lenovo-ideapad-slim-3-15amn8-amd-ryzen5-16g-512g-ssd-gris.html,1949.0,PC Portable LENOVO IdeaPad Slim 3 15AMN8 AMD RYZEN5 16G 512G SSD - Gris,LENOVO,16.0,512.0,15.6,AMD,0.0,Windows 11 Pro,1,1,Économique,LENOVO::Économique::c3
https://www.mytek.tn/pc-portable-lenovo-v15-g5-irl-i3-13e-gen-8g-512go-ssd-noir.html,1989.0,PC Portable LENOVO V15 G5 IRL i3 13è Gén 8G 512Go SSD - Noir,LENOVO,8.0,512.0,15.6,Intel,3.0,FreeDos,1,0,Économique,LENOVO::Économique::c0
https://www.mytek.tn/pc-portable-lenovo-ideapad-slim-3-15irh10-i5-13e-gen-16go-512go-ssd-bleu.html,2099.0,PC Portable LENOVO IdeaPad Slim 3 15IRH10 i5 13è Gén 16Go 512Go SSD - Bleu,LENOVO,16.0,512.0,15.3,Intel,5.0,Windows 11 Famille,1,0,Économique,LENOVO::Économique::c2
https://www.mytek.tn/pc-portable-lenovo-v15-g5-irl-i5-13e-gen-8go-512go-ssd-noir.html,2119.0,PC Portable LENOVO V15 G5 IRL i5 13è Gén 8Go 512Go SSD - Noir,LENOVO,8.0,512.0,15.6,Intel,5.0,FreeDos,1,0,Économique,LENOVO::Économique::c2
https://www.mytek.tn/pc-portable-lenovo-v15-g5-irl-i5-13e-gen-8g-512go-ssd-noir.html,2169.0,PC Portable LENOVO V15 G5 IRL i5 13è Gén 8G 512Go SSD - Noir,LENOVO,8.0,512.0,15.6,Intel,5.0,Windows 11 Pro,1,0,Économique,LENOVO::Économique::c2
https://www.mytek.tn/pc-portable-gamer-lenovo-loq-15iax9e-i5-12e-gen-16go-rtx-2050.html,2199.0,PC Portable Gamer LENOVO LOQ 15IAX9E i5 12è Gén 16Go RTX 2050,LENOVO,16.0,512.0,15.6,Intel,5.0,Windows 11 Famille,1,0,Économique,LENOVO::Économique::c2
https://www.mytek.tn/pc-portable-lenovo-ideapad-slim-3-15irh10-i5-13eme-gen-16g-512g-ssd-gris.html,2205.0,PC Portable LENOVO IdeaPad Slim 3 15IRH10 i5 13ème Gén 16G 512G SSD - Gris,LENOVO,16.0,512.0,15.3,Intel,5.0,FreeDos,1,0,Économique,LENOVO::Économique::c2
https://www.mytek.tn/pc-portable-lenovo-v15-g5-irl-i7-13e-gen-8go-512go-ssd-noir.html,2259.0,PC Portable LENOVO V15 G5 IRL i7 13è Gén 8Go 512Go SSD - Noir,LENOVO,8.0,512.0,15.6,Intel,7.0,FreeDos,1,0,Économique,LENOVO::Économique::c0
https://www.mytek.tn/pc-portable-lenovo-v15-g5-irl-i7-13e-gen-8g-512go-ssd-noir.html,2309.0,PC Portable LENOVO V15 G5 IRL i7 13è Gén 8G 512Go SSD - Noir,LENOVO,8.0,512.0,15.6,Intel,7.0,Windows 11 Pro,1,0,Économique,LENOVO::Économique::c0
https://www.mytek.tn/pc-portable-lenovo-ideapad-slim-3-15irh10-i5-13e-gen-24g-512go-ssd-gris.html,2329.0,PC Portable LENOVO IdeaPad Slim 3 15IRH10 i5 13è Gén 24G 512Go SSD - Gris,LENOVO,24.0,512.0,15.3,Intel,5.0,FreeDos,1,0,Économique,LENOVO::Économique::c2
https://www.mytek.tn/pc-portable-lenovo-ideapad-slim-3-15irh10-i5-13e-gen-24g-512g-ssd-gris.html,2369.0,PC Portable LENOVO IdeaPad Slim 3 15IRH10 i5 13è Gén 24G 512G SSD - Gris,LENOVO,24.0,512.0,15.3,Intel,5.0,Windows 11 Pro,1,0,Économique,LENOVO::Économique::c2
https://www.mytek.tn/pc-portable-lenovo-ideapad-slim-3-15irh10-i7-13e-gen-16g-512go-ssd-gris.html,2379.0,PC Portable LENOVO IdeaPad Slim 3 15IRH10 i7 13è Gén 16G 512Go SSD - Gris,LENOVO,16.0,512.0,15.3,Intel,7.0,FreeDos,1,0,Milieu de gamme,LENOVO::Milieu de gamme::c2
https://www.mytek.tn/pc-portable-lenovo-ideapad-slim-3-15irh10-i7-13e-gen-16go-512go-ssd-gris.html,2399.0,PC Portable LENOVO IdeaPad Slim 3 15IRH10 i7 13è Gén 16Go 512Go SSD - Gris,LENOVO,16.0,512.0,15.3,Intel,7.0,FreeDos,1,0,Milieu de gamme,LENOVO::Milieu de gamme::c2
https://www.mytek.tn/pc-portable-lenovo-ideapad-slim-3-15irh10-i7-13e-gen-16go-512g-ssd-gris.html,2399.0,PC Portable LENOVO IdeaPad Slim 3 15IRH10 i7 13è Gén 16Go 512G SSD - Gris,LENOVO,16.0,512.0,15.3,Intel,7.0,FreeDos,1,0,Milieu de gamme,LENOVO::Milieu de gamme::c2
https://www.mytek.tn/pc-portable-lenovo-ideapad-slim-3-15irh10-i7-13e-gen-16go-512go-ssd.html,2429.0,PC Portable LENOVO IdeaPad Slim 3 15IRH10 i7 13è Gén 16Go 512Go SSD,LENOVO,16.0,512.0,15.3,Intel,7.0,Windows 11 Pro,1,0,Milieu de gamme,LENOVO::Milieu de gamme::c2
https://www.mytek.tn/pc-portable-lenovo-ideapad-slim-3-15irh10-i7-13e-gen-16g-512g-ssd-gris.html,2449.0,PC Portable LENOVO IdeaPad Slim 3 15IRH10 i7 13è Gén 16G 512G SSD - Gris,LENOVO,16.0,512.0,15.3,Intel,7.0,Windows 11 Pro,1,0,Milieu de gamme,LENOVO::Milieu de gamme::c2
https://www.mytek.tn/pc-portable-lenovo-thinkbook-16-g7-arp-amd-ryzen-5-16go-512go-ssd-gris.html,2459.0,PC Portable LENOVO ThinkBook 16 G7 ARP AMD RYZEN 5 16Go 512Go SSD - Gris,LENOVO,16.0,512.0,16.0,AMD,0.0,FreeDos,1,1,Milieu de gamme,LENOVO::Milieu de gamme::c3
https://www.mytek.tn/pc-portable-lenovo-thinkbook-16-g7-arp-amd-ryzen-5-16g-512go-ssd-gris.html,2469.0,PC Portable LENOVO ThinkBook 16 G7 ARP AMD RYZEN 5 16G 512Go SSD - Gris,LENOVO,16.0,512.0,16.0,AMD,0.0,FreeDos,1,1,Milieu de gamme,LENOVO::Milieu de gamme::c3
https://www.mytek.tn/pc-portable-gamer-lenovo-loq-15iax9-i5-12eme-gen-8g-rtx-3050.html,2499.0,PC Portable Gamer LENOVO LOQ 15IAX9 i5 12ème Gén 8G RTX 3050,LENOVO,8.0,512.0,15.6,Intel,5.0,Windows 11 Famille,1,0,Milieu de gamme,LENOVO::Milieu de gamme::c1
https://www.mytek.tn/pc-portable-lenovo-thinkbook-16-g7-arp-amd-ryzen-5-16go-512g-ssd-gris.html,2519.0,PC Portable LENOVO ThinkBook 16 G7 ARP AMD RYZEN 5 16Go 512G SSD - Gris,LENOVO,16.0,512.0,16.0,AMD,0.0,Windows 11 Pro,1,1,Milieu de gamme,LENOVO::Milieu de gamme::c3
https://www.mytek.tn/pc-portable-lenovo-thinkbook-16-g9-irl-intel-core-5-210h-8g-512g-ssd.html,2689.0,PC Portable LENOVO ThinkBook 16 G9 IRL Intel Core 5 210H 8G 512G SSD,LENOVO,8.0,512.0,16.0,Intel,5.0,FreeDos,1,0,Milieu de gamme,LENOVO::Milieu de gamme::c1
https://www.mytek.tn/pc-portable-lenovo-ideapad-slim-3-15irh10-i7-13e-gen-24go-512go-ssd-gris.html,2799.0,PC Portable LENOVO IdeaPad Slim 3 15IRH10 i7 13è Gén 24Go 512Go SSD - Gris,LENOVO,24.0,512.0,15.3,Intel,7.0,FreeDos,1,0,Milieu de gamme,LENOVO::Milieu de gamme::c2
https://www.mytek.tn/pc-portable-lenovo-thinkbook-16-g8-ial-ultra-5-225u-8g-512go-ssd-gris.html,2829.0,PC Portable LENOVO ThinkBook 16 G8 IAL Ultra 5 225U 8G 512Go SSD - Gris,LENOVO,8.0,512.0,16.0,Intel,0.0,FreeDos,1,0,Milieu de gamme,LENOVO::Milieu de gamme::c0
https://www.mytek.tn/pc-portable-lenovo-ideapad-slim-3-15irh10-i7-13e-gen-24g-512go-ssd-gris.html,2849.0,PC Portable LENOVO IdeaPad Slim 3 15IRH10 i7 13è Gén 24G 512Go SSD - Gris,LENOVO,24.0,512.0,15.3,Intel,7.0,Windows 11 Pro,1,0,Milieu de gamme,LENOVO::Milieu de gamme::c2
https://www.mytek.tn/pc-portable-gamer-lenovo-loq-15iax9-i5-12eme-gen-16go-rtx3050.html,2899.0,PC Portable Gamer LENOVO LOQ 15IAX9 i5 12ème Gén 16Go RTX3050,LENOVO,16.0,512.0,15.6,Intel,5.0,Windows 11 Famille,1,0,Milieu de gamme,LENOVO::Milieu de gamme::c1
https://www.mytek.tn/pc-portable-gamer-lenovo-loq-15arp10e-amd-ryzen-5-16g-rtx-3050.html,2999.0,PC Portable Gamer LENOVO LOQ 15ARP10E AMD RYZEN 5 16G RTX 3050,LENOVO,16.0,1024.0,15.6,AMD,0.0,Windows 11 Famille,1,1,Milieu de gamme,LENOVO::Milieu de gamme::c3
https://www.mytek.tn/pc-portable-lenovo-thinkbook-16-g8-ial-ultra-7-255h-8g-512go-ssd-gris.html,3049.0,PC Portable LENOVO ThinkBook 16 G8 IAL Ultra 7 255H 8G 512Go SSD - Gris,LENOVO,8.0,512.0,16.0,Intel,0.0,FreeDos,1,0,Milieu de gamme,LENOVO::Milieu de gamme::c0
https://www.mytek.tn/pc-portable-lenovo-thinkbook-16-g8-ial-ultra-5-225u-16g-512g-ssd-gris.html,3049.0,PC Portable LENOVO ThinkBook 16 G8 IAL Ultra 5 225U 16G 512G SSD - Gris,LENOVO,16.0,512.0,16.0,Intel,0.0,FreeDos,1,0,Milieu de gamme,LENOVO::Milieu de gamme::c0
https://www.mytek.tn/pc-portable-gamer-lenovo-loq-15arp9-amd-ryzen-5-16go-rtx-3050.html,3099.0,PC Portable Gamer LENOVO LOQ 15ARP9 AMD RYZEN 5 16Go RTX 3050,LENOVO,16.0,512.0,15.6,AMD,0.0,FreeDos,1,1,Milieu de gamme,LENOVO::Milieu de gamme::c3
https://www.mytek.tn/pc-portable-gamer-lenovo-loq-15arp9-amd-ryzen-5-16g-rtx-3050.html,3149.0,PC Portable Gamer LENOVO LOQ 15ARP9 AMD RYZEN 5 16G RTX 3050,LENOVO,16.0,512.0,15.6,AMD,0.0,Windows 11 Pro,1,1,Milieu de gamme,LENOVO::Milieu de gamme::c3
https://www.mytek.tn/pc-portable-lenovo-thinkbook-16-g9-irl-intel-core-7-240h-8g-512g-ssd.html,3179.0,PC Portable LENOVO ThinkBook 16 G9 IRL Intel Core 7 240H 8G 512G SSD,LENOVO,8.0,512.0,16.0,Intel,7.0,FreeDos,1,0,Milieu de gamme,LENOVO::Milieu de gamme::c2
https://www.mytek.tn/pc-portable-lenovo-thinkpad-e16-gen-3-ultra-5-225u-8g-512go-ssd-noir.html,3199.0,PC Portable LENOVO ThinkPad E16 Gen 3 Ultra 5 225U 8G 512Go SSD - Noir,LENOVO,8.0,512.0,16.0,Intel,0.0,FreeDos,1,0,Milieu de gamme,LENOVO::Milieu de gamme::c0
https://www.mytek.tn/pc-portable-gamer-lenovo-loq-15irx9-i5-13e-gen-16go-rtx-3050.html,3229.0,PC Portable Gamer LENOVO LOQ 15IRX9 i5 13è Gén 16Go RTX 3050,LENOVO,16.0,512.0,15.6,Intel,5.0,FreeDos,1,0,Milieu de gamme,LENOVO::Milieu de gamme::c1
https://www.mytek.tn/pc-portable-lenovo-thinkbook-16-g8-ial-ultra-5-225u-16g-512go-ssd-gris.html,3239.0,PC Portable LENOVO ThinkBook 16 G8 IAL Ultra 5 225U 16G 512Go SSD - Gris,LENOVO,16.0,512.0,16.0,Intel,0.0,FreeDos,1,0,Milieu de gamme,LENOVO::Milieu de gamme::c0
https://www.mytek.tn/pc-portable-gamer-lenovo-loq-15irx9-i5-13e-gen-16g-rtx-3050.html,3279.0,PC Portable Gamer LENOVO LOQ 15IRX9 i5 13è Gén 16G RTX 3050,LENOVO,16.0,512.0,15.6,Intel,5.0,Windows 11 Pro,1,0,Milieu de gamme,LENOVO::Milieu de gamme::c1
https://www.mytek.tn/pc-portable-gamer-lenovo-loq-15iax9-i5-12eme-gen-24g-rtx-3050.html,3299.0,PC Portable Gamer LENOVO LOQ 15IAX9 i5 12ème Gén 24G RTX 3050,LENOVO,24.0,512.0,15.6,Intel,5.0,Windows 11 Famille,1,0,Milieu de gamme,LENOVO::Milieu de gamme::c1
https://www.mytek.tn/pc-portable-lenovo-thinkbook-16-g7-arp-amd-ryzen-5-32g-512go-ssd-gris.html,3299.0,PC Portable LENOVO ThinkBook 16 G7 ARP AMD RYZEN 5 32G 512Go SSD - Gris,LENOVO,32.0,512.0,16.0,AMD,0.0,FreeDos,1,1,Milieu de gamme,LENOVO::Milieu de gamme::c3
https://www.mytek.tn/pc-portable-gamer-lenovo-loq-15irx9-i7-13eme-gen-16g-rtx-3050.html,3349.0,PC Portable Gamer LENOVO LOQ 15IRX9 i7 13ème Gén 16G RTX 3050,LENOVO,16.0,512.0,15.6,Intel,7.0,FreeDos,1,0,Milieu de gamme,LENOVO::Milieu de gamme::c2
https://www.mytek.tn/pc-portable-lenovo-ideapad-5-2-in-1-14irh9-i5-13e-gen-16go-512go-ssd.html,3355.0,PC Portable LENOVO IdeaPad 5 2-in-1 14IRH9 i5 13è Gén 16Go 512Go SSD,LENOVO,16.0,512.0,14.0,Intel,5.0,Windows 11 Famille,1,0,Milieu de gamme,LENOVO::Milieu de gamme::c1
https://www.mytek.tn/pc-portable-gamer-lenovo-loq-15irx9-i5-13eme-gen-16go-rtx-4050.html,3399.0,PC Portable Gamer LENOVO LOQ 15IRX9 i5 13ème Gén 16Go RTX 4050,LENOVO,16.0,512.0,15.6,Intel,5.0,FreeDos,1,0,Milieu de gamme,LENOVO::Milieu de gamme::c1
https://www.mytek.tn/pc-portable-lenovo-thinkbook-16-g8-ial-ultra-5-225u-24g-512g-ssd-gris.html,3459.0,PC Portable LENOVO ThinkBook 16 G8 IAL Ultra 5 225U 24G 512G SSD - Gris,LENOVO,24.0,512.0,16.0,Intel,0.0,FreeDos,1,0,Milieu de gamme,LENOVO::Milieu de gamme::c0
https://www.mytek.tn/pc-portable-lenovo-thinkbook-16-g8-ial-ultra-7-255h-16g-512g-ssd-gris.html,3465.0,PC Portable LENOVO ThinkBook 16 G8 IAL Ultra 7 255H 16G 512G SSD - Gris,LENOVO,16.0,512.0,16.0,Intel,0.0,FreeDos,1,0,Milieu de gamme,LENOVO::Milieu de gamme::c0
https://www.mytek.tn/pc-portable-lenovo-thinkpad-e16-gen-3-ultra-5-225u-16g-512g-ssd-noir.html,3499.0,PC Portable LENOVO ThinkPad E16 Gen 3 Ultra 5 225U 16G 512G SSD - Noir,LENOVO,16.0,512.0,16.0,Intel,0.0,FreeDos,1,0,Milieu de gamme,LENOVO::Milieu de gamme::c0
https://www.mytek.tn/pc-portable-gamer-lenovo-loq-15irx10-i5-13e-gen-16go-rtx-5050.html,3499.0,PC Portable Gamer LENOVO LOQ 15IRX10 i5 13è Gén 16Go RTX 5050,LENOVO,16.0,512.0,15.6,Intel,5.0,Windows 11 Famille,1,0,Milieu de gamme,LENOVO::Milieu de gamme::c1
https://www.mytek.tn/pc-portable-lenovo-thinkpad-e16-gen-3-ultra-5-225u-16g-512go-ssd-noir.html,3499.0,PC Portable LENOVO ThinkPad E16 Gen 3 Ultra 5 225U 16G 512Go SSD - Noir,LENOVO,16.0,512.0,16.0,Intel,0.0,FreeDos,1,0,Milieu de gamme,LENOVO::Milieu de gamme::c0
https://www.mytek.tn/pc-portable-gamer-lenovo-loq-15irx10-i5-13e-gen-24go-rtx-5050.html,3629.0,PC Portable Gamer LENOVO LOQ 15IRX10 i5 13è Gén 24Go RTX 5050,LENOVO,24.0,512.0,15.6,Intel,5.0,Windows 11 Famille,1,0,Milieu de gamme,LENOVO::Milieu de gamme::c1
https://www.mytek.tn/pc-portable-gamer-lenovo-loq-15irx9-i5-13eme-gen-24go-rtx-4050.html,3799.0,PC Portable Gamer LENOVO LOQ 15IRX9 i5 13ème Gén 24Go RTX 4050,LENOVO,24.0,512.0,15.6,Intel,5.0,FreeDos,1,0,Milieu de gamme,LENOVO::Milieu de gamme::c1
https://www.mytek.tn/pc-portable-gamer-lenovo-loq-15irx9-i7-13eme-gen-16go-rtx-4050.html,3799.0,PC Portable Gamer LENOVO LOQ 15IRX9 i7 13ème Gén 16Go RTX 4050,LENOVO,16.0,512.0,15.6,Intel,7.0,FreeDos,1,0,Milieu de gamme,LENOVO::Milieu de gamme::c2
https://www.mytek.tn/pc-portable-gamer-lenovo-loq-15irx9-i7-13eme-gen-16g-rtx-4050.html,3849.0,PC Portable Gamer LENOVO LOQ 15IRX9 i7 13ème Gén 16G RTX 4050,LENOVO,16.0,512.0,15.6,Intel,7.0,Windows 11 Pro,1,0,Milieu de gamme,LENOVO::Milieu de gamme::c2
https://www.mytek.tn/pc-portable-lenovo-thinkbook-16-g8-ial-ultra-7-255h-24g-512go-ssd-gris.html,3859.0,PC Portable LENOVO ThinkBook 16 G8 IAL Ultra 7 255H 24G 512Go SSD - Gris,LENOVO,24.0,512.0,16.0,Intel,0.0,FreeDos,1,0,Milieu de gamme,LENOVO::Milieu de gamme::c0
https://www.mytek.tn/pc-portable-lenovo-thinkbook-16-g8-ial-ultra-5-225u-32g-512g-ssd-gris.html,3859.0,PC Portable LENOVO ThinkBook 16 G8 IAL Ultra 5 225U 32G 512G SSD - Gris,LENOVO,32.0,512.0,16.0,Intel,0.0,FreeDos,1,0,Milieu de gamme,LENOVO::Milieu de gamme::c0
https://www.mytek.tn/pc-portable-gamer-lenovo-loq-15irx9-i7-13eme-gen-16g-rtx4050.html,3859.0,PC Portable Gamer LENOVO LOQ 15IRX9 i7 13ème Gén 16G RTX4050,LENOVO,16.0,512.0,15.6,Intel,7.0,Windows 11 Famille,1,0,Milieu de gamme,LENOVO::Milieu de gamme::c2
https://www.mytek.tn/pc-portable-gamer-lenovo-loq-15irx9-i7-13e-gen-16g-rtx-4050.html,3899.0,PC Portable Gamer LENOVO LOQ 15IRX9 i7 13è Gén 16G RTX 4050,LENOVO,16.0,512.0,15.6,Intel,7.0,Windows 11 Famille,1,0,Premium,LENOVO::Premium::c0
https://www.mytek.tn/pc-portable-lenovo-thinkpad-e16-gen-3-ultra-5-225u-24g-512go-ssd-noir.html,3919.0,PC Portable LENOVO ThinkPad E16 Gen 3 Ultra 5 225U 24G 512Go SSD - Noir,LENOVO,24.0,512.0,16.0,Intel,0.0,FreeDos,1,0,Premium,LENOVO::Premium::c0
https://www.mytek.tn/pc-portable-lenovo-ideapad-5-2-in-1-14irh9-i7-13e-gen-16go-512go-ssd.html,3939.0,PC Portable LENOVO IdeaPad 5 2-in-1 14IRH9 i7 13è Gén 16Go 512Go SSD,LENOVO,16.0,512.0,14.0,Intel,7.0,Windows 11 Famille,1,0,Premium,LENOVO::Premium::c0
https://www.mytek.tn/pc-portable-gamer-lenovo-loq-essential-15irx11-i5-13e-gen-16g-rtx-5060.html,3965.0,PC Portable Gamer LENOVO LOQ Essential 15IRX11 i5 13è Gén 16G RTX 5060,LENOVO,16.0,512.0,15.6,Intel,5.0,Windows 11 Famille,1,0,Premium,LENOVO::Premium::c0
https://www.mytek.tn/pc-portable-lenovo-thinkpad-e14-gen-7-ultra-5-225u-24go-512go-ssd-noir.html,3999.0,PC Portable LENOVO ThinkPad E14 Gen 7 Ultra 5 225U 24Go 512Go SSD - Noir,LENOVO,24.0,512.0,14.0,Intel,0.0,FreeDos,1,0,Premium,LENOVO::Premium::c0
https://www.mytek.tn/pc-portable-gamer-lenovo-loq-15irx10-i7-13e-gen-16go-rtx-5050.html,3999.0,PC Portable Gamer LENOVO LOQ 15IRX10 i7 13è Gén 16Go RTX 5050,LENOVO,16.0,512.0,15.6,Intel,7.0,FreeDos,1,0,Premium,LENOVO::Premium::c0
https://www.mytek.tn/pc-portable-gamer-lenovo-loq-15irx10-i7-13e-gen-16go-rtx5050.html,3999.0,PC Portable Gamer LENOVO LOQ 15IRX10 i7 13è Gén 16Go RTX5050,LENOVO,16.0,512.0,15.6,Intel,7.0,FreeDos,1,0,Premium,LENOVO::Premium::c0
https://www.mytek.tn/pc-portable-gamer-lenovo-loq-15irx10-i7-13e-gen-16g-rtx5050.html,3999.0,PC Portable Gamer LENOVO LOQ 15IRX10 i7 13è Gén 16G RTX5050,LENOVO,16.0,512.0,15.6,Intel,7.0,FreeDos,1,0,Premium,LENOVO::Premium::c0
https://www.mytek.tn/pc-portable-gamer-lenovo-loq-15irx10-i7-13e-gen-16g-rtx-5050.html,4039.0,PC Portable Gamer LENOVO LOQ 15IRX10 i7 13è Gén 16G RTX 5050,LENOVO,16.0,512.0,15.6,Intel,7.0,Windows 11 Pro,1,0,Premium,LENOVO::Premium::c0
https://www.mytek.tn/pc-portable-gamer-lenovo-loq-15irx10-i7-13eme-gen-16g-rtx-5050.html,4039.0,PC Portable Gamer LENOVO LOQ 15IRX10 i7 13ème Gén 16G RTX 5050,LENOVO,16.0,512.0,15.6,Intel,7.0,Windows 11 Pro,1,0,Premium,LENOVO::Premium::c0
https://www.mytek.tn/pc-portable-lenovo-thinkpad-e16-gen-3-ultra-7-255h-16g-512go-ssd-noir.html,4049.0,PC Portable LENOVO ThinkPad E16 Gen 3 Ultra 7 255H 16G 512Go SSD - Noir,LENOVO,16.0,512.0,16.0,Intel,0.0,FreeDos,1,0,Premium,LENOVO::Premium::c0
https://www.mytek.tn/pc-portable-lenovo-thinkpad-l16-gen-1-ultra-5-125u-8g-512go-ssd-noir.html,4119.0,PC Portable LENOVO ThinkPad L16 Gen 1 Ultra 5 125U 8G 512Go SSD - Noir,LENOVO,8.0,512.0,16.0,Intel,0.0,Windows 11 Pro,1,0,Premium,LENOVO::Premium::c0
https://www.mytek.tn/pc-portable-lenovo-thinkpad-e14-gen-7-ultra-7-255h-16g-512go-ssd-noir.html,4159.0,PC Portable LENOVO ThinkPad E14 Gen 7 Ultra 7 255H 16G 512Go SSD - Noir,LENOVO,16.0,512.0,14.0,Intel,0.0,FreeDos,1,0,Premium,LENOVO::Premium::c0
https://www.mytek.tn/pc-portable-gamer-lenovo-loq-15irx9-i7-13eme-gen-32go-rtx3050.html,4179.0,PC Portable Gamer LENOVO LOQ 15IRX9 i7 13ème Gén 32Go RTX3050,LENOVO,32.0,512.0,15.6,Intel,7.0,FreeDos,1,0,Premium,LENOVO::Premium::c0
https://www.mytek.tn/pc-portable-gamer-lenovo-loq-15irx10-i7-14e-gen-16go-rtx-5050.html,4199.0,PC Portable Gamer LENOVO LOQ 15IRX10 i7 14è Gén 16Go RTX 5050,LENOVO,16.0,512.0,15.6,Intel,7.0,FreeDos,1,0,Premium,LENOVO::Premium::c0
https://www.mytek.tn/pc-portable-gamer-lenovo-loq-15irx9-i7-13eme-gen-24go-rtx-4050.html,4209.0,PC Portable Gamer LENOVO LOQ 15IRX9 i7 13ème Gén 24Go RTX 4050,LENOVO,24.0,512.0,15.6,Intel,7.0,FreeDos,1,0,Premium,LENOVO::Premium::c0
https://www.mytek.tn/pc-portable-gamer-lenovo-loq-15irx9-i5-13eme-gen-32g-rtx-4050.html,4219.0,PC Portable Gamer LENOVO LOQ 15IRX9 i5 13ème Gén 32G RTX 4050,LENOVO,32.0,512.0,15.6,Intel,5.0,FreeDos,1,0,Premium,LENOVO::Premium::c0
https://www.mytek.tn/pc-portable-lenovo-thinkbook-16-g8-ial-ultra-7-255h-32g-512go-ssd-gris.html,4259.0,PC Portable LENOVO ThinkBook 16 G8 IAL Ultra 7 255H 32G 512Go SSD - Gris,LENOVO,32.0,512.0,16.0,Intel,0.0,FreeDos,1,0,Premium,LENOVO::Premium::c0
https://www.mytek.tn/pc-portable-gamer-lenovo-loq-15irx9-i7-13eme-gen-24g-rtx-4050.html,4259.0,PC Portable Gamer LENOVO LOQ 15IRX9 i7 13ème Gén 24G RTX 4050,LENOVO,24.0,512.0,15.6,Intel,7.0,Windows 11 Pro,1,0,Premium,LENOVO::Premium::c0
https://www.mytek.tn/pc-portable-gamer-lenovo-loq-15irx9-i7-13eme-gen-24g-rtx4050.html,4269.0,PC Portable Gamer LENOVO LOQ 15IRX9 i7 13ème Gén 24G RTX4050,LENOVO,24.0,512.0,15.6,Intel,7.0,Windows 11 Famille,1,0,Premium,LENOVO::Premium::c0
https://www.mytek.tn/pc-portable-gamer-lenovo-loq-17irx10-i7-13e-gen-16go-rtx-5050.html,4459.0,PC Portable Gamer LENOVO LOQ 17IRX10 i7 13è Gén 16Go RTX 5050,LENOVO,16.0,512.0,17.3,Intel,7.0,FreeDos,1,0,Premium,LENOVO::Premium::c0
https://www.mytek.tn/pc-portable-gamer-lenovo-loq-15irx9-i7-13eme-gen-32go-rtx-4050.html,4619.0,PC Portable Gamer LENOVO LOQ 15IRX9 i7 13ème Gén 32Go RTX 4050,LENOVO,32.0,512.0,15.6,Intel,7.0,FreeDos,1,0,Premium,LENOVO::Premium::c0
https://www.mytek.tn/pc-portable-gamer-lenovo-loq-15irx9-i7-13eme-gen-32go-rtx4050.html,4669.0,PC Portable Gamer LENOVO LOQ 15IRX9 i7 13ème Gén 32Go RTX4050,LENOVO,32.0,512.0,15.6,Intel,7.0,Windows 11 Pro,1,0,Premium,LENOVO::Premium::c0
https://www.mytek.tn/pc-portable-gamer-lenovo-loq-15irx9-i7-13eme-gen-32g-rtx4050.html,4679.0,PC Portable Gamer LENOVO LOQ 15IRX9 i7 13ème Gén 32G RTX4050,LENOVO,32.0,512.0,15.6,Intel,7.0,Windows 11 Famille,1,0,Premium,LENOVO::Premium::c0
https://www.mytek.tn/pc-portable-gamer-lenovo-legion-5-15irx10-i7-13e-gen-16go-rtx-5050.html,4799.0,PC Portable Gamer LENOVO Légion 5 15IRX10 i7 13è Gén 16Go RTX 5050,LENOVO,16.0,512.0,15.3,Intel,7.0,Windows 11 Famille,1,0,Premium,LENOVO::Premium::c0
https://www.mytek.tn/pc-portable-gamer-lenovo-loq-15irx10-i7-14e-gen-16go-rtx-5060.html,4939.0,PC Portable Gamer LENOVO LOQ 15IRX10 i7 14è Gén 16Go RTX 5060,LENOVO,16.0,512.0,15.6,Intel,7.0,FreeDos,1,0,Premium,LENOVO::Premium::c0
https://www.mytek.tn/pc-portable-gamer-lenovo-loq-15irx10-i7-14e-gen-32go-rtx-5050.html,5039.0,PC Portable Gamer LENOVO LOQ 15IRX10 i7 14è Gén 32Go RTX 5050,LENOVO,32.0,512.0,15.6,Intel,7.0,FreeDos,1,0,Premium,LENOVO::Premium::c0
https://www.mytek.tn/pc-portable-lenovo-yoga-7-2-en-1-14akp10-amd-ryzen-ai-7-350-16go-512go-ssd.html,5199.0,PC Portable LENOVO Yoga 7 2-en-1 14AKP10 AMD Ryzen AI 7 350 16Go 512Go SSD,LENOVO,16.0,512.0,14.0,AMD,0.0,Windows 11 Famille,1,1,Premium,LENOVO::Premium::c1
https://www.mytek.tn/pc-portable-gamer-lenovo-legion-pro-5-16irx10-i7-14e-gen-16go-rtx-5050.html,5469.0,PC Portable Gamer LENOVO Légion Pro 5 16IRX10 i7 14è Gén 16Go RTX 5050,LENOVO,16.0,512.0,16.0,Intel,7.0,FreeDos,1,0,Premium,LENOVO::Premium::c0
https://www.mytek.tn/pc-portable-lenovo-yoga-pro-7-14iah10-ultra-7-255h-32go-1to-ssd-gris.html,6149.0,PC Portable LENOVO Yoga Pro 7 14IAH10 Ultra 7 255H 32Go 1To SSD - Gris,LENOVO,32.0,1024.0,14.5,Intel,0.0,Windows 11 Famille,1,0,Premium,LENOVO::Premium::c1
https://www.mytek.tn/pc-portable-gamer-lenovo-legion-pro5-16iax10-ultra-7-255hx-32g-rtx5060.html,6299.0,PC Portable Gamer LENOVO Légion Pro5 16IAX10 Ultra 7 255HX 32G RTX5060,LENOVO,32.0,1024.0,16.0,Intel,0.0,FreeDos,1,0,Premium,LENOVO::Premium::c1
https://www.mytek.tn/pc-portable-lenovo-thinkpad-l13-2en1-gen-6-ultra-7-255u-16go-512go-ssd-gris.html,6699.0,PC Portable LENOVO ThinkPad L13 2En1 Gen 6 Ultra 7 255U 16Go 512Go SSD - Gris,LENOVO,16.0,512.0,13.3,Intel,0.0,Windows 11 Pro,1,0,Premium,LENOVO::Premium::c0
https://www.mytek.tn/pc-portable-gamer-lenovo-legion-pro-5-16irx10-i9-14e-gen-32g-rtx-5070.html,7059.0,PC Portable Gamer LENOVO Légion Pro 5 16IRX10 i9 14è Gén 32G RTX 5070,LENOVO,32.0,1024.0,16.0,Intel,9.0,FreeDos,1,0,Premium,LENOVO::Premium::c1
https://www.mytek.tn/pc-portable-lenovo-thinkbook-16p-g6-iax-ultra-7-255hx-16go-rtx5060.html,7179.0,PC Portable LENOVO ThinkBook 16p G6 IAX Ultra 7 255HX 16Go RTX5060,LENOVO,16.0,512.0,16.0,Intel,0.0,Windows 11 Pro,1,0,Premium,LENOVO::Premium::c0
https://www.mytek.tn/pc-portable-lenovo-thinkpad-p16s-gen-3-ultra-7-155h-16g-512go-ssd-noir.html,7195.0,PC Portable LENOVO ThinkPad P16s Gen 3 Ultra 7 155H 16G 512Go SSD - Noir,LENOVO,16.0,512.0,16.0,Intel,0.0,Windows 11 Pro,1,0,Premium,LENOVO::Premium::c0
https://www.mytek.tn/pc-portable-gamer-lenovo-legion-5-15agp11-amd-ryzen-ai-9-32go-rtx-5060.html,7299.0,PC Portable Gamer LENOVO Légion 5 15AGP11 AMD Ryzen AI 9 32Go RTX 5060,LENOVO,32.0,1024.0,15.3,AMD,0.0,FreeDos,1,1,Premium,LENOVO::Premium::c1
https://www.mytek.tn/pc-portable-gamer-lenovo-legion-pro5-16iax10-ultra-7-255hx-32g-rtx-5060.html,7639.0,PC Portable Gamer LENOVO Légion Pro5 16IAX10 Ultra 7 255HX 32G RTX 5060,LENOVO,32.0,1024.0,16.0,Intel,0.0,Windows 11 Famille,1,0,Premium,LENOVO::Premium::c1
https://www.mytek.tn/pc-portable-lenovo-thinkbook-16p-g6-iax-ultra-9-275hx-32go-rtx-5060.html,8199.0,PC Portable LENOVO ThinkBook 16p G6 IAX Ultra 9 275HX 32Go RTX 5060,LENOVO,32.0,512.0,16.0,Intel,0.0,Windows 11 Pro,1,0,Premium,LENOVO::Premium::c0
https://www.mytek.tn/pc-portable-lenovo-thinkpad-x1-2en1-gen-10-aura-edition-ultra7-258v-32g-1to-ssd.html,9999.0,PC Portable LENOVO ThinkPad X1 2En1 Gen 10 Aura Edition Ultra7 258V 32G 1To SSD,LENOVO,32.0,1024.0,14.0,Intel,0.0,Windows 11 Pro,1,0,Premium,LENOVO::Premium::c1
https://www.mytek.tn/pc-portable-gamer-lenovo-legion-pro-7-16irx9h-i9-14e-gen-32go-rtx-4090.html,11999.0,PC Portable Gamer LENOVO Légion Pro 7 16IRX9H i9 14è Gén 32Go RTX 4090,LENOVO,32.0,1024.0,16.0,Intel,9.0,Windows 11 Famille,1,0,Premium,LENOVO::Premium::c1
https://www.mytek.tn/pc-portable-gamer-lenovo-legion-pro-7-16irx9h-i9-14e-gen-32go-rtx-4090-83de005ufg.html,11999.0,PC Portable Gamer LENOVO Légion Pro 7 16IRX9H i9 14è Gén 32Go RTX 4090(83DE005UFG),LENOVO,32.0,1024.0,16.0,Intel,9.0,Windows 11 Famille,1,0,Premium,LENOVO::Premium::c1
https://www.mytek.tn/pc-portable-gamer-lenovo-legion-pro-7-16irx9h-i9-14e-gen-64go-rtx-4090.html,12929.0,PC Portable Gamer LENOVO Légion Pro 7 16IRX9H i9 14è Gén 64Go RTX 4090,LENOVO,64.0,1024.0,16.0,Intel,9.0,Windows 11 Famille,1,0,Premium,LENOVO::Premium::c1
https://www.mytek.tn/pc-portable-msi-modern-15-f13mg-i5-13eme-gen-8go-512go-ssd.html,1799.0,Pc Portable MSI Modern 15 F13MG i5 13ème Gén 8Go 512Go SSD,MSI,8.0,512.0,15.6,Intel,5.0,FreeDos,1,0,Économique,MSI::Économique::c0
https://www.mytek.tn/pc-portable-msi-modern-15-f13mg-i5-13eme-gen-8g-512go-ssd.html,1839.0,Pc Portable MSI Modern 15 F13MG i5 13ème Gén 8G 512Go SSD,MSI,8.0,512.0,15.6,Intel,5.0,Windows 11 Pro,1,0,Économique,MSI::Économique::c2
https://www.mytek.tn/pc-portable-msi-modern-15-f13mg-i5-13eme-gen-16go-512go-ssd.html,1999.0,Pc Portable MSI Modern 15 F13MG i5 13ème Gén 16Go 512Go SSD,MSI,16.0,512.0,15.6,Intel,5.0,FreeDos,1,0,Économique,MSI::Économique::c0
https://www.mytek.tn/pc-portable-msi-modern-15-f13mg-i5-13eme-gen-24go-512go-ssd.html,2199.0,Pc Portable MSI Modern 15 F13MG i5 13ème Gén 24Go 512Go SSD,MSI,24.0,512.0,15.6,Intel,5.0,FreeDos,1,0,Économique,MSI::Économique::c0
https://www.mytek.tn/pc-portable-gamer-msi-thin-15-b13ucx-i5-13e-gen-8go-rtx-2050.html,2229.0,PC Portable Gamer MSI Thin 15 B13UCX i5 13è Gén 8Go RTX 2050,MSI,8.0,512.0,15.6,Intel,5.0,FreeDos,1,0,Économique,MSI::Économique::c0
https://www.mytek.tn/pc-portable-msi-modern-15-f1m-intel-core-7-150u-16go-512go-ssd.html,2349.0,Pc Portable MSI Modern 15 F1M Intel Core 7 150U 16Go 512Go SSD,MSI,16.0,512.0,15.6,Intel,7.0,FreeDos,1,0,Économique,MSI::Économique::c1
https://www.mytek.tn/pc-portable-msi-modern-15-f1m-intel-core-7-150u-16g-512go-ssd.html,2389.0,Pc Portable MSI Modern 15 F1M Intel Core 7 150U 16G 512Go SSD,MSI,16.0,512.0,15.6,Intel,7.0,Windows 11 Pro,1,0,Économique,MSI::Économique::c2
https://www.mytek.tn/pc-portable-gamer-msi-thin-15-b13udx-i5-13e-gen-8g-rtx3050.html,2439.0,PC Portable Gamer MSI Thin 15 B13UDX i5 13è Gén 8G RTX3050,MSI,8.0,512.0,15.6,Intel,5.0,FreeDos,1,0,Économique,MSI::Économique::c0
https://www.mytek.tn/pc-portable-gamer-msi-thin-15-b13ucx-i5-13e-gen-16go-rtx-2050.html,2469.0,PC Portable Gamer MSI Thin 15 B13UCX i5 13è Gén 16Go RTX 2050,MSI,16.0,512.0,15.6,Intel,5.0,FreeDos,1,0,Économique,MSI::Économique::c0
https://www.mytek.tn/pc-portable-gamer-msi-thin-15-b13ucx-i7-13e-gen-8go-rtx-2050.html,2479.0,PC Portable Gamer MSI Thin 15 B13UCX i7 13è Gén 8Go RTX 2050,MSI,8.0,512.0,15.6,Intel,7.0,FreeDos,1,0,Économique,MSI::Économique::c1
https://www.mytek.tn/pc-portable-gamer-msi-thin-15-b13udx-i5-13e-gen-8g-rtx-3050.html,2489.0,PC Portable Gamer MSI Thin 15 B13UDX i5 13è Gén 8G RTX 3050,MSI,8.0,512.0,15.6,Intel,5.0,Windows 11 Pro,1,0,Économique,MSI::Économique::c2
https://www.mytek.tn/pc-portable-gamer-msi-thin-15-b13ucx-i7-13e-gen-8g-rtx-2050.html,2529.0,PC Portable Gamer MSI Thin 15 B13UCX i7 13è Gén 8G RTX 2050,MSI,8.0,512.0,15.6,Intel,7.0,Windows 11 Pro,1,0,Économique,MSI::Économique::c2
https://www.mytek.tn/pc-portable-gamer-msi-thin-15-b13ucx-i5-13e-gen-16g-rtx-2050.html,2529.0,PC Portable Gamer MSI Thin 15 B13UCX i5 13è Gén 16G RTX 2050,MSI,16.0,512.0,15.6,Intel,5.0,Windows 11 Pro,1,0,Économique,MSI::Économique::c2
https://www.mytek.tn/pc-portable-gamer-msi-thin-15-b13udx-i5-13e-gen-16g-rtx3050.html,2639.0,PC Portable Gamer MSI Thin 15 B13UDX i5 13è Gén 16G RTX3050,MSI,16.0,512.0,15.6,Intel,5.0,FreeDos,1,0,Économique,MSI::Économique::c0
https://www.mytek.tn/pc-portable-gamer-msi-thin-15-b13ucx-i7-13e-gen-16go-rtx-2050.html,2675.0,PC Portable Gamer MSI Thin 15 B13UCX i7 13è Gén 16Go RTX 2050,MSI,16.0,512.0,15.6,Intel,7.0,FreeDos,1,0,Économique,MSI::Économique::c1
https://www.mytek.tn/pc-portable-gamer-msi-thin-15-b13ucx-i5-13e-gen-24go-rtx-2050.html,2679.0,PC Portable Gamer MSI Thin 15 B13UCX i5 13è Gén 24Go RTX 2050,MSI,24.0,512.0,15.6,Intel,5.0,FreeDos,1,0,Économique,MSI::Économique::c0
https://www.mytek.tn/pc-portable-gamer-msi-thin-15-b13udx-i7-13e-gen-8g-rtx3050.html,2685.0,PC Portable Gamer MSI Thin 15 B13UDX i7 13è Gén 8G RTX3050,MSI,8.0,512.0,15.6,Intel,7.0,FreeDos,1,0,Économique,MSI::Économique::c1
https://www.mytek.tn/pc-portable-gamer-msi-thin-15-b13ucx-i7-13e-gen-16g-rtx-2050.html,2715.0,PC Portable Gamer MSI Thin 15 B13UCX i7 13è Gén 16G RTX 2050,MSI,16.0,512.0,15.6,Intel,7.0,Windows 11 Pro,1,0,Économique,MSI::Économique::c2
https://www.mytek.tn/pc-portable-gamer-msi-thin-15-b13udx-i7-13e-gen-8g-rtx-3050.html,2725.0,PC Portable Gamer MSI Thin 15 B13UDX i7 13è Gén 8G RTX 3050,MSI,8.0,512.0,15.6,Intel,7.0,Windows 11 Pro,1,0,Économique,MSI::Économique::c2
https://www.mytek.tn/pc-portable-msi-modern-15-f1m-intel-core-7-150u-24go-512go-ssd.html,2805.0,Pc Portable MSI Modern 15 F1M Intel Core 7 150U 24Go 512Go SSD,MSI,24.0,512.0,15.6,Intel,7.0,FreeDos,1,0,Économique,MSI::Économique::c1
https://www.mytek.tn/pc-portable-gamer-msi-thin-15-b13udx-i5-13e-gen-24g-rtx3050.html,2849.0,PC Portable Gamer MSI Thin 15 B13UDX i5 13è Gén 24G RTX3050,MSI,24.0,512.0,15.6,Intel,5.0,FreeDos,1,0,Économique,MSI::Économique::c0
https://www.mytek.tn/pc-portable-gamer-msi-thin-15-b13ucx-i7-13e-gen-24go-rtx-2050.html,2869.0,PC Portable Gamer MSI Thin 15 B13UCX i7 13è Gén 24Go RTX 2050,MSI,24.0,512.0,15.6,Intel,7.0,FreeDos,1,0,Économique,MSI::Économique::c1
https://www.mytek.tn/pc-portable-gamer-msi-thin-15-b13ucx-i5-13e-gen-32go-rtx-2050.html,2889.0,PC Portable Gamer MSI Thin 15 B13UCX i5 13è Gén 32Go RTX 2050,MSI,32.0,512.0,15.6,Intel,5.0,FreeDos,1,0,Économique,MSI::Économique::c0
https://www.mytek.tn/pc-portable-gamer-msi-thin-15-b13udx-i7-13e-gen-16g-rtx3050.html,2889.0,PC Portable Gamer MSI Thin 15 B13UDX i7 13è Gén 16G RTX3050,MSI,16.0,512.0,15.6,Intel,7.0,FreeDos,1,0,Économique,MSI::Économique::c1
https://www.mytek.tn/pc-portable-gamer-msi-thin-15-b13ucx-i7-13e-gen-24g-rtx-2050.html,2909.0,PC Portable Gamer MSI Thin 15 B13UCX i7 13è Gén 24G RTX 2050,MSI,24.0,512.0,15.6,Intel,7.0,Windows 11 Pro,1,0,Milieu de gamme,MSI::Milieu de gamme::c1
https://www.mytek.tn/pc-portable-gamer-msi-thin-15-b13ucx-i5-13e-gen-32g-rtx-2050.html,2939.0,PC Portable Gamer MSI Thin 15 B13UCX i5 13è Gén 32G RTX 2050,MSI,32.0,512.0,15.6,Intel,5.0,Windows 11 Pro,1,0,Milieu de gamme,MSI::Milieu de gamme::c2
https://www.mytek.tn/pc-portable-gamer-msi-cyborg-15-a13u-i5-13e-gen-16go-rtx-3050.html,2969.0,PC Portable Gamer MSI CYBORG 15 A13U i5 13è Gén 16Go RTX 3050,MSI,16.0,512.0,15.6,Intel,5.0,FreeDos,1,0,Milieu de gamme,MSI::Milieu de gamme::c0
https://www.mytek.tn/pc-portable-gamer-msi-thin-15-b13udx-i5-13e-gen-32g-rtx3050.html,3049.0,PC Portable Gamer MSI Thin 15 B13UDX i5 13è Gén 32G RTX3050,MSI,32.0,512.0,15.6,Intel,5.0,FreeDos,1,0,Milieu de gamme,MSI::Milieu de gamme::c0
https://www.mytek.tn/pc-portable-gamer-msi-thin-15-b13ucx-i7-13e-gen-32go-rtx-2050.html,3055.0,PC Portable Gamer MSI Thin 15 B13UCX i7 13è Gén 32Go RTX 2050,MSI,32.0,512.0,15.6,Intel,7.0,FreeDos,1,0,Milieu de gamme,MSI::Milieu de gamme::c1
https://www.mytek.tn/pc-portable-gamer-msi-thin-15-b13udx-i7-13e-gen-24g-rtx3050.html,3079.0,PC Portable Gamer MSI Thin 15 B13UDX i7 13è Gén 24G RTX3050,MSI,24.0,512.0,15.6,Intel,7.0,FreeDos,1,0,Milieu de gamme,MSI::Milieu de gamme::c1
https://www.mytek.tn/pc-portable-gamer-msi-thin-15-b13ucx-i7-13e-gen-32go-rtx-2050-gris.html,3095.0,PC Portable Gamer MSI Thin 15 B13UCX i7 13è Gén 32Go RTX 2050 - Gris,MSI,32.0,512.0,15.6,Intel,7.0,Windows 11 Pro,1,0,Milieu de gamme,MSI::Milieu de gamme::c1
https://www.mytek.tn/pc-portable-gamer-msi-cyborg-15-a13ve-i5-13e-gen-8go-rtx-4050.html,3099.0,PC Portable Gamer MSI Cyborg 15 A13VE i5 13è Gén 8Go RTX 4050,MSI,8.0,512.0,15.6,Intel,5.0,FreeDos,1,0,Milieu de gamme,MSI::Milieu de gamme::c0
https://www.mytek.tn/pc-portable-gamer-msi-cyborg-15-a13ve-i5-13e-gen-8go-rtx4050.html,3149.0,PC Portable Gamer MSI Cyborg 15 A13VE i5 13è Gén 8Go RTX4050,MSI,8.0,512.0,15.6,Intel,5.0,Windows 11 Pro,1,0,Milieu de gamme,MSI::Milieu de gamme::c2
https://www.mytek.tn/pc-portable-gamer-msi-cyborg-15-a13u-i5-13e-gen-16g-rtx-3050.html,3159.0,PC Portable Gamer MSI CYBORG 15 A13U i5 13è Gén 16G RTX 3050,MSI,16.0,512.0,15.6,Intel,5.0,Windows 11 Pro,1,0,Milieu de gamme,MSI::Milieu de gamme::c2
https://www.mytek.tn/pc-portable-gamer-msi-cyborg-15-a13u-i7-13e-gen-16go-rtx-3050.html,3219.0,PC Portable Gamer MSI CYBORG 15 A13U i7 13è Gén 16Go RTX 3050,MSI,16.0,512.0,15.6,Intel,7.0,FreeDos,1,0,Milieu de gamme,MSI::Milieu de gamme::c1
https://www.mytek.tn/pc-portable-gamer-msi-thin-15-b13udx-i7-13e-gen-32g-rtx3050.html,3265.0,PC Portable Gamer MSI Thin 15 B13UDX i7 13è Gén 32G RTX3050,MSI,32.0,512.0,15.6,Intel,7.0,FreeDos,1,0,Milieu de gamme,MSI::Milieu de gamme::c1
https://www.mytek.tn/pc-portable-gamer-msi-thin-15-b13udx-i7-13e-gen-32go-rtx-3050-gris.html,3305.0,PC Portable Gamer MSI Thin 15 B13UDX i7 13è Gén 32Go RTX 3050 - Gris,MSI,32.0,512.0,15.6,Intel,7.0,Windows 11 Pro,1,0,Milieu de gamme,MSI::Milieu de gamme::c1
https://www.mytek.tn/pc-portable-gamer-msi-cyborg-15-a13ve-i5-13e-gen-16g-rtx4050.html,3379.0,PC Portable Gamer MSI Cyborg 15 A13VE i5 13è Gén 16G RTX4050,MSI,16.0,512.0,15.6,Intel,5.0,FreeDos,1,0,Milieu de gamme,MSI::Milieu de gamme::c0
https://www.mytek.tn/pc-portable-gamer-msi-cyborg-15-a13u-i7-13e-gen-16g-rtx-3050.html,3399.0,PC Portable Gamer MSI CYBORG 15 A13U i7 13è Gén 16G RTX 3050,MSI,16.0,512.0,15.6,Intel,7.0,Windows 11 Pro,1,0,Milieu de gamme,MSI::Milieu de gamme::c1
https://www.mytek.tn/pc-portable-gamer-msi-cyborg-15-a13ve-i7-13e-gen-16g-rtx4050.html,3479.0,PC Portable Gamer MSI Cyborg 15 A13VE i7 13è Gén 16G RTX4050,MSI,16.0,512.0,15.6,Intel,7.0,FreeDos,1,0,Milieu de gamme,MSI::Milieu de gamme::c1
https://www.mytek.tn/pc-portable-gamer-msi-cyborg-15-a13ve-i5-13e-gen-16go-rtx-4050.html,3499.0,PC Portable Gamer MSI Cyborg 15 A13VE i5 13è Gén 16Go RTX 4050,MSI,16.0,512.0,15.6,Intel,5.0,FreeDos,1,0,Milieu de gamme,MSI::Milieu de gamme::c0
https://www.mytek.tn/pc-portable-gamer-msi-cyborg-15-a13ve-i7-13e-gen-16go-rtx4050.html,3529.0,PC Portable Gamer MSI Cyborg 15 A13VE i7 13è Gén 16Go RTX4050,MSI,16.0,512.0,15.6,Intel,7.0,Windows 11 Pro,1,0,Milieu de gamme,MSI::Milieu de gamme::c1
https://www.mytek.tn/pc-portable-gamer-msi-cyborg-15-a13ve-i5-13e-gen-16go-rtx4050.html,3549.0,PC Portable Gamer MSI Cyborg 15 A13VE i5 13è Gén 16Go RTX4050,MSI,16.0,512.0,15.6,Intel,5.0,Windows 11 Pro,1,0,Milieu de gamme,MSI::Milieu de gamme::c2
https://www.mytek.tn/pc-portable-gamer-msi-cyborg-15-a13ve-i5-13eme-gen-16go-rtx4050.html,3569.0,PC Portable Gamer MSI Cyborg 15 A13VE i5 13ème Gén 16Go RTX4050,MSI,16.0,512.0,15.6,Intel,5.0,Windows 11 Pro,1,0,Milieu de gamme,MSI::Milieu de gamme::c2
https://www.mytek.tn/pc-portable-gamer-msi-cyborg-15-b2rw-intel-core-5-210h-8go-rtx-5060.html,3819.0,PC Portable Gamer MSI Cyborg 15 B2RW Intel Core 5 210H 8Go RTX 5060,MSI,8.0,512.0,15.6,Intel,5.0,FreeDos,1,0,Milieu de gamme,MSI::Milieu de gamme::c0
https://www.mytek.tn/pc-portable-gamer-msi-cyborg-15-a13u-i5-13e-gen-32go-rtx-3050.html,3909.0,PC Portable Gamer MSI CYBORG 15 A13U i5 13è Gén 32Go RTX 3050,MSI,32.0,512.0,15.6,Intel,5.0,FreeDos,1,0,Premium,MSI::Premium::c0
https://www.mytek.tn/pc-portable-gamer-msi-cyborg-17-b2rw-intel-core-5-210h-8go-rtx-5050.html,4099.0,PC Portable Gamer MSI Cyborg 17 B2RW Intel Core 5 210H 8Go RTX 5050,MSI,8.0,512.0,17.3,Intel,5.0,FreeDos,1,0,Premium,MSI::Premium::c0
https://www.mytek.tn/pc-portable-gamer-msi-cyborg-15-b2rw-intel-core-7-240h-8go-rtx-5060.html,4099.0,PC Portable Gamer MSI Cyborg 15 B2RW Intel Core 7 240H 8Go RTX 5060,MSI,8.0,512.0,15.6,Intel,7.0,FreeDos,1,0,Premium,MSI::Premium::c0
https://www.mytek.tn/pc-portable-gamer-msi-cyborg-15-a13u-i7-13e-gen-32go-rtx-3050.html,4149.0,PC Portable Gamer MSI CYBORG 15 A13U i7 13è Gén 32Go RTX 3050,MSI,32.0,512.0,15.6,Intel,7.0,FreeDos,1,0,Premium,MSI::Premium::c0
https://www.mytek.tn/pc-portable-gamer-msi-cyborg-15-b2rw-intel-core-7-240h-8g-rtx-5060.html,4149.0,PC Portable Gamer MSI Cyborg 15 B2RW Intel Core 7 240H 8G RTX 5060,MSI,8.0,512.0,15.6,Intel,7.0,Windows 11 Pro,1,0,Premium,MSI::Premium::c0
https://www.mytek.tn/pc-portable-gamer-msi-cyborg-15-b2rw-intel-core-5-210h-16go-rtx-5060.html,4219.0,PC Portable Gamer MSI Cyborg 15 B2RW Intel Core 5 210H 16Go RTX 5060,MSI,16.0,512.0,15.6,Intel,5.0,FreeDos,1,0,Premium,MSI::Premium::c0
https://www.mytek.tn/pc-portable-gamer-msi-cyborg-17-b2rw-intel-core-7-240h-8go-rtx-5050.html,4299.0,PC Portable Gamer MSI Cyborg 17 B2RW Intel Core 7 240H 8Go RTX 5050,MSI,8.0,512.0,17.3,Intel,7.0,FreeDos,1,0,Premium,MSI::Premium::c0
https://www.mytek.tn/pc-portable-gamer-msi-cyborg-17-b2rw-intel-core-5-210h-8go-rtx-5060.html,4299.0,PC Portable Gamer MSI Cyborg 17 B2RW Intel Core 5 210H 8Go RTX 5060,MSI,8.0,512.0,17.3,Intel,5.0,FreeDos,1,0,Premium,MSI::Premium::c0
https://www.mytek.tn/pc-portable-gamer-msi-cyborg-15-a13ve-i5-13e-gen-32go-rtx-4050.html,4299.0,PC Portable Gamer MSI Cyborg 15 A13VE i5 13è Gén 32Go RTX 4050,MSI,32.0,512.0,15.6,Intel,5.0,FreeDos,1,0,Premium,MSI::Premium::c0
https://www.mytek.tn/pc-portable-gamer-msi-cyborg-15-a13ve-i5-13e-gen-32g-rtx4050.html,4319.0,PC Portable Gamer MSI Cyborg 15 A13VE i5 13è Gén 32G RTX4050,MSI,32.0,512.0,15.6,Intel,5.0,FreeDos,1,0,Premium,MSI::Premium::c0
https://www.mytek.tn/pc-portable-gamer-msi-cyborg-15-a13ve-i7-13e-gen-32go-rtx4050.html,4359.0,PC Portable Gamer MSI Cyborg 15 A13VE i7 13è Gén 32Go RTX4050,MSI,32.0,512.0,15.6,Intel,7.0,Windows 11 Pro,1,0,Premium,MSI::Premium::c0
https://www.mytek.tn/pc-portable-gamer-msi-cyborg-17-b2rw-intel-core-7-240h-8go-rtx-5060.html,4499.0,PC Portable Gamer MSI Cyborg 17 B2RW Intel Core 7 240H 8Go RTX 5060,MSI,8.0,512.0,17.3,Intel,7.0,FreeDos,1,0,Premium,MSI::Premium::c0
https://www.mytek.tn/pc-portable-gamer-msi-cyborg-15-b2rw-intel-core-7-240h-16go-rtx-5060.html,4519.0,PC Portable Gamer MSI Cyborg 15 B2RW Intel Core 7 240H 16Go RTX 5060,MSI,16.0,512.0,15.6,Intel,7.0,FreeDos,1,0,Premium,MSI::Premium::c0
https://www.mytek.tn/pc-portable-gamer-msi-cyborg-17-b13w-i5-13e-gen-16g-rtx-5060.html,4735.0,PC Portable Gamer MSI Cyborg 17 B13W i5 13è Gén 16G RTX 5060,MSI,16.0,512.0,17.3,Intel,5.0,FreeDos,1,0,Premium,MSI::Premium::c0
https://www.mytek.tn/pc-portable-gamer-msi-cyborg-15-b13w-i7-13e-gen-16go-rtx-5060.html,4809.0,PC Portable Gamer MSI Cyborg 15 B13W i7 13è Gén 16Go RTX 5060,MSI,16.0,512.0,15.6,Intel,7.0,FreeDos,1,0,Premium,MSI::Premium::c0
https://www.mytek.tn/pc-portable-gamer-msi-cyborg-17-b2rw-intel-core-7-240h-16go-rtx-5060.html,4899.0,PC Portable Gamer MSI Cyborg 17 B2RW Intel Core 7 240H 16Go RTX 5060,MSI,16.0,512.0,17.3,Intel,7.0,FreeDos,1,0,Premium,MSI::Premium::c0
https://www.mytek.tn/pc-portable-gamer-msi-cyborg-17-b2rw-intel-core-5-210h-32go-rtx-5050.html,5299.0,PC Portable Gamer MSI Cyborg 17 B2RW Intel Core 5 210H 32Go RTX 5050,MSI,32.0,512.0,17.3,Intel,5.0,FreeDos,1,0,Premium,MSI::Premium::c0
https://www.mytek.tn/pc-portable-gamer-msi-cyborg-15-b2rw-intel-core-7-240h-32go-rtx-5060.html,5319.0,PC Portable Gamer MSI Cyborg 15 B2RW Intel Core 7 240H 32Go RTX 5060,MSI,32.0,512.0,15.6,Intel,7.0,FreeDos,1,0,Premium,MSI::Premium::c0
https://www.mytek.tn/pc-portable-gamer-msi-cyborg-17-b2rw-intel-core-5-210h-32go-rtx-5060.html,5499.0,PC Portable Gamer MSI Cyborg 17 B2RW Intel Core 5 210H 32Go RTX 5060,MSI,32.0,512.0,17.3,Intel,5.0,FreeDos,1,0,Premium,MSI::Premium::c0
https://www.mytek.tn/pc-portable-gamer-msi-cyborg-15-b13w-i7-13e-gen-16go-rtx-5070.html,5509.0,PC Portable Gamer MSI Cyborg 15 B13W i7 13è Gén 16Go RTX 5070,MSI,16.0,512.0,15.6,Intel,7.0,FreeDos,1,0,Premium,MSI::Premium::c0
https://www.mytek.tn/pc-portable-gamer-msi-cyborg-17-b2rw-intel-core-7-240h-32go-rtx-5060.html,5699.0,PC Portable Gamer MSI Cyborg 17 B2RW Intel Core 7 240H 32Go RTX 5060,MSI,32.0,512.0,17.3,Intel,7.0,FreeDos,1,0,Premium,MSI::Premium::c0
https://www.mytek.tn/pc-portable-gamer-msi-vector-16-hx-ai-a2xw-ultra-9-275hx-32go-rtx-5080.html,12359.0,PC Portable Gamer MSI Vector 16 HX AI A2XW Ultra 9 275HX 32Go RTX 5080,MSI,32.0,1024.0,16.0,Intel,0.0,Windows 11 Famille,1,0,Premium,MSI::Premium::c0
https://www.mytek.tn/pc-portable-asus-vivobook-go-15-intel-celeron-n4500-8go-256go-ssd-bleu.html,1299.0,PC Portable ASUS Vivobook Go 15 Intel Celeron N4500 8Go 256Go SSD - Bleu,ASUS,8.0,256.0,15.6,Intel,0.0,Windows 11 Famille,2,0,Économique,ASUS::Économique::c3
https://www.mytek.tn/pc-portable-asus-vivobook-go-15-intel-celeron-n4500-8g-256go-ssd-bleu.html,1339.0,PC Portable ASUS Vivobook Go 15 Intel Celeron N4500 8G 256Go SSD - Bleu,ASUS,8.0,256.0,15.6,Intel,0.0,Windows 11 Pro,2,0,Économique,ASUS::Économique::c3
https://www.mytek.tn/pc-portable-asus-vivobook-go-14-i3-n305-8go-256go-ssd-noir.html,1399.0,PC Portable ASUS Vivobook Go 14 I3-N305 8Go 256Go SSD - Noir,ASUS,8.0,256.0,14.0,Intel,3.0,Windows 11 Famille,2,0,Économique,ASUS::Économique::c3
https://www.mytek.tn/pc-portable-asus-vivobook-15-x1504va-i3-13eme-gen-8go-512go-ssd-bleu.html,1499.0,PC Portable ASUS Vivobook 15 X1504VA i3 13ème Gén 8Go 512Go SSD - Bleu,ASUS,8.0,512.0,15.6,Intel,3.0,Windows 11 Famille,2,0,Économique,ASUS::Économique::c0
https://www.mytek.tn/pc-portable-asus-vivobook-go-15-amd-ryzen-5-8g-512go-ssd-noir.html,1599.0,PC Portable ASUS Vivobook Go 15 AMD RYZEN 5 8G 512Go SSD - Noir,ASUS,8.0,512.0,15.6,AMD,0.0,Windows 11 Famille,2,1,Économique,ASUS::Économique::c1
https://www.mytek.tn/pc-portable-asus-vivobook-go-15-amd-ryzen-5-8go-512g-ssd-noir.html,1599.0,PC Portable ASUS Vivobook Go 15 AMD RYZEN 5 8Go 512G SSD - Noir,ASUS,8.0,512.0,15.6,AMD,0.0,Windows 11 Famille,2,1,Économique,ASUS::Économique::c1
https://www.mytek.tn/pc-portable-asus-vivobook-go-15-amd-ryzen-5-8go-512go-ssd-silver.html,1599.0,PC Portable ASUS Vivobook Go 15 AMD RYZEN 5 8Go 512Go SSD - Silver,ASUS,8.0,512.0,15.6,AMD,0.0,Windows 11 Famille,2,1,Économique,ASUS::Économique::c1
https://www.mytek.tn/pc-portable-asus-vivobook-15-m1502ya-amd-ryzen7-8go-512g-ssd-silver.html,1699.0,PC Portable ASUS Vivobook 15 M1502YA AMD RYZEN7 8Go 512G SSD - Silver,ASUS,8.0,512.0,15.6,AMD,0.0,Windows 11 Famille,2,1,Économique,ASUS::Économique::c1
https://www.mytek.tn/pc-portable-asus-vivobook-15-m1502ya-amd-ryzen7-8go-512g-ssd-bleu.html,1699.0,PC Portable ASUS Vivobook 15 M1502YA AMD RYZEN7 8Go 512G SSD - Bleu,ASUS,8.0,512.0,15.6,AMD,0.0,Windows 11 Famille,2,1,Économique,ASUS::Économique::c1
https://www.mytek.tn/pc-portable-asus-vivobook-15-x1504va-i3-13eme-gen-16go-512go-ssd-bleu.html,1705.0,PC Portable ASUS Vivobook 15 X1504VA i3 13ème Gén 16Go 512Go SSD - Bleu,ASUS,16.0,512.0,15.6,Intel,3.0,Windows 11 Famille,2,0,Économique,ASUS::Économique::c0
https://www.mytek.tn/pc-portable-asus-vivobook-15-x1502va-i5-13e-gen-8go-512go-ssd-silver.html,1799.0,PC Portable ASUS Vivobook 15 X1502VA i5 13è Gén 8Go 512Go SSD - Silver,ASUS,8.0,512.0,15.6,Intel,5.0,Windows 11 Famille,2,0,Économique,ASUS::Économique::c0
https://www.mytek.tn/pc-portable-asus-vivobook-15-x1502va-i5-13e-gen-8g-512g-ssd-bleu.html,1799.0,PC Portable ASUS Vivobook 15 X1502VA i5 13è Gén 8G 512G SSD - Bleu,ASUS,8.0,512.0,15.6,Intel,5.0,Windows 11 Famille,2,0,Économique,ASUS::Économique::c0
https://www.mytek.tn/pc-portable-asus-expertbook-p1503-i5-13e-gen-8g-512go-ssd-gris.html,1799.0,PC Portable ASUS ExpertBook P1503 i5 13è Gén 8G 512Go SSD - Gris,ASUS,8.0,512.0,15.6,Intel,5.0,FreeDos,2,0,Économique,ASUS::Économique::c2
https://www.mytek.tn/pc-portable-asus-vivobook-15-m1502ya-amd-ryzen7-12go-512g-ssd-silver.html,1819.0,PC Portable ASUS Vivobook 15 M1502YA AMD RYZEN7 12Go 512G SSD - Silver,ASUS,12.0,512.0,15.6,AMD,0.0,Windows 11 Famille,2,1,Économique,ASUS::Économique::c1
https://www.mytek.tn/pc-portable-asus-expertbook-p1503-i5-13eme-gen-8g-512go-ssd-gris.html,1859.0,PC Portable ASUS ExpertBook P1503 i5 13ème Gén 8G 512Go SSD - Gris,ASUS,8.0,512.0,15.6,Intel,5.0,FreeDos,2,0,Économique,ASUS::Économique::c2
https://www.mytek.tn/pc-portable-asus-vivobook-15-x1504va-intel-core-5-120u-8g-512g-ssd-silver.html,1899.0,PC Portable ASUS Vivobook 15 X1504VA Intel Core 5 120U 8G 512G SSD - Silver,ASUS,8.0,512.0,15.6,Intel,5.0,Windows 11 Famille,2,0,Économique,ASUS::Économique::c0
https://www.mytek.tn/pc-portable-asus-vivobook-go-15-amd-ryzen-5-16go-512go-ssd-noir.html,1899.0,PC Portable ASUS Vivobook Go 15 AMD RYZEN 5 16Go 512Go SSD - Noir,ASUS,16.0,512.0,15.6,AMD,0.0,Windows 11 Famille,2,1,Économique,ASUS::Économique::c1
https://www.mytek.tn/pc-portable-asus-vivobook-go-15-amd-ryzen-5-16go-1to-ssd-gris-vert.html,1899.0,PC Portable ASUS Vivobook Go 15 AMD RYZEN 5 16Go 1To SSD - Gris Vert,ASUS,16.0,1024.0,15.6,AMD,0.0,Windows 11 Famille,2,1,Économique,ASUS::Économique::c1
https://www.mytek.tn/pc-portable-asus-vivobook-15-x1504va-i3-13eme-gen-24g-512g-ssd-silver.html,1929.0,PC Portable ASUS Vivobook 15 X1504VA i3 13ème Gén 24G 512G SSD - Silver,ASUS,24.0,512.0,15.6,Intel,3.0,Windows 11 Famille,2,0,Économique,ASUS::Économique::c0
https://www.mytek.tn/pc-portable-asus-vivobook-15-x1504va-i3-13eme-gen-24go-512go-ssd-bleu.html,1929.0,PC Portable ASUS Vivobook 15 X1504VA i3 13ème Gén 24Go 512Go SSD - Bleu,ASUS,24.0,512.0,15.6,Intel,3.0,Windows 11 Famille,2,0,Économique,ASUS::Économique::c0
https://www.mytek.tn/pc-portable-asus-vivobook-15-m1502ya-amd-ryzen7-16go-512g-ssd-silver.html,1929.0,PC Portable ASUS Vivobook 15 M1502YA AMD RYZEN7 16Go 512G SSD - Silver,ASUS,16.0,512.0,15.6,AMD,0.0,Windows 11 Famille,2,1,Économique,ASUS::Économique::c1
https://www.mytek.tn/pc-portable-asus-vivobook-15-m1502ya-amd-ryzen7-16go-512g-ssd-bleu.html,1929.0,PC Portable ASUS Vivobook 15 M1502YA AMD RYZEN7 16Go 512G SSD - Bleu,ASUS,16.0,512.0,15.6,AMD,0.0,Windows 11 Famille,2,1,Économique,ASUS::Économique::c1
https://www.mytek.tn/pc-portable-asus-vivobook-15-m1502naq-amd-ryzen-5-8go-512go-ssd-bleu.html,1999.0,PC Portable ASUS Vivobook 15 M1502NAQ AMD RYZEN 5 8Go 512Go SSD - Bleu,ASUS,8.0,512.0,15.6,AMD,0.0,Windows 11 Famille,2,1,Économique,ASUS::Économique::c1
https://www.mytek.tn/pc-portable-asus-vivobook-15-x1502va-i5-13e-gen-16g-512g-ssd-bleu.html,2039.0,PC Portable ASUS Vivobook 15 X1502VA i5 13è Gén 16G 512G SSD - Bleu,ASUS,16.0,512.0,15.6,Intel,5.0,Windows 11 Famille,2,0,Économique,ASUS::Économique::c0
https://www.mytek.tn/pc-portable-asus-vivobook-15-x1502va-i5-13e-gen-16g-512g-ssd-silver.html,2039.0,PC Portable ASUS Vivobook 15 X1502VA i5 13è Gén 16G 512G SSD - Silver,ASUS,16.0,512.0,15.6,Intel,5.0,Windows 11 Famille,2,0,Économique,ASUS::Économique::c0
https://www.mytek.tn/pc-portable-asus-vivobook-15-x1502va-i7-13e-gen-8g-512g-ssd-bleu.html,2099.0,PC Portable ASUS Vivobook 15 X1502VA i7 13è Gén 8G 512G SSD - Bleu,ASUS,8.0,512.0,15.6,Intel,7.0,Windows 11 Famille,2,0,Économique,ASUS::Économique::c3
https://www.mytek.tn/pc-portable-asus-vivobook-15-x1502va-i7-13e-gen-8g-512g-ssd-silver.html,2099.0,PC Portable ASUS Vivobook 15 X1502VA i7 13è Gén 8G 512G SSD - Silver,ASUS,8.0,512.0,15.6,Intel,7.0,Windows 11 Famille,2,0,Économique,ASUS::Économique::c3
https://www.mytek.tn/pc-portable-asus-expertbook-p1503-i7-13e-gen-8go-512g-ssd-gris.html,2099.0,PC Portable ASUS ExpertBook P1503 i7 13è Gén 8Go 512G SSD - Gris,ASUS,8.0,512.0,15.6,Intel,7.0,FreeDos,2,0,Économique,ASUS::Économique::c2
https://www.mytek.tn/pc-portable-asus-expertbook-p1503-i7-13e-gen-8g-512g-ssd-gris.html,2139.0,PC Portable ASUS ExpertBook P1503 i7 13è Gén 8G 512G SSD - Gris,ASUS,8.0,512.0,15.6,Intel,7.0,Windows 11 Pro,2,0,Économique,ASUS::Économique::c3
https://www.mytek.tn/pc-portable-asus-vivobook-15-m1502ya-amd-ryzen7-24go-512g-ssd-silver.html,2159.0,PC Portable ASUS Vivobook 15 M1502YA AMD RYZEN7 24Go 512G SSD - Silver,ASUS,24.0,512.0,15.6,AMD,0.0,Windows 11 Famille,2,1,Économique,ASUS::Économique::c1
https://www.mytek.tn/pc-portable-asus-vivobook-15-m1502ya-amd-ryzen7-24go-512g-ssd-bleu.html,2159.0,PC Portable ASUS Vivobook 15 M1502YA AMD RYZEN7 24Go 512G SSD - Bleu,ASUS,24.0,512.0,15.6,AMD,0.0,Windows 11 Famille,2,1,Économique,ASUS::Économique::c1
https://www.mytek.tn/pc-portable-asus-vivobook-15-x1502va-i9-13e-gen-8go-512go-ssd-bleu.html,2199.0,PC Portable ASUS Vivobook 15 X1502VA i9 13è Gén 8Go 512Go SSD - Bleu,ASUS,8.0,512.0,15.6,Intel,9.0,Windows 11 Famille,2,0,Économique,ASUS::Économique::c3
https://www.mytek.tn/pc-portable-asus-vivobook-15-x1502va-i9-13e-gen-8g-512go-ssd-silver.html,2199.0,PC Portable ASUS Vivobook 15 X1502VA i9 13è Gén 8G 512Go SSD - Silver,ASUS,8.0,512.0,15.6,Intel,9.0,Windows 11 Famille,2,0,Économique,ASUS::Économique::c3
https://www.mytek.tn/pc-portable-asus-expertbook-p1503-i5-13e-gen-16g-512go-ssd-gris.html,2199.0,PC Portable ASUS ExpertBook P1503 i5 13è Gén 16G 512Go SSD - Gris,ASUS,16.0,512.0,15.6,Intel,5.0,FreeDos,2,0,Économique,ASUS::Économique::c2
https://www.mytek.tn/pc-portable-asus-vivobook-15-x1504va-intel-core-7-150u-8go-512go-ssd-silver.html,2199.0,PC Portable ASUS Vivobook 15 X1504VA Intel Core 7 150U 8Go 512Go SSD - Silver,ASUS,8.0,512.0,15.6,Intel,7.0,Windows 11 Famille,2,0,Économique,ASUS::Économique::c3
https://www.mytek.tn/pc-portable-asus-vivobook-15-oled-x1505va-i5-13e-gen-8g-512g-ssd-silver.html,2239.0,PC Portable ASUS Vivobook 15 OLED X1505VA i5 13è Gén 8G 512G SSD - Silver,ASUS,8.0,512.0,15.6,Intel,5.0,Windows 11 Famille,2,0,Économique,ASUS::Économique::c0
https://www.mytek.tn/pc-portable-asus-expertbook-p1503-i5-13eme-gen-16g-512go-ssd-gris.html,2259.0,PC Portable ASUS ExpertBook P1503 i5 13ème Gén 16G 512Go SSD - Gris,ASUS,16.0,512.0,15.6,Intel,5.0,FreeDos,2,0,Économique,ASUS::Économique::c2
https://www.mytek.tn/pc-portable-asus-vivobook-15-x1502va-i5-13e-gen-24g-512g-ssd-bleu.html,2269.0,PC Portable ASUS Vivobook 15 X1502VA i5 13è Gén 24G 512G SSD - Bleu,ASUS,24.0,512.0,15.6,Intel,5.0,Windows 11 Famille,2,0,Économique,ASUS::Économique::c0
https://www.mytek.tn/pc-portable-asus-vivobook-15-x1502va-i5-13e-gen-24g-512g-ssd-silver.html,2269.0,PC Portable ASUS Vivobook 15 X1502VA i5 13è Gén 24G 512G SSD - Silver,ASUS,24.0,512.0,15.6,Intel,5.0,Windows 11 Famille,2,0,Économique,ASUS::Économique::c0
https://www.mytek.tn/pc-portable-asus-vivobook-15-x1504va-intel-core-5-120u-16g-512g-ssd-silver.html,2295.0,PC Portable ASUS Vivobook 15 X1504VA Intel Core 5 120U 16G 512G SSD - Silver,ASUS,16.0,512.0,15.6,Intel,5.0,Windows 11 Famille,2,0,Économique,ASUS::Économique::c0
https://www.mytek.tn/pc-portable-asus-vivobook-15-x1502va-i7-13e-gen-16g-512g-ssd-bleu.html,2329.0,PC Portable ASUS Vivobook 15 X1502VA i7 13è Gén 16G 512G SSD - Bleu,ASUS,16.0,512.0,15.6,Intel,7.0,Windows 11 Famille,2,0,Économique,ASUS::Économique::c3
https://www.mytek.tn/pc-portable-asus-vivobook-15-x1502va-i7-13e-gen-16g-512g-ssd-silver.html,2329.0,PC Portable ASUS Vivobook 15 X1502VA i7 13è Gén 16G 512G SSD - Silver,ASUS,16.0,512.0,15.6,Intel,7.0,Windows 11 Famille,2,0,Économique,ASUS::Économique::c3
https://www.mytek.tn/pc-portable-gamer-asus-vivobook-16x-i5-13e-gen-8go-rtx3050.html,2339.0,PC Portable Gamer ASUS Vivobook 16X i5 13è Gén 8Go RTX3050,ASUS,8.0,512.0,16.0,Intel,5.0,Windows 11 Famille,2,0,Économique,ASUS::Économique::c0
https://www.mytek.tn/pc-portable-gamer-asus-vivobook-16x-i5-13e-gen-8go-rtx-3050.html,2339.0,PC Portable Gamer ASUS Vivobook 16X i5 13è Gén 8Go RTX 3050,ASUS,8.0,512.0,16.0,Intel,5.0,Windows 11 Famille,2,0,Économique,ASUS::Économique::c0
https://www.mytek.tn/pc-portable-gamer-asus-vivobook-16x-i5-13e-gen-8g-rtx3050.html,2389.0,PC Portable Gamer ASUS Vivobook 16X i5 13è Gén 8G RTX3050,ASUS,8.0,512.0,16.0,Intel,5.0,Windows 11 Pro,2,0,Milieu de gamme,ASUS::Milieu de gamme::c0
https://www.mytek.tn/pc-portable-gamer-asus-vivobook-16x-i5-13e-gen-8g-rtx-3050.html,2389.0,PC Portable Gamer ASUS Vivobook 16X i5 13è Gén 8G RTX 3050,ASUS,8.0,512.0,16.0,Intel,5.0,Windows 11 Pro,2,0,Milieu de gamme,ASUS::Milieu de gamme::c0
https://www.mytek.tn/pc-portable-asus-vivobook-15-x1502va-i7-13e-gen-8g-512go-ssd-silver.html,2399.0,PC Portable ASUS Vivobook 15 X1502VA i7 13è Gén 8G 512Go SSD - Silver,ASUS,8.0,512.0,15.6,Intel,7.0,Windows 11 Famille,2,0,Milieu de gamme,ASUS::Milieu de gamme::c0
https://www.mytek.tn/pc-portable-asus-vivobook-15-oled-x1505va-i5-13e-gen-16g-512g-ssd-silver.html,2399.0,PC Portable ASUS Vivobook 15 OLED X1505VA i5 13è Gén 16G 512G SSD - Silver,ASUS,16.0,512.0,15.6,Intel,5.0,Windows 11 Famille,2,0,Milieu de gamme,ASUS::Milieu de gamme::c0
https://www.mytek.tn/pc-portable-asus-vivobook-16-snapdragonr-x-x1-26-100-16g-512g-ssd-silver.html,2439.0,PC Portable ASUS Vivobook 16 Snapdragon® X X1 26 100 16G 512G SSD - Silver,ASUS,16.0,512.0,16.0,Qualcomm,0.0,Windows 11 Famille,2,1,Milieu de gamme,ASUS::Milieu de gamme::c1
https://www.mytek.tn/pc-portable-gamer-asus-vivobook-16x-i5-13e-gen-12go-rtx-3050.html,2445.0,PC Portable Gamer ASUS Vivobook 16X i5 13è Gén 12Go RTX 3050,ASUS,12.0,512.0,16.0,Intel,5.0,Windows 11 Famille,2,0,Milieu de gamme,ASUS::Milieu de gamme::c0
https://www.mytek.tn/pc-portable-gamer-asus-tuf-gaming-a15-amd-ryzen-5-8go-rtx-2050.html,2459.0,PC Portable Gamer ASUS TUF Gaming A15 AMD RYZEN 5 8Go RTX 2050,ASUS,8.0,512.0,15.6,AMD,5.0,Windows 11 Famille,2,1,Milieu de gamme,ASUS::Milieu de gamme::c1
https://www.mytek.tn/pc-portable-asus-expertbook-p1503-i7-13e-gen-16go-512g-ssd-gris.html,2499.0,PC Portable ASUS ExpertBook P1503 i7 13è Gén 16Go 512G SSD - Gris,ASUS,16.0,512.0,15.6,Intel,7.0,FreeDos,2,0,Milieu de gamme,ASUS::Milieu de gamme::c0
https://www.mytek.tn/pc-portable-gamer-asus-vivobook-16x-i5-13e-gen-16go-rtx3050.html,2549.0,PC Portable Gamer ASUS Vivobook 16X i5 13è Gén 16Go RTX3050,ASUS,16.0,512.0,16.0,Intel,5.0,Windows 11 Famille,2,0,Milieu de gamme,ASUS::Milieu de gamme::c0
https://www.mytek.tn/pc-portable-gamer-asus-vivobook-16x-i5-13e-gen-16go-rtx-3050.html,2549.0,PC Portable Gamer ASUS Vivobook 16X i5 13è Gén 16Go RTX 3050,ASUS,16.0,512.0,16.0,Intel,5.0,Windows 11 Famille,2,0,Milieu de gamme,ASUS::Milieu de gamme::c0
https://www.mytek.tn/pc-portable-asus-vivobook-15-x1502va-i7-13e-gen-24g-512g-ssd-silver.html,2559.0,PC Portable ASUS Vivobook 15 X1502VA i7 13è Gén 24G 512G SSD - Silver,ASUS,24.0,512.0,15.6,Intel,7.0,Windows 11 Famille,2,0,Milieu de gamme,ASUS::Milieu de gamme::c0
https://www.mytek.tn/pc-portable-asus-vivobook-15-x1502va-i7-13e-gen-24g-512g-ssd-bleu.html,2559.0,PC Portable ASUS Vivobook 15 X1502VA i7 13è Gén 24G 512G SSD - Bleu,ASUS,24.0,512.0,15.6,Intel,7.0,Windows 11 Famille,2,0,Milieu de gamme,ASUS::Milieu de gamme::c0
https://www.mytek.tn/pc-portable-asus-vivobook-15-x1502va-i9-13e-gen-16go-512go-ssd-bleu.html,2599.0,PC Portable ASUS Vivobook 15 X1502VA i9 13è Gén 16Go 512Go SSD - Bleu,ASUS,16.0,512.0,15.6,Intel,9.0,Windows 11 Famille,2,0,Milieu de gamme,ASUS::Milieu de gamme::c0
https://www.mytek.tn/pc-portable-asus-vivobook-15-x1502va-i9-13e-gen-16g-512go-ssd-silver.html,2599.0,PC Portable ASUS Vivobook 15 X1502VA i9 13è Gén 16G 512Go SSD - Silver,ASUS,16.0,512.0,15.6,Intel,9.0,Windows 11 Famille,2,0,Milieu de gamme,ASUS::Milieu de gamme::c0
https://www.mytek.tn/pc-portable-asus-vivobook-15-x1504va-intel-core-7-150u-16go-512go-ssd-silver.html,2599.0,PC Portable ASUS Vivobook 15 X1504VA Intel Core 7 150U 16Go 512Go SSD - Silver,ASUS,16.0,512.0,15.6,Intel,7.0,Windows 11 Famille,2,0,Milieu de gamme,ASUS::Milieu de gamme::c0
https://www.mytek.tn/pc-portable-gamer-asus-vivobook-16x-i5-13e-gen-16g-rtx3050.html,2599.0,PC Portable Gamer ASUS Vivobook 16X i5 13è Gén 16G RTX3050,ASUS,16.0,512.0,16.0,Intel,5.0,Windows 11 Pro,2,0,Milieu de gamme,ASUS::Milieu de gamme::c0
https://www.mytek.tn/pc-portable-gamer-asus-vivobook-16x-i5-13e-gen-16g-rtx-3050.html,2599.0,PC Portable Gamer ASUS Vivobook 16X i5 13è Gén 16G RTX 3050,ASUS,16.0,512.0,16.0,Intel,5.0,Windows 11 Pro,2,0,Milieu de gamme,ASUS::Milieu de gamme::c0
https://www.mytek.tn/pc-portable-asus-vivobook-15-oled-x1505va-i5-13e-gen-24g-512g-ssd-silver.html,2609.0,PC Portable ASUS Vivobook 15 OLED X1505VA i5 13è Gén 24G 512G SSD - Silver,ASUS,24.0,512.0,15.6,Intel,5.0,Windows 11 Famille,2,0,Milieu de gamme,ASUS::Milieu de gamme::c0
https://www.mytek.tn/pc-portable-gamer-asus-v16-v3607vj-intel-core-5-210h-8go-rtx-3050.html,2739.0,PC Portable Gamer ASUS V16 V3607VJ Intel Core 5 210H 8Go RTX 3050,ASUS,8.0,512.0,16.0,Intel,5.0,FreeDos,2,0,Milieu de gamme,ASUS::Milieu de gamme::c0
https://www.mytek.tn/pc-portable-gamer-asus-v16-v3607vj-intel-core-5-210h-8g-rtx-3050.html,2739.0,PC Portable Gamer ASUS V16 V3607VJ Intel Core 5 210H 8G RTX 3050,ASUS,8.0,512.0,16.0,Intel,5.0,Windows 11 Pro,2,0,Milieu de gamme,ASUS::Milieu de gamme::c0
https://www.mytek.tn/pc-portable-gamer-asus-vivobook-16x-i5-13e-gen-24go-rtx3050.html,2749.0,PC Portable Gamer ASUS Vivobook 16X i5 13è Gén 24Go RTX3050,ASUS,24.0,512.0,16.0,Intel,5.0,Windows 11 Famille,2,0,Milieu de gamme,ASUS::Milieu de gamme::c0
https://www.mytek.tn/pc-portable-gamer-asus-vivobook-16x-i5-13e-gen-24go-rtx-3050.html,2749.0,PC Portable Gamer ASUS Vivobook 16X i5 13è Gén 24Go RTX 3050,ASUS,24.0,512.0,16.0,Intel,5.0,Windows 11 Famille,2,0,Milieu de gamme,ASUS::Milieu de gamme::c0
https://www.mytek.tn/pc-portable-gamer-asus-vivobook-16x-i5-13e-gen-24g-rtx3050.html,2799.0,PC Portable Gamer ASUS Vivobook 16X i5 13è Gén 24G RTX3050,ASUS,24.0,512.0,16.0,Intel,5.0,Windows 11 Pro,2,0,Milieu de gamme,ASUS::Milieu de gamme::c0
https://www.mytek.tn/pc-portable-gamer-asus-vivobook-16x-i5-13e-gen-24g-rtx-3050.html,2799.0,PC Portable Gamer ASUS Vivobook 16X i5 13è Gén 24G RTX 3050,ASUS,24.0,512.0,16.0,Intel,5.0,Windows 11 Pro,2,0,Milieu de gamme,ASUS::Milieu de gamme::c0
https://www.mytek.tn/pc-portable-gamer-asus-v16-v3607vj-intel-core-7-240h-8go-rtx-3050.html,2829.0,PC Portable Gamer ASUS V16 V3607VJ Intel Core 7 240H 8Go RTX 3050,ASUS,8.0,512.0,16.0,Intel,7.0,FreeDos,2,0,Milieu de gamme,ASUS::Milieu de gamme::c0
https://www.mytek.tn/pc-portable-gamer-asus-v16-v3607vj-intel-core-7-240h-8g-rtx-3050.html,2829.0,PC Portable Gamer ASUS V16 V3607VJ Intel Core 7 240H 8G RTX 3050,ASUS,8.0,512.0,16.0,Intel,7.0,Windows 11 Pro,2,0,Milieu de gamme,ASUS::Milieu de gamme::c0
https://www.mytek.tn/pc-portable-asus-expertbook-p5-ultra-5-226v-16go-512go-ssd-gris.html,2969.0,PC Portable ASUS ExpertBook P5 Ultra 5 226V 16Go 512Go SSD - Gris,ASUS,16.0,512.0,14.0,Intel,0.0,FreeDos,2,0,Milieu de gamme,ASUS::Milieu de gamme::c0
https://www.mytek.tn/pc-portable-asus-vivobook-15-x1502va-i9-13e-gen-24go-512go-ssd-bleu.html,2999.0,PC Portable ASUS Vivobook 15 X1502VA i9 13è Gén 24Go 512Go SSD - Bleu,ASUS,24.0,512.0,15.6,Intel,9.0,Windows 11 Famille,2,0,Milieu de gamme,ASUS::Milieu de gamme::c0
https://www.mytek.tn/pc-portable-asus-vivobook-15-x1502va-i9-13e-gen-24g-512go-ssd-silver.html,2999.0,PC Portable ASUS Vivobook 15 X1502VA i9 13è Gén 24G 512Go SSD - Silver,ASUS,24.0,512.0,15.6,Intel,9.0,Windows 11 Famille,2,0,Milieu de gamme,ASUS::Milieu de gamme::c0
https://www.mytek.tn/pc-portable-asus-vivobook-16-x1605va-intel-core-9-270h-16go-512go-ssd-noir.html,3059.0,PC Portable ASUS Vivobook 16 X1605VA Intel Core 9 270H 16Go 512Go SSD - Noir,ASUS,16.0,512.0,16.0,Intel,9.0,Windows 11 Famille,2,0,Milieu de gamme,ASUS::Milieu de gamme::c0
https://www.mytek.tn/pc-portable-gamer-asus-tuf-gaming-a15-amd-ryzen-7-8g-rtx-3050.html,3069.0,PC Portable Gamer ASUS TUF Gaming A15 AMD RYZEN 7 8G RTX 3050,ASUS,8.0,512.0,15.6,AMD,0.0,Windows 11 Famille,2,1,Milieu de gamme,ASUS::Milieu de gamme::c1
https://www.mytek.tn/pc-portable-gamer-asus-v16-v3607vu-intel-core-5-210h-8g-rtx4050.html,3099.0,PC Portable Gamer ASUS V16 V3607VU Intel Core 5 210H 8G RTX4050,ASUS,8.0,512.0,16.0,Intel,5.0,Windows 11 Pro (Offert),2,0,Milieu de gamme,ASUS::Milieu de gamme::c0
https://www.mytek.tn/pc-portable-gamer-asus-v16-v3607vj-intel-core-5-210h-16go-rtx-3050.html,3139.0,PC Portable Gamer ASUS V16 V3607VJ Intel Core 5 210H 16Go RTX 3050,ASUS,16.0,512.0,16.0,Intel,5.0,FreeDos,2,0,Milieu de gamme,ASUS::Milieu de gamme::c0
https://www.mytek.tn/pc-portable-gamer-asus-v16-v3607vj-intel-core-5-210h-16g-rtx-3050.html,3139.0,PC Portable Gamer ASUS V16 V3607VJ Intel Core 5 210H 16G RTX 3050,ASUS,16.0,512.0,16.0,Intel,5.0,Windows 11 Pro,2,0,Milieu de gamme,ASUS::Milieu de gamme::c0
https://www.mytek.tn/pc-portable-gamer-asus-tuf-gaming-a15-amd-ryzen-7-16g-rtx3050.html,3179.0,PC Portable Gamer ASUS TUF Gaming A15 AMD RYZEN 7 16G RTX3050,ASUS,16.0,512.0,15.6,AMD,0.0,Windows 11 Famille,2,1,Milieu de gamme,ASUS::Milieu de gamme::c1
https://www.mytek.tn/pc-portable-asus-vivobook-s16-amd-ryzen-9-16go-512go-ssd-silver.html,3199.0,PC Portable ASUS Vivobook S16 AMD RYZEN 9 16Go 512Go SSD - Silver,ASUS,16.0,512.0,16.0,AMD,0.0,Windows 11 Famille,2,1,Milieu de gamme,ASUS::Milieu de gamme::c1
https://www.mytek.tn/pc-portable-gamer-asus-v16-v3607vj-intel-core-7-240h-16go-rtx-3050.html,3229.0,PC Portable Gamer ASUS V16 V3607VJ Intel Core 7 240H 16Go RTX 3050,ASUS,16.0,512.0,16.0,Autre,0.0,FreeDos,2,1,Milieu de gamme,ASUS::Milieu de gamme::c1
https://www.mytek.tn/pc-portable-gamer-asus-v16-v3607vj-intel-core-7-240h-16g-rtx-3050.html,3229.0,PC Portable Gamer ASUS V16 V3607VJ Intel Core 7 240H 16G RTX 3050,ASUS,16.0,512.0,16.0,Autre,0.0,Windows 11 Pro,2,1,Milieu de gamme,ASUS::Milieu de gamme::c1
https://www.mytek.tn/pc-portable-gamer-asus-v16-v3607vu-intel-core-7-240h-8g-rtx-4050.html,3299.0,PC Portable Gamer ASUS V16 V3607VU Intel Core 7 240H 8G RTX 4050,ASUS,8.0,512.0,16.0,Intel,7.0,FreeDos,2,0,Milieu de gamme,ASUS::Milieu de gamme::c0
https://www.mytek.tn/pc-portable-gamer-asus-tuf-gaming-f16-intel-core-5-210h-8g-rtx-3050.html,3299.0,PC Portable Gamer ASUS TUF Gaming F16 Intel Core 5 210H 8G RTX 3050,ASUS,8.0,512.0,16.0,Intel,5.0,FreeDos,2,0,Milieu de gamme,ASUS::Milieu de gamme::c0
https://www.mytek.tn/pc-portable-gamer-asus-v16-v3607vu-intel-core-7-240h-8go-rtx4050.html,3299.0,PC Portable Gamer ASUS V16 V3607VU Intel Core 7 240H 8Go RTX4050,ASUS,8.0,512.0,16.0,Intel,7.0,Windows 11 Pro (Offert),2,0,Milieu de gamme,ASUS::Milieu de gamme::c0
https://www.mytek.tn/pc-portable-gamer-asus-tuf-gaming-f16-i7-13e-gen-8go-rtx-4050.html,3499.0,PC Portable Gamer ASUS TUF Gaming F16 i7 13è Gén 8Go RTX 4050,ASUS,8.0,512.0,16.0,Intel,7.0,Windows 11 Famille,2,0,Milieu de gamme,ASUS::Milieu de gamme::c0
https://www.mytek.tn/pc-portable-gamer-asus-tuf-gaming-a15-amd-ryzen-7-16go-rtx3050.html,3499.0,PC Portable Gamer ASUS TUF Gaming A15 AMD RYZEN 7 16Go RTX3050,ASUS,16.0,512.0,15.6,AMD,0.0,Windows 11 Famille,2,1,Milieu de gamme,ASUS::Milieu de gamme::c1
https://www.mytek.tn/pc-portable-gamer-asus-v16-v3607vu-intel-core-5-210h-16g-rtx4050.html,3499.0,PC Portable Gamer ASUS V16 V3607VU Intel Core 5 210H 16G RTX4050,ASUS,16.0,512.0,16.0,Intel,5.0,FreeDos,2,0,Milieu de gamme,ASUS::Milieu de gamme::c0
https://www.mytek.tn/pc-portable-gamer-asus-v16-v3607vu-intel-core-5-210h-16go-rtx4050.html,3499.0,PC Portable Gamer ASUS V16 V3607VU Intel Core 5 210H 16Go RTX4050,ASUS,16.0,512.0,16.0,Intel,5.0,Windows 11 Pro (Offert),2,0,Milieu de gamme,ASUS::Milieu de gamme::c0
https://www.mytek.tn/pc-portable-gamer-asus-tuf-gaming-f16-intel-core-5-210h-8go-rtx-3050.html,3529.0,PC Portable Gamer ASUS TUF Gaming F16 Intel Core 5 210H 8Go RTX 3050,ASUS,8.0,512.0,16.0,Intel,5.0,Windows 11 Famille,2,0,Milieu de gamme,ASUS::Milieu de gamme::c0
https://www.mytek.tn/pc-portable-gamer-asus-tuf-gaming-f16-intel-core-5-210h-8go-rtx-4050.html,3599.0,PC Portable Gamer ASUS TUF Gaming F16 Intel Core 5 210H 8Go RTX 4050,ASUS,8.0,512.0,16.0,Intel,5.0,Windows 11 Famille,2,0,Premium,ASUS::Premium::c2
https://www.mytek.tn/pc-portable-gamer-asus-tuf-gaming-a15-amd-ryzen-7-24g-rtx3050.html,3599.0,PC Portable Gamer ASUS TUF Gaming A15 AMD RYZEN 7 24G RTX3050,ASUS,24.0,512.0,15.6,AMD,0.0,Windows 11 Famille,2,1,Premium,ASUS::Premium::c0
https://www.mytek.tn/pc-portable-asus-vivobook-s16-amd-ryzen-9-32go-1to-ssd-gris.html,3689.0,PC Portable ASUS Vivobook S16 AMD RYZEN 9 32Go 1To SSD - Gris,ASUS,32.0,1024.0,16.0,AMD,0.0,Windows 11 Famille,2,1,Premium,ASUS::Premium::c0
https://www.mytek.tn/pc-portable-gamer-asus-v16-v3607vu-intel-core-7-240h-16go-rtx4050.html,3699.0,PC Portable Gamer ASUS V16 V3607VU Intel Core 7 240H 16Go RTX4050,ASUS,16.0,512.0,16.0,Intel,7.0,Windows 11 Pro (Offert),2,0,Premium,ASUS::Premium::c1
https://www.mytek.tn/pc-portable-asus-vivobook-14-flip-ultra-7-256v-16go-512go-ssd-gris.html,3749.0,PC Portable ASUS Vivobook 14 Flip Ultra 7 256V 16Go 512Go SSD - Gris,ASUS,16.0,512.0,14.0,Intel,0.0,Windows 11 Famille,2,0,Premium,ASUS::Premium::c3
https://www.mytek.tn/pc-portable-gamer-asus-tuf-gaming-a15-amd-ryzen-7-32g-rtx3050.html,3879.0,PC Portable Gamer ASUS TUF Gaming A15 AMD RYZEN 7 32G RTX3050,ASUS,32.0,512.0,15.6,AMD,0.0,Windows 11 Famille,2,1,Premium,ASUS::Premium::c0
https://www.mytek.tn/pc-portable-gamer-asus-tuf-gaming-f16-i7-13e-gen-16go-rtx-4050.html,3899.0,PC Portable Gamer ASUS TUF Gaming F16 i7 13è Gén 16Go RTX 4050,ASUS,16.0,512.0,16.0,Intel,7.0,Windows 11 Famille,2,0,Premium,ASUS::Premium::c2
https://www.mytek.tn/pc-portable-gamer-asus-v16-v3607vu-intel-core-5-210h-24g-rtx4050.html,3899.0,PC Portable Gamer ASUS V16 V3607VU Intel Core 5 210H 24G RTX4050,ASUS,24.0,512.0,16.0,Intel,5.0,FreeDos,2,0,Premium,ASUS::Premium::c1
https://www.mytek.tn/pc-portable-gamer-asus-v16-v3607vu-intel-core-5-210h-24go-rtx4050.html,3899.0,PC Portable Gamer ASUS V16 V3607VU Intel Core 5 210H 24Go RTX4050,ASUS,24.0,512.0,16.0,Intel,5.0,Windows 11 Pro (Offert),2,0,Premium,ASUS::Premium::c1
https://www.mytek.tn/pc-portable-gamer-asus-tuf-gaming-f16-intel-core-5-210h-16go-rtx-3050.html,3929.0,PC Portable Gamer ASUS TUF Gaming F16 Intel Core 5 210H 16Go RTX 3050,ASUS,16.0,512.0,16.0,Intel,5.0,Windows 11 Famille,2,0,Premium,ASUS::Premium::c2
https://www.mytek.tn/pc-portable-gamer-asus-v16-v3607vj-intel-core-5-210h-32go-rtx-3050.html,3945.0,PC Portable Gamer ASUS V16 V3607VJ Intel Core 5 210H 32Go RTX 3050,ASUS,32.0,512.0,16.0,Intel,5.0,FreeDos,2,0,Premium,ASUS::Premium::c1
https://www.mytek.tn/pc-portable-gamer-asus-v16-v3607vj-intel-core-5-210h-32g-rtx-3050.html,3945.0,PC Portable Gamer ASUS V16 V3607VJ Intel Core 5 210H 32G RTX 3050,ASUS,32.0,512.0,16.0,Intel,5.0,Windows 11 Pro,2,0,Premium,ASUS::Premium::c1
https://www.mytek.tn/pc-portable-gamer-asus-v16-v3607vj-intel-core-7-240h-32go-rtx-3050.html,3969.0,PC Portable Gamer ASUS V16 V3607VJ Intel Core 7 240H 32Go RTX 3050,ASUS,32.0,512.0,16.0,Intel,7.0,FreeDos,2,0,Premium,ASUS::Premium::c1
https://www.mytek.tn/pc-portable-gamer-asus-tuf-gaming-a15-amd-ryzen-7-32g-rtx-3050.html,3969.0,PC Portable Gamer ASUS TUF Gaming A15 AMD RYZEN 7 32G RTX 3050,ASUS,32.0,512.0,15.6,AMD,0.0,Windows 11 Famille,2,1,Premium,ASUS::Premium::c0
https://www.mytek.tn/pc-portable-gamer-asus-v16-v3607vj-intel-core-7-240h-32g-rtx-3050.html,3969.0,PC Portable Gamer ASUS V16 V3607VJ Intel Core 7 240H 32G RTX 3050,ASUS,32.0,512.0,16.0,Intel,7.0,Windows 11 Pro,2,0,Premium,ASUS::Premium::c1
https://www.mytek.tn/pc-portable-gamer-asus-tuf-gaming-f16-i5-13e-gen-16go-rtx-5050.html,3999.0,PC Portable Gamer ASUS TUF Gaming F16 i5 13è Gén 16Go RTX 5050,ASUS,16.0,512.0,16.0,Intel,5.0,Windows 11 Famille,2,0,Premium,ASUS::Premium::c2
https://www.mytek.tn/pc-portable-gamer-asus-tuf-gaming-f16-intel-core-5-210h-16go-rtx-4050.html,4009.0,PC Portable Gamer ASUS TUF Gaming F16 Intel Core 5 210H 16Go RTX 4050,ASUS,16.0,512.0,16.0,Intel,5.0,Windows 11 Famille,2,0,Premium,ASUS::Premium::c2
https://www.mytek.tn/pc-portable-gamer-asus-v16-v3607vu-intel-core-7-240h-24g-rtx4050.html,4019.0,PC Portable Gamer ASUS V16 V3607VU Intel Core 7 240H 24G RTX4050,ASUS,24.0,512.0,16.0,Intel,7.0,FreeDos,2,0,Premium,ASUS::Premium::c1
https://www.mytek.tn/pc-portable-gamer-asus-v16-v3607vu-intel-core-7-240h-24go-rtx4050.html,4019.0,PC Portable Gamer ASUS V16 V3607VU Intel Core 7 240H 24Go RTX4050,ASUS,24.0,512.0,16.0,Intel,7.0,Windows 11 Pro (Offert),2,0,Premium,ASUS::Premium::c1
https://www.mytek.tn/pc-portable-asus-zenbook-a14-snapdragonr-x-x1-26-100-32go-1to-ssd-beige.html,4119.0,Pc Portable ASUS Zenbook A14 Snapdragon® X X1 26 100 32Go 1To SSD - Beige,ASUS,32.0,1024.0,14.0,Qualcomm,0.0,Windows 11 Famille,2,1,Premium,ASUS::Premium::c3
https://www.mytek.tn/pc-portable-gamer-asus-tuf-gaming-f16-i7-13e-gen-24go-rtx-4050.html,4299.0,PC Portable Gamer ASUS TUF Gaming F16 i7 13è Gén 24Go RTX 4050,ASUS,24.0,512.0,16.0,Intel,7.0,Windows 11 Famille,2,0,Premium,ASUS::Premium::c2
https://www.mytek.tn/pc-portable-gamer-asus-tuf-gaming-a15-amd-ryzen-7-32go-rtx3050.html,4329.0,PC Portable Gamer ASUS TUF Gaming A15 AMD RYZEN 7 32Go RTX3050,ASUS,32.0,512.0,15.6,AMD,0.0,Windows 11 Famille,2,1,Premium,ASUS::Premium::c0
https://www.mytek.tn/pc-portable-asus-zenbook-14-ultra-7-255h-16go-1to-ssd-silver.html,4369.0,Pc Portable ASUS ZenBook 14 Ultra 7 255H 16Go 1To SSD - Silver,ASUS,16.0,1024.0,14.0,Intel,0.0,Windows 11 Famille,2,0,Premium,ASUS::Premium::c3
https://www.mytek.tn/pc-portable-asus-vivobook-s14-ultra-7-256v-16go-1to-ssd-bleu.html,4379.0,PC Portable ASUS Vivobook S14 Ultra 7 256V 16Go 1To SSD - Bleu,ASUS,16.0,1024.0,14.0,Intel,0.0,Windows 11 Famille,2,0,Premium,ASUS::Premium::c3
https://www.mytek.tn/pc-portable-gamer-asus-tuf-gaming-f16-i5-13e-gen-24go-rtx-5050.html,4429.0,PC Portable Gamer ASUS TUF Gaming F16 i5 13è Gén 24Go RTX 5050,ASUS,24.0,512.0,16.0,Intel,5.0,Windows 11 Famille,2,0,Premium,ASUS::Premium::c2
https://www.mytek.tn/pc-portable-gamer-asus-tuf-gaming-f16-i5-13e-gen-16go-rtx-5060.html,4499.0,PC Portable Gamer ASUS TUF Gaming F16 i5 13è Gén 16Go RTX 5060,ASUS,16.0,512.0,16.0,Intel,5.0,Windows 11 Famille,2,0,Premium,ASUS::Premium::c2
https://www.mytek.tn/pc-portable-gamer-asus-tuf-gaming-f16-intel-core-5-210h-24go-rtx-4050.html,4539.0,PC Portable Gamer ASUS TUF Gaming F16 Intel Core 5 210H 24Go RTX 4050,ASUS,24.0,512.0,16.0,Intel,5.0,Windows 11 Famille,2,0,Premium,ASUS::Premium::c2
https://www.mytek.tn/pc-portable-asus-tuf-gaming-a14-amd-ryzen-ai-7-16go-rtx-5050.html,4599.0,PC Portable ASUS TUF Gaming A14 AMD Ryzen AI 7 16Go RTX 5050,ASUS,16.0,1024.0,14.0,AMD,0.0,Windows 11 Famille,2,1,Premium,ASUS::Premium::c3
https://www.mytek.tn/pc-portable-gamer-asus-tuf-gaming-f16-i5-13e-gen-16g-rtx-5050.html,4599.0,PC Portable Gamer ASUS TUF Gaming F16 i5 13è Gén 16G RTX 5050,ASUS,16.0,512.0,16.0,Intel,5.0,Windows 11 Famille,2,0,Premium,ASUS::Premium::c2
https://www.mytek.tn/pc-portable-gamer-asus-tuf-gaming-f16-i7-13e-gen-32go-rtx-4050.html,4699.0,PC Portable Gamer ASUS TUF Gaming F16 i7 13è Gén 32Go RTX 4050,ASUS,32.0,512.0,16.0,Intel,7.0,Windows 11 Famille,2,0,,
https://www.mytek.tn/pc-portable-gamer-asus-tuf-gaming-f16-i5-13e-gen-24go-rtx-5060.html,4715.0,PC Portable Gamer ASUS TUF Gaming F16 i5 13è Gén 24Go RTX 5060,ASUS,24.0,512.0,16.0,Intel,5.0,Windows 11 Famille,2,0,Premium,ASUS::Premium::c2
https://www.mytek.tn/pc-portable-gamer-asus-tuf-gaming-f16-i5-13e-gen-32go-rtx-5050.html,4829.0,PC Portable Gamer ASUS TUF Gaming F16 i5 13è Gén 32Go RTX 5050,ASUS,32.0,512.0,16.0,Intel,5.0,Windows 11 Famille,2,0,Premium,ASUS::Premium::c2
https://www.mytek.tn/pc-portable-gamer-asus-tuf-gaming-f16-i5-13e-gen-16g-rtx-5060.html,4905.0,PC Portable Gamer ASUS TUF Gaming F16 i5 13è Gén 16G RTX 5060,ASUS,16.0,1024.0,16.0,Intel,5.0,Windows 11 Famille,2,0,Premium,ASUS::Premium::c2
https://www.mytek.tn/pc-portable-gamer-asus-tuf-gaming-f16-i5-13e-gen-32go-rtx-5060.html,4919.0,PC Portable Gamer ASUS TUF Gaming F16 i5 13è Gén 32Go RTX 5060,ASUS,32.0,512.0,16.0,Intel,5.0,Windows 11 Famille,2,0,Premium,ASUS::Premium::c2
https://www.mytek.tn/pc-portable-gamer-asus-tuf-gaming-a16-amd-ryzen-7-16go-rtx-5070.html,5089.0,PC Portable Gamer ASUS TUF Gaming A16 AMD RYZEN 7 16Go RTX 5070,ASUS,16.0,512.0,16.0,AMD,0.0,FreeDos,2,1,Premium,ASUS::Premium::c0
https://www.mytek.tn/pc-portable-gamer-asus-tuf-gaming-f16-i5-14e-gen-16go-rtx-5050.html,5095.0,PC Portable Gamer ASUS TUF Gaming F16 i5 14è Gén 16Go RTX 5050,ASUS,16.0,1024.0,16.0,Intel,5.0,Windows 11 Famille,2,0,Premium,ASUS::Premium::c2
https://www.mytek.tn/pc-portable-asus-zenbook-s-14-ultra-7-256v-16g-1to-ssd-blanc.html,5299.0,Pc Portable ASUS Zenbook S 14 Ultra 7 256V 16G 1To SSD - Blanc,ASUS,16.0,1024.0,14.0,Intel,0.0,Windows 11 Famille,2,0,Premium,ASUS::Premium::c3
https://www.mytek.tn/pc-portable-gamer-asus-tuf-gaming-f16-i7-14e-gen-16go-rtx-5050.html,5399.0,PC Portable Gamer ASUS TUF Gaming F16 i7 14è Gén 16Go RTX 5050,ASUS,16.0,1024.0,16.0,Intel,7.0,Windows 11 Famille,2,0,Premium,ASUS::Premium::c2
https://www.mytek.tn/pc-portable-gamer-asus-tuf-gaming-f16-i7-14e-gen-16g-rtx-5050.html,5589.0,PC Portable Gamer ASUS TUF Gaming F16 i7 14è Gén 16G RTX 5050,ASUS,16.0,1024.0,16.0,Intel,7.0,Windows 11 Famille,2,0,Premium,ASUS::Premium::c2
https://www.mytek.tn/pc-portable-asus-tuf-gaming-a14-amd-ryzen-ai-9-16go-rtx-4060.html,5599.0,PC Portable ASUS TUF Gaming A14 AMD Ryzen AI 9 16Go RTX 4060,ASUS,16.0,1024.0,14.0,AMD,0.0,Windows 11 Famille,2,1,Premium,ASUS::Premium::c3
https://www.mytek.tn/pc-portable-gamer-asus-tuf-gaming-a16-amd-ryzen-7-16g-rtx-5050.html,5769.0,PC Portable Gamer ASUS TUF Gaming A16 AMD RYZEN 7 16G RTX 5050,ASUS,16.0,1024.0,16.0,AMD,0.0,Windows 11 Famille,2,1,Premium,ASUS::Premium::c0
https://www.mytek.tn/pc-portable-gamer-asus-tuf-gaming-f16-i7-14e-gen-16go-rtx-5060.html,5879.0,PC Portable Gamer ASUS TUF Gaming F16 i7 14è Gén 16Go RTX 5060,ASUS,16.0,1024.0,16.0,Intel,7.0,Windows 11 Famille,2,0,Premium,ASUS::Premium::c2
https://www.mytek.tn/pc-portable-asus-tuf-gaming-a14-amd-ryzen-ai-7-16go-rtx-5060.html,5929.0,PC Portable ASUS TUF Gaming A14 AMD Ryzen AI 7 16Go RTX 5060,ASUS,16.0,1024.0,14.0,AMD,0.0,Windows 11 Famille,2,1,Premium,ASUS::Premium::c3
https://www.mytek.tn/pc-portable-asus-zenbook-14-ultra-9-285h-32g-1to-ssd-silver.html,6259.0,Pc Portable ASUS ZenBook 14 Ultra 9 285H 32G 1To SSD - Silver,ASUS,32.0,1024.0,14.0,Intel,0.0,Windows 11 Famille,2,0,Premium,ASUS::Premium::c3
https://www.mytek.tn/pc-portable-gamer-asus-tuf-gaming-f16-i7-14e-gen-32go-rtx-5060.html,6729.0,PC Portable Gamer ASUS TUF Gaming F16 i7 14è Gén 32Go RTX 5060,ASUS,32.0,1024.0,16.0,Intel,7.0,Windows 11 Famille,2,0,Premium,ASUS::Premium::c2
https://www.mytek.tn/pc-portable-gamer-asus-tuf-gaming-f16-i7-14e-gen-16go-rtx-5070.html,6959.0,PC Portable Gamer ASUS TUF Gaming F16 i7 14è Gén 16Go RTX 5070,ASUS,16.0,1024.0,16.0,Intel,7.0,Windows 11 Famille,2,0,Premium,ASUS::Premium::c2
https://www.mytek.tn/pc-portable-gamer-asus-tuf-gaming-a16-amd-ryzen-9-32go-rtx-5070.html,7649.0,PC Portable Gamer ASUS TUF Gaming A16 AMD RYZEN 9 32Go RTX 5070,ASUS,32.0,1024.0,16.0,AMD,0.0,Windows 11 Famille,2,1,Premium,ASUS::Premium::c0
https://www.mytek.tn/pc-portable-gamer-asus-rog-strix-g16-ultra-9-275hx-32go-rtx-5070.html,7999.0,PC Portable Gamer ASUS ROG Strix G16 Ultra 9 275HX 32Go RTX 5070,ASUS,32.0,1024.0,16.0,Intel,0.0,Windows 11 Famille,2,0,Premium,ASUS::Premium::c3
https://www.mytek.tn/pc-portable-bmax-maxbook-x15-pro-intel-n95-12e-gen-16go-512go-ssd.html,1099.0,PC Portable BMAX MaxBook X15 Pro Intel N95 12è Gén 16Go 512Go SSD,BMAX,16.0,512.0,15.6,Intel,0.0,Windows 11 Pro,2,0,,
https://www.mytek.tn/pc-portable-bmax-maxbook-x15-power-i3-8109u-16go-512go-ssd.html,1219.0,PC Portable BMAX MaxBook X15 Power i3-8109U 16Go 512Go SSD,BMAX,16.0,512.0,15.6,Intel,3.0,Windows 11 Famille,2,0,,
https://www.mytek.tn/pc-portable-chuwi-corebook-i3-10e-gen-8go-256go-ssd-gris.html,1179.0,PC Portable CHUWI CoreBook i3 10è Gén 8Go 256Go SSD - Gris,CHUWI,8.0,256.0,14.0,Intel,3.0,Windows 11 Famille,2,0,Gamme unique,CHUWI::Gamme unique::c0
https://www.mytek.tn/pc-portable-chuwi-minibook-x-n150-16g-512go-ssd-gris.html,1349.0,PC Portable CHUWI MiniBook X N150 16G 512Go SSD - Gris,CHUWI,16.0,512.0,10.51,Intel,0.0,Windows 11 Pro,2,0,Gamme unique,CHUWI::Gamme unique::c0
https://www.mytek.tn/pc-portable-chuwi-acer-gadget-e10-erbook-amd-ryzen-5-8go-512go-ssd.html,1549.0,PC Portable CHUWI Acer Gadget E10 ERBook AMD RYZEN 5 8Go 512Go SSD,CHUWI,8.0,512.0,15.6,AMD,0.0,Windows 11 Famille,2,1,Gamme unique,CHUWI::Gamme unique::c0
https://www.mytek.tn/pc-portable-chuwi-gtbook-x-i7-13e-gen-16go-512go-ssd-gris.html,1749.0,PC Portable CHUWI GTBook X i7 13è Gén 16Go 512Go SSD - Gris,CHUWI,16.0,512.0,16.0,Intel,7.0,Windows 11 Famille,2,0,Gamme unique,CHUWI::Gamme unique::c0
https://www.mytek.tn/pc-portable-chuwi-corebook-air-plus-amd-ryzen-5-16go-512go-ssd.html,1889.0,PC Portable CHUWI CoreBook Air Plus AMD RYZEN 5 16Go 512Go SSD,CHUWI,16.0,512.0,16.0,AMD,0.0,Windows 11 Pro,2,1,Gamme unique,CHUWI::Gamme unique::c0
https://www.mytek.tn/pc-portable-chuwi-gtbook-xpro-i7-13e-gen-16go-rtx-3050.html,2999.0,PC Portable CHUWI GTBook XPro i7 13è Gén 16Go RTX 3050,CHUWI,16.0,512.0,15.6,Intel,7.0,Windows 11,2,0,Gamme unique,CHUWI::Gamme unique::c0
https://www.mytek.tn/pc-portable-dell-15-intel-core-3-100u-8go-512go-ssd-silver.html,1499.0,PC Portable DELL 15 Intel Core 3 100U 8Go 512Go SSD - Noir,DELL,8.0,512.0,15.6,Intel,3.0,FreeDos,2,0,Économique,DELL::Économique::c2
https://www.mytek.tn/pc-portable-dell-pro-15-essential-intel-core-3-100u-8go-512go-ssd-noir.html,1499.0,PC Portable DELL Pro 15 Essential Intel Core 3 100U 8Go 512Go SSD - Noir,DELL,8.0,512.0,15.6,Intel,3.0,FreeDos,2,0,Économique,DELL::Économique::c2
https://www.mytek.tn/pc-portable-dell-pro-15-essential-i3-13eme-gen-8go-512go-ssd-noir.html,1499.0,PC Portable DELL Pro 15 Essential i3 13ème Gén 8Go 512Go SSD - Noir,DELL,8.0,512.0,15.6,Intel,3.0,FreeDos,2,0,Économique,DELL::Économique::c2
https://www.mytek.tn/pc-portable-dell-vostro-3530-i5-13e-gen-8g-512g-ssd-noir.html,1539.0,Pc Portable DELL Vostro 3530 i5 13è Gén 8G 512G SSD - Noir,DELL,8.0,512.0,15.6,Intel,5.0,Windows 11 Pro,2,0,Économique,DELL::Économique::c1
https://www.mytek.tn/pc-portable-dell-15-intel-core-3-100u-8g-512go-ssd-silver.html,1549.0,PC Portable DELL 15 Intel Core 3 100U 8G 512Go SSD - Noir,DELL,8.0,512.0,15.6,Intel,3.0,Windows 11 Pro,2,0,Économique,DELL::Économique::c1
https://www.mytek.tn/pc-portable-dell-pro-15-essential-intel-core-3-100u-8g-512go-ssd-noir.html,1549.0,PC Portable DELL Pro 15 Essential Intel Core 3 100U 8G 512Go SSD - Noir,DELL,8.0,512.0,15.6,Intel,3.0,Windows 11 Pro,2,0,Économique,DELL::Économique::c1
https://www.mytek.tn/pc-portable-dell-pro-15-essential-i3-13eme-gen-8g-512go-ssd-noir.html,1549.0,PC Portable DELL Pro 15 Essential i3 13ème Gén 8G 512Go SSD - Noir,DELL,8.0,512.0,15.6,Intel,3.0,Windows 11 Pro,2,0,Économique,DELL::Économique::c1
https://www.mytek.tn/pc-portable-dell-pro-15-essential-amd-ryzen-5-8go-512go-ssd-noir.html,1599.0,PC Portable DELL Pro 15 Essential AMD RYZEN 5 8Go 512Go SSD - Noir,DELL,8.0,512.0,15.6,AMD,0.0,FreeDos,2,1,Milieu de gamme,DELL::Milieu de gamme::c0
https://www.mytek.tn/pc-portable-dell-pro15-essential-amd-ryzen-5-8g-512g-ssd-noir.html,1599.0,PC Portable DELL Pro 15 Essential AMD RYZEN 5 8G 512G SSD - Noir,DELL,8.0,512.0,15.6,AMD,0.0,FreeDos,2,1,,
https://www.mytek.tn/pc-portable-dell-pro-15-essential-intel-core-3-100u-16go-512go-ssd-noir.html,1609.0,PC Portable DELL Pro 15 Essential Intel Core 3 100U 16Go 512Go SSD - Noir,DELL,16.0,512.0,15.6,Intel,3.0,FreeDos,2,0,Économique,DELL::Économique::c2
https://www.mytek.tn/pc-portable-dell-15-intel-core-3-100u-12go-512go-ssd-noir.html,1615.0,PC Portable DELL 15 Intel Core 3 100U 12Go 512Go SSD - Noir,DELL,12.0,512.0,15.6,Intel,3.0,FreeDos,2,0,Économique,DELL::Économique::c2
https://www.mytek.tn/pc-portable-dell-pro-15-essential-amd-ryzen-5-8g-512go-ssd-noir.html,1639.0,PC Portable DELL Pro 15 Essential AMD RYZEN 5 8G 512Go SSD - Noir,DELL,8.0,512.0,15.6,AMD,0.0,Windows 11 Pro,2,1,Milieu de gamme,DELL::Milieu de gamme::c0
https://www.mytek.tn/pc-portable-dell-pro-15-essential-amd-ryzen-5-8go-512g-ssd-noir.html,1639.0,PC Portable DELL Pro 15 Essential AMD RYZEN 5 8Go 512G SSD - Noir,DELL,8.0,512.0,15.6,AMD,0.0,Windows 11 Pro,2,1,,
https://www.mytek.tn/pc-portable-dell-pro-15-essential-intel-core-3-100u-16g-512go-ssd-noir.html,1659.0,PC Portable DELL Pro 15 Essential Intel Core 3 100U 16G 512Go SSD - Noir,DELL,16.0,512.0,15.6,Intel,3.0,Windows 11 Pro,2,0,Économique,DELL::Économique::c1
https://www.mytek.tn/pc-portable-dell-15-i5-13e-gen-8go-512go-ssd-noir.html,1699.0,PC Portable DELL 15 i5 13è Gén 8Go 512Go SSD - Noir,DELL,8.0,512.0,15.6,Intel,5.0,FreeDos,2,0,Économique,DELL::Économique::c0
https://www.mytek.tn/pc-portable-dell-15-intel-core-3-100u-16go-512go-ssd-silver.html,1729.0,PC Portable DELL 15 Intel Core 3 100U 16Go 512Go SSD - Noir,DELL,16.0,512.0,15.6,Intel,3.0,FreeDos,2,0,Économique,DELL::Économique::c2
https://www.mytek.tn/pc-portable-dell-vostro-3530-i5-13e-gen-16g-512go-ssd-noir.html,1735.0,Pc Portable DELL Vostro 3530 i5 13è Gén 16G 512Go SSD - Noir,DELL,16.0,512.0,15.6,Intel,5.0,FreeDos,2,0,Économique,DELL::Économique::c0
https://www.mytek.tn/pc-portable-dell-pro-15-essential-i5-13e-gen-8go-512go-ssd-noir.html,1745.0,PC Portable DELL Pro 15 Essential i5 13è Gén 8Go 512Go SSD - Noir,DELL,8.0,512.0,15.6,Intel,5.0,FreeDos,2,0,Économique,DELL::Économique::c0
https://www.mytek.tn/pc-portable-dell-15-i5-13e-gen-8g-512go-ssd-noir.html,1749.0,PC Portable DELL 15 i5 13è Gén 8G 512Go SSD - Noir,DELL,8.0,512.0,15.6,Intel,5.0,Windows 11 Pro,2,0,Économique,DELL::Économique::c1
https://www.mytek.tn/pc-portable-dell-15-intel-core-3-100u-16g-512go-ssd-silver.html,1779.0,PC Portable DELL 15 Intel Core 3 100U 16G 512Go SSD - Noir,DELL,16.0,512.0,15.6,Intel,3.0,Windows 11 Pro,2,0,Économique,DELL::Économique::c1
https://www.mytek.tn/pc-portable-dell-pro-15-essential-i5-13e-gen-8g-512go-ssd-noir.html,1799.0,PC Portable DELL Pro 15 Essential i5 13è Gén 8G 512Go SSD - Noir,DELL,8.0,512.0,15.6,Intel,5.0,Windows 11 Pro,2,0,Économique,DELL::Économique::c1
https://www.mytek.tn/pc-portable-dell-15-i5-13e-gen-12go-512go-ssd-noir.html,1819.0,PC Portable DELL 15 i5 13è Gén 12Go 512Go SSD - Noir,DELL,12.0,512.0,15.6,Intel,5.0,FreeDos,2,0,Économique,DELL::Économique::c0
https://www.mytek.tn/pc-portable-dell-16-intel-core-5-120u-8go-512go-ssd-noir.html,1849.0,PC Portable DELL 16 Intel Core 5 120U 8Go 512Go SSD - Noir,DELL,8.0,512.0,16.0,Intel,5.0,FreeDos,2,0,Économique,DELL::Économique::c0
https://www.mytek.tn/pc-portable-dell-pro-15-essential-i5-13e-gen-16go-512go-ssd-noir.html,1899.0,PC Portable DELL Pro 15 Essential i5 13è Gén 16Go 512Go SSD - Noir,DELL,16.0,512.0,15.6,Intel,5.0,FreeDos,2,0,Économique,DELL::Économique::c0
https://www.mytek.tn/pc-portable-dell-16-intel-core-5-120u-8g-512go-ssd-noir.html,1899.0,PC Portable DELL 16 Intel Core 5 120U 8G 512Go SSD - Noir,DELL,8.0,512.0,16.0,Intel,5.0,Windows 11 Pro,2,0,,
https://www.mytek.tn/pc-portable-dell-15-i5-13e-gen-16go-512go-ssd-noir.html,1929.0,PC Portable DELL 15 i5 13è Gén 16Go 512Go SSD - Noir,DELL,16.0,512.0,15.6,Intel,5.0,FreeDos,2,0,Économique,DELL::Économique::c0
https://www.mytek.tn/pc-portable-dell-vostro-3530-i5-13e-gen-24g-512go-ssd-noir.html,1949.0,Pc Portable DELL Vostro 3530 i5 13è Gén 24G 512Go SSD - Noir,DELL,24.0,512.0,15.6,Intel,5.0,FreeDos,2,0,Milieu de gamme,DELL::Milieu de gamme::c1
https://www.mytek.tn/pc-portable-dell-pro-15-essential-i5-13e-gen-16g-512go-ssd-noir.html,1949.0,PC Portable DELL Pro 15 Essential i5 13è Gén 16G 512Go SSD - Noir,DELL,16.0,512.0,15.6,Intel,5.0,Windows 11 Pro,2,0,Économique,DELL::Économique::c1
https://www.mytek.tn/pc-portable-dell-15-intel-core-3-100u-24go-512go-ssd-silver.html,1959.0,PC Portable DELL 15 Intel Core 3 100U 24Go 512Go SSD - Noir,DELL,24.0,512.0,15.6,Intel,3.0,FreeDos,2,0,Économique,DELL::Économique::c2
https://www.mytek.tn/pc-portable-dell-15-i5-13e-gen-16g-512go-ssd-noir.html,1979.0,PC Portable DELL 15 i5 13è Gén 16G 512Go SSD - Noir,DELL,16.0,512.0,15.6,Intel,5.0,Windows 11 Pro,2,0,Économique,DELL::Économique::c1
https://www.mytek.tn/pc-portable-dell-15-intel-core-3-100u-24go-512-ssd-noir.html,2009.0,PC Portable DELL 15 Intel Core 3 100U 24Go 512 SSD - Noir,DELL,24.0,512.0,15.6,Intel,3.0,Windows 11 Pro,2,0,Milieu de gamme,DELL::Milieu de gamme::c1
https://www.mytek.tn/pc-portable-dell-pro-15-essential-i7-13e-gen-8go-512go-ssd-noir.html,2015.0,PC Portable DELL Pro 15 Essential i7 13è Gén 8Go 512Go SSD - Noir,DELL,8.0,512.0,15.6,Intel,7.0,FreeDos,2,0,Milieu de gamme,DELL::Milieu de gamme::c1
https://www.mytek.tn/pc-portable-dell-pro-15-essential-i7-13e-gen-8g-512go-ssd-noir.html,2065.0,PC Portable DELL Pro 15 Essential i7 13è Gén 8G 512Go SSD - Noir,DELL,8.0,512.0,15.6,Intel,7.0,Windows 11 Pro,2,0,Milieu de gamme,DELL::Milieu de gamme::c1
https://www.mytek.tn/pc-portable-dell-pro-16-intel-core-5-120u-8go-512go-ssd-silver.html,2099.0,PC Portable DELL Pro 16 Intel Core 5 120U 8Go 512Go SSD - Gris,DELL,8.0,512.0,16.0,Intel,5.0,FreeDos,2,0,Milieu de gamme,DELL::Milieu de gamme::c1
https://www.mytek.tn/pc-portable-dell-15-i5-13e-gen-24go-512go-ssd-noir.html,2159.0,PC Portable DELL 15 i5 13è Gén 24Go 512Go SSD - Noir,DELL,24.0,512.0,15.6,Intel,5.0,FreeDos,2,0,Milieu de gamme,DELL::Milieu de gamme::c1
https://www.mytek.tn/pc-portable-dell-15-i5-13e-gen-24g-512go-ssd-noir.html,2209.0,PC Portable DELL 15 i5 13è Gén 24G 512Go SSD - Noir,DELL,24.0,512.0,15.6,Intel,5.0,Windows 11 Pro,2,0,Milieu de gamme,DELL::Milieu de gamme::c1
https://www.mytek.tn/pc-portable-dell-pro-16-ultra-5-225u-8go-512go-ssd-silver.html,2219.0,PC Portable DELL Pro 16 Ultra 5 225U 8Go 512Go SSD - Silver,DELL,8.0,512.0,16.0,Intel,0.0,FreeDos,2,0,Milieu de gamme,DELL::Milieu de gamme::c0
https://www.mytek.tn/pc-portable-dell-16-intel-core-5-120u-16go-512go-ssd-noir.html,2259.0,PC Portable DELL 16 Intel Core 5 120U 16Go 512Go SSD - Noir,DELL,16.0,512.0,16.0,Intel,5.0,FreeDos,2,0,Milieu de gamme,DELL::Milieu de gamme::c1
https://www.mytek.tn/pc-portable-dell-16-intel-core-5-120u-16g-512go-ssd-noir.html,2309.0,PC Portable DELL 16 Intel Core 5 120U 16G 512Go SSD - Noir,DELL,16.0,512.0,16.0,Intel,5.0,Windows 11 Pro,2,0,Milieu de gamme,DELL::Milieu de gamme::c1
https://www.mytek.tn/pc-portable-dell-15-i5-13e-gen-32go-512go-ssd-noir.html,2389.0,PC Portable DELL 15 i5 13è Gén 32Go 512Go SSD - Noir,DELL,32.0,512.0,15.6,Intel,5.0,FreeDos,2,0,Milieu de gamme,DELL::Milieu de gamme::c1
https://www.mytek.tn/pc-portable-dell-pro-16-amd-ryzen-5-16go-512go-ssd-gris.html,2395.0,PC Portable DELL Pro 16 AMD RYZEN 5 16Go 512Go SSD - Gris,DELL,16.0,512.0,16.0,AMD,0.0,FreeDos,2,1,Milieu de gamme,DELL::Milieu de gamme::c0
https://www.mytek.tn/pc-portable-dell-vostro-3530-i3-13e-gen-32go-512go-ssd-noir.html,2419.0,Pc Portable DELL Vostro 3530 i3 13è Gén 32Go 512Go SSD - Noir,DELL,32.0,512.0,15.6,Intel,3.0,FreeDos,2,0,Milieu de gamme,DELL::Milieu de gamme::c1
https://www.mytek.tn/pc-portable-dell-15-i5-13e-gen-32g-512go-ssd-noir.html,2439.0,PC Portable DELL 15 i5 13è Gén 32G 512Go SSD - Noir,DELL,32.0,512.0,15.6,Intel,5.0,Windows 11 Pro,2,0,Milieu de gamme,DELL::Milieu de gamme::c1
https://www.mytek.tn/pc-portable-dell-15-i7-13e-gen-16go-512go-ssd-noir.html,2499.0,PC Portable DELL 15 i7 13è Gén 16Go 512Go SSD - Noir,DELL,16.0,512.0,15.6,Intel,7.0,FreeDos,2,0,Milieu de gamme,DELL::Milieu de gamme::c1
https://www.mytek.tn/pc-portable-dell-pro-15-essential-i5-13e-gen-24go-512go-ssd-noir.html,2549.0,PC Portable DELL Pro 15 Essential i5 13è Gén 24Go 512Go SSD - Noir,DELL,24.0,512.0,15.6,Intel,5.0,FreeDos,2,0,Milieu de gamme,DELL::Milieu de gamme::c1
https://www.mytek.tn/pc-portable-dell-15-i7-13e-gen-16g-512go-ssd-noir.html,2549.0,PC Portable DELL 15 i7 13è Gén 16G 512Go SSD - Noir,DELL,16.0,512.0,15.6,Intel,7.0,Windows 11 Pro,2,0,Milieu de gamme,DELL::Milieu de gamme::c1
https://www.mytek.tn/pc-portable-dell-pro-15-essential-i5-13e-gen-24g-512go-ssd-noir.html,2599.0,PC Portable DELL Pro 15 Essential i5 13è Gén 24G 512Go SSD - Noir,DELL,24.0,512.0,15.6,Intel,5.0,Windows 11 Pro,2,0,Milieu de gamme,DELL::Milieu de gamme::c1
https://www.mytek.tn/pc-portable-dell-pro-16-ultra-5-225u-16go-512go-ssd-silver.html,2619.0,PC Portable DELL Pro 16 Ultra 5 225U 16Go 512Go SSD - Silver,DELL,16.0,512.0,16.0,Intel,0.0,FreeDos,2,0,Milieu de gamme,DELL::Milieu de gamme::c0
https://www.mytek.tn/pc-portable-dell-16-intel-core-5-120u-24go-512go-ssd-noir.html,2659.0,PC Portable DELL 16 Intel Core 5 120U 24Go 512Go SSD - Noir,DELL,24.0,512.0,16.0,Intel,5.0,FreeDos,2,0,Milieu de gamme,DELL::Milieu de gamme::c1
https://www.mytek.tn/pc-portable-dell-16-intel-core-5-120u-24g-512go-ssd-noir.html,2709.0,PC Portable DELL 16 Intel Core 5 120U 24G 512Go SSD - Noir,DELL,24.0,512.0,16.0,Intel,5.0,Windows 11 Pro,2,0,,
https://www.mytek.tn/pc-portable-dell-pro-16-amd-ryzen-5-32go-512go-ssd-gris.html,2745.0,PC Portable DELL Pro 16 AMD RYZEN 5 32Go 512Go SSD - Gris,DELL,32.0,512.0,16.0,AMD,0.0,FreeDos,2,1,Milieu de gamme,DELL::Milieu de gamme::c0
https://www.mytek.tn/pc-portable-dell-pro-15-essential-i7-13e-gen-16go-512go-ssd-noir.html,2915.0,PC Portable DELL Pro 15 Essential i7 13è Gén 16Go 512Go SSD - Noir,DELL,16.0,512.0,15.6,Intel,7.0,FreeDos,2,0,Milieu de gamme,DELL::Milieu de gamme::c1
https://www.mytek.tn/pc-portable-dell-pro-15-essential-i7-13e-gen-16g-512go-ssd-noir.html,2915.0,PC Portable DELL Pro 15 Essential i7 13è Gén 16G 512Go SSD - Noir,DELL,16.0,512.0,15.6,Intel,7.0,FreeDos,2,0,Milieu de gamme,DELL::Milieu de gamme::c1
https://www.mytek.tn/pc-portable-dell-15-i7-13e-gen-32go-512go-ssd-noir.html,2955.0,PC Portable DELL 15 i7 13è Gén 32Go 512Go SSD - Noir,DELL,32.0,512.0,15.6,Intel,7.0,FreeDos,2,0,Premium,DELL::Premium::c1
https://www.mytek.tn/pc-portable-dell-pro-15-essential-i7-13e-gen-16g-512g-ssd-noir.html,2965.0,PC Portable DELL Pro 15 Essential i7 13è Gén 16G 512G SSD - Noir,DELL,16.0,512.0,15.6,Intel,7.0,Windows 11 Pro,2,0,Premium,DELL::Premium::c1
https://www.mytek.tn/pc-portable-dell-pro-15-essential-i7-13e-gen-16go-512g-ssd-noir.html,2965.0,PC Portable DELL Pro 15 Essential i7 13è Gén 16Go 512G SSD - Noir,DELL,16.0,512.0,15.6,Intel,7.0,Windows 11 Pro,2,0,Premium,DELL::Premium::c1
https://www.mytek.tn/pc-portable-dell-pro-16-ultra-7-255u-8go-512go-ssd-silver.html,2989.0,PC Portable DELL Pro 16 Ultra 7 255U 8Go 512Go SSD - Silver,DELL,8.0,512.0,16.0,Intel,0.0,FreeDos,2,0,Premium,DELL::Premium::c0
https://www.mytek.tn/pc-portable-dell-15-i7-13e-gen-32g-512go-ssd-noir.html,3005.0,PC Portable DELL 15 i7 13è Gén 32G 512Go SSD - Noir,DELL,32.0,512.0,15.6,Intel,7.0,Windows 11 Pro,2,0,Premium,DELL::Premium::c1
https://www.mytek.tn/pc-portable-dell-pro-14-ultra-7-255u-8go-512go-ssd-silver.html,3039.0,PC Portable DELL Pro 14 Ultra 7 255U 8Go 512Go SSD - Silver,DELL,8.0,512.0,14.0,Intel,0.0,FreeDos,2,0,Premium,DELL::Premium::c0
https://www.mytek.tn/pc-portable-dell-pro-16-plus-ultra-5-235u-8go-512go-ssd-gris.html,3049.0,PC Portable DELL Pro 16 Plus Ultra 5 235U 8Go 512Go SSD - Gris,DELL,8.0,512.0,16.0,Intel,0.0,FreeDos,2,0,Premium,DELL::Premium::c0
https://www.mytek.tn/pc-portable-dell-pro-14-plus-ultra-5-235u-8go-512go-ssd.html,3059.0,PC Portable DELL Pro 14 Plus Ultra 5 235U 8Go 512Go SSD,DELL,8.0,512.0,14.0,Intel,0.0,FreeDos,2,0,Premium,DELL::Premium::c0
https://www.mytek.tn/pc-portable-dell-pro-14-plus-ultra-5-235u-8g-512go-ssd.html,3109.0,PC Portable DELL Pro 14 Plus Ultra 5 235U 8G 512Go SSD,DELL,8.0,512.0,14.0,Intel,0.0,Windows 11 Pro,2,0,Premium,DELL::Premium::c0
https://www.mytek.tn/pc-portable-dell-pro-16-ultra-7-255u-16go-512go-ssd-silver.html,3395.0,PC Portable DELL Pro 16 Ultra 7 255U 16Go 512Go SSD - Silver,DELL,16.0,512.0,16.0,Intel,0.0,FreeDos,2,0,Premium,DELL::Premium::c0
https://www.mytek.tn/pc-portable-dell-pro-16-plus-ultra-5-235u-16go-512go-ssd-gris.html,3499.0,PC Portable DELL Pro 16 Plus Ultra 5 235U 16Go 512Go SSD - Gris,DELL,16.0,512.0,16.0,Intel,0.0,FreeDos,2,0,Premium,DELL::Premium::c0
https://www.mytek.tn/pc-portable-dell-pro-14-plus-ultra-7-255u-8go-512go-ssd.html,3589.0,PC Portable DELL Pro 14 Plus Ultra 7 255U 8Go 512Go SSD,DELL,8.0,512.0,14.0,Intel,0.0,FreeDos,2,0,Premium,DELL::Premium::c0
https://www.mytek.tn/pc-portable-dell-pro-14-plus-ultra-7-255u-8g-512go-ssd.html,3639.0,PC Portable DELL Pro 14 Plus Ultra 7 255U 8G 512Go SSD,DELL,8.0,512.0,14.0,Intel,0.0,Windows 11 Pro,2,0,Premium,DELL::Premium::c0
https://www.mytek.tn/pc-portable-dell-pro-16-plus-ultra-5-235u-24go-512go-ssd-gris.html,3899.0,PC Portable DELL Pro 16 Plus Ultra 5 235U 24Go 512Go SSD - Gris,DELL,24.0,512.0,16.0,Intel,0.0,FreeDos,2,0,Premium,DELL::Premium::c0
https://www.mytek.tn/pc-portable-dell-14-plus-2-en-1-ultra-5-226v-16go-512go-ssd-bleu.html,4099.0,PC Portable DELL 14 Plus 2-en-1 Ultra 5 226V 16Go 512Go SSD - Bleu,DELL,16.0,512.0,14.0,Intel,0.0,Windows 11 Famille,2,0,Premium,DELL::Premium::c0
https://www.mytek.tn/pc-portable-dell-pro-16-plus-ultra-7-266v-16go-512go-ssd-gris.html,4299.0,PC Portable DELL Pro 16 Plus Ultra 7 266V 16Go 512Go SSD - Gris,DELL,16.0,512.0,16.0,Intel,0.0,FreeDos,2,0,Premium,DELL::Premium::c0
https://www.mytek.tn/pc-portable-dell-pro-16-plus-ultra-5-235u-32go-512go-ssd-gris.html,4299.0,PC Portable DELL Pro 16 Plus Ultra 5 235U 32Go 512Go SSD - Gris,DELL,32.0,512.0,16.0,Intel,0.0,FreeDos,2,0,Premium,DELL::Premium::c0
https://www.mytek.tn/pc-portable-gamer-dell-alienware-16-aurora-intel-core-5-210h-16go-rtx-3050.html,4309.0,PC Portable Gamer DELL Alienware 16 Aurora Intel Core 5 210H 16Go RTX 3050,DELL,16.0,512.0,16.0,Intel,5.0,FreeDos,2,0,Premium,DELL::Premium::c1
https://www.mytek.tn/pc-portable-dell-14-plus-2-en-1-ultra-7-256v-16go-1to-ssd-bleu.html,4699.0,PC Portable DELL 14 Plus 2-en-1 Ultra 7 256V 16Go 1To SSD - Bleu,DELL,16.0,1024.0,14.0,Intel,0.0,Windows 11 Famille,2,0,Premium,DELL::Premium::c0
https://www.mytek.tn/pc-portable-gamer-dell-alienware-16-aurora-intel-core-7-240h-16go-rtx-4050.html,5139.0,PC Portable Gamer DELL Alienware 16 Aurora Intel Core 7 240H 16Go RTX 4050,DELL,16.0,1024.0,16.0,Intel,7.0,FreeDos,2,0,Premium,DELL::Premium::c1
https://www.mytek.tn/pc-portable-gamer-dell-alienware-16-aurora-intel-core-7-240h-32go-rtx-4050.html,5955.0,PC Portable Gamer DELL Alienware 16 Aurora Intel Core 7 240H 32Go RTX 4050,DELL,32.0,1024.0,16.0,Intel,7.0,FreeDos,2,0,Premium,DELL::Premium::c1
https://www.mytek.tn/pc-portable-dell-14-plus-2-en-1-ultra-9-288v-32go-1to-ssd-bleu.html,6089.0,PC Portable DELL 14 Plus 2-en-1 Ultra 9 288V 32Go 1To SSD - Bleu,DELL,32.0,1024.0,14.0,Intel,0.0,Windows 11 Famille,2,0,Premium,DELL::Premium::c0
https://www.mytek.tn/pc-portable-gamer-dell-alienware-16x-aurora-ultra-7-255hx-32go-rtx-5060.html,6199.0,PC Portable Gamer DELL Alienware 16X Aurora Ultra 7 255HX 32Go RTX 5060,DELL,32.0,1024.0,16.0,Intel,0.0,Windows 11 Famille,2,0,Premium,DELL::Premium::c0
https://www.mytek.tn/pc-portable-gamer-dell-alienware-16-aurora-intel-core-9-270h-32go-rtx-5070.html,6819.0,PC Portable Gamer DELL Alienware 16 Aurora Intel Core 9 270H 32Go RTX 5070,DELL,32.0,1024.0,16.0,Intel,9.0,FreeDos,2,0,Premium,DELL::Premium::c1
https://www.mytek.tn/pc-portable-gamer-gigabyte-g6-kf-i7-13e-gen-16g-rtx4060.html,3799.0,PC Portable Gamer GIGABYTE G6 KF i7 13è Gén 16G RTX4060,GIGABYTE,16.0,1024.0,16.0,Intel,7.0,FreeDos,2,0,Économique,GIGABYTE::Économique::c0
https://www.mytek.tn/pc-portable-gamer-gigabyte-g6-kf-i7-13e-gen-16go-rtx4060.html,3849.0,PC Portable Gamer GIGABYTE G6 KF i7 13è Gén 16Go RTX4060,GIGABYTE,16.0,1024.0,16.0,Intel,7.0,Windows 11 Pro,2,0,Économique,GIGABYTE::Économique::c0
https://www.mytek.tn/pc-portable-gamer-gigabyte-g6-kf-i7-13e-gen-24g-rtx-4060.html,4199.0,PC Portable Gamer GIGABYTE G6 KF i7 13è Gén 24G RTX 4060,GIGABYTE,24.0,1024.0,16.0,Intel,7.0,FreeDos,2,0,Économique,GIGABYTE::Économique::c0
https://www.mytek.tn/pc-portable-gamer-gigabyte-a16-5th-amd-ryzen-7-16go-rtx-5050.html,4239.0,PC Portable Gamer GIGABYTE A16 5TH AMD Ryzen 7 16Go RTX 5050,GIGABYTE,16.0,512.0,16.0,AMD,0.0,FreeDos,2,1,Économique,GIGABYTE::Économique::c0
https://www.mytek.tn/pc-portable-gamer-gigabyte-g6-kf-i7-13e-gen-24g-rtx4060.html,4249.0,PC Portable Gamer GIGABYTE G6 KF i7 13è Gén 24G RTX4060,GIGABYTE,24.0,1024.0,16.0,Intel,7.0,Windows 11 Pro,2,0,Économique,GIGABYTE::Économique::c0
https://www.mytek.tn/pc-portable-gamer-gigabyte-g6-kf-i7-13e-gen-32g-rtx-4060.html,4519.0,PC Portable Gamer GIGABYTE G6 KF i7 13è Gén 32G RTX 4060,GIGABYTE,32.0,1024.0,16.0,Intel,7.0,FreeDos,2,0,Économique,GIGABYTE::Économique::c0
https://www.mytek.tn/pc-portable-gamer-gigabyte-g6-kf-i7-13e-gen-32g-rtx4060.html,4569.0,PC Portable Gamer GIGABYTE G6 KF i7 13è Gén 32G RTX4060,GIGABYTE,32.0,1024.0,16.0,Intel,7.0,Windows 11 Pro,2,0,Économique,GIGABYTE::Économique::c0
https://www.mytek.tn/pc-portable-gamer-gigabyte-a16-cwh-i7-13e-gen-16go-rtx-5070.html,4599.0,PC Portable Gamer GIGABYTE A16 CWH i7 13è Gén 16Go RTX 5070,GIGABYTE,16.0,1024.0,16.0,Intel,7.0,FreeDos,2,0,Économique,GIGABYTE::Économique::c0
https://www.mytek.tn/pc-portable-gamer-gigabyte-a16-cvh-i7-13e-gen-16go-rtx-5060.html,4699.0,PC Portable Gamer GIGABYTE A16 CVH i7 13è Gén 16Go RTX 5060,GIGABYTE,16.0,1024.0,16.0,Intel,7.0,FreeDos,2,0,Milieu de gamme,GIGABYTE::Milieu de gamme::c0
https://www.mytek.tn/pc-portable-gamer-gigabyte-a16-3vh-amd-ryzen-7-16go-rtx-5060.html,4699.0,PC Portable Gamer GIGABYTE A16 3VH AMD RYZEN 7 16Go RTX 5060,GIGABYTE,16.0,1024.0,16.0,AMD,0.0,FreeDos,2,1,Milieu de gamme,GIGABYTE::Milieu de gamme::c0
https://www.mytek.tn/pc-portable-gamer-gigabyte-a16-cwh-i7-13e-gen-16g-rtx-5070.html,4699.0,PC Portable Gamer GIGABYTE A16 CWH i7 13è Gén 16G RTX 5070,GIGABYTE,16.0,1024.0,16.0,Intel,7.0,Windows 11 Famille,2,0,Milieu de gamme,GIGABYTE::Milieu de gamme::c0
https://www.mytek.tn/pc-portable-gamer-gigabyte-a16-3vh-amd-ryzen-7-24go-rtx-5060.html,5075.0,PC Portable Gamer GIGABYTE A16 3VH AMD RYZEN 7 24Go RTX 5060,GIGABYTE,24.0,1024.0,16.0,AMD,0.0,FreeDos,2,1,Milieu de gamme,GIGABYTE::Milieu de gamme::c0
https://www.mytek.tn/pc-portable-gamer-gigabyte-a16-cvh-i7-13e-gen-24go-rtx-5060.html,5075.0,PC Portable Gamer GIGABYTE A16 CVH i7 13è Gén 24Go RTX 5060,GIGABYTE,24.0,1024.0,16.0,Intel,7.0,FreeDos,2,0,Milieu de gamme,GIGABYTE::Milieu de gamme::c0
https://www.mytek.tn/pc-portable-gamer-gigabyte-a16-3vh-amd-ryzen-7-32go-rtx-5060.html,5479.0,PC Portable Gamer GIGABYTE A16 3VH AMD RYZEN 7 32Go RTX 5060,GIGABYTE,32.0,1024.0,16.0,AMD,0.0,FreeDos,2,1,Milieu de gamme,GIGABYTE::Milieu de gamme::c0
https://www.mytek.tn/pc-portable-gamer-gigabyte-a16-cvh-i7-13e-gen-32go-rtx-5060.html,5479.0,PC Portable Gamer GIGABYTE A16 CVH i7 13è Gén 32Go RTX 5060,GIGABYTE,32.0,1024.0,16.0,Intel,7.0,FreeDos,2,0,Milieu de gamme,GIGABYTE::Milieu de gamme::c0
https://www.mytek.tn/pc-portable-gamer-gigabyte-aero-x16-1wh-amd-ryzen-ai-7-350-16g-rtx5070.html,5879.0,PC Portable Gamer GIGABYTE AERO X16 1WH AMD Ryzen AI 7 350 16G RTX5070,GIGABYTE,16.0,1024.0,16.0,AMD,0.0,Windows 11 Famille,2,1,Premium,GIGABYTE::Premium::c0
https://www.mytek.tn/pc-portable-gamer-gigabyte-aero-x16-2wh-amd-ryzen-ai-9-hx-370-32g-rtx5070.html,6759.0,PC Portable Gamer GIGABYTE AERO X16 2WH AMD Ryzen AI 9 HX 370 32G RTX5070,GIGABYTE,32.0,1024.0,16.0,AMD,0.0,Windows 11 Famille,2,1,Premium,GIGABYTE::Premium::c0
https://www.mytek.tn/pc-portable-gamer-gigabyte-aero-x16-2wh-amd-ryzen-ai-9-hx-370-32go-rtx5070.html,7059.0,PC Portable Gamer GIGABYTE AERO X16 2WH AMD Ryzen AI 9 HX 370 32Go RTX5070,GIGABYTE,32.0,2048.0,16.0,AMD,0.0,Windows 11 Famille,2,1,Premium,GIGABYTE::Premium::c0
https://www.mytek.tn/pc-portable-gamer-gigabyte-aero-x16-2wh-amd-ryzen-ai-9-hx-370-32g-rtx-5070.html,7059.0,PC Portable Gamer GIGABYTE AERO X16 2WH AMD Ryzen AI 9 HX 370 32G RTX 5070,GIGABYTE,32.0,2048.0,16.0,AMD,0.0,Windows 11 Famille,2,1,Premium,GIGABYTE::Premium::c0
https://www.mytek.tn/pc-portable-gamer-gigabyte-a16-pro-dyh-intel-core-7-240h-32go-rtx-5080.html,8479.0,PC Portable Gamer GIGABYTE A16 PRO DYH Intel Core 7 240H 32Go RTX 5080,GIGABYTE,32.0,1024.0,16.0,Intel,7.0,FreeDos,2,0,Premium,GIGABYTE::Premium::c0
https://www.mytek.tn/pc-portable-gamer-gigabyte-aorus-master-16-ultra-9-275hx-32go-rtx-5080.html,11339.0,PC Portable Gamer GIGABYTE AORUS MASTER 16 Ultra 9 275HX 32Go RTX 5080,GIGABYTE,32.0,1024.0,16.0,Intel,0.0,Windows 11 Pro,2,0,Premium,GIGABYTE::Premium::c0
https://www.mytek.tn/pc-portable-gamer-gigabyte-aorus-master-16-ultra-9-275hx-32go-rtx-5090.html,16129.0,PC Portable Gamer GIGABYTE AORUS MASTER 16 Ultra 9 275HX 32Go RTX 5090,GIGABYTE,32.0,2048.0,16.0,Intel,0.0,Windows 11 Pro,2,0,Premium,GIGABYTE::Premium::c0
https://www.mytek.tn/pc-portable-hp-15-fd0420nk-intel-n100-8go-512go-ssd-gris.html,1359.0,PC Portable HP 15-fd0420nk Intel N100 8Go 512Go SSD - Gris,HP,8.0,512.0,15.6,Intel,0.0,FreeDos,2,0,,
https://www.mytek.tn/pc-portable-hp-15-fd0417nk-intel-n100-8go-512go-ssd-gris.html,1399.0,PC Portable HP 15-fd0417nk Intel N100 8Go 512Go SSD - Gris,HP,8.0,512.0,15.6,Intel,0.0,Windows 11 Famille,2,0,,
https://www.mytek.tn/pc-portable-hp-15-fc0180nk-amd-ryzen-3-8go-512go-ssd-silver.html,1599.0,PC Portable HP 15-fc0180nk AMD RYZEN 3 8Go 512Go SSD - Silver,HP,8.0,512.0,15.6,AMD,0.0,FreeDos,2,1,Économique,HP::Économique::c0
https://www.mytek.tn/pc-portable-hp-15-fc0180nk-amd-ryzen-3-8g-512go-ssd-silver.html,1649.0,PC Portable HP 15-fc0180nk AMD RYZEN 3 8G 512Go SSD - Silver,HP,8.0,512.0,15.6,AMD,0.0,Windows 11 Pro,2,1,Économique,HP::Économique::c0
https://www.mytek.tn/pc-portable-hp-15-fd0401nk-i3-13e-gen-8go-256go-ssd-gris.html,1669.0,PC Portable HP 15-fd0401nk i3 13è Gén 8Go 256Go SSD - Gris,HP,8.0,256.0,15.6,Intel,3.0,FreeDos,2,0,,
https://www.mytek.tn/pc-portable-hp-15-fd0402nk-i3-13e-gen-8go-256go-ssd-noir.html,1669.0,PC Portable HP 15-fd0402nk i3 13è Gén 8Go 256Go SSD - Noir,HP,8.0,256.0,15.6,Intel,3.0,FreeDos,2,0,,
https://www.mytek.tn/pc-portable-hp-15-fd0399nk-i3-13e-gen-8go-256go-ssd-silver-or-chaud.html,1669.0,PC Portable HP 15-fd0399nk i3 13è Gén 8Go 256Go SSD - Silver & Or Chaud,HP,8.0,256.0,15.6,Intel,3.0,FreeDos,2,0,,
https://www.mytek.tn/pc-portable-hp-15-fd0438nk-i3-13e-gen-8go-512go-ssd-noir.html,1679.0,PC Portable HP 15-fd0438nk i3 13è Gén 8Go 512Go SSD - Noir,HP,8.0,512.0,15.6,Intel,3.0,FreeDos,2,0,Économique,HP::Économique::c1
https://www.mytek.tn/pc-portable-hp-15-fc0090nk-amd-ryzen-5-8go-512go-ssd-silver-or-chaud.html,1715.0,PC Portable HP 15-fc0090nk AMD RYZEN 5 8Go 512Go SSD - Silver & Or Chaud,HP,8.0,512.0,15.6,AMD,0.0,Windows 11 Famille,2,1,Économique,HP::Économique::c0
https://www.mytek.tn/pc-portable-hp-15-fc0091nk-amd-ryzen-5-8go-512go-ssd-silver-bleu.html,1715.0,PC Portable HP 15-fc0091nk AMD RYZEN 5 8Go 512Go SSD - Silver & Bleu,HP,8.0,512.0,15.6,AMD,0.0,Windows 11 Famille,2,1,Économique,HP::Économique::c0
https://www.mytek.tn/pc-portable-hp-15-fc0092nk-amd-ryzen-5-8go-512go-ssd-silver-blanc.html,1715.0,PC Portable HP 15-fc0092nk AMD RYZEN 5 8Go 512Go SSD - Silver & Blanc,HP,8.0,512.0,15.6,AMD,0.0,Windows 11 Famille,2,1,Économique,HP::Économique::c0
https://www.mytek.tn/pc-portable-hp-15-fc0127nk-amd-ryzen-5-8go-512go-ssd-silver.html,1715.0,PC Portable HP 15-fc0127nk AMD RYZEN 5 8Go 512Go SSD - Silver,HP,8.0,512.0,15.6,AMD,0.0,Windows 11 Famille,2,1,Économique,HP::Économique::c0
https://www.mytek.tn/pc-portable-hp-15-fc0127nk-amd-ryzen-5-8g-512go-ssd-silver.html,1715.0,PC Portable HP 15-fc0127nk AMD RYZEN 5 8G 512Go SSD - Silver,HP,8.0,512.0,15.6,AMD,0.0,Windows 11 Famille,2,1,Économique,HP::Économique::c0
https://www.mytek.tn/pc-portable-hp-15-fc0090nk-amd-ryzen-5-8g-512go-ssd-silver-or-chaud.html,1715.0,PC Portable HP 15-fc0090nk AMD RYZEN 5 8G 512Go SSD - Silver & Or Chaud,HP,8.0,512.0,15.6,AMD,0.0,Windows 11 Famille,2,1,Économique,HP::Économique::c0
https://www.mytek.tn/pc-portable-hp-15-fc0091nk-amd-ryzen-5-8g-512go-ssd-silver-bleu.html,1715.0,PC Portable HP 15-fc0091nk AMD RYZEN 5 8G 512Go SSD - Silver & Bleu,HP,8.0,512.0,15.6,AMD,0.0,Windows 11 Famille,2,1,Économique,HP::Économique::c0
https://www.mytek.tn/pc-portable-hp-15-fc0092nk-amd-ryzen-5-8g-512go-ssd-silver-blanc.html,1715.0,PC Portable HP 15-fc0092nk AMD RYZEN 5 8G 512Go SSD - Silver & Blanc,HP,8.0,512.0,15.6,AMD,0.0,Windows 11 Famille,2,1,Économique,HP::Économique::c0
https://www.mytek.tn/pc-portable-hp-15-fd0438nk-i3-13e-gen-8g-512go-ssd-noir.html,1729.0,PC Portable HP 15-fd0438nk i3 13è Gén 8G 512Go SSD - Noir,HP,8.0,512.0,15.6,Intel,3.0,Windows 11 Pro,2,0,Économique,HP::Économique::c1
https://www.mytek.tn/pc-portable-hp-15-fd0580nk-i3-13e-gen-8go-512go-ssd-silver.html,1739.0,PC Portable HP 15-fd0580nk i3 13è Gén 8Go 512Go SSD - Silver,HP,8.0,512.0,15.6,Intel,3.0,FreeDos,2,0,,
https://www.mytek.tn/pc-portable-hp-15-fd0438nk-i3-13e-gen-16go-512go-ssd-noir.html,1829.0,PC Portable HP 15-fd0438nk i3 13è Gén 16Go 512Go SSD - Noir,HP,16.0,512.0,15.6,Intel,3.0,FreeDos,2,0,Économique,HP::Économique::c1
https://www.mytek.tn/pc-portable-hp-15-fd0391nk-i5-13e-gen-8go-512go-ssd-noir.html,1879.0,PC Portable HP 15-fd0391nk i5 13è Gén 8Go 512Go SSD - Noir,HP,8.0,512.0,15.6,Intel,5.0,FreeDos,2,0,,
https://www.mytek.tn/pc-portable-hp-15-fd0390nk-i5-13e-gen-8go-512go-ssd-silver-bleu.html,1879.0,PC Portable HP 15-fd0390nk i5 13è Gén 8Go 512Go SSD - Silver & Bleu,HP,8.0,512.0,15.6,Intel,5.0,FreeDos,2,0,,
https://www.mytek.tn/pc-portable-hp-15-fd0578nk-i5-13e-gen-8go-512go-ssd-silver.html,1879.0,PC Portable HP 15-fd0578nk i5 13è Gén 8Go 512Go SSD - Silver,HP,8.0,512.0,15.6,Intel,5.0,FreeDos,2,0,,
https://www.mytek.tn/pc-portable-hp-15-fd0438nk-i3-13e-gen-16g-512go-ssd-noir.html,1899.0,PC Portable HP 15-fd0438nk i3 13è Gén 16G 512Go SSD - Noir,HP,16.0,512.0,15.6,Intel,3.0,Windows 11 Pro,2,0,Économique,HP::Économique::c1
https://www.mytek.tn/pc-portable-hp-15-fc0181nk-amd-ryzen-5-8go-512go-ssd-silver.html,1899.0,PC Portable HP 15-fc0181nk AMD RYZEN 5 8Go 512Go SSD - Silver,HP,8.0,512.0,15.6,AMD,0.0,FreeDos,2,1,Économique,HP::Économique::c0
https://www.mytek.tn/pc-portable-hp-250r-g10-intel-core-3-100u-8go-512go-ssd.html,1945.0,PC Portable HP 250R G10 Intel Core 3 100U 8Go 512Go SSD,HP,8.0,512.0,15.6,Intel,3.0,FreeDos,2,0,Économique,HP::Économique::c1
https://www.mytek.tn/pc-portable-hp-15-fc0181nk-amd-ryzen-5-8g-512go-ssd-silver.html,1949.0,PC Portable HP 15-fc0181nk AMD RYZEN 5 8G 512Go SSD - Silver,HP,8.0,512.0,15.6,AMD,0.0,Windows 11 Pro,2,1,Économique,HP::Économique::c0
https://www.mytek.tn/pc-portable-hp-15-fd1073nk-intel-core-7-150u-8go-512go-ssd-silver.html,2065.0,PC Portable HP 15-fd1073nk Intel Core 7 150U 8Go 512Go SSD - Silver,HP,8.0,512.0,15.6,Intel,7.0,FreeDos,2,0,Économique,HP::Économique::c2
https://www.mytek.tn/pc-portable-hp-15-fd0438nk-i3-13e-gen-24go-512go-ssd-noir.html,2079.0,PC Portable HP 15-fd0438nk i3 13è Gén 24Go 512Go SSD - Noir,HP,24.0,512.0,15.6,Intel,3.0,FreeDos,2,0,Économique,HP::Économique::c1
https://www.mytek.tn/pc-portable-hp-15-fc0182nk-amd-ryzen-5-16go-512go-ssd-silver.html,2099.0,PC Portable HP 15-fc0182nk AMD RYZEN 5 16Go 512Go SSD - Silver,HP,16.0,512.0,15.6,AMD,0.0,FreeDos,2,1,Économique,HP::Économique::c0
https://www.mytek.tn/pc-portable-hp-15-fd1108nk-intel-core-5-120u-16go-512go-ssd-silver.html,2159.0,PC Portable HP 15-fd1108nk Intel Core 5 120U 16Go 512Go SSD - Silver,HP,16.0,512.0,15.6,Intel,5.0,FreeDos,2,0,Économique,HP::Économique::c2
https://www.mytek.tn/pc-portable-hp-15-fd1079nk-ultra-5-125h-16go-512go-ssd-noir.html,2199.0,PC Portable HP 15-fd1079nk Ultra 5 125H 16Go 512Go SSD - Noir,HP,16.0,512.0,15.6,Intel,0.0,FreeDos,2,0,Économique,HP::Économique::c2
https://www.mytek.tn/pc-portable-hp-15-fd1077nk-ultra-5-125h-16go-512go-ssd-silver-or-chaud.html,2199.0,PC Portable HP 15-fd1077nk Ultra 5 125H 16Go 512Go SSD - Silver & Or Chaud,HP,16.0,512.0,15.6,Intel,0.0,FreeDos,2,0,Économique,HP::Économique::c2
https://www.mytek.tn/pc-portable-hp-15-fd1108nk-intel-core-5-120u-16g-512go-ssd-silver.html,2209.0,PC Portable HP 15-fd1108nk Intel Core 5 120U 16G 512Go SSD - Silver,HP,16.0,512.0,15.6,Intel,5.0,Windows 11 Pro,2,0,Économique,HP::Économique::c2
https://www.mytek.tn/pc-portable-hp-15-fd1079nk-ultra-5-125h-16g-512go-ssd-noir.html,2249.0,PC Portable HP 15-fd1079nk Ultra 5 125H 16G 512Go SSD - Noir,HP,16.0,512.0,15.6,Intel,0.0,Windows 11 Pro,2,0,Économique,HP::Économique::c2
https://www.mytek.tn/pc-portable-hp-15-fd1077nk-ultra-5-125h-16g-512go-ssd-silver-or-chaud.html,2249.0,PC Portable HP 15-fd1077nk Ultra 5 125H 16G 512Go SSD - Silver & Or Chaud,HP,16.0,512.0,15.6,Intel,0.0,Windows 11 Pro,2,0,Économique,HP::Économique::c2
https://www.mytek.tn/pc-portable-gamer-hp-victus-15-fa1006nk-i5-13e-gen-8go-rtx-2050.html,2259.0,PC Portable Gamer HP Victus 15-fa1006nk i5 13è Gén 8Go RTX 2050,HP,8.0,512.0,15.6,Intel,5.0,Windows 11 Famille,2,0,Économique,HP::Économique::c2
https://www.mytek.tn/pc-portable-hp-15-fd1073nk-intel-core-7-150u-16go-512go-ssd-silver.html,2295.0,PC Portable HP 15-fd1073nk Intel Core 7 150U 16Go 512Go SSD - Silver,HP,16.0,512.0,15.6,Intel,7.0,FreeDos,2,0,Économique,HP::Économique::c2
https://www.mytek.tn/pc-portable-hp-15-fd0669nk-intel-core-5-120u-16go-512go-ssd-silver.html,2299.0,PC Portable HP 15-fd0669nk Intel Core 5 120U 16Go 512Go SSD - Silver,HP,16.0,512.0,15.6,Intel,5.0,FreeDos,2,0,Économique,HP::Économique::c2
https://www.mytek.tn/pc-portable-hp-15-fd0544nk-i5-13e-gen-16go-512go-ssd-silver-bleu.html,2299.0,PC Portable HP 15-fd0544nk i5 13è Gén 16Go 512Go SSD - Silver & Bleu,HP,16.0,512.0,15.6,Intel,5.0,FreeDos,2,0,,
https://www.mytek.tn/pc-portable-hp-15-fd0545nk-i5-13e-gen-16go-512go-ssd-silver-blanc.html,2299.0,PC Portable HP 15-fd0545nk i5 13è Gén 16Go 512Go SSD - Silver & Blanc,HP,16.0,512.0,15.6,Intel,5.0,FreeDos,2,0,,
https://www.mytek.tn/pc-portable-hp-15-fd0546nk-i5-13e-gen-16go-512go-ssd-silver-or-chaud.html,2299.0,PC Portable HP 15-fd0546nk i5 13è Gén 16Go 512Go SSD - Silver & Or Chaud,HP,16.0,512.0,15.6,Intel,5.0,FreeDos,2,0,,
https://www.mytek.tn/pc-portable-hp-15-fd1073nk-intel-core-7-150u-16g-512go-ssd-silver.html,2345.0,PC Portable HP 15-fd1073nk Intel Core 7 150U 16G 512Go SSD - Silver,HP,16.0,512.0,15.6,Intel,7.0,Windows 11 Pro,2,0,Économique,HP::Économique::c2
https://www.mytek.tn/pc-portable-gamer-hp-victus-15-fb3008nk-amd-ryzen-5-8go-rtx-2050.html,2349.0,PC Portable Gamer HP Victus 15-fb3008nk AMD RYZEN 5 8Go RTX 2050,HP,8.0,512.0,15.6,AMD,0.0,Windows 11 Famille,2,1,Économique,HP::Économique::c0
https://www.mytek.tn/pc-portable-gamer-hp-victus-15-fb3008nk-amd-ryzen-5-8g-rtx-2050.html,2349.0,PC Portable Gamer HP Victus 15-fb3008nk AMD RYZEN 5 8G RTX 2050,HP,8.0,512.0,15.6,AMD,0.0,Windows 11 Famille,2,1,Économique,HP::Économique::c0
https://www.mytek.tn/pc-portable-hp-250r-g10-intel-core-3-100u-16go-512go-ssd.html,2355.0,PC Portable HP 250R G10 Intel Core 3 100U 16Go 512Go SSD,HP,16.0,512.0,15.6,Intel,3.0,FreeDos,2,0,Milieu de gamme,HP::Milieu de gamme::c0
https://www.mytek.tn/pc-portable-hp-probook-450-g10-i5-13e-gen-8go-512go-ssd-silver.html,2399.0,Pc Portable HP ProBook 450 G10 i5 13è Gén 8Go 512Go SSD - Silver,HP,8.0,512.0,15.6,Intel,5.0,FreeDos,2,0,Milieu de gamme,HP::Milieu de gamme::c0
https://www.mytek.tn/pc-portable-hp-ai-15-fd2006nk-ultra-5-225u-24go-512go-ssd-silver-bleu.html,2429.0,PC Portable HP AI 15-fd2006nk Ultra 5 225U 24Go 512Go SSD - Silver & Bleu,HP,24.0,512.0,15.6,Intel,0.0,Windows 11 Famille,2,0,,
https://www.mytek.tn/pc-portable-hp-ai-15-fd2007nk-ultra-5-225u-24go-512go-ssd-silver.html,2429.0,PC Portable HP AI 15-fd2007nk Ultra 5 225U 24Go 512Go SSD - Silver,HP,24.0,512.0,15.6,Intel,0.0,Windows 11 Famille,2,0,,
https://www.mytek.tn/pc-portable-hp-probook-450-g10-i5-13e-gen-8g-512g-ssd-silver.html,2459.0,Pc Portable HP ProBook 450 G10 i5 13è Gén 8G 512G SSD - Silver,HP,8.0,512.0,15.6,Intel,5.0,Windows 11 Pro,2,0,Milieu de gamme,HP::Milieu de gamme::c0
https://www.mytek.tn/pc-portable-gamer-hp-victus-15-fa1006nk-i5-13e-gen-16g-rtx-2050.html,2475.0,PC Portable Gamer HP Victus 15-fa1006nk i5 13è Gén 16G RTX 2050,HP,16.0,512.0,15.6,Intel,5.0,Windows 11 Famille,2,0,Milieu de gamme,HP::Milieu de gamme::c0
https://www.mytek.tn/pc-portable-hp-15-fd1073nk-intel-core-7-150u-24go-512go-ssd-silver.html,2529.0,PC Portable HP 15-fd1073nk Intel Core 7 150U 24Go 512Go SSD - Silver,HP,24.0,512.0,15.6,Intel,7.0,FreeDos,2,0,Milieu de gamme,HP::Milieu de gamme::c0
https://www.mytek.tn/pc-portable-hp-probook-450-g10-i5-13e-gen-16go-512go-ssd-silver.html,2569.0,Pc Portable HP ProBook 450 G10 i5 13è Gén 16Go 512Go SSD - Silver,HP,16.0,512.0,15.6,Intel,5.0,FreeDos,2,0,Milieu de gamme,HP::Milieu de gamme::c0
https://www.mytek.tn/pc-portable-hp-15-fd1108nk-intel-core-5-120u-32go-512go-ssd-silver.html,2589.0,PC Portable HP 15-fd1108nk Intel Core 5 120U 32Go 512Go SSD - Silver,HP,32.0,512.0,15.6,Intel,5.0,FreeDos,2,0,Milieu de gamme,HP::Milieu de gamme::c0
https://www.mytek.tn/pc-portable-hp-probook-460-g11-ultra-5-125u-8go-512go-ssd-silver.html,2589.0,Pc Portable HP ProBook 460 G11 Ultra 5 125U 8Go 512Go SSD - Silver,HP,8.0,512.0,16.0,Intel,0.0,FreeDos,2,0,Milieu de gamme,HP::Milieu de gamme::c0
https://www.mytek.tn/pc-portable-hp-probook-450-g10-i5-13eme-gen-16g-512g-ssd-silver.html,2619.0,Pc Portable HP ProBook 450 G10 i5 13ème Gén 16G 512G SSD - Silver,HP,16.0,512.0,15.6,Intel,5.0,Windows 11 Pro,2,0,Milieu de gamme,HP::Milieu de gamme::c0
https://www.mytek.tn/pc-portable-hp-probook-4-g1ir-intel-core-5-120u-8go-512go-ssd.html,2635.0,Pc Portable HP ProBook 4 G1iR Intel Core 5 120U 8Go 512Go SSD,HP,8.0,512.0,14.0,Intel,5.0,FreeDos,2,0,Milieu de gamme,HP::Milieu de gamme::c0
https://www.mytek.tn/pc-portable-hp-probook-460-g11-ultra-5-125u-8g-512go-ssd-silver.html,2639.0,Pc Portable HP ProBook 460 G11 Ultra 5 125U 8G 512Go SSD - Silver,HP,8.0,512.0,16.0,Intel,0.0,Windows 11 Pro,2,0,Milieu de gamme,HP::Milieu de gamme::c0
https://www.mytek.tn/pc-portable-hp-probook-4-g1ir-intel-core-5-120u-16go-512go-ssd.html,2709.0,Pc Portable HP ProBook 4 G1iR Intel Core 5 120U 16Go 512Go SSD,HP,16.0,512.0,14.0,Intel,5.0,FreeDos,2,0,Milieu de gamme,HP::Milieu de gamme::c0
https://www.mytek.tn/pc-portable-hp-probook-450-g10-i5-13e-gen-24g-512g-ssd-silver.html,2749.0,Pc Portable HP ProBook 450 G10 i5 13è Gén 24G 512G SSD - Silver,HP,24.0,512.0,15.6,Intel,5.0,FreeDos,2,0,Milieu de gamme,HP::Milieu de gamme::c0
https://www.mytek.tn/pc-portable-hp-15-fd1079nk-ultra-5-125h-24go-512go-ssd-noir.html,2749.0,PC Portable HP 15-fd1079nk Ultra 5 125H 24Go 512Go SSD - Noir,HP,24.0,512.0,15.6,Intel,0.0,FreeDos,2,0,Milieu de gamme,HP::Milieu de gamme::c0
https://www.mytek.tn/pc-portable-gamer-hp-victus-15-fb3008nk-amd-ryzen-5-16go-rtx-2050.html,2749.0,PC Portable Gamer HP Victus 15-fb3008nk AMD RYZEN 5 16Go RTX 2050,HP,16.0,512.0,15.6,AMD,0.0,Windows 11 Famille,2,1,Milieu de gamme,HP::Milieu de gamme::c0
https://www.mytek.tn/pc-portable-gamer-hp-victus-15-fb3008nk-amd-ryzen-5-16g-rtx-2050.html,2749.0,PC Portable Gamer HP Victus 15-fb3008nk AMD RYZEN 5 16G RTX 2050,HP,16.0,512.0,15.6,AMD,0.0,Windows 11 Famille,2,1,Milieu de gamme,HP::Milieu de gamme::c0
https://www.mytek.tn/pc-portable-hp-15-fd1079nk-ultra-5-125h-24g-512go-ssd-noir.html,2769.0,PC Portable HP 15-fd1079nk Ultra 5 125H 24G 512Go SSD - Noir,HP,24.0,512.0,15.6,Intel,0.0,FreeDos,2,0,Milieu de gamme,HP::Milieu de gamme::c0
https://www.mytek.tn/pc-portable-hp-15-fd1079nk-ultra-5-125h-24g-512g-ssd-noir.html,2799.0,PC Portable HP 15-fd1079nk Ultra 5 125H 24G 512G SSD - Noir,HP,24.0,512.0,15.6,Intel,0.0,Windows 11 Pro,2,0,Milieu de gamme,HP::Milieu de gamme::c0
https://www.mytek.tn/pc-portable-gamer-hp-victus-15-fb3007nk-amd-ryzen-7-8go-rtx-3050.html,2799.0,PC Portable Gamer HP Victus 15-fb3007nk AMD RYZEN 7 8Go RTX 3050,HP,8.0,512.0,15.6,AMD,0.0,Windows 11 Famille,2,1,Milieu de gamme,HP::Milieu de gamme::c0
https://www.mytek.tn/pc-portable-gamer-hp-victus-15-fb3007nk-amd-ryzen-7-8g-rtx-3050.html,2799.0,PC Portable Gamer HP Victus 15-fb3007nk AMD RYZEN 7 8G RTX 3050,HP,8.0,512.0,15.6,AMD,0.0,Windows 11 Famille,2,1,Milieu de gamme,HP::Milieu de gamme::c0
https://www.mytek.tn/pc-portable-hp-probook-4-g1ir-intel-core-5-120u-16g-512go-ssd.html,2929.0,Pc Portable HP ProBook 4 G1iR Intel Core 5 120U 16G 512Go SSD,HP,16.0,512.0,16.0,Intel,5.0,FreeDos,2,0,Milieu de gamme,HP::Milieu de gamme::c0
https://www.mytek.tn/pc-portable-hp-probook-450-g10-i5-13e-gen-32g-512g-ssd-silver.html,2939.0,Pc Portable HP ProBook 450 G10 i5 13è Gén 32G 512G SSD - Silver,HP,32.0,512.0,15.6,Intel,5.0,FreeDos,2,0,Milieu de gamme,HP::Milieu de gamme::c0
https://www.mytek.tn/pc-portable-hp-ai-15-fd2010nk-ultra-5-225u-24go-512go-ssd-silver.html,2949.0,PC Portable HP AI 15-fd2010nk Ultra 5 225U 24Go 512Go SSD - Silver,HP,24.0,512.0,15.6,Intel,0.0,FreeDos,2,0,Milieu de gamme,HP::Milieu de gamme::c0
https://www.mytek.tn/pc-portable-hp-probook-4-g1ir-intel-core-5-120u-16g-512g-ssd.html,2979.0,Pc Portable HP ProBook 4 G1iR Intel Core 5 120U 16G 512G SSD,HP,16.0,512.0,16.0,Intel,5.0,Windows 11 Pro,2,0,Milieu de gamme,HP::Milieu de gamme::c0
https://www.mytek.tn/pc-portable-hp-probook-460-g11-ultra-5-125u-16go-512go-ssd-silver.html,2985.0,Pc Portable HP ProBook 460 G11 Ultra 5 125U 16Go 512Go SSD - Silver,HP,16.0,512.0,16.0,Intel,0.0,FreeDos,2,0,Milieu de gamme,HP::Milieu de gamme::c0
https://www.mytek.tn/pc-portable-hp-probook-460-g11-ultra-5-125u-16g-512go-ssd-silver.html,3035.0,Pc Portable HP ProBook 460 G11 Ultra 5 125U 16G 512Go SSD - Silver,HP,16.0,512.0,16.0,Intel,0.0,Windows 11 Pro,2,0,Milieu de gamme,HP::Milieu de gamme::c0
https://www.mytek.tn/pc-portable-hp-ai-15-fd2005nk-ultra-5-225u-24go-512go-ssd-silver-or-chaud.html,3059.0,PC Portable HP AI 15-fd2005nk Ultra 5 225U 24Go 512Go SSD - Silver & Or Chaud,HP,24.0,512.0,15.6,Intel,0.0,Windows 11 Famille,2,0,Milieu de gamme,HP::Milieu de gamme::c0
https://www.mytek.tn/pc-portable-hp-ai-15-fd2005nk-ultra-5-225u-24g-512go-ssd-silver-or-chaud.html,3109.0,PC Portable HP AI 15-fd2005nk Ultra 5 225U 24G 512Go SSD - Silver & Or Chaud,HP,24.0,512.0,15.6,Intel,0.0,Windows 11 Pro,2,0,Milieu de gamme,HP::Milieu de gamme::c0
https://www.mytek.tn/pc-portable-hp-250r-g10-intel-core-5-120u-24go-512go-ssd-argent-cendre-fonce.html,3115.0,PC Portable HP 250R G10 Intel Core 5 120U 24Go 512Go SSD - Argent Cendré Foncé,HP,24.0,512.0,15.6,Intel,5.0,FreeDos,2,0,Milieu de gamme,HP::Milieu de gamme::c0
https://www.mytek.tn/pc-portable-gamer-hp-victus-15-fb3008nk-amd-ryzen-5-24go-rtx-2050.html,3149.0,PC Portable Gamer HP Victus 15-fb3008nk AMD RYZEN 5 24Go RTX 2050,HP,24.0,512.0,15.6,AMD,0.0,Windows 11 Famille,2,1,Premium,HP::Premium::c0
https://www.mytek.tn/pc-portable-gamer-hp-victus-15-fb3008nk-amd-ryzen-5-24g-rtx-2050.html,3149.0,PC Portable Gamer HP Victus 15-fb3008nk AMD RYZEN 5 24G RTX 2050,HP,24.0,512.0,15.6,AMD,0.0,Windows 11 Famille,2,1,Premium,HP::Premium::c0
https://www.mytek.tn/pc-portable-hp-probook-4-g1ir-intel-core-7-150u-8go-512go-ssd.html,3159.0,Pc Portable HP ProBook 4 G1iR Intel Core 7 150U 8Go 512Go SSD,HP,8.0,512.0,14.0,Intel,7.0,FreeDos,2,0,Premium,HP::Premium::c2
https://www.mytek.tn/pc-portable-gamer-hp-victus-15-fb3007nk-amd-ryzen-7-16go-rtx-3050.html,3189.0,PC Portable Gamer HP Victus 15-fb3007nk AMD RYZEN 7 16Go RTX 3050,HP,16.0,512.0,15.6,AMD,0.0,Windows 11 Famille,2,1,Premium,HP::Premium::c0
https://www.mytek.tn/pc-portable-gamer-hp-victus-15-fb3007nk-amd-ryzen-7-16g-rtx-3050.html,3189.0,PC Portable Gamer HP Victus 15-fb3007nk AMD RYZEN 7 16G RTX 3050,HP,16.0,512.0,15.6,AMD,0.0,Windows 11 Famille,2,1,Premium,HP::Premium::c0
https://www.mytek.tn/pc-portable-hp-omnibook-7-aerongai-13-bg1004nk-amd-ryzen-ai-5-16go-512go-ssd.html,3239.0,PC Portable HP OmniBook 7 AeroNGAI 13-bg1004nk AMD Ryzen AI 5 16Go 512Go SSD,HP,16.0,512.0,13.3,AMD,0.0,Windows 11 Famille,2,1,Premium,HP::Premium::c0
https://www.mytek.tn/pc-portable-hp-probook-4-g1ir-intel-core-5-120u-16go-512g-ssd.html,3259.0,Pc Portable HP ProBook 4 G1iR Intel Core 5 120U 16Go 512G SSD,HP,16.0,512.0,16.0,Intel,5.0,FreeDos,2,0,Premium,HP::Premium::c2
https://www.mytek.tn/pc-portable-hp-15-fd1079nk-ultra-5-125h-32go-512go-ssd-noir.html,3299.0,PC Portable HP 15-fd1079nk Ultra 5 125H 32Go 512Go SSD - Noir,HP,32.0,512.0,15.6,Intel,0.0,FreeDos,2,0,Premium,HP::Premium::c1
https://www.mytek.tn/pc-portable-hp-omnibook-5-ai-16-af1003nf-ultra-7-255u-16go-1to-ssd.html,3315.0,PC Portable HP OmniBook 5 AI 16-af1003nf Ultra 7 255U 16Go 1To SSD,HP,16.0,1024.0,16.0,Intel,0.0,Windows 11 Famille,2,0,Premium,HP::Premium::c1
https://www.mytek.tn/pc-portable-hp-15-fd1079nk-ultra-5-125h-32g-512g-ssd-noir.html,3319.0,PC Portable HP 15-fd1079nk Ultra 5 125H 32G 512G SSD - Noir,HP,32.0,512.0,15.6,Intel,0.0,FreeDos,2,0,Premium,HP::Premium::c1
https://www.mytek.tn/pc-portable-hp-15-fd1079nk-ultra-5-125h-32g-512go-ssd-noir.html,3349.0,PC Portable HP 15-fd1079nk Ultra 5 125H 32G 512Go SSD - Noir,HP,32.0,512.0,15.6,Intel,0.0,Windows 11 Pro,2,0,Premium,HP::Premium::c1
https://www.mytek.tn/pc-portable-hp-probook-4-g1ir-intel-core-7-150u-8g-512go-ssd.html,3415.0,Pc Portable HP ProBook 4 G1iR Intel Core 7 150U 8G 512Go SSD,HP,8.0,512.0,16.0,Intel,7.0,FreeDos,2,0,,
https://www.mytek.tn/pc-portable-gamer-hp-victus-15-fb3007nk-amd-ryzen-7-24go-rtx-3050.html,3599.0,PC Portable Gamer HP Victus 15-fb3007nk AMD RYZEN 7 24Go RTX 3050,HP,24.0,512.0,15.6,AMD,0.0,Windows 11 Famille,2,1,Premium,HP::Premium::c0
https://www.mytek.tn/pc-portable-gamer-hp-victus-15-fb3007nk-amd-ryzen-7-24g-rtx-3050.html,3599.0,PC Portable Gamer HP Victus 15-fb3007nk AMD RYZEN 7 24G RTX 3050,HP,24.0,512.0,15.6,AMD,0.0,Windows 11 Famille,2,1,Premium,HP::Premium::c0
https://www.mytek.tn/pc-portable-hp-probook-4-g1i-ultra-7-255u-16go-512go-ssd.html,3625.0,Pc Portable HP ProBook 4 G1i Ultra 7 255U 16Go 512Go SSD,HP,16.0,512.0,14.0,Intel,0.0,FreeDos,2,0,Premium,HP::Premium::c1
https://www.mytek.tn/pc-portable-hp-probook-4-g1ir-intel-core-7-150u-16g-512go-ssd.html,3675.0,Pc Portable HP ProBook 4 G1iR Intel Core 7 150U 16G 512Go SSD,HP,16.0,512.0,16.0,Intel,7.0,FreeDos,2,0,Premium,HP::Premium::c2
https://www.mytek.tn/pc-portable-hp-probook-4-g1ir-intel-core-7-150u-16g-512g-ssd.html,3725.0,Pc Portable HP ProBook 4 G1iR Intel Core 7 150U 16G 512G SSD,HP,16.0,512.0,16.0,Intel,7.0,Windows 11 Pro,2,0,Premium,HP::Premium::c2
https://www.mytek.tn/pc-portable-hp-omnibook-5-flip-2-in-1-14-fp0007nk-i5-13e-gen-16go-512go-ssd.html,3759.0,PC Portable HP OmniBook 5 Flip 2-in-1 14-fp0007nk i5 13è Gén 16Go 512Go SSD,HP,16.0,512.0,14.0,Intel,5.0,Windows 11 Famille,2,0,,
https://www.mytek.tn/pc-portable-hp-probook-460-g11-ultra-5-125u-32go-512go-ssd-silver.html,3785.0,Pc Portable HP ProBook 460 G11 Ultra 5 125U 32Go 512Go SSD - Silver,HP,32.0,512.0,16.0,Intel,0.0,FreeDos,2,0,Premium,HP::Premium::c1
https://www.mytek.tn/pc-portable-hp-omnibook-5-flip-2-in-1-14-fp0005nk-i5-13e-gen-16go-512go-ssd.html,3799.0,PC Portable HP OmniBook 5 Flip 2-in-1 14-fp0005nk i5 13è Gén 16Go 512Go SSD,HP,16.0,512.0,14.0,Intel,5.0,Windows 11 Famille,2,0,Premium,HP::Premium::c1
https://www.mytek.tn/pc-portable-hp-probook-460-g11-ultra-5-125u-32g-512go-ssd-silver.html,3835.0,Pc Portable HP ProBook 460 G11 Ultra 5 125U 32G 512Go SSD - Silver,HP,32.0,512.0,16.0,Intel,0.0,Windows 11 Pro,2,0,Premium,HP::Premium::c1
https://www.mytek.tn/pc-portable-hp-omnibook-x-flip-2-in-1-ai-16-as0021nk-ultra-5-226v-16g-512g-ssd.html,3859.0,PC Portable HP OmniBook X Flip 2-in-1 AI 16-as0021nk Ultra 5 226V 16G 512G SSD,HP,16.0,512.0,16.0,Intel,0.0,Windows 11 Famille,2,0,,
https://www.mytek.tn/pc-portable-gamer-hp-victus-15-fb3004nk-amd-ryzen-5-16go-rtx-4050.html,3889.0,PC Portable Gamer HP Victus 15-fb3004nk AMD RYZEN 5 16Go RTX 4050,HP,16.0,512.0,15.6,AMD,0.0,FreeDos,2,1,Premium,HP::Premium::c0
https://www.mytek.tn/pc-portable-hp-omnibook-x-flip-2-in-1-14-fm0020nk-ultra-5-226v-16g-512g-ssd-silver.html,3899.0,PC Portable HP OmniBook X Flip 2-in-1 14-fm0020nk Ultra 5 226V 16G 512G SSD - Silver,HP,16.0,512.0,14.0,Intel,0.0,Windows 11 Famille,2,0,Premium,HP::Premium::c1
https://www.mytek.tn/pc-portable-hp-ai-15-fd2000nk-ultra-7-255u-16go-1to-ssd-silver.html,4119.0,PC Portable HP AI 15-fd2000nk Ultra 7 255U 16Go 1To SSD - Silver,HP,16.0,1024.0,15.6,Intel,0.0,Windows 11 Famille,2,0,Premium,HP::Premium::c1
https://www.mytek.tn/pc-portable-gamer-hp-victus-15-fb3005nk-amd-ryzen-7-16go-rtx-4050.html,4299.0,PC Portable Gamer HP Victus 15-fb3005nk AMD RYZEN 7 16Go RTX 4050,HP,16.0,512.0,15.6,AMD,0.0,Windows 11 Famille,2,1,Premium,HP::Premium::c0
https://www.mytek.tn/pc-portable-hp-omnibook-x-flipngai-14-fm0019nk-ultra-7-256v-16g-512g-ssd-silver.html,4379.0,PC Portable HP OmniBook X FlipNGAI 14-fm0019nk Ultra 7 256V 16G 512G SSD - Silver,HP,16.0,512.0,14.0,Intel,0.0,Windows 11 Famille,2,0,Premium,HP::Premium::c1
https://www.mytek.tn/pc-portable-hp-omnibook-5-flip-2-in-1-14-fp0011nk-intel-core-7-150u-16go-512go-ssd.html,4489.0,PC Portable HP OmniBook 5 Flip 2-in-1 14-fp0011nk Intel Core 7 150U 16Go 512Go SSD,HP,16.0,512.0,14.0,Intel,7.0,Windows 11 Famille,2,0,Premium,HP::Premium::c2
https://www.mytek.tn/pc-portable-gamer-hp-victus-15-fa2025nk-i7-13e-gen-16go-rtx-4050.html,4739.0,PC Portable Gamer HP Victus 15-fa2025nk i7 13è Gén 16Go RTX 4050,HP,16.0,512.0,15.6,Intel,7.0,FreeDos,2,0,Premium,HP::Premium::c2
https://www.mytek.tn/pc-portable-hp-omnibook-x-flip-2-in-1-ai-16-as0018nk-ultra-7-256v-16g-1to-ssd.html,4799.0,PC Portable HP OmniBook X Flip 2-in-1 AI 16-as0018nk Ultra 7 256V 16G 1To SSD,HP,16.0,1024.0,16.0,Intel,0.0,Windows 11 Famille,2,0,,
https://www.mytek.tn/pc-portable-hp-omnibook-ultra-flip-14-fh0008nk-ultra-5-226v-16g-512g-ssd-gris.html,5245.0,PC Portable HP OmniBook Ultra Flip 14-fh0008nk Ultra 5 226V 16G 512G SSD - Gris,HP,16.0,512.0,14.0,Intel,0.0,Windows 11 Famille,2,0,Premium,HP::Premium::c1
https://www.mytek.tn/pc-portable-hp-omen-gaming-16-am0091nf-ultra-7-255h-16go-rtx-5060.html,5699.0,PC Portable HP OMEN Gaming 16-am0091nf Ultra 7 255H 16Go RTX 5060,HP,16.0,1024.0,16.0,Intel,0.0,FreeDos,2,0,,
https://www.mytek.tn/pc-portable-hp-omnibook-ultra-flip-14-fh0005nk-ultra-7-256v-16g-1to-ssd-gris.html,5799.0,PC Portable HP OmniBook Ultra Flip 14-fh0005nk Ultra 7 256V 16G 1To SSD - Gris,HP,16.0,1024.0,14.0,Intel,0.0,Windows 11 Famille,2,0,Premium,HP::Premium::c1
https://www.mytek.tn/pc-portable-hp-omnibook-ultra-flip-14-fh0000nk-ultra-7-258v-32g-1to-ssd-bleu.html,6099.0,PC Portable HP OmniBook Ultra Flip 14-fh0000nk Ultra 7 258V 32G 1To SSD - Bleu,HP,32.0,1024.0,14.0,Intel,0.0,Windows 11 Famille,2,0,Premium,HP::Premium::c1
https://www.mytek.tn/pc-portable-gamer-hp-omen-max-16-ah0042nf-ultra-9-275hx-32go-rtx-5060.html,9059.0,PC Portable Gamer HP OMEN MAX 16-ah0042nf Ultra 9 275HX 32Go RTX 5060,HP,32.0,1024.0,16.0,Intel,0.0,Windows 11 Famille,2,0,Premium,HP::Premium::c1
https://www.mytek.tn/pc-portable-lenovo-v15-g2-ijl-intel-celeron-n4500-8go-256go-ssd-noir.html,1099.0,PC Portable LENOVO V15 G2 IJL Intel Celeron N4500 8Go 256Go SSD - Noir,LENOVO,8.0,256.0,15.6,Intel,0.0,FreeDos,2,0,Économique,LENOVO::Économique::c1
https://www.mytek.tn/pc-portable-lenovo-v15-g2-ijl-intel-celeron-n4500-8g-256g-ssd-noir.html,1149.0,PC Portable LENOVO V15 G2 IJL Intel Celeron N4500 8G 256G SSD - Noir,LENOVO,8.0,256.0,15.6,Intel,0.0,Windows 11 Pro,2,0,Économique,LENOVO::Économique::c1
https://www.mytek.tn/pc-portable-lenovo-ideapad-1-15ijl7-intel-celeron-n4500-8go-256go-ssd-gris.html,1219.0,PC Portable LENOVO IdeaPad 1 15IJL7 Intel Celeron N4500 8Go 256Go SSD - Gris,LENOVO,8.0,256.0,15.6,Intel,0.0,FreeDos,2,0,Économique,LENOVO::Économique::c1
https://www.mytek.tn/pc-portable-lenovo-ideapad-1-15ijl7-intel-celeron-n4500-8go-256g-ssd.html,1219.0,PC Portable LENOVO IdeaPad 1 15IJL7 Intel Celeron N4500 8Go 256G SSD,LENOVO,8.0,256.0,15.6,Intel,0.0,FreeDos,2,0,Économique,LENOVO::Économique::c1
https://www.mytek.tn/pc-portable-lenovo-ideapad-1-15ijl7-intel-celeron-n4500-8g-256g-ssd-gris.html,1239.0,PC Portable LENOVO IdeaPad 1 15IJL7 Intel Celeron N4500 8G 256G SSD - Gris,LENOVO,8.0,256.0,15.6,Intel,0.0,FreeDos,2,0,Économique,LENOVO::Économique::c1
https://www.mytek.tn/pc-portable-lenovo-ideapad-1-15ijl7-intel-celeron-n4500-8g-256g-ssd.html,1249.0,PC Portable LENOVO IdeaPad 1 15IJL7 Intel Celeron N4500 8G 256G SSD,LENOVO,8.0,256.0,15.6,Intel,0.0,FreeDos,2,0,Économique,LENOVO::Économique::c1
https://www.mytek.tn/pc-portable-lenovo-ideapad1-15ijl7-intel-celeron-n4500-8g-256g-ssd-gris.html,1259.0,PC Portable LENOVO IdeaPad1 15IJL7 Intel Celeron N4500 8G 256G SSD - Gris,LENOVO,8.0,256.0,15.6,Intel,0.0,Windows 11 Pro,2,0,Économique,LENOVO::Économique::c1
https://www.mytek.tn/pc-portable-lenovo-ideapad1-15ijl7-intel-celeron-n4500-8go-256g-ssd.html,1259.0,PC Portable LENOVO IdeaPad1 15IJL7 Intel Celeron N4500 8Go 256G SSD,LENOVO,8.0,256.0,15.6,Intel,0.0,Windows 11 Pro,2,0,,
https://www.mytek.tn/pc-portable-lenovo-ideapad-1-15ijl7-intel-celeron-n4500-8g-256-g-ssd.html,1269.0,PC Portable LENOVO IdeaPad 1 15IJL7 Intel Celeron N4500 8G 256 G SSD,LENOVO,8.0,256.0,15.6,Intel,0.0,FreeDos,2,0,Économique,LENOVO::Économique::c1
https://www.mytek.tn/pc-portable-lenovo-ideapad1-15ijl7-intel-celeron-n4500-8go-256go-ssd-gris.html,1279.0,PC Portable LENOVO IdeaPad1 15IJL7 Intel Celeron N4500 8Go 256Go SSD - Gris,LENOVO,8.0,256.0,15.6,Intel,0.0,Windows 11 Pro,2,0,Économique,LENOVO::Économique::c1
https://www.mytek.tn/pc-portable-lenovo-ideapad-1-15ijl7-intel-celeron-n4500-8go-256g-ssd-gris.html,1299.0,PC Portable LENOVO IdeaPad 1 15IJL7 Intel Celeron N4500 8Go 256G SSD - Gris,LENOVO,8.0,256.0,15.6,Intel,0.0,Windows 11 Famille,2,0,Économique,LENOVO::Économique::c1
https://www.mytek.tn/pc-portable-lenovo-ideapad-1-15ijl7-intel-celeron-n4500-8go-256-g-ssd.html,1299.0,PC Portable LENOVO IdeaPad 1 15IJL7 Intel Celeron N4500 8Go 256 G SSD,LENOVO,8.0,256.0,15.6,Intel,0.0,Windows 11 Famille,2,0,Économique,LENOVO::Économique::c1
https://www.mytek.tn/pc-portable-lenovo-ideapad-1-15ijl7-intel-celeron-n4500-8go-256-g-ssd-gris.html,1309.0,PC Portable LENOVO IdeaPad 1 15IJL7 Intel Celeron N4500 8Go 256G SSD - Gris,LENOVO,8.0,256.0,15.6,Intel,0.0,Windows 11 Pro,2,0,Économique,LENOVO::Économique::c1
https://www.mytek.tn/pc-portable-lenovo-ideapad-1-15ijl7-intel-celeron-n4500-8-go-256g-ssd.html,1315.0,PC Portable LENOVO IdeaPad 1 15IJL7 Intel Celeron N4500 8 Go 256G SSD,LENOVO,8.0,256.0,15.6,Intel,0.0,Windows 11 Famille,2,0,Économique,LENOVO::Économique::c1
https://www.mytek.tn/pc-portable-lenovo-v15-g2-ijl-intel-celeron-n4500-16go-256go-ssd-noir.html,1319.0,PC Portable LENOVO V15 G2 IJL Intel Celeron N4500 16Go 256Go SSD - Noir,LENOVO,16.0,256.0,15.6,Intel,0.0,FreeDos,2,0,Économique,LENOVO::Économique::c1
https://www.mytek.tn/pc-portable-lenovo-ideapad-1-15ijl7-intel-celeron-n4500-8g-256go-ssd.html,1329.0,PC Portable LENOVO IdeaPad 1 15IJL7 Intel Celeron N4500 8G 256Go SSD,LENOVO,8.0,256.0,15.6,Intel,0.0,FreeDos,2,0,Économique,LENOVO::Économique::c1
https://www.mytek.tn/pc-portable-lenovo-ideapad-1-15ijl7-intel-celeron-n4500-8g-256-g-ssd-gris.html,1339.0,PC Portable LENOVO IdeaPad 1 15IJL7 Intel Celeron N4500 8G 256 G SSD - Gris,LENOVO,8.0,256.0,15.6,Intel,0.0,Windows 11 Famille,2,0,Économique,LENOVO::Économique::c1
https://www.mytek.tn/pc-portable-lenovo-v15-g2-ijl-intel-celeron-n4500-16go-256g-ssd-noir.html,1369.0,PC Portable LENOVO V15 G2 IJL Intel Celeron N4500 16Go 256G SSD - Noir,LENOVO,16.0,256.0,15.6,Intel,0.0,Windows 11 Pro,2,0,Économique,LENOVO::Économique::c1
https://www.mytek.tn/pc-portable-lenovo-ideapad-slim-3-15amn8-amd-athlon-8g-256go-ssd-gris.html,1379.0,PC Portable LENOVO IdeaPad Slim 3 15AMN8 AMD Athlon 8G 256Go SSD - Gris,LENOVO,8.0,256.0,15.6,AMD,0.0,FreeDos,2,1,Économique,LENOVO::Économique::c3
https://www.mytek.tn/pc-portable-lenovo-ideapad-slim-3-15amn8-amd-athlon-8g-256g-ssd-gris.html,1419.0,PC Portable LENOVO IdeaPad Slim 3 15AMN8 AMD Athlon 8G 256G SSD - Gris,LENOVO,8.0,256.0,15.6,AMD,0.0,Windows 11 Pro,2,1,Économique,LENOVO::Économique::c3
https://www.mytek.tn/pc-portable-lenovo-ideapad-slim-3-15iru8-i3-13eme-gen-8g-512go-ssd-gris.html,1489.0,PC Portable LENOVO IdeaPad Slim 3 15IRU8 i3 13ème Gén 8G 512Go SSD - Gris,LENOVO,8.0,512.0,15.6,Intel,3.0,FreeDos,2,0,Économique,LENOVO::Économique::c0
https://www.mytek.tn/pc-portable-lenovo-ideapad-slim-3-15iru8-i3-13e-gen-8g-512g-ssd-gris.html,1519.0,PC Portable LENOVO IdeaPad Slim 3 15IRU8 i3 13è Gén 8G 512G SSD - Gris,LENOVO,8.0,512.0,15.6,Intel,3.0,FreeDos,2,0,Économique,LENOVO::Économique::c0
https://www.mytek.tn/pc-portable-lenovo-ideapad-slim-3-15iru8-i3-13eme-gen-8g-512g-ssd-gris.html,1529.0,PC Portable LENOVO IdeaPad Slim 3 15IRU8 i3 13ème Gén 8G 512G SSD - Gris,LENOVO,8.0,512.0,15.6,Intel,3.0,Windows 11 Pro,2,0,Économique,LENOVO::Économique::c0
https://www.mytek.tn/pc-portable-lenovo-ideapad-slim-3-15amn8-amd-ryzen-3-8g-256g-ssd-gris.html,1559.0,PC Portable LENOVO IdeaPad Slim 3 15AMN8 AMD RYZEN 3 8G 256G SSD - Gris,LENOVO,8.0,256.0,15.6,AMD,0.0,Windows 11 Famille,2,1,Économique,LENOVO::Économique::c3
https://www.mytek.tn/pc-portable-lenovo-ideapad-slim-3-15iru8-i3-13e-gen-8go-512g-ssd-gris.html,1559.0,PC Portable LENOVO IdeaPad Slim 3 15IRU8 i3 13è Gén 8Go 512G SSD - Gris,LENOVO,8.0,512.0,15.6,Intel,3.0,Windows 11 Famille,2,0,Économique,LENOVO::Économique::c0
https://www.mytek.tn/pc-portable-lenovo-ideapad-slim-3-15iru8-i3-13e-gen-8g-512go-ssd-gris.html,1559.0,PC Portable LENOVO IdeaPad Slim 3 15IRU8 i3 13è Gén 8G 512Go SSD - Gris,LENOVO,8.0,512.0,15.6,Intel,3.0,Windows 11 Pro,2,0,Économique,LENOVO::Économique::c0
https://www.mytek.tn/pc-portable-lenovo-ideapad-slim-3-15amn8-amd-ryzen-3-8g-256g-ssd-win-11-pro-gris.html,1639.0,PC Portable LENOVO IdeaPad Slim 3 15AMN8 AMD RYZEN 3 8G 256G SSD - Gris,LENOVO,8.0,256.0,15.6,AMD,0.0,Windows 11 Pro,2,1,,
https://www.mytek.tn/pc-portable-lenovo-ideapad-slim-3-15irh10-i5-13e-gen-8g-512go-ssd-gris.html,1789.0,PC Portable LENOVO IdeaPad Slim 3 15IRH10 i5 13è Gén 8G 512Go SSD - Gris,LENOVO,8.0,512.0,15.3,Intel,5.0,FreeDos,2,0,Économique,LENOVO::Économique::c2
https://www.mytek.tn/pc-portable-lenovo-ideapad-slim-3-15irh10-i5-13e-gen-8go-512go-ssd-gris.html,1799.0,PC Portable LENOVO IdeaPad Slim 3 15IRH10 i5 13è Gén 8Go 512Go SSD - Gris,LENOVO,8.0,512.0,15.3,Intel,5.0,Windows 11 Famille,2,0,Économique,LENOVO::Économique::c2
https://www.mytek.tn/pc-portable-lenovo-ideapad-slim-3-15irh10-i5-13e-gen-8g-512g-ssd-gris.html,1839.0,PC Portable LENOVO IdeaPad Slim 3 15IRH10 i5 13è Gén 8G 512G SSD - Gris,LENOVO,8.0,512.0,15.3,Intel,5.0,Windows 11 Pro,2,0,Économique,LENOVO::Économique::c2
https://www.mytek.tn/pc-portable-lenovo-ideapad-slim-3-15amn8-amd-ryzen-5-16g-512g-ssd-gris.html,1899.0,PC Portable LENOVO IdeaPad Slim 3 15AMN8 AMD RYZEN 5 16G 512G SSD - Gris,LENOVO,16.0,512.0,15.6,AMD,0.0,FreeDos,2,1,Économique,LENOVO::Économique::c3
https://www.mytek.tn/pc-portable-lenovo-ideapad-slim-3-15amn8-amd-ryzen5-16g-512g-ssd-gris.html,1949.0,PC Portable LENOVO IdeaPad Slim 3 15AMN8 AMD RYZEN5 16G 512G SSD - Gris,LENOVO,16.0,512.0,15.6,AMD,0.0,Windows 11 Pro,2,1,Économique,LENOVO::Économique::c3
https://www.mytek.tn/pc-portable-lenovo-v15-g5-irl-i3-13e-gen-8g-512go-ssd-noir.html,1989.0,PC Portable LENOVO V15 G5 IRL i3 13è Gén 8G 512Go SSD - Noir,LENOVO,8.0,512.0,15.6,Intel,3.0,FreeDos,2,0,Économique,LENOVO::Économique::c0
https://www.mytek.tn/pc-portable-lenovo-ideapad-slim-3-15irh10-i5-13e-gen-16go-512go-ssd-bleu.html,2099.0,PC Portable LENOVO IdeaPad Slim 3 15IRH10 i5 13è Gén 16Go 512Go SSD - Bleu,LENOVO,16.0,512.0,15.3,Intel,5.0,Windows 11 Famille,2,0,Économique,LENOVO::Économique::c2
https://www.mytek.tn/pc-portable-lenovo-v15-g5-irl-i5-13e-gen-8go-512go-ssd-noir.html,2119.0,PC Portable LENOVO V15 G5 IRL i5 13è Gén 8Go 512Go SSD - Noir,LENOVO,8.0,512.0,15.6,Intel,5.0,FreeDos,2,0,Économique,LENOVO::Économique::c2
https://www.mytek.tn/pc-portable-lenovo-v15-g5-irl-i5-13e-gen-8g-512go-ssd-noir.html,2169.0,PC Portable LENOVO V15 G5 IRL i5 13è Gén 8G 512Go SSD - Noir,LENOVO,8.0,512.0,15.6,Intel,5.0,Windows 11 Pro,2,0,Économique,LENOVO::Économique::c2
https://www.mytek.tn/pc-portable-gamer-lenovo-loq-15iax9e-i5-12e-gen-16go-rtx-2050.html,2199.0,PC Portable Gamer LENOVO LOQ 15IAX9E i5 12è Gén 16Go RTX 2050,LENOVO,16.0,512.0,15.6,Intel,5.0,Windows 11 Famille,2,0,Économique,LENOVO::Économique::c2
https://www.mytek.tn/pc-portable-lenovo-ideapad-slim-3-15irh10-i5-13eme-gen-16g-512g-ssd-gris.html,2205.0,PC Portable LENOVO IdeaPad Slim 3 15IRH10 i5 13ème Gén 16G 512G SSD - Gris,LENOVO,16.0,512.0,15.3,Intel,5.0,FreeDos,2,0,Économique,LENOVO::Économique::c2
https://www.mytek.tn/pc-portable-lenovo-v15-g5-irl-i7-13e-gen-8go-512go-ssd-noir.html,2259.0,PC Portable LENOVO V15 G5 IRL i7 13è Gén 8Go 512Go SSD - Noir,LENOVO,8.0,512.0,15.6,Intel,7.0,FreeDos,2,0,Économique,LENOVO::Économique::c0
https://www.mytek.tn/pc-portable-lenovo-v15-g5-irl-i7-13e-gen-8g-512go-ssd-noir.html,2309.0,PC Portable LENOVO V15 G5 IRL i7 13è Gén 8G 512Go SSD - Noir,LENOVO,8.0,512.0,15.6,Intel,7.0,Windows 11 Pro,2,0,Économique,LENOVO::Économique::c0
https://www.mytek.tn/pc-portable-lenovo-ideapad-slim-3-15irh10-i5-13e-gen-24g-512go-ssd-gris.html,2329.0,PC Portable LENOVO IdeaPad Slim 3 15IRH10 i5 13è Gén 24G 512Go SSD - Gris,LENOVO,24.0,512.0,15.3,Intel,5.0,FreeDos,2,0,Économique,LENOVO::Économique::c2
https://www.mytek.tn/pc-portable-lenovo-ideapad-slim-3-15irh10-i5-13e-gen-24g-512g-ssd-gris.html,2369.0,PC Portable LENOVO IdeaPad Slim 3 15IRH10 i5 13è Gén 24G 512G SSD - Gris,LENOVO,24.0,512.0,15.3,Intel,5.0,Windows 11 Pro,2,0,Économique,LENOVO::Économique::c2
https://www.mytek.tn/pc-portable-lenovo-ideapad-slim-3-15irh10-i7-13e-gen-16g-512go-ssd-gris.html,2379.0,PC Portable LENOVO IdeaPad Slim 3 15IRH10 i7 13è Gén 16G 512Go SSD - Gris,LENOVO,16.0,512.0,15.3,Intel,7.0,FreeDos,2,0,Milieu de gamme,LENOVO::Milieu de gamme::c2
https://www.mytek.tn/pc-portable-lenovo-ideapad-slim-3-15irh10-i7-13e-gen-16go-512go-ssd-gris.html,2399.0,PC Portable LENOVO IdeaPad Slim 3 15IRH10 i7 13è Gén 16Go 512Go SSD - Gris,LENOVO,16.0,512.0,15.3,Intel,7.0,FreeDos,2,0,Milieu de gamme,LENOVO::Milieu de gamme::c2
https://www.mytek.tn/pc-portable-lenovo-ideapad-slim-3-15irh10-i7-13e-gen-16go-512g-ssd-gris.html,2399.0,PC Portable LENOVO IdeaPad Slim 3 15IRH10 i7 13è Gén 16Go 512G SSD - Gris,LENOVO,16.0,512.0,15.3,Intel,7.0,FreeDos,2,0,Milieu de gamme,LENOVO::Milieu de gamme::c2
https://www.mytek.tn/pc-portable-lenovo-ideapad-slim-3-15irh10-i7-13e-gen-16go-512go-ssd.html,2429.0,PC Portable LENOVO IdeaPad Slim 3 15IRH10 i7 13è Gén 16Go 512Go SSD,LENOVO,16.0,512.0,15.3,Intel,7.0,Windows 11 Pro,2,0,Milieu de gamme,LENOVO::Milieu de gamme::c2
https://www.mytek.tn/pc-portable-lenovo-ideapad-slim-3-15irh10-i7-13e-gen-16g-512go-ssd.html,2439.0,PC Portable LENOVO IdeaPad Slim 3 15IRH10 i7 13è Gén 16G 512Go SSD,LENOVO,16.0,512.0,15.3,Intel,7.0,Windows 11 Pro,2,0,,
https://www.mytek.tn/pc-portable-lenovo-ideapad-slim-3-15irh10-i7-13e-gen-16g-512g-ssd-gris.html,2449.0,PC Portable LENOVO IdeaPad Slim 3 15IRH10 i7 13è Gén 16G 512G SSD - Gris,LENOVO,16.0,512.0,15.3,Intel,7.0,Windows 11 Pro,2,0,Milieu de gamme,LENOVO::Milieu de gamme::c2
https://www.mytek.tn/pc-portable-lenovo-thinkbook-16-g7-arp-amd-ryzen-5-16go-512go-ssd-gris.html,2459.0,PC Portable LENOVO ThinkBook 16 G7 ARP AMD RYZEN 5 16Go 512Go SSD - Gris,LENOVO,16.0,512.0,16.0,AMD,0.0,FreeDos,2,1,Milieu de gamme,LENOVO::Milieu de gamme::c3
https://www.mytek.tn/pc-portable-lenovo-thinkbook-16-g7-arp-amd-ryzen-5-16g-512go-ssd-gris.html,2469.0,PC Portable LENOVO ThinkBook 16 G7 ARP AMD RYZEN 5 16G 512Go SSD - Gris,LENOVO,16.0,512.0,16.0,AMD,0.0,FreeDos,2,1,Milieu de gamme,LENOVO::Milieu de gamme::c3
https://www.mytek.tn/pc-portable-lenovo-thinkbook-16-g7-arp-amd-ryzen-5-16g-512g-ssd-gris.html,2499.0,PC Portable LENOVO ThinkBook 16 G7 ARP AMD RYZEN 5 16G 512G SSD - Gris,LENOVO,16.0,512.0,16.0,AMD,0.0,Windows 11 Pro,2,1,,
https://www.mytek.tn/pc-portable-gamer-lenovo-loq-15iax9-i5-12eme-gen-8g-rtx-3050.html,2499.0,PC Portable Gamer LENOVO LOQ 15IAX9 i5 12ème Gén 8G RTX 3050,LENOVO,8.0,512.0,15.6,Intel,5.0,Windows 11 Famille,2,0,Milieu de gamme,LENOVO::Milieu de gamme::c1
https://www.mytek.tn/pc-portable-lenovo-thinkbook-16-g7-arp-amd-ryzen-5-16go-512g-ssd-gris.html,2519.0,PC Portable LENOVO ThinkBook 16 G7 ARP AMD RYZEN 5 16Go 512G SSD - Gris,LENOVO,16.0,512.0,16.0,AMD,0.0,Windows 11 Pro,2,1,Milieu de gamme,LENOVO::Milieu de gamme::c3
https://www.mytek.tn/pc-portable-gamer-lenovo-loq-15iax9-i5-12eme-gen-8g-rtx3050.html,2549.0,PC Portable Gamer LENOVO LOQ 15IAX9 i5 12ème Gén 8G RTX3050,LENOVO,8.0,512.0,15.6,Intel,5.0,Windows 11 Pro,2,0,,
https://www.mytek.tn/pc-portable-lenovo-thinkbook-16-g9-irl-intel-core-5-210h-8g-512g-ssd.html,2689.0,PC Portable LENOVO ThinkBook 16 G9 IRL Intel Core 5 210H 8G 512G SSD,LENOVO,8.0,512.0,16.0,Intel,5.0,FreeDos,2,0,Milieu de gamme,LENOVO::Milieu de gamme::c1
https://www.mytek.tn/pc-portable-lenovo-ideapad-slim-3-15irh10-i7-13e-gen-24go-512go-ssd-gris.html,2799.0,PC Portable LENOVO IdeaPad Slim 3 15IRH10 i7 13è Gén 24Go 512Go SSD - Gris,LENOVO,24.0,512.0,15.3,Intel,7.0,FreeDos,2,0,Milieu de gamme,LENOVO::Milieu de gamme::c2
https://www.mytek.tn/pc-portable-lenovo-thinkbook-16-g8-ial-ultra-5-225u-8g-512go-ssd-gris.html,2829.0,PC Portable LENOVO ThinkBook 16 G8 IAL Ultra 5 225U 8G 512Go SSD - Gris,LENOVO,8.0,512.0,16.0,Intel,0.0,FreeDos,2,0,Milieu de gamme,LENOVO::Milieu de gamme::c0
https://www.mytek.tn/pc-portable-lenovo-ideapad-slim-3-15irh10-i7-13e-gen-24g-512go-ssd-gris.html,2849.0,PC Portable LENOVO IdeaPad Slim 3 15IRH10 i7 13è Gén 24G 512Go SSD - Gris,LENOVO,24.0,512.0,15.3,Intel,7.0,Windows 11 Pro,2,0,Milieu de gamme,LENOVO::Milieu de gamme::c2
https://www.mytek.tn/pc-portable-gamer-lenovo-loq-15iax9-i5-12eme-gen-16go-rtx3050.html,2899.0,PC Portable Gamer LENOVO LOQ 15IAX9 i5 12ème Gén 16Go RTX3050,LENOVO,16.0,512.0,15.6,Intel,5.0,Windows 11 Famille,2,0,Milieu de gamme,LENOVO::Milieu de gamme::c1
https://www.mytek.tn/pc-portable-gamer-lenovo-loq-15arp10e-amd-ryzen-5-16g-rtx-3050.html,2999.0,PC Portable Gamer LENOVO LOQ 15ARP10E AMD RYZEN 5 16G RTX 3050,LENOVO,16.0,1024.0,15.6,AMD,0.0,Windows 11 Famille,2,1,Milieu de gamme,LENOVO::Milieu de gamme::c3
https://www.mytek.tn/pc-portable-lenovo-thinkbook-16-g8-ial-ultra-7-255h-8g-512go-ssd-gris.html,3049.0,PC Portable LENOVO ThinkBook 16 G8 IAL Ultra 7 255H 8G 512Go SSD - Gris,LENOVO,8.0,512.0,16.0,Intel,0.0,FreeDos,2,0,Milieu de gamme,LENOVO::Milieu de gamme::c0
https://www.mytek.tn/pc-portable-lenovo-thinkbook-16-g8-ial-ultra-5-225u-16g-512g-ssd-gris.html,3049.0,PC Portable LENOVO ThinkBook 16 G8 IAL Ultra 5 225U 16G 512G SSD - Gris,LENOVO,16.0,512.0,16.0,Intel,0.0,FreeDos,2,0,Milieu de gamme,LENOVO::Milieu de gamme::c0
https://www.mytek.tn/pc-portable-gamer-lenovo-loq-15arp9-amd-ryzen-5-16go-rtx-3050.html,3049.0,PC Portable Gamer LENOVO LOQ 15ARP9 AMD RYZEN 5 16Go RTX 3050,LENOVO,16.0,512.0,15.6,AMD,0.0,FreeDos,2,1,Milieu de gamme,LENOVO::Milieu de gamme::c3
https://www.mytek.tn/pc-portable-gamer-lenovo-loq-15arp9-amd-ryzen-5-16g-rtx-3050.html,3099.0,PC Portable Gamer LENOVO LOQ 15ARP9 AMD RYZEN 5 16G RTX 3050,LENOVO,16.0,512.0,15.6,AMD,0.0,Windows 11 Pro,2,1,Milieu de gamme,LENOVO::Milieu de gamme::c3
https://www.mytek.tn/pc-portable-lenovo-thinkbook-16-g9-irl-intel-core-7-240h-8g-512g-ssd.html,3179.0,PC Portable LENOVO ThinkBook 16 G9 IRL Intel Core 7 240H 8G 512G SSD,LENOVO,8.0,512.0,16.0,Intel,7.0,FreeDos,2,0,Milieu de gamme,LENOVO::Milieu de gamme::c2
https://www.mytek.tn/pc-portable-lenovo-thinkpad-e16-gen-3-ultra-5-225u-8g-512go-ssd-noir.html,3199.0,PC Portable LENOVO ThinkPad E16 Gen 3 Ultra 5 225U 8G 512Go SSD - Noir,LENOVO,8.0,512.0,16.0,Intel,0.0,FreeDos,2,0,Milieu de gamme,LENOVO::Milieu de gamme::c0
https://www.mytek.tn/pc-portable-gamer-lenovo-loq-15irx9-i5-13e-gen-16go-rtx-3050.html,3229.0,PC Portable Gamer LENOVO LOQ 15IRX9 i5 13è Gén 16Go RTX 3050,LENOVO,16.0,512.0,15.6,Intel,5.0,FreeDos,2,0,Milieu de gamme,LENOVO::Milieu de gamme::c1
https://www.mytek.tn/pc-portable-lenovo-thinkbook-16-g8-ial-ultra-5-225u-16g-512go-ssd-gris.html,3239.0,PC Portable LENOVO ThinkBook 16 G8 IAL Ultra 5 225U 16G 512Go SSD - Gris,LENOVO,16.0,512.0,16.0,Intel,0.0,FreeDos,2,0,Milieu de gamme,LENOVO::Milieu de gamme::c0
https://www.mytek.tn/pc-portable-gamer-lenovo-loq-15irx9-i5-13e-gen-16g-rtx-3050.html,3279.0,PC Portable Gamer LENOVO LOQ 15IRX9 i5 13è Gén 16G RTX 3050,LENOVO,16.0,512.0,15.6,Intel,5.0,Windows 11 Pro,2,0,Milieu de gamme,LENOVO::Milieu de gamme::c1
https://www.mytek.tn/pc-portable-gamer-lenovo-loq-15iax9-i5-12eme-gen-24g-rtx-3050.html,3299.0,PC Portable Gamer LENOVO LOQ 15IAX9 i5 12ème Gén 24G RTX 3050,LENOVO,24.0,512.0,15.6,Intel,5.0,Windows 11 Famille,2,0,Milieu de gamme,LENOVO::Milieu de gamme::c1
https://www.mytek.tn/pc-portable-lenovo-thinkbook-16-g7-arp-amd-ryzen-5-32g-512go-ssd-gris.html,3299.0,PC Portable LENOVO ThinkBook 16 G7 ARP AMD RYZEN 5 32G 512Go SSD - Gris,LENOVO,32.0,512.0,16.0,AMD,0.0,FreeDos,2,1,Milieu de gamme,LENOVO::Milieu de gamme::c3
https://www.mytek.tn/pc-portable-gamer-lenovo-loq-15irx9-i7-13eme-gen-16g-rtx-3050.html,3349.0,PC Portable Gamer LENOVO LOQ 15IRX9 i7 13ème Gén 16G RTX 3050,LENOVO,16.0,512.0,15.6,Intel,7.0,FreeDos,2,0,Milieu de gamme,LENOVO::Milieu de gamme::c2
https://www.mytek.tn/pc-portable-lenovo-ideapad-5-2-in-1-14irh9-i5-13e-gen-16go-512go-ssd.html,3355.0,PC Portable LENOVO IdeaPad 5 2-in-1 14IRH9 i5 13è Gén 16Go 512Go SSD,LENOVO,16.0,512.0,14.0,Intel,5.0,Windows 11 Famille,2,0,Milieu de gamme,LENOVO::Milieu de gamme::c1
https://www.mytek.tn/pc-portable-gamer-lenovo-loq-15irx9-i5-13eme-gen-16go-rtx-4050.html,3399.0,PC Portable Gamer LENOVO LOQ 15IRX9 i5 13ème Gén 16Go RTX 4050,LENOVO,16.0,512.0,15.6,Intel,5.0,FreeDos,2,0,Milieu de gamme,LENOVO::Milieu de gamme::c1
https://www.mytek.tn/pc-portable-lenovo-ideapad-5-2-in-1-14irh9-i5-13e-gen-16g-512go-ssd.html,3405.0,PC Portable LENOVO IdeaPad 5 2-in-1 14IRH9 i5 13è Gén 16G 512Go SSD,LENOVO,16.0,512.0,14.0,Intel,5.0,Windows 11 Pro,2,0,,
https://www.mytek.tn/pc-portable-gamer-lenovo-loq-15ahp10-amd-ryzen-5-16go-rtx-5050.html,3435.0,PC Portable Gamer LENOVO LOQ 15AHP10 AMD Ryzen 5 16Go RTX 5050,LENOVO,16.0,512.0,15.6,AMD,5.0,FreeDos,2,1,,
https://www.mytek.tn/pc-portable-lenovo-thinkbook-16-g8-ial-ultra-5-225u-24g-512g-ssd-gris.html,3459.0,PC Portable LENOVO ThinkBook 16 G8 IAL Ultra 5 225U 24G 512G SSD - Gris,LENOVO,24.0,512.0,16.0,Intel,0.0,FreeDos,2,0,Milieu de gamme,LENOVO::Milieu de gamme::c0
https://www.mytek.tn/pc-portable-lenovo-thinkbook-16-g8-ial-ultra-7-255h-16g-512g-ssd-gris.html,3465.0,PC Portable LENOVO ThinkBook 16 G8 IAL Ultra 7 255H 16G 512G SSD - Gris,LENOVO,16.0,512.0,16.0,Intel,0.0,FreeDos,2,0,Milieu de gamme,LENOVO::Milieu de gamme::c0
https://www.mytek.tn/pc-portable-lenovo-thinkpad-e16-gen-3-ultra-5-225u-16g-512go-ssd-noir.html,3499.0,PC Portable LENOVO ThinkPad E16 Gen 3 Ultra 5 225U 16G 512Go SSD - Noir,LENOVO,16.0,512.0,16.0,Intel,0.0,FreeDos,2,0,Milieu de gamme,LENOVO::Milieu de gamme::c0
https://www.mytek.tn/pc-portable-lenovo-thinkpad-e16-gen-3-ultra-5-225u-16g-512g-ssd-noir.html,3499.0,PC Portable LENOVO ThinkPad E16 Gen 3 Ultra 5 225U 16G 512G SSD - Noir,LENOVO,16.0,512.0,16.0,Intel,0.0,FreeDos,2,0,Milieu de gamme,LENOVO::Milieu de gamme::c0
https://www.mytek.tn/pc-portable-gamer-lenovo-loq-15irx10-i5-13e-gen-16go-rtx-5050.html,3499.0,PC Portable Gamer LENOVO LOQ 15IRX10 i5 13è Gén 16Go RTX 5050,LENOVO,16.0,512.0,15.6,Intel,5.0,Windows 11 Famille,2,0,Milieu de gamme,LENOVO::Milieu de gamme::c1
https://www.mytek.tn/pc-portable-lenovo-thinkpad-e16-gen-3-ultra-5-225u-16go-512g-ssd-noir.html,3539.0,PC Portable LENOVO ThinkPad E16 Gen 3 Ultra 5 225U 16Go 512G SSD - Noir,LENOVO,16.0,512.0,16.0,Intel,0.0,Windows 11 Pro,2,0,,
https://www.mytek.tn/pc-portable-gamer-lenovo-loq-15irx10-i5-13e-gen-24go-rtx-5050.html,3629.0,PC Portable Gamer LENOVO LOQ 15IRX10 i5 13è Gén 24Go RTX 5050,LENOVO,24.0,512.0,15.6,Intel,5.0,Windows 11 Famille,2,0,Milieu de gamme,LENOVO::Milieu de gamme::c1
https://www.mytek.tn/pc-portable-gamer-lenovo-loq-15irx9-i5-13eme-gen-24go-rtx-4050.html,3799.0,PC Portable Gamer LENOVO LOQ 15IRX9 i5 13ème Gén 24Go RTX 4050,LENOVO,24.0,512.0,15.6,Intel,5.0,FreeDos,2,0,Milieu de gamme,LENOVO::Milieu de gamme::c1
https://www.mytek.tn/pc-portable-gamer-lenovo-loq-15irx9-i7-13eme-gen-16go-rtx-4050.html,3799.0,PC Portable Gamer LENOVO LOQ 15IRX9 i7 13ème Gén 16Go RTX 4050,LENOVO,16.0,512.0,15.6,Intel,7.0,FreeDos,2,0,Milieu de gamme,LENOVO::Milieu de gamme::c2
https://www.mytek.tn/pc-portable-gamer-lenovo-loq-15irx9-i7-13eme-gen-16g-rtx-4050.html,3849.0,PC Portable Gamer LENOVO LOQ 15IRX9 i7 13ème Gén 16G RTX 4050,LENOVO,16.0,512.0,15.6,Intel,7.0,Windows 11 Pro,2,0,Milieu de gamme,LENOVO::Milieu de gamme::c2
https://www.mytek.tn/pc-portable-lenovo-thinkbook-16-g8-ial-ultra-7-255h-24g-512go-ssd-gris.html,3859.0,PC Portable LENOVO ThinkBook 16 G8 IAL Ultra 7 255H 24G 512Go SSD - Gris,LENOVO,24.0,512.0,16.0,Intel,0.0,FreeDos,2,0,Milieu de gamme,LENOVO::Milieu de gamme::c0
https://www.mytek.tn/pc-portable-lenovo-thinkbook-16-g8-ial-ultra-5-225u-32g-512g-ssd-gris.html,3859.0,PC Portable LENOVO ThinkBook 16 G8 IAL Ultra 5 225U 32G 512G SSD - Gris,LENOVO,32.0,512.0,16.0,Intel,0.0,FreeDos,2,0,Milieu de gamme,LENOVO::Milieu de gamme::c0
https://www.mytek.tn/pc-portable-gamer-lenovo-loq-15irx9-i7-13eme-gen-16g-rtx4050.html,3859.0,PC Portable Gamer LENOVO LOQ 15IRX9 i7 13ème Gén 16G RTX4050,LENOVO,16.0,512.0,15.6,Intel,7.0,Windows 11 Famille,2,0,Milieu de gamme,LENOVO::Milieu de gamme::c2
https://www.mytek.tn/pc-portable-gamer-lenovo-loq-15irx9-i7-13e-gen-16g-rtx-4050.html,3869.0,PC Portable Gamer LENOVO LOQ 15IRX9 i7 13è Gén 16G RTX 4050,LENOVO,16.0,512.0,15.6,Intel,7.0,Windows 11 Famille,2,0,Premium,LENOVO::Premium::c0
https://www.mytek.tn/pc-portable-lenovo-thinkpad-e16-gen-3-ultra-5-225u-24g-512go-ssd-noir.html,3919.0,PC Portable LENOVO ThinkPad E16 Gen 3 Ultra 5 225U 24G 512Go SSD - Noir,LENOVO,24.0,512.0,16.0,Intel,0.0,FreeDos,2,0,Premium,LENOVO::Premium::c0
https://www.mytek.tn/pc-portable-lenovo-ideapad-5-2-in-1-14irh9-i7-13e-gen-16go-512go-ssd.html,3939.0,PC Portable LENOVO IdeaPad 5 2-in-1 14IRH9 i7 13è Gén 16Go 512Go SSD,LENOVO,16.0,512.0,14.0,Intel,7.0,Windows 11 Famille,2,0,Premium,LENOVO::Premium::c0
https://www.mytek.tn/pc-portable-gamer-lenovo-loq-essential-15irx11-i5-13e-gen-16g-rtx-5060.html,3965.0,PC Portable Gamer LENOVO LOQ Essential 15IRX11 i5 13è Gén 16G RTX 5060,LENOVO,16.0,512.0,15.6,Intel,5.0,Windows 11 Famille,2,0,Premium,LENOVO::Premium::c0
https://www.mytek.tn/pc-portable-lenovo-thinkpad-e14-gen-7-ultra-5-225u-24go-512go-ssd-noir.html,3999.0,PC Portable LENOVO ThinkPad E14 Gen 7 Ultra 5 225U 24Go 512Go SSD - Noir,LENOVO,24.0,512.0,14.0,Intel,0.0,FreeDos,2,0,Premium,LENOVO::Premium::c0
https://www.mytek.tn/pc-portable-gamer-lenovo-loq-15irx10-i7-13e-gen-16go-rtx-5050.html,3999.0,PC Portable Gamer LENOVO LOQ 15IRX10 i7 13è Gén 16Go RTX 5050,LENOVO,16.0,512.0,15.6,Intel,7.0,FreeDos,2,0,Premium,LENOVO::Premium::c0
https://www.mytek.tn/pc-portable-gamer-lenovo-loq-15irx10-i7-13e-gen-16go-rtx5050.html,3999.0,PC Portable Gamer LENOVO LOQ 15IRX10 i7 13è Gén 16Go RTX5050,LENOVO,16.0,512.0,15.6,Intel,7.0,FreeDos,2,0,Premium,LENOVO::Premium::c0
https://www.mytek.tn/pc-portable-gamer-lenovo-loq-15irx10-i7-13e-gen-16g-rtx5050.html,3999.0,PC Portable Gamer LENOVO LOQ 15IRX10 i7 13è Gén 16G RTX5050,LENOVO,16.0,512.0,15.6,Intel,7.0,FreeDos,2,0,Premium,LENOVO::Premium::c0
https://www.mytek.tn/pc-portable-gamer-lenovo-loq-15irx10-i7-13e-gen-16g-rtx-5050.html,4039.0,PC Portable Gamer LENOVO LOQ 15IRX10 i7 13è Gén 16G RTX 5050,LENOVO,16.0,512.0,15.6,Intel,7.0,Windows 11 Pro,2,0,Premium,LENOVO::Premium::c0
https://www.mytek.tn/pc-portable-gamer-lenovo-loq-15irx10-i7-13eme-gen-16g-rtx-5050.html,4039.0,PC Portable Gamer LENOVO LOQ 15IRX10 i7 13ème Gén 16G RTX 5050,LENOVO,16.0,512.0,15.6,Intel,7.0,Windows 11 Pro,2,0,Premium,LENOVO::Premium::c0
https://www.mytek.tn/pc-portable-lenovo-thinkpad-e16-gen-3-ultra-7-255h-16g-512go-ssd-noir.html,4049.0,PC Portable LENOVO ThinkPad E16 Gen 3 Ultra 7 255H 16G 512Go SSD - Noir,LENOVO,16.0,512.0,16.0,Intel,0.0,FreeDos,2,0,Premium,LENOVO::Premium::c0
https://www.mytek.tn/pc-portable-lenovo-thinkpad-l16-gen-1-ultra-5-125u-8g-512go-ssd-noir.html,4119.0,PC Portable LENOVO ThinkPad L16 Gen 1 Ultra 5 125U 8G 512Go SSD - Noir,LENOVO,8.0,512.0,16.0,Intel,0.0,Windows 11 Pro,2,0,Premium,LENOVO::Premium::c0
https://www.mytek.tn/pc-portable-lenovo-thinkpad-e14-gen-7-ultra-7-255h-16g-512go-ssd-noir.html,4159.0,PC Portable LENOVO ThinkPad E14 Gen 7 Ultra 7 255H 16G 512Go SSD - Noir,LENOVO,16.0,512.0,14.0,Intel,0.0,FreeDos,2,0,Premium,LENOVO::Premium::c0
https://www.mytek.tn/pc-portable-gamer-lenovo-loq-15irx9-i7-13eme-gen-32go-rtx3050.html,4179.0,PC Portable Gamer LENOVO LOQ 15IRX9 i7 13ème Gén 32Go RTX3050,LENOVO,32.0,512.0,15.6,Intel,7.0,FreeDos,2,0,Premium,LENOVO::Premium::c0
https://www.mytek.tn/pc-portable-gamer-lenovo-loq-15irx10-i7-14e-gen-16go-rtx-5050.html,4199.0,PC Portable Gamer LENOVO LOQ 15IRX10 i7 14è Gén 16Go RTX 5050,LENOVO,16.0,512.0,15.6,Intel,7.0,FreeDos,2,0,Premium,LENOVO::Premium::c0
https://www.mytek.tn/pc-portable-lenovo-thinkpad-e14-gen-7-ultra-7-255h-16g-512g-ssd-noir.html,4199.0,PC Portable LENOVO ThinkPad E14 Gen 7 Ultra 7 255H 16G 512G SSD - Noir,LENOVO,16.0,512.0,14.0,Intel,0.0,Windows 11 Pro,2,0,,
https://www.mytek.tn/pc-portable-gamer-lenovo-loq-15irx9-i7-13eme-gen-24go-rtx-4050.html,4209.0,PC Portable Gamer LENOVO LOQ 15IRX9 i7 13ème Gén 24Go RTX 4050,LENOVO,24.0,512.0,15.6,Intel,7.0,FreeDos,2,0,Premium,LENOVO::Premium::c0
https://www.mytek.tn/pc-portable-gamer-lenovo-loq-15irx9-i5-13eme-gen-32g-rtx-4050.html,4219.0,PC Portable Gamer LENOVO LOQ 15IRX9 i5 13ème Gén 32G RTX 4050,LENOVO,32.0,512.0,15.6,Intel,5.0,FreeDos,2,0,Premium,LENOVO::Premium::c0
https://www.mytek.tn/pc-portable-lenovo-thinkbook-16-g8-ial-ultra-7-255h-32g-512go-ssd-gris.html,4259.0,PC Portable LENOVO ThinkBook 16 G8 IAL Ultra 7 255H 32G 512Go SSD - Gris,LENOVO,32.0,512.0,16.0,Intel,0.0,FreeDos,2,0,Premium,LENOVO::Premium::c0
https://www.mytek.tn/pc-portable-gamer-lenovo-loq-15irx9-i7-13eme-gen-24g-rtx-4050.html,4259.0,PC Portable Gamer LENOVO LOQ 15IRX9 i7 13ème Gén 24G RTX 4050,LENOVO,24.0,512.0,15.6,Intel,7.0,Windows 11 Pro,2,0,Premium,LENOVO::Premium::c0
https://www.mytek.tn/pc-portable-gamer-lenovo-loq-15irx9-i7-13eme-gen-24g-rtx4050.html,4269.0,PC Portable Gamer LENOVO LOQ 15IRX9 i7 13ème Gén 24G RTX4050,LENOVO,24.0,512.0,15.6,Intel,7.0,Windows 11 Famille,2,0,Premium,LENOVO::Premium::c0
https://www.mytek.tn/pc-portable-gamer-lenovo-loq-17irx10-i7-13e-gen-16go-rtx-5050.html,4459.0,PC Portable Gamer LENOVO LOQ 17IRX10 i7 13è Gén 16Go RTX 5050,LENOVO,16.0,512.0,17.3,Intel,7.0,FreeDos,2,0,Premium,LENOVO::Premium::c0
https://www.mytek.tn/pc-portable-gamer-lenovo-loq-15irx9-i7-13eme-gen-32go-rtx-4050.html,4619.0,PC Portable Gamer LENOVO LOQ 15IRX9 i7 13ème Gén 32Go RTX 4050,LENOVO,32.0,512.0,15.6,Intel,7.0,FreeDos,2,0,Premium,LENOVO::Premium::c0
https://www.mytek.tn/pc-portable-gamer-lenovo-loq-15irx9-i7-13eme-gen-32go-rtx4050.html,4669.0,PC Portable Gamer LENOVO LOQ 15IRX9 i7 13ème Gén 32Go RTX4050,LENOVO,32.0,512.0,15.6,Intel,7.0,Windows 11 Pro,2,0,Premium,LENOVO::Premium::c0
https://www.mytek.tn/pc-portable-gamer-lenovo-loq-15irx9-i7-13eme-gen-32g-rtx4050.html,4679.0,PC Portable Gamer LENOVO LOQ 15IRX9 i7 13ème Gén 32G RTX4050,LENOVO,32.0,512.0,15.6,Intel,7.0,Windows 11 Famille,2,0,Premium,LENOVO::Premium::c0
https://www.mytek.tn/pc-portable-gamer-lenovo-legion-5-15irx10-i7-13e-gen-16go-rtx-5050.html,4689.0,PC Portable Gamer LENOVO Légion 5 15IRX10 i7 13è Gén 16Go RTX 5050,LENOVO,16.0,512.0,15.3,Intel,7.0,Windows 11 Famille,2,0,Premium,LENOVO::Premium::c0
https://www.mytek.tn/pc-portable-lenovo-thinkpad-e16-gen-3-ultra-7-255h-32g-512go-ssd-noir.html,4849.0,PC Portable LENOVO ThinkPad E16 Gen 3 Ultra 7 255H 32G 512Go SSD - Noir,LENOVO,32.0,512.0,16.0,Intel,0.0,FreeDos,2,0,,
https://www.mytek.tn/pc-portable-gamer-lenovo-loq-15irx10-i7-14e-gen-16go-rtx-5060.html,4939.0,PC Portable Gamer LENOVO LOQ 15IRX10 i7 14è Gén 16Go RTX 5060,LENOVO,16.0,512.0,15.6,Intel,7.0,FreeDos,2,0,Premium,LENOVO::Premium::c0
https://www.mytek.tn/pc-portable-lenovo-thinkpad-e14-gen-7-ultra-7-255h-32g-512go-ssd-noir.html,4949.0,PC Portable LENOVO ThinkPad E14 Gen 7 Ultra 7 255H 32G 512Go SSD - Noir,LENOVO,32.0,512.0,14.0,Intel,0.0,FreeDos,2,0,,
https://www.mytek.tn/pc-portable-gamer-lenovo-loq-15irx10-i7-14e-gen-32go-rtx-5050.html,5039.0,PC Portable Gamer LENOVO LOQ 15IRX10 i7 14è Gén 32Go RTX 5050,LENOVO,32.0,512.0,15.6,Intel,7.0,FreeDos,2,0,Premium,LENOVO::Premium::c0
https://www.mytek.tn/pc-portable-lenovo-yoga-7-2-en-1-14akp10-amd-ryzen-ai-7-350-16go-512go-ssd.html,5199.0,PC Portable LENOVO Yoga 7 2-en-1 14AKP10 AMD Ryzen AI 7 350 16Go 512Go SSD,LENOVO,16.0,512.0,14.0,AMD,0.0,Windows 11 Famille,2,1,Premium,LENOVO::Premium::c1
https://www.mytek.tn/pc-portable-gamer-lenovo-legion-pro-5-16irx10-i7-14e-gen-16go-rtx-5050.html,5469.0,PC Portable Gamer LENOVO Légion Pro 5 16IRX10 i7 14è Gén 16Go RTX 5050,LENOVO,16.0,512.0,16.0,Intel,7.0,FreeDos,2,0,Premium,LENOVO::Premium::c0
https://www.mytek.tn/pc-portable-lenovo-yoga-pro-7-14iah10-ultra-7-255h-32go-1to-ssd-gris.html,6149.0,PC Portable LENOVO Yoga Pro 7 14IAH10 Ultra 7 255H 32Go 1To SSD - Gris,LENOVO,32.0,1024.0,14.5,Intel,0.0,Windows 11 Famille,2,0,Premium,LENOVO::Premium::c1
https://www.mytek.tn/pc-portable-gamer-lenovo-legion-pro5-16iax10-ultra-7-255hx-32g-rtx5060.html,6299.0,PC Portable Gamer LENOVO Légion Pro5 16IAX10 Ultra 7 255HX 32G RTX5060,LENOVO,32.0,1024.0,16.0,Intel,0.0,FreeDos,2,0,Premium,LENOVO::Premium::c1
https://www.mytek.tn/pc-portable-gamer-lenovo-legion-pro5-16iax10-ultra-7-255hx-32go-rtx5060.html,6349.0,PC Portable Gamer LENOVO Légion Pro5 16IAX10 Ultra 7 255HX 32Go RTX5060,LENOVO,32.0,1024.0,16.0,Intel,0.0,Windows 11 Pro,2,0,,
https://www.mytek.tn/pc-portable-lenovo-thinkpad-l13-2en1-gen-6-ultra-7-255u-16go-512go-ssd-gris.html,6699.0,PC Portable LENOVO ThinkPad L13 2En1 Gen 6 Ultra 7 255U 16Go 512Go SSD - Gris,LENOVO,16.0,512.0,13.3,Intel,0.0,Windows 11 Pro,2,0,Premium,LENOVO::Premium::c0
https://www.mytek.tn/pc-portable-gamer-lenovo-legion-pro-5-16irx10-i9-14e-gen-32g-rtx-5070.html,7059.0,PC Portable Gamer LENOVO Légion Pro 5 16IRX10 i9 14è Gén 32G RTX 5070,LENOVO,32.0,1024.0,16.0,Intel,9.0,FreeDos,2,0,Premium,LENOVO::Premium::c1
https://www.mytek.tn/pc-portable-lenovo-thinkbook-16p-g6-iax-ultra-7-255hx-16go-rtx5060.html,7179.0,PC Portable LENOVO ThinkBook 16p G6 IAX Ultra 7 255HX 16Go RTX5060,LENOVO,16.0,512.0,16.0,Intel,0.0,Windows 11 Pro,2,0,Premium,LENOVO::Premium::c0
https://www.mytek.tn/pc-portable-lenovo-thinkpad-p16s-gen-3-ultra-7-155h-16g-512go-ssd-noir.html,7195.0,PC Portable LENOVO ThinkPad P16s Gen 3 Ultra 7 155H 16G 512Go SSD - Noir,LENOVO,16.0,512.0,16.0,Intel,0.0,Windows 11 Pro,2,0,Premium,LENOVO::Premium::c0
https://www.mytek.tn/pc-portable-gamer-lenovo-legion-5-15agp11-amd-ryzen-ai-9-32go-rtx-5060.html,7299.0,PC Portable Gamer LENOVO Légion 5 15AGP11 AMD Ryzen AI 9 32Go RTX 5060,LENOVO,32.0,1024.0,15.3,AMD,0.0,FreeDos,2,1,Premium,LENOVO::Premium::c1
https://www.mytek.tn/pc-portable-gamer-lenovo-legion-pro5-16iax10-ultra-7-255hx-32g-rtx-5060.html,7639.0,PC Portable Gamer LENOVO Légion Pro5 16IAX10 Ultra 7 255HX 32G RTX 5060,LENOVO,32.0,1024.0,16.0,Intel,0.0,Windows 11 Famille,2,0,Premium,LENOVO::Premium::c1
https://www.mytek.tn/pc-portable-lenovo-thinkbook-16p-g6-iax-ultra-9-275hx-32go-rtx-5060.html,8199.0,PC Portable LENOVO ThinkBook 16p G6 IAX Ultra 9 275HX 32Go RTX 5060,LENOVO,32.0,512.0,16.0,Intel,0.0,Windows 11 Pro,2,0,Premium,LENOVO::Premium::c0
https://www.mytek.tn/pc-portable-lenovo-thinkpad-t14s-gen-6-ultra-7-258v-32go-1to-ssd-noir.html,9189.0,PC Portable LENOVO ThinkPad T14s Gen 6 Ultra 7 258V 32Go 1To SSD - Noir,LENOVO,32.0,1024.0,14.0,Intel,0.0,Windows 11 Pro,2,0,,
https://www.mytek.tn/pc-portable-lenovo-thinkpad-x1-carbon-gen-13-ultra-7-268v-32g-1to-ssd-noir.html,9539.0,PC Portable LENOVO ThinkPad X1 Carbon Gen 13 Ultra 7 268V 32G 1To SSD - Noir,LENOVO,32.0,1024.0,14.0,Intel,0.0,FreeDos,2,0,,
https://www.mytek.tn/pc-portable-lenovo-thinkpad-t14s-gen-6-ultra-7-255u-32go-1to-ssd-noir.html,9799.0,PC Portable LENOVO ThinkPad T14s Gen 6 Ultra 7 255U 32Go 1To SSD - Noir,LENOVO,32.0,1024.0,14.0,Intel,0.0,Windows 11 Pro,2,0,,
https://www.mytek.tn/pc-portable-lenovo-thinkpad-x1-2en1-gen-10-aura-edition-ultra7-258v-32g-1to-ssd.html,9999.0,PC Portable LENOVO ThinkPad X1 2En1 Gen 10 Aura Edition Ultra7 258V 32G 1To SSD,LENOVO,32.0,1024.0,14.0,Intel,0.0,Windows 11 Pro,2,0,Premium,LENOVO::Premium::c1
https://www.mytek.tn/pc-portable-lenovo-thinkpad-x1-carbon-gen-13-ultra-7-268v-32go-1to-ssd-noir.html,10129.0,PC Portable LENOVO ThinkPad X1 Carbon Gen 13 Ultra 7 268V 32Go 1To SSD - Noir,LENOVO,32.0,1024.0,14.0,Intel,0.0,Windows 11 Pro,2,0,,
https://www.mytek.tn/pc-portable-gamer-lenovo-legion-pro-7-16irx9h-i9-14e-gen-32go-rtx-4090.html,11999.0,PC Portable Gamer LENOVO Légion Pro 7 16IRX9H i9 14è Gén 32Go RTX 4090,LENOVO,32.0,1024.0,16.0,Intel,9.0,Windows 11 Famille,2,0,Premium,LENOVO::Premium::c1
https://www.mytek.tn/pc-portable-gamer-lenovo-legion-pro-7-16irx9h-i9-14e-gen-32go-rtx-4090-83de005ufg.html,11999.0,PC Portable Gamer LENOVO Légion Pro 7 16IRX9H i9 14è Gén 32Go RTX 4090(83DE005UFG),LENOVO,32.0,1024.0,16.0,Intel,9.0,Windows 11 Famille,2,0,Premium,LENOVO::Premium::c1
https://www.mytek.tn/pc-portable-gamer-lenovo-legion-pro-7-16irx9h-i9-14e-gen-64go-rtx-4090.html,12929.0,PC Portable Gamer LENOVO Légion Pro 7 16IRX9H i9 14è Gén 64Go RTX 4090,LENOVO,64.0,1024.0,16.0,Intel,9.0,Windows 11 Famille,2,0,Premium,LENOVO::Premium::c1
https://www.mytek.tn/pc-portable-msi-modern-15-f13mg-i5-13eme-gen-8go-512go-ssd.html,1799.0,Pc Portable MSI Modern 15 F13MG i5 13ème Gén 8Go 512Go SSD,MSI,8.0,512.0,15.6,Intel,5.0,FreeDos,2,0,Économique,MSI::Économique::c0
https://www.mytek.tn/pc-portable-msi-modern-15-f13mg-i5-13eme-gen-8g-512go-ssd.html,1839.0,Pc Portable MSI Modern 15 F13MG i5 13ème Gén 8G 512Go SSD,MSI,8.0,512.0,15.6,Intel,5.0,Windows 11 Pro,2,0,Économique,MSI::Économique::c2
https://www.mytek.tn/pc-portable-msi-modern-15-f13mg-i5-13eme-gen-16go-512go-ssd.html,1999.0,Pc Portable MSI Modern 15 F13MG i5 13ème Gén 16Go 512Go SSD,MSI,16.0,512.0,15.6,Intel,5.0,FreeDos,2,0,Économique,MSI::Économique::c0
https://www.mytek.tn/pc-portable-msi-modern-15-f13mg-i5-13eme-gen-24go-512go-ssd.html,2199.0,Pc Portable MSI Modern 15 F13MG i5 13ème Gén 24Go 512Go SSD,MSI,24.0,512.0,15.6,Intel,5.0,FreeDos,2,0,Économique,MSI::Économique::c0
https://www.mytek.tn/pc-portable-msi-modern-15-f1m-intel-core-7-150u-16go-512go-ssd.html,2349.0,Pc Portable MSI Modern 15 F1M Intel Core 7 150U 16Go 512Go SSD,MSI,16.0,512.0,15.6,Intel,7.0,FreeDos,2,0,Économique,MSI::Économique::c1
https://www.mytek.tn/pc-portable-msi-modern-15-f1m-intel-core-7-150u-16g-512go-ssd.html,2389.0,Pc Portable MSI Modern 15 F1M Intel Core 7 150U 16G 512Go SSD,MSI,16.0,512.0,15.6,Intel,7.0,Windows 11 Pro,2,0,Économique,MSI::Économique::c2
https://www.mytek.tn/pc-portable-gamer-msi-thin-15-b13udx-i5-13e-gen-8g-rtx3050.html,2439.0,PC Portable Gamer MSI Thin 15 B13UDX i5 13è Gén 8G RTX3050,MSI,8.0,512.0,15.6,Intel,5.0,FreeDos,2,0,Économique,MSI::Économique::c0
https://www.mytek.tn/pc-portable-gamer-msi-thin-15-b13ucx-i7-13e-gen-8go-rtx-2050.html,2479.0,PC Portable Gamer MSI Thin 15 B13UCX i7 13è Gén 8Go RTX 2050,MSI,8.0,512.0,15.6,Intel,7.0,FreeDos,2,0,Économique,MSI::Économique::c1
https://www.mytek.tn/pc-portable-gamer-msi-thin-15-b13udx-i5-13e-gen-8g-rtx-3050.html,2489.0,PC Portable Gamer MSI Thin 15 B13UDX i5 13è Gén 8G RTX 3050,MSI,8.0,512.0,15.6,Intel,5.0,Windows 11 Pro,2,0,Économique,MSI::Économique::c2
https://www.mytek.tn/pc-portable-gamer-msi-thin-15-b13ucx-i7-13e-gen-8g-rtx-2050.html,2529.0,PC Portable Gamer MSI Thin 15 B13UCX i7 13è Gén 8G RTX 2050,MSI,8.0,512.0,15.6,Intel,7.0,Windows 11 Pro,2,0,Économique,MSI::Économique::c2
https://www.mytek.tn/pc-portable-gamer-msi-thin-15-b13udx-i5-13e-gen-16g-rtx3050.html,2639.0,PC Portable Gamer MSI Thin 15 B13UDX i5 13è Gén 16G RTX3050,MSI,16.0,512.0,15.6,Intel,5.0,FreeDos,2,0,Économique,MSI::Économique::c0
https://www.mytek.tn/pc-portable-gamer-msi-thin-15-b13ucx-i7-13e-gen-16go-rtx-2050.html,2675.0,PC Portable Gamer MSI Thin 15 B13UCX i7 13è Gén 16Go RTX 2050,MSI,16.0,512.0,15.6,Intel,7.0,FreeDos,2,0,Économique,MSI::Économique::c1
https://www.mytek.tn/pc-portable-gamer-msi-thin-15-b13udx-i7-13e-gen-8g-rtx3050.html,2685.0,PC Portable Gamer MSI Thin 15 B13UDX i7 13è Gén 8G RTX3050,MSI,8.0,512.0,15.6,Intel,7.0,FreeDos,2,0,Économique,MSI::Économique::c1
https://www.mytek.tn/pc-portable-gamer-msi-thin-15-b13ucx-i7-13e-gen-16g-rtx-2050.html,2715.0,PC Portable Gamer MSI Thin 15 B13UCX i7 13è Gén 16G RTX 2050,MSI,16.0,512.0,15.6,Intel,7.0,Windows 11 Pro,2,0,Économique,MSI::Économique::c2
https://www.mytek.tn/pc-portable-gamer-msi-thin-15-b13udx-i7-13e-gen-8g-rtx-3050.html,2725.0,PC Portable Gamer MSI Thin 15 B13UDX i7 13è Gén 8G RTX 3050,MSI,8.0,512.0,15.6,Intel,7.0,Windows 11 Pro,2,0,Économique,MSI::Économique::c2
https://www.mytek.tn/pc-portable-gamer-msi-cyborg-15-a13u-i5-13e-gen-16go-rtx-3050.html,2799.0,PC Portable Gamer MSI CYBORG 15 A13U i5 13è Gén 16Go RTX 3050,MSI,16.0,512.0,15.6,Intel,5.0,FreeDos,2,0,Milieu de gamme,MSI::Milieu de gamme::c0
https://www.mytek.tn/pc-portable-msi-modern-15-f1m-intel-core-7-150u-24go-512go-ssd.html,2805.0,Pc Portable MSI Modern 15 F1M Intel Core 7 150U 24Go 512Go SSD,MSI,24.0,512.0,15.6,Intel,7.0,FreeDos,2,0,Économique,MSI::Économique::c1
https://www.mytek.tn/pc-portable-gamer-msi-thin-15-b13udx-i5-13e-gen-24g-rtx3050.html,2849.0,PC Portable Gamer MSI Thin 15 B13UDX i5 13è Gén 24G RTX3050,MSI,24.0,512.0,15.6,Intel,5.0,FreeDos,2,0,Économique,MSI::Économique::c0
https://www.mytek.tn/pc-portable-gamer-msi-thin-15-b13ucx-i7-13e-gen-24go-rtx-2050.html,2869.0,PC Portable Gamer MSI Thin 15 B13UCX i7 13è Gén 24Go RTX 2050,MSI,24.0,512.0,15.6,Intel,7.0,FreeDos,2,0,Économique,MSI::Économique::c1
https://www.mytek.tn/pc-portable-gamer-msi-thin-15-b13udx-i7-13e-gen-16g-rtx3050.html,2889.0,PC Portable Gamer MSI Thin 15 B13UDX i7 13è Gén 16G RTX3050,MSI,16.0,512.0,15.6,Intel,7.0,FreeDos,2,0,Économique,MSI::Économique::c1
https://www.mytek.tn/pc-portable-gamer-msi-thin-15-b13ucx-i7-13e-gen-24g-rtx-2050.html,2909.0,PC Portable Gamer MSI Thin 15 B13UCX i7 13è Gén 24G RTX 2050,MSI,24.0,512.0,15.6,Intel,7.0,Windows 11 Pro,2,0,Milieu de gamme,MSI::Milieu de gamme::c1
https://www.mytek.tn/pc-portable-gamer-msi-cyborg-15-a13u-i7-13e-gen-16go-rtx-3050.html,2989.0,PC Portable Gamer MSI CYBORG 15 A13U i7 13è Gén 16Go RTX 3050,MSI,16.0,512.0,15.6,Intel,7.0,FreeDos,2,0,Milieu de gamme,MSI::Milieu de gamme::c1
https://www.mytek.tn/pc-portable-gamer-msi-cyborg-15-a13u-i5-13e-gen-16g-rtx-3050.html,2989.0,PC Portable Gamer MSI CYBORG 15 A13U i5 13è Gén 16G RTX 3050,MSI,16.0,512.0,15.6,Intel,5.0,Windows 11 Pro,2,0,Milieu de gamme,MSI::Milieu de gamme::c2
https://www.mytek.tn/pc-portable-gamer-msi-cyborg-15-a13ve-i5-13e-gen-16g-rtx4050.html,2999.0,PC Portable Gamer MSI Cyborg 15 A13VE i5 13è Gén 16G RTX4050,MSI,16.0,512.0,15.6,Intel,5.0,FreeDos,2,0,Milieu de gamme,MSI::Milieu de gamme::c0
https://www.mytek.tn/pc-portable-gamer-msi-thin-15-b13udx-i5-13e-gen-32g-rtx3050.html,3049.0,PC Portable Gamer MSI Thin 15 B13UDX i5 13è Gén 32G RTX3050,MSI,32.0,512.0,15.6,Intel,5.0,FreeDos,2,0,Milieu de gamme,MSI::Milieu de gamme::c0
https://www.mytek.tn/pc-portable-gamer-msi-thin-15-b13ucx-i7-13e-gen-32go-rtx-2050.html,3055.0,PC Portable Gamer MSI Thin 15 B13UCX i7 13è Gén 32Go RTX 2050,MSI,32.0,512.0,15.6,Intel,7.0,FreeDos,2,0,Milieu de gamme,MSI::Milieu de gamme::c1
https://www.mytek.tn/pc-portable-gamer-msi-thin-15-b13udx-i7-13e-gen-24g-rtx3050.html,3079.0,PC Portable Gamer MSI Thin 15 B13UDX i7 13è Gén 24G RTX3050,MSI,24.0,512.0,15.6,Intel,7.0,FreeDos,2,0,Milieu de gamme,MSI::Milieu de gamme::c1
https://www.mytek.tn/pc-portable-gamer-msi-thin-15-b13ucx-i7-13e-gen-32go-rtx-2050-gris.html,3095.0,PC Portable Gamer MSI Thin 15 B13UCX i7 13è Gén 32Go RTX 2050 - Gris,MSI,32.0,512.0,15.6,Intel,7.0,Windows 11 Pro,2,0,Milieu de gamme,MSI::Milieu de gamme::c1
https://www.mytek.tn/pc-portable-gamer-msi-cyborg-15-a13ve-i5-13e-gen-8go-rtx-4050.html,3099.0,PC Portable Gamer MSI Cyborg 15 A13VE i5 13è Gén 8Go RTX 4050,MSI,8.0,512.0,15.6,Intel,5.0,FreeDos,2,0,Milieu de gamme,MSI::Milieu de gamme::c0
https://www.mytek.tn/pc-portable-gamer-msi-cyborg-15-a13ve-i5-13e-gen-8go-rtx4050.html,3149.0,PC Portable Gamer MSI Cyborg 15 A13VE i5 13è Gén 8Go RTX4050,MSI,8.0,512.0,15.6,Intel,5.0,Windows 11 Pro,2,0,Milieu de gamme,MSI::Milieu de gamme::c2
https://www.mytek.tn/pc-portable-gamer-msi-cyborg-15-a13u-i7-13e-gen-16g-rtx-3050.html,3169.0,PC Portable Gamer MSI CYBORG 15 A13U i7 13è Gén 16G RTX 3050,MSI,16.0,512.0,15.6,Intel,7.0,Windows 11 Pro,2,0,Milieu de gamme,MSI::Milieu de gamme::c1
https://www.mytek.tn/pc-portable-gamer-msi-cyborg-15-a13ve-i7-13e-gen-16g-rtx4050.html,3179.0,PC Portable Gamer MSI Cyborg 15 A13VE i7 13è Gén 16G RTX4050,MSI,16.0,512.0,15.6,Intel,7.0,FreeDos,2,0,Milieu de gamme,MSI::Milieu de gamme::c1
https://www.mytek.tn/pc-portable-gamer-msi-cyborg-15-a13ve-i5-13eme-gen-16go-rtx4050.html,3189.0,PC Portable Gamer MSI Cyborg 15 A13VE i5 13ème Gén 16Go RTX4050,MSI,16.0,512.0,15.6,Intel,5.0,Windows 11 Pro,2,0,Milieu de gamme,MSI::Milieu de gamme::c2
https://www.mytek.tn/pc-portable-gamer-msi-cyborg-15-a13ve-i7-13e-gen-16go-rtx4050.html,3229.0,PC Portable Gamer MSI Cyborg 15 A13VE i7 13è Gén 16Go RTX4050,MSI,16.0,512.0,15.6,Intel,7.0,Windows 11 Pro,2,0,Milieu de gamme,MSI::Milieu de gamme::c1
https://www.mytek.tn/pc-portable-gamer-msi-thin-15-b13udx-i7-13e-gen-32g-rtx3050.html,3265.0,PC Portable Gamer MSI Thin 15 B13UDX i7 13è Gén 32G RTX3050,MSI,32.0,512.0,15.6,Intel,7.0,FreeDos,2,0,Milieu de gamme,MSI::Milieu de gamme::c1
https://www.mytek.tn/pc-portable-gamer-msi-thin-15-b13udx-i7-13e-gen-32go-rtx-3050-gris.html,3305.0,PC Portable Gamer MSI Thin 15 B13UDX i7 13è Gén 32Go RTX 3050 - Gris,MSI,32.0,512.0,15.6,Intel,7.0,Windows 11 Pro,2,0,Milieu de gamme,MSI::Milieu de gamme::c1
https://www.mytek.tn/pc-portable-gamer-msi-cyborg-15-a13ve-i5-13e-gen-16go-rtx-4050.html,3499.0,PC Portable Gamer MSI Cyborg 15 A13VE i5 13è Gén 16Go RTX 4050,MSI,16.0,512.0,15.6,Intel,5.0,FreeDos,2,0,Milieu de gamme,MSI::Milieu de gamme::c0
https://www.mytek.tn/pc-portable-gamer-msi-cyborg-15-a13ve-i5-13e-gen-16go-rtx4050.html,3549.0,PC Portable Gamer MSI Cyborg 15 A13VE i5 13è Gén 16Go RTX4050,MSI,16.0,512.0,15.6,Intel,5.0,Windows 11 Pro,2,0,Milieu de gamme,MSI::Milieu de gamme::c2
https://www.mytek.tn/pc-portable-gamer-msi-cyborg-15-a13ve-i7-13e-gen-24g-rtx4050.html,3599.0,PC Portable Gamer MSI Cyborg 15 A13VE i7 13è Gén 24G RTX4050,MSI,24.0,512.0,15.6,Intel,7.0,FreeDos,2,0,,
https://www.mytek.tn/pc-portable-gamer-msi-cyborg-15-a13u-i5-13e-gen-32go-rtx-3050.html,3739.0,PC Portable Gamer MSI CYBORG 15 A13U i5 13è Gén 32Go RTX 3050,MSI,32.0,512.0,15.6,Intel,5.0,FreeDos,2,0,Premium,MSI::Premium::c0
https://www.mytek.tn/pc-portable-gamer-msi-cyborg-15-b2rw-intel-core-5-210h-8go-rtx-5060.html,3819.0,PC Portable Gamer MSI Cyborg 15 B2RW Intel Core 5 210H 8Go RTX 5060,MSI,8.0,512.0,15.6,Intel,5.0,FreeDos,2,0,Milieu de gamme,MSI::Milieu de gamme::c0
https://www.mytek.tn/pc-portable-gamer-msi-cyborg-15-a13u-i7-13e-gen-32go-rtx-3050.html,3919.0,PC Portable Gamer MSI CYBORG 15 A13U i7 13è Gén 32Go RTX 3050,MSI,32.0,512.0,15.6,Intel,7.0,FreeDos,2,0,Premium,MSI::Premium::c0
https://www.mytek.tn/pc-portable-gamer-msi-cyborg-15-a13ve-i5-13e-gen-32g-rtx4050.html,3939.0,PC Portable Gamer MSI Cyborg 15 A13VE i5 13è Gén 32G RTX4050,MSI,32.0,512.0,15.6,Intel,5.0,FreeDos,2,0,Premium,MSI::Premium::c0
https://www.mytek.tn/pc-portable-gamer-msi-cyborg-15-a13ve-i7-13e-gen-32g-rtx4050.html,4009.0,PC Portable Gamer MSI Cyborg 15 A13VE i7 13è Gén 32G RTX4050,MSI,32.0,512.0,15.6,Intel,7.0,FreeDos,2,0,,
https://www.mytek.tn/pc-portable-gamer-msi-cyborg-15-a13ve-i7-13e-gen-32go-rtx4050.html,4059.0,PC Portable Gamer MSI Cyborg 15 A13VE i7 13è Gén 32Go RTX4050,MSI,32.0,512.0,15.6,Intel,7.0,Windows 11 Pro,2,0,Premium,MSI::Premium::c0
https://www.mytek.tn/pc-portable-gamer-msi-cyborg-17-b2rw-intel-core-5-210h-8go-rtx-5050.html,4099.0,PC Portable Gamer MSI Cyborg 17 B2RW Intel Core 5 210H 8Go RTX 5050,MSI,8.0,512.0,17.3,Intel,5.0,FreeDos,2,0,Premium,MSI::Premium::c0
https://www.mytek.tn/pc-portable-gamer-msi-cyborg-15-b2rw-intel-core-7-240h-8go-rtx-5060.html,4099.0,PC Portable Gamer MSI Cyborg 15 B2RW Intel Core 7 240H 8Go RTX 5060,MSI,8.0,512.0,15.6,Intel,7.0,FreeDos,2,0,Premium,MSI::Premium::c0
https://www.mytek.tn/pc-portable-gamer-msi-cyborg-15-b2rw-intel-core-7-240h-8g-rtx-5060.html,4149.0,PC Portable Gamer MSI Cyborg 15 B2RW Intel Core 7 240H 8G RTX 5060,MSI,8.0,512.0,15.6,Intel,7.0,Windows 11 Pro,2,0,Premium,MSI::Premium::c0
https://www.mytek.tn/pc-portable-gamer-msi-cyborg-15-b2rw-intel-core-5-210h-16go-rtx-5060.html,4219.0,PC Portable Gamer MSI Cyborg 15 B2RW Intel Core 5 210H 16Go RTX 5060,MSI,16.0,512.0,15.6,Intel,5.0,FreeDos,2,0,Premium,MSI::Premium::c0
https://www.mytek.tn/pc-portable-gamer-msi-cyborg-17-b2rw-intel-core-7-240h-8go-rtx-5050.html,4299.0,PC Portable Gamer MSI Cyborg 17 B2RW Intel Core 7 240H 8Go RTX 5050,MSI,8.0,512.0,17.3,Intel,7.0,FreeDos,2,0,Premium,MSI::Premium::c0
https://www.mytek.tn/pc-portable-gamer-msi-cyborg-17-b2rw-intel-core-5-210h-8go-rtx-5060.html,4299.0,PC Portable Gamer MSI Cyborg 17 B2RW Intel Core 5 210H 8Go RTX 5060,MSI,8.0,512.0,17.3,Intel,5.0,FreeDos,2,0,Premium,MSI::Premium::c0
https://www.mytek.tn/pc-portable-gamer-msi-cyborg-15-a13ve-i5-13e-gen-32go-rtx-4050.html,4299.0,PC Portable Gamer MSI Cyborg 15 A13VE i5 13è Gén 32Go RTX 4050,MSI,32.0,512.0,15.6,Intel,5.0,FreeDos,2,0,Premium,MSI::Premium::c0
https://www.mytek.tn/pc-portable-gamer-msi-cyborg-17-b2rw-intel-core-7-240h-8go-rtx-5060.html,4499.0,PC Portable Gamer MSI Cyborg 17 B2RW Intel Core 7 240H 8Go RTX 5060,MSI,8.0,512.0,17.3,Intel,7.0,FreeDos,2,0,Premium,MSI::Premium::c0
https://www.mytek.tn/pc-portable-gamer-msi-cyborg-15-b2rw-intel-core-7-240h-16go-rtx-5060.html,4519.0,PC Portable Gamer MSI Cyborg 15 B2RW Intel Core 7 240H 16Go RTX 5060,MSI,16.0,512.0,15.6,Intel,7.0,FreeDos,2,0,Premium,MSI::Premium::c0
https://www.mytek.tn/pc-portable-gamer-msi-cyborg-17-b13w-i5-13e-gen-16g-rtx-5060.html,4735.0,PC Portable Gamer MSI Cyborg 17 B13W i5 13è Gén 16G RTX 5060,MSI,16.0,512.0,17.3,Intel,5.0,FreeDos,2,0,Premium,MSI::Premium::c0
https://www.mytek.tn/pc-portable-gamer-msi-cyborg-15-b13w-i7-13e-gen-16go-rtx-5060.html,4809.0,PC Portable Gamer MSI Cyborg 15 B13W i7 13è Gén 16Go RTX 5060,MSI,16.0,512.0,15.6,Intel,7.0,FreeDos,2,0,Premium,MSI::Premium::c0
https://www.mytek.tn/pc-portable-gamer-msi-cyborg-17-b2rw-intel-core-7-240h-16go-rtx-5060.html,4899.0,PC Portable Gamer MSI Cyborg 17 B2RW Intel Core 7 240H 16Go RTX 5060,MSI,16.0,512.0,17.3,Intel,7.0,FreeDos,2,0,Premium,MSI::Premium::c0
https://www.mytek.tn/pc-portable-gamer-msi-cyborg-15-b2rw-intel-core-5-210h-32go-rtx-5060.html,5039.0,PC Portable Gamer MSI Cyborg 15 B2RW Intel Core 5 210H 32Go RTX 5060,MSI,32.0,512.0,15.6,Intel,5.0,FreeDos,2,0,,
https://www.mytek.tn/pc-portable-gamer-msi-cyborg-17-b2rw-intel-core-5-210h-32go-rtx-5050.html,5299.0,PC Portable Gamer MSI Cyborg 17 B2RW Intel Core 5 210H 32Go RTX 5050,MSI,32.0,512.0,17.3,Intel,5.0,FreeDos,2,0,Premium,MSI::Premium::c0
https://www.mytek.tn/pc-portable-gamer-msi-cyborg-15-b2rw-intel-core-7-240h-32go-rtx-5060.html,5319.0,PC Portable Gamer MSI Cyborg 15 B2RW Intel Core 7 240H 32Go RTX 5060,MSI,32.0,512.0,15.6,Intel,7.0,FreeDos,2,0,Premium,MSI::Premium::c0
https://www.mytek.tn/pc-portable-gamer-msi-cyborg-17-b2rw-intel-core-5-210h-32go-rtx-5060.html,5499.0,PC Portable Gamer MSI Cyborg 17 B2RW Intel Core 5 210H 32Go RTX 5060,MSI,32.0,512.0,17.3,Intel,5.0,FreeDos,2,0,Premium,MSI::Premium::c0
https://www.mytek.tn/pc-portable-gamer-msi-cyborg-15-b13w-i7-13e-gen-16go-rtx-5070.html,5509.0,PC Portable Gamer MSI Cyborg 15 B13W i7 13è Gén 16Go RTX 5070,MSI,16.0,512.0,15.6,Intel,7.0,FreeDos,2,0,Premium,MSI::Premium::c0
https://www.mytek.tn/pc-portable-gamer-msi-cyborg-17-b2rw-intel-core-7-240h-32go-rtx-5060.html,5699.0,PC Portable Gamer MSI Cyborg 17 B2RW Intel Core 7 240H 32Go RTX 5060,MSI,32.0,512.0,17.3,Intel,7.0,FreeDos,2,0,Premium,MSI::Premium::c0
https://www.mytek.tn/pc-portable-gamer-msi-vector-16-hx-ai-a2xw-ultra-9-275hx-32go-rtx-5080.html,12359.0,PC Portable Gamer MSI Vector 16 HX AI A2XW Ultra 9 275HX 32Go RTX 5080,MSI,32.0,1024.0,16.0,Intel,0.0,Windows 11 Famille,2,0,Premium,MSI::Premium::c0
https://www.mytek.tn/pc-portable-asus-vivobook-go-15-intel-celeron-n4500-8go-256go-ssd-bleu.html,1299.0,PC Portable ASUS Vivobook Go 15 Intel Celeron N4500 8Go 256Go SSD - Bleu,ASUS,8.0,256.0,15.6,Intel,0.0,Windows 11 Famille,3,0,Économique,ASUS::Économique::c3
https://www.mytek.tn/pc-portable-asus-vivobook-go-15-intel-celeron-n4500-8g-256go-ssd-bleu.html,1339.0,PC Portable ASUS Vivobook Go 15 Intel Celeron N4500 8G 256Go SSD - Bleu,ASUS,8.0,256.0,15.6,Intel,0.0,Windows 11 Pro,3,0,Économique,ASUS::Économique::c3
https://www.mytek.tn/pc-portable-asus-vivobook-go-14-i3-n305-8go-256go-ssd-noir.html,1399.0,PC Portable ASUS Vivobook Go 14 I3-N305 8Go 256Go SSD - Noir,ASUS,8.0,256.0,14.0,Intel,3.0,Windows 11 Famille,3,0,Économique,ASUS::Économique::c3
https://www.mytek.tn/pc-portable-asus-vivobook-15-x1504va-i3-13eme-gen-8go-512go-ssd-bleu.html,1499.0,PC Portable ASUS Vivobook 15 X1504VA i3 13ème Gén 8Go 512Go SSD - Bleu,ASUS,8.0,512.0,15.6,Intel,3.0,Windows 11 Famille,3,0,Économique,ASUS::Économique::c0
https://www.mytek.tn/pc-portable-asus-vivobook-go-15-amd-ryzen-5-8g-512go-ssd-noir.html,1599.0,PC Portable ASUS Vivobook Go 15 AMD RYZEN 5 8G 512Go SSD - Noir,ASUS,8.0,512.0,15.6,AMD,0.0,Windows 11 Famille,3,1,Économique,ASUS::Économique::c1
https://www.mytek.tn/pc-portable-asus-vivobook-go-15-amd-ryzen-5-8go-512g-ssd-noir.html,1599.0,PC Portable ASUS Vivobook Go 15 AMD RYZEN 5 8Go 512G SSD - Noir,ASUS,8.0,512.0,15.6,AMD,0.0,Windows 11 Famille,3,1,Économique,ASUS::Économique::c1
https://www.mytek.tn/pc-portable-asus-vivobook-go-15-amd-ryzen-5-8go-512go-ssd-silver.html,1599.0,PC Portable ASUS Vivobook Go 15 AMD RYZEN 5 8Go 512Go SSD - Silver,ASUS,8.0,512.0,15.6,AMD,0.0,Windows 11 Famille,3,1,Économique,ASUS::Économique::c1
https://www.mytek.tn/pc-portable-asus-vivobook-15-m1502ya-amd-ryzen7-8go-512g-ssd-silver.html,1699.0,PC Portable ASUS Vivobook 15 M1502YA AMD RYZEN7 8Go 512G SSD - Silver,ASUS,8.0,512.0,15.6,AMD,0.0,Windows 11 Famille,3,1,Économique,ASUS::Économique::c1
https://www.mytek.tn/pc-portable-asus-vivobook-15-m1502ya-amd-ryzen7-8go-512g-ssd-bleu.html,1699.0,PC Portable ASUS Vivobook 15 M1502YA AMD RYZEN7 8Go 512G SSD - Bleu,ASUS,8.0,512.0,15.6,AMD,0.0,Windows 11 Famille,3,1,Économique,ASUS::Économique::c1
https://www.mytek.tn/pc-portable-asus-vivobook-15-x1504va-i3-13eme-gen-16go-512go-ssd-bleu.html,1705.0,PC Portable ASUS Vivobook 15 X1504VA i3 13ème Gén 16Go 512Go SSD - Bleu,ASUS,16.0,512.0,15.6,Intel,3.0,Windows 11 Famille,3,0,Économique,ASUS::Économique::c0
https://www.mytek.tn/pc-portable-asus-vivobook-15-x1502va-i5-13e-gen-8go-512go-ssd-silver.html,1799.0,PC Portable ASUS Vivobook 15 X1502VA i5 13è Gén 8Go 512Go SSD - Silver,ASUS,8.0,512.0,15.6,Intel,5.0,Windows 11 Famille,3,0,Économique,ASUS::Économique::c0
https://www.mytek.tn/pc-portable-asus-vivobook-15-x1502va-i5-13e-gen-8g-512g-ssd-bleu.html,1799.0,PC Portable ASUS Vivobook 15 X1502VA i5 13è Gén 8G 512G SSD - Bleu,ASUS,8.0,512.0,15.6,Intel,5.0,Windows 11 Famille,3,0,Économique,ASUS::Économique::c0
https://www.mytek.tn/pc-portable-asus-expertbook-p1503-i5-13e-gen-8g-512go-ssd-gris.html,1799.0,PC Portable ASUS ExpertBook P1503 i5 13è Gén 8G 512Go SSD - Gris,ASUS,8.0,512.0,15.6,Intel,5.0,FreeDos,3,0,Économique,ASUS::Économique::c2
https://www.mytek.tn/pc-portable-asus-vivobook-15-m1502ya-amd-ryzen7-12go-512g-ssd-silver.html,1819.0,PC Portable ASUS Vivobook 15 M1502YA AMD RYZEN7 12Go 512G SSD - Silver,ASUS,12.0,512.0,15.6,AMD,0.0,Windows 11 Famille,3,1,Économique,ASUS::Économique::c1
https://www.mytek.tn/pc-portable-asus-expertbook-p1503-i5-13eme-gen-8g-512go-ssd-gris.html,1859.0,PC Portable ASUS ExpertBook P1503 i5 13ème Gén 8G 512Go SSD - Gris,ASUS,8.0,512.0,15.6,Intel,5.0,FreeDos,3,0,Économique,ASUS::Économique::c2
https://www.mytek.tn/pc-portable-asus-vivobook-15-x1504va-intel-core-5-120u-8g-512g-ssd-silver.html,1899.0,PC Portable ASUS Vivobook 15 X1504VA Intel Core 5 120U 8G 512G SSD - Silver,ASUS,8.0,512.0,15.6,Intel,5.0,Windows 11 Famille,3,0,Économique,ASUS::Économique::c0
https://www.mytek.tn/pc-portable-asus-vivobook-go-15-amd-ryzen-5-16go-1to-ssd-gris-vert.html,1899.0,PC Portable ASUS Vivobook Go 15 AMD RYZEN 5 16Go 1To SSD - Gris Vert,ASUS,16.0,1024.0,15.6,AMD,0.0,Windows 11 Famille,3,1,Économique,ASUS::Économique::c1
https://www.mytek.tn/pc-portable-asus-vivobook-15-x1504va-i3-13eme-gen-24g-512g-ssd-silver.html,1929.0,PC Portable ASUS Vivobook 15 X1504VA i3 13ème Gén 24G 512G SSD - Silver,ASUS,24.0,512.0,15.6,Intel,3.0,Windows 11 Famille,3,0,Économique,ASUS::Économique::c0
https://www.mytek.tn/pc-portable-asus-vivobook-15-x1504va-i3-13eme-gen-24go-512go-ssd-bleu.html,1929.0,PC Portable ASUS Vivobook 15 X1504VA i3 13ème Gén 24Go 512Go SSD - Bleu,ASUS,24.0,512.0,15.6,Intel,3.0,Windows 11 Famille,3,0,Économique,ASUS::Économique::c0
https://www.mytek.tn/pc-portable-asus-vivobook-15-m1502ya-amd-ryzen7-16go-512g-ssd-silver.html,1929.0,PC Portable ASUS Vivobook 15 M1502YA AMD RYZEN7 16Go 512G SSD - Silver,ASUS,16.0,512.0,15.6,AMD,0.0,Windows 11 Famille,3,1,Économique,ASUS::Économique::c1
https://www.mytek.tn/pc-portable-asus-vivobook-15-m1502ya-amd-ryzen7-16go-512g-ssd-bleu.html,1929.0,PC Portable ASUS Vivobook 15 M1502YA AMD RYZEN7 16Go 512G SSD - Bleu,ASUS,16.0,512.0,15.6,AMD,0.0,Windows 11 Famille,3,1,Économique,ASUS::Économique::c1
https://www.mytek.tn/pc-portable-asus-vivobook-15-m1502naq-amd-ryzen-5-8go-512go-ssd-bleu.html,1999.0,PC Portable ASUS Vivobook 15 M1502NAQ AMD RYZEN 5 8Go 512Go SSD - Bleu,ASUS,8.0,512.0,15.6,AMD,0.0,Windows 11 Famille,3,1,Économique,ASUS::Économique::c1
https://www.mytek.tn/pc-portable-asus-vivobook-15-x1502va-i5-13e-gen-16g-512g-ssd-bleu.html,2039.0,PC Portable ASUS Vivobook 15 X1502VA i5 13è Gén 16G 512G SSD - Bleu,ASUS,16.0,512.0,15.6,Intel,5.0,Windows 11 Famille,3,0,Économique,ASUS::Économique::c0
https://www.mytek.tn/pc-portable-asus-vivobook-15-x1502va-i5-13e-gen-16g-512g-ssd-silver.html,2039.0,PC Portable ASUS Vivobook 15 X1502VA i5 13è Gén 16G 512G SSD - Silver,ASUS,16.0,512.0,15.6,Intel,5.0,Windows 11 Famille,3,0,Économique,ASUS::Économique::c0
https://www.mytek.tn/pc-portable-asus-vivobook-15-x1502va-i7-13e-gen-8g-512g-ssd-bleu.html,2099.0,PC Portable ASUS Vivobook 15 X1502VA i7 13è Gén 8G 512G SSD - Bleu,ASUS,8.0,512.0,15.6,Intel,7.0,Windows 11 Famille,3,0,Économique,ASUS::Économique::c3
https://www.mytek.tn/pc-portable-asus-vivobook-15-x1502va-i7-13e-gen-8g-512g-ssd-silver.html,2099.0,PC Portable ASUS Vivobook 15 X1502VA i7 13è Gén 8G 512G SSD - Silver,ASUS,8.0,512.0,15.6,Intel,7.0,Windows 11 Famille,3,0,Économique,ASUS::Économique::c3
https://www.mytek.tn/pc-portable-asus-expertbook-p1503-i7-13e-gen-8go-512g-ssd-gris.html,2099.0,PC Portable ASUS ExpertBook P1503 i7 13è Gén 8Go 512G SSD - Gris,ASUS,8.0,512.0,15.6,Intel,7.0,FreeDos,3,0,Économique,ASUS::Économique::c2
https://www.mytek.tn/pc-portable-asus-vivobook-15-m1502ya-amd-ryzen7-24go-512g-ssd-silver.html,2159.0,PC Portable ASUS Vivobook 15 M1502YA AMD RYZEN7 24Go 512G SSD - Silver,ASUS,24.0,512.0,15.6,AMD,0.0,Windows 11 Famille,3,1,Économique,ASUS::Économique::c1
https://www.mytek.tn/pc-portable-asus-vivobook-15-m1502ya-amd-ryzen7-24go-512g-ssd-bleu.html,2159.0,PC Portable ASUS Vivobook 15 M1502YA AMD RYZEN7 24Go 512G SSD - Bleu,ASUS,24.0,512.0,15.6,AMD,0.0,Windows 11 Famille,3,1,Économique,ASUS::Économique::c1
https://www.mytek.tn/pc-portable-asus-vivobook-15-x1502va-i9-13e-gen-8go-512go-ssd-bleu.html,2199.0,PC Portable ASUS Vivobook 15 X1502VA i9 13è Gén 8Go 512Go SSD - Bleu,ASUS,8.0,512.0,15.6,Intel,9.0,Windows 11 Famille,3,0,Économique,ASUS::Économique::c3
https://www.mytek.tn/pc-portable-asus-vivobook-15-x1502va-i9-13e-gen-8g-512go-ssd-silver.html,2199.0,PC Portable ASUS Vivobook 15 X1502VA i9 13è Gén 8G 512Go SSD - Silver,ASUS,8.0,512.0,15.6,Intel,9.0,Windows 11 Famille,3,0,Économique,ASUS::Économique::c3
https://www.mytek.tn/pc-portable-asus-expertbook-p1503-i5-13e-gen-16g-512go-ssd-gris.html,2199.0,PC Portable ASUS ExpertBook P1503 i5 13è Gén 16G 512Go SSD - Gris,ASUS,16.0,512.0,15.6,Intel,5.0,FreeDos,3,0,Économique,ASUS::Économique::c2
https://www.mytek.tn/pc-portable-asus-vivobook-15-x1504va-intel-core-7-150u-8go-512go-ssd-silver.html,2199.0,PC Portable ASUS Vivobook 15 X1504VA Intel Core 7 150U 8Go 512Go SSD - Silver,ASUS,8.0,512.0,15.6,Intel,7.0,Windows 11 Famille,3,0,Économique,ASUS::Économique::c3
https://www.mytek.tn/pc-portable-asus-vivobook-15-oled-x1505va-i5-13e-gen-8g-512g-ssd-silver.html,2239.0,PC Portable ASUS Vivobook 15 OLED X1505VA i5 13è Gén 8G 512G SSD - Silver,ASUS,8.0,512.0,15.6,Intel,5.0,Windows 11 Famille,3,0,Économique,ASUS::Économique::c0
https://www.mytek.tn/pc-portable-asus-expertbook-p1503-i5-13eme-gen-16g-512go-ssd-gris.html,2259.0,PC Portable ASUS ExpertBook P1503 i5 13ème Gén 16G 512Go SSD - Gris,ASUS,16.0,512.0,15.6,Intel,5.0,FreeDos,3,0,Économique,ASUS::Économique::c2
https://www.mytek.tn/pc-portable-asus-vivobook-15-x1502va-i5-13e-gen-24g-512g-ssd-bleu.html,2269.0,PC Portable ASUS Vivobook 15 X1502VA i5 13è Gén 24G 512G SSD - Bleu,ASUS,24.0,512.0,15.6,Intel,5.0,Windows 11 Famille,3,0,Économique,ASUS::Économique::c0
https://www.mytek.tn/pc-portable-asus-vivobook-15-x1502va-i5-13e-gen-24g-512g-ssd-silver.html,2269.0,PC Portable ASUS Vivobook 15 X1502VA i5 13è Gén 24G 512G SSD - Silver,ASUS,24.0,512.0,15.6,Intel,5.0,Windows 11 Famille,3,0,Économique,ASUS::Économique::c0
https://www.mytek.tn/pc-portable-asus-vivobook-15-x1504va-intel-core-5-120u-16g-512g-ssd-silver.html,2295.0,PC Portable ASUS Vivobook 15 X1504VA Intel Core 5 120U 16G 512G SSD - Silver,ASUS,16.0,512.0,15.6,Intel,5.0,Windows 11 Famille,3,0,Économique,ASUS::Économique::c0
https://www.mytek.tn/pc-portable-asus-vivobook-15-x1502va-i7-13e-gen-16g-512g-ssd-bleu.html,2329.0,PC Portable ASUS Vivobook 15 X1502VA i7 13è Gén 16G 512G SSD - Bleu,ASUS,16.0,512.0,15.6,Intel,7.0,Windows 11 Famille,3,0,Économique,ASUS::Économique::c3
https://www.mytek.tn/pc-portable-asus-vivobook-15-x1502va-i7-13e-gen-16g-512g-ssd-silver.html,2329.0,PC Portable ASUS Vivobook 15 X1502VA i7 13è Gén 16G 512G SSD - Silver,ASUS,16.0,512.0,15.6,Intel,7.0,Windows 11 Famille,3,0,Économique,ASUS::Économique::c3
https://www.mytek.tn/pc-portable-gamer-asus-vivobook-16x-i5-13e-gen-8go-rtx3050.html,2339.0,PC Portable Gamer ASUS Vivobook 16X i5 13è Gén 8Go RTX3050,ASUS,8.0,512.0,16.0,Intel,5.0,Windows 11 Famille,3,0,Économique,ASUS::Économique::c0
https://www.mytek.tn/pc-portable-gamer-asus-vivobook-16x-i5-13e-gen-8go-rtx-3050.html,2339.0,PC Portable Gamer ASUS Vivobook 16X i5 13è Gén 8Go RTX 3050,ASUS,8.0,512.0,16.0,Intel,5.0,Windows 11 Famille,3,0,Économique,ASUS::Économique::c0
https://www.mytek.tn/pc-portable-gamer-asus-vivobook-16x-i5-13e-gen-8g-rtx3050.html,2389.0,PC Portable Gamer ASUS Vivobook 16X i5 13è Gén 8G RTX3050,ASUS,8.0,512.0,16.0,Intel,5.0,Windows 11 Pro,3,0,Milieu de gamme,ASUS::Milieu de gamme::c0
https://www.mytek.tn/pc-portable-gamer-asus-vivobook-16x-i5-13e-gen-8g-rtx-3050.html,2389.0,PC Portable Gamer ASUS Vivobook 16X i5 13è Gén 8G RTX 3050,ASUS,8.0,512.0,16.0,Intel,5.0,Windows 11 Pro,3,0,Milieu de gamme,ASUS::Milieu de gamme::c0
https://www.mytek.tn/pc-portable-asus-vivobook-15-x1502va-i7-13e-gen-8g-512go-ssd-silver.html,2399.0,PC Portable ASUS Vivobook 15 X1502VA i7 13è Gén 8G 512Go SSD - Silver,ASUS,8.0,512.0,15.6,Intel,7.0,Windows 11 Famille,3,0,Milieu de gamme,ASUS::Milieu de gamme::c0
https://www.mytek.tn/pc-portable-asus-vivobook-15-oled-x1505va-i5-13e-gen-16g-512g-ssd-silver.html,2399.0,PC Portable ASUS Vivobook 15 OLED X1505VA i5 13è Gén 16G 512G SSD - Silver,ASUS,16.0,512.0,15.6,Intel,5.0,Windows 11 Famille,3,0,Milieu de gamme,ASUS::Milieu de gamme::c0
https://www.mytek.tn/pc-portable-asus-vivobook-16-snapdragonr-x-x1-26-100-16g-512g-ssd-silver.html,2439.0,PC Portable ASUS Vivobook 16 Snapdragon® X X1 26 100 16G 512G SSD - Silver,ASUS,16.0,512.0,16.0,Qualcomm,0.0,Windows 11 Famille,3,1,Milieu de gamme,ASUS::Milieu de gamme::c1
https://www.mytek.tn/pc-portable-gamer-asus-vivobook-16x-i5-13e-gen-12go-rtx-3050.html,2445.0,PC Portable Gamer ASUS Vivobook 16X i5 13è Gén 12Go RTX 3050,ASUS,12.0,512.0,16.0,Intel,5.0,Windows 11 Famille,3,0,Milieu de gamme,ASUS::Milieu de gamme::c0
https://www.mytek.tn/pc-portable-gamer-asus-tuf-gaming-a15-amd-ryzen-5-8go-rtx-2050.html,2459.0,PC Portable Gamer ASUS TUF Gaming A15 AMD RYZEN 5 8Go RTX 2050,ASUS,8.0,512.0,15.6,AMD,5.0,Windows 11 Famille,3,1,Milieu de gamme,ASUS::Milieu de gamme::c1
https://www.mytek.tn/pc-portable-gamer-asus-vivobook-16x-i5-13e-gen-16go-rtx3050.html,2549.0,PC Portable Gamer ASUS Vivobook 16X i5 13è Gén 16Go RTX3050,ASUS,16.0,512.0,16.0,Intel,5.0,Windows 11 Famille,3,0,Milieu de gamme,ASUS::Milieu de gamme::c0
https://www.mytek.tn/pc-portable-gamer-asus-vivobook-16x-i5-13e-gen-16go-rtx-3050.html,2549.0,PC Portable Gamer ASUS Vivobook 16X i5 13è Gén 16Go RTX 3050,ASUS,16.0,512.0,16.0,Intel,5.0,Windows 11 Famille,3,0,Milieu de gamme,ASUS::Milieu de gamme::c0
https://www.mytek.tn/pc-portable-asus-vivobook-15-x1502va-i7-13e-gen-24g-512g-ssd-silver.html,2559.0,PC Portable ASUS Vivobook 15 X1502VA i7 13è Gén 24G 512G SSD - Silver,ASUS,24.0,512.0,15.6,Intel,7.0,Windows 11 Famille,3,0,Milieu de gamme,ASUS::Milieu de gamme::c0
https://www.mytek.tn/pc-portable-asus-vivobook-15-x1502va-i7-13e-gen-24g-512g-ssd-bleu.html,2559.0,PC Portable ASUS Vivobook 15 X1502VA i7 13è Gén 24G 512G SSD - Bleu,ASUS,24.0,512.0,15.6,Intel,7.0,Windows 11 Famille,3,0,Milieu de gamme,ASUS::Milieu de gamme::c0
https://www.mytek.tn/pc-portable-asus-vivobook-15-x1502va-i9-13e-gen-16go-512go-ssd-bleu.html,2599.0,PC Portable ASUS Vivobook 15 X1502VA i9 13è Gén 16Go 512Go SSD - Bleu,ASUS,16.0,512.0,15.6,Intel,9.0,Windows 11 Famille,3,0,Milieu de gamme,ASUS::Milieu de gamme::c0
https://www.mytek.tn/pc-portable-asus-vivobook-15-x1502va-i9-13e-gen-16g-512go-ssd-silver.html,2599.0,PC Portable ASUS Vivobook 15 X1502VA i9 13è Gén 16G 512Go SSD - Silver,ASUS,16.0,512.0,15.6,Intel,9.0,Windows 11 Famille,3,0,Milieu de gamme,ASUS::Milieu de gamme::c0
https://www.mytek.tn/pc-portable-asus-vivobook-15-x1504va-intel-core-7-150u-16go-512go-ssd-silver.html,2599.0,PC Portable ASUS Vivobook 15 X1504VA Intel Core 7 150U 16Go 512Go SSD - Silver,ASUS,16.0,512.0,15.6,Intel,7.0,Windows 11 Famille,3,0,Milieu de gamme,ASUS::Milieu de gamme::c0
https://www.mytek.tn/pc-portable-gamer-asus-vivobook-16x-i5-13e-gen-16g-rtx3050.html,2599.0,PC Portable Gamer ASUS Vivobook 16X i5 13è Gén 16G RTX3050,ASUS,16.0,512.0,16.0,Intel,5.0,Windows 11 Pro,3,0,Milieu de gamme,ASUS::Milieu de gamme::c0
https://www.mytek.tn/pc-portable-gamer-asus-vivobook-16x-i5-13e-gen-16g-rtx-3050.html,2599.0,PC Portable Gamer ASUS Vivobook 16X i5 13è Gén 16G RTX 3050,ASUS,16.0,512.0,16.0,Intel,5.0,Windows 11 Pro,3,0,Milieu de gamme,ASUS::Milieu de gamme::c0
https://www.mytek.tn/pc-portable-asus-vivobook-15-oled-x1505va-i5-13e-gen-24g-512g-ssd-silver.html,2609.0,PC Portable ASUS Vivobook 15 OLED X1505VA i5 13è Gén 24G 512G SSD - Silver,ASUS,24.0,512.0,15.6,Intel,5.0,Windows 11 Famille,3,0,Milieu de gamme,ASUS::Milieu de gamme::c0
https://www.mytek.tn/pc-portable-gamer-asus-v16-v3607vj-intel-core-5-210h-8go-rtx-3050.html,2739.0,PC Portable Gamer ASUS V16 V3607VJ Intel Core 5 210H 8Go RTX 3050,ASUS,8.0,512.0,16.0,Intel,5.0,FreeDos,3,0,Milieu de gamme,ASUS::Milieu de gamme::c0
https://www.mytek.tn/pc-portable-gamer-asus-v16-v3607vj-intel-core-5-210h-8g-rtx-3050.html,2739.0,PC Portable Gamer ASUS V16 V3607VJ Intel Core 5 210H 8G RTX 3050,ASUS,8.0,512.0,16.0,Intel,5.0,Windows 11 Pro (Offert),3,0,Milieu de gamme,ASUS::Milieu de gamme::c0
https://www.mytek.tn/pc-portable-gamer-asus-vivobook-16x-i5-13e-gen-24go-rtx3050.html,2749.0,PC Portable Gamer ASUS Vivobook 16X i5 13è Gén 24Go RTX3050,ASUS,24.0,512.0,16.0,Intel,5.0,Windows 11 Famille,3,0,Milieu de gamme,ASUS::Milieu de gamme::c0
https://www.mytek.tn/pc-portable-gamer-asus-vivobook-16x-i5-13e-gen-24go-rtx-3050.html,2749.0,PC Portable Gamer ASUS Vivobook 16X i5 13è Gén 24Go RTX 3050,ASUS,24.0,512.0,16.0,Intel,5.0,Windows 11 Famille,3,0,Milieu de gamme,ASUS::Milieu de gamme::c0
https://www.mytek.tn/pc-portable-gamer-asus-vivobook-16x-i5-13e-gen-24g-rtx3050.html,2799.0,PC Portable Gamer ASUS Vivobook 16X i5 13è Gén 24G RTX3050,ASUS,24.0,512.0,16.0,Intel,5.0,Windows 11 Pro,3,0,Milieu de gamme,ASUS::Milieu de gamme::c0
https://www.mytek.tn/pc-portable-gamer-asus-vivobook-16x-i5-13e-gen-24g-rtx-3050.html,2799.0,PC Portable Gamer ASUS Vivobook 16X i5 13è Gén 24G RTX 3050,ASUS,24.0,512.0,16.0,Intel,5.0,Windows 11 Pro,3,0,Milieu de gamme,ASUS::Milieu de gamme::c0
https://www.mytek.tn/pc-portable-gamer-asus-v16-v3607vj-intel-core-5-210h-8g-rtx-3050-noir.html,2815.0,PC Portable Gamer ASUS V16 V3607VJ Intel Core 5 210H 8G RTX 3050,ASUS,8.0,512.0,16.0,Intel,5.0,Windows 11 Pro (Offert),3,0,,
https://www.mytek.tn/pc-portable-gamer-asus-v16-v3607vj-intel-core-7-240h-8go-rtx-3050.html,2829.0,PC Portable Gamer ASUS V16 V3607VJ Intel Core 7 240H 8Go RTX 3050,ASUS,8.0,512.0,16.0,Intel,7.0,FreeDos,3,0,Milieu de gamme,ASUS::Milieu de gamme::c0
https://www.mytek.tn/pc-portable-gamer-asus-v16-v3607vj-intel-core-7-240h-8g-rtx-3050.html,2829.0,PC Portable Gamer ASUS V16 V3607VJ Intel Core 7 240H 8G RTX 3050,ASUS,8.0,512.0,16.0,Intel,7.0,Windows 11 Pro (Offert),3,0,Milieu de gamme,ASUS::Milieu de gamme::c0
https://www.mytek.tn/pc-portable-asus-expertbook-p5-ultra-5-226v-16go-512go-ssd-gris.html,2969.0,PC Portable ASUS ExpertBook P5 Ultra 5 226V 16Go 512Go SSD - Gris,ASUS,16.0,512.0,14.0,Intel,0.0,FreeDos,3,0,Milieu de gamme,ASUS::Milieu de gamme::c0
https://www.mytek.tn/pc-portable-asus-vivobook-15-x1502va-i9-13e-gen-24go-512go-ssd-bleu.html,2999.0,PC Portable ASUS Vivobook 15 X1502VA i9 13è Gén 24Go 512Go SSD - Bleu,ASUS,24.0,512.0,15.6,Intel,9.0,Windows 11 Famille,3,0,Milieu de gamme,ASUS::Milieu de gamme::c0
https://www.mytek.tn/pc-portable-asus-vivobook-15-x1502va-i9-13e-gen-24g-512go-ssd-silver.html,2999.0,PC Portable ASUS Vivobook 15 X1502VA i9 13è Gén 24G 512Go SSD - Silver,ASUS,24.0,512.0,15.6,Intel,9.0,Windows 11 Famille,3,0,Milieu de gamme,ASUS::Milieu de gamme::c0
https://www.mytek.tn/pc-portable-asus-vivobook-16-x1605va-intel-core-9-270h-16go-512go-ssd-noir.html,3059.0,PC Portable ASUS Vivobook 16 X1605VA Intel Core 9 270H 16Go 512Go SSD - Noir,ASUS,16.0,512.0,16.0,Intel,9.0,Windows 11 Famille,3,0,Milieu de gamme,ASUS::Milieu de gamme::c0
https://www.mytek.tn/pc-portable-gamer-asus-tuf-gaming-a15-amd-ryzen-7-8g-rtx-3050.html,3069.0,PC Portable Gamer ASUS TUF Gaming A15 AMD RYZEN 7 8G RTX 3050,ASUS,8.0,512.0,15.6,AMD,0.0,Windows 11 Famille,3,1,Milieu de gamme,ASUS::Milieu de gamme::c1
https://www.mytek.tn/pc-portable-gamer-asus-v16-v3607vu-intel-core-5-210h-8g-rtx4050.html,3099.0,PC Portable Gamer ASUS V16 V3607VU Intel Core 5 210H 8G RTX4050,ASUS,8.0,512.0,16.0,Intel,5.0,Windows 11 Pro (Offert),3,0,Milieu de gamme,ASUS::Milieu de gamme::c0
https://www.mytek.tn/pc-portable-gamer-asus-v16-v3607vj-intel-core-5-210h-16go-rtx-3050.html,3139.0,PC Portable Gamer ASUS V16 V3607VJ Intel Core 5 210H 16Go RTX 3050,ASUS,16.0,512.0,16.0,Intel,5.0,FreeDos,3,0,Milieu de gamme,ASUS::Milieu de gamme::c0
https://www.mytek.tn/pc-portable-gamer-asus-v16-v3607vj-intel-core-5-210h-16g-rtx-3050.html,3139.0,PC Portable Gamer ASUS V16 V3607VJ Intel Core 5 210H 16G RTX 3050,ASUS,16.0,512.0,16.0,Intel,5.0,Windows 11 Pro (Offert),3,0,Milieu de gamme,ASUS::Milieu de gamme::c0
https://www.mytek.tn/pc-portable-gamer-asus-tuf-gaming-a15-amd-ryzen-7-16g-rtx3050.html,3179.0,PC Portable Gamer ASUS TUF Gaming A15 AMD RYZEN 7 16G RTX3050,ASUS,16.0,512.0,15.6,AMD,0.0,Windows 11 Famille,3,1,Milieu de gamme,ASUS::Milieu de gamme::c1
https://www.mytek.tn/pc-portable-asus-vivobook-s16-amd-ryzen-9-16go-512go-ssd-silver.html,3199.0,PC Portable ASUS Vivobook S16 AMD RYZEN 9 16Go 512Go SSD - Silver,ASUS,16.0,512.0,16.0,AMD,0.0,Windows 11 Famille,3,1,Milieu de gamme,ASUS::Milieu de gamme::c1
https://www.mytek.tn/pc-portable-gamer-asus-v16-v3607vj-intel-core-7-240h-16go-rtx-3050.html,3229.0,PC Portable Gamer ASUS V16 V3607VJ Intel Core 7 240H 16Go RTX 3050,ASUS,16.0,512.0,16.0,Autre,0.0,FreeDos,3,1,Milieu de gamme,ASUS::Milieu de gamme::c1
https://www.mytek.tn/pc-portable-gamer-asus-v16-v3607vj-intel-core-7-240h-16g-rtx-3050.html,3229.0,PC Portable Gamer ASUS V16 V3607VJ Intel Core 7 240H 16G RTX 3050,ASUS,16.0,512.0,16.0,Autre,0.0,Windows 11 Pro (Offert),3,1,Milieu de gamme,ASUS::Milieu de gamme::c1
https://www.mytek.tn/pc-portable-gamer-asus-v16-v3607vu-intel-core-7-240h-8g-rtx-4050.html,3299.0,PC Portable Gamer ASUS V16 V3607VU Intel Core 7 240H 8G RTX 4050,ASUS,8.0,512.0,16.0,Intel,7.0,FreeDos,3,0,Milieu de gamme,ASUS::Milieu de gamme::c0
https://www.mytek.tn/pc-portable-gamer-asus-tuf-gaming-f16-intel-core-5-210h-8g-rtx-3050.html,3299.0,PC Portable Gamer ASUS TUF Gaming F16 Intel Core 5 210H 8G RTX 3050,ASUS,8.0,512.0,16.0,Intel,5.0,FreeDos,3,0,Milieu de gamme,ASUS::Milieu de gamme::c0
https://www.mytek.tn/pc-portable-gamer-asus-v16-v3607vu-intel-core-7-240h-8go-rtx4050.html,3299.0,PC Portable Gamer ASUS V16 V3607VU Intel Core 7 240H 8Go RTX4050,ASUS,8.0,512.0,16.0,Intel,7.0,Windows 11 Pro (Offert),3,0,Milieu de gamme,ASUS::Milieu de gamme::c0
https://www.mytek.tn/pc-portable-gamer-asus-tuf-gaming-f16-i7-13e-gen-8go-rtx-4050.html,3499.0,PC Portable Gamer ASUS TUF Gaming F16 i7 13è Gén 8Go RTX 4050,ASUS,8.0,512.0,16.0,Intel,7.0,Windows 11 Famille,3,0,Milieu de gamme,ASUS::Milieu de gamme::c0
https://www.mytek.tn/pc-portable-gamer-asus-tuf-gaming-a15-amd-ryzen-7-16go-rtx3050.html,3499.0,PC Portable Gamer ASUS TUF Gaming A15 AMD RYZEN 7 16Go RTX3050,ASUS,16.0,512.0,15.6,AMD,0.0,Windows 11 Famille,3,1,Milieu de gamme,ASUS::Milieu de gamme::c1
https://www.mytek.tn/pc-portable-gamer-asus-v16-v3607vu-intel-core-5-210h-16g-rtx4050.html,3499.0,PC Portable Gamer ASUS V16 V3607VU Intel Core 5 210H 16G RTX4050,ASUS,16.0,512.0,16.0,Intel,5.0,FreeDos,3,0,Milieu de gamme,ASUS::Milieu de gamme::c0
https://www.mytek.tn/pc-portable-gamer-asus-v16-v3607vu-intel-core-5-210h-16go-rtx4050.html,3499.0,PC Portable Gamer ASUS V16 V3607VU Intel Core 5 210H 16Go RTX4050,ASUS,16.0,512.0,16.0,Intel,5.0,Windows 11 Pro (Offert),3,0,Milieu de gamme,ASUS::Milieu de gamme::c0
https://www.mytek.tn/pc-portable-gamer-asus-tuf-gaming-f16-intel-core-5-210h-8go-rtx-3050.html,3529.0,PC Portable Gamer ASUS TUF Gaming F16 Intel Core 5 210H 8Go RTX 3050,ASUS,8.0,512.0,16.0,Intel,5.0,Windows 11 Famille,3,0,Milieu de gamme,ASUS::Milieu de gamme::c0
https://www.mytek.tn/pc-portable-gamer-asus-tuf-gaming-f16-intel-core-5-210h-8go-rtx-4050.html,3599.0,PC Portable Gamer ASUS TUF Gaming F16 Intel Core 5 210H 8Go RTX 4050,ASUS,8.0,512.0,16.0,Intel,5.0,Windows 11 Famille,3,0,Premium,ASUS::Premium::c2
https://www.mytek.tn/pc-portable-gamer-asus-tuf-gaming-a15-amd-ryzen-7-24g-rtx3050.html,3599.0,PC Portable Gamer ASUS TUF Gaming A15 AMD RYZEN 7 24G RTX3050,ASUS,24.0,512.0,15.6,AMD,0.0,Windows 11 Famille,3,1,Premium,ASUS::Premium::c0
https://www.mytek.tn/pc-portable-asus-vivobook-s16-amd-ryzen-9-32go-1to-ssd-gris.html,3689.0,PC Portable ASUS Vivobook S16 AMD RYZEN 9 32Go 1To SSD - Gris,ASUS,32.0,1024.0,16.0,AMD,0.0,Windows 11 Famille,3,1,Premium,ASUS::Premium::c0
https://www.mytek.tn/pc-portable-gamer-asus-v16-v3607vu-intel-core-7-240h-16go-rtx4050.html,3699.0,PC Portable Gamer ASUS V16 V3607VU Intel Core 7 240H 16Go RTX4050,ASUS,16.0,512.0,16.0,Intel,7.0,Windows 11 Pro (Offert),3,0,Premium,ASUS::Premium::c1
https://www.mytek.tn/pc-portable-gamer-asus-tuf-gaming-a15-amd-ryzen-7-32g-rtx3050.html,3879.0,PC Portable Gamer ASUS TUF Gaming A15 AMD RYZEN 7 32G RTX3050,ASUS,32.0,512.0,15.6,AMD,0.0,Windows 11 Famille,3,1,Premium,ASUS::Premium::c0
https://www.mytek.tn/pc-portable-gamer-asus-tuf-gaming-f16-i7-13e-gen-16go-rtx-4050.html,3899.0,PC Portable Gamer ASUS TUF Gaming F16 i7 13è Gén 16Go RTX 4050,ASUS,16.0,512.0,16.0,Intel,7.0,Windows 11 Famille,3,0,Premium,ASUS::Premium::c2
https://www.mytek.tn/pc-portable-gamer-asus-v16-v3607vu-intel-core-5-210h-24g-rtx4050.html,3899.0,PC Portable Gamer ASUS V16 V3607VU Intel Core 5 210H 24G RTX4050,ASUS,24.0,512.0,16.0,Intel,5.0,FreeDos,3,0,Premium,ASUS::Premium::c1
https://www.mytek.tn/pc-portable-gamer-asus-v16-v3607vu-intel-core-5-210h-24go-rtx4050.html,3899.0,PC Portable Gamer ASUS V16 V3607VU Intel Core 5 210H 24Go RTX4050,ASUS,24.0,512.0,16.0,Intel,5.0,Windows 11 Pro (Offert),3,0,Premium,ASUS::Premium::c1
https://www.mytek.tn/pc-portable-gamer-asus-tuf-gaming-f16-intel-core-5-210h-16go-rtx-3050.html,3929.0,PC Portable Gamer ASUS TUF Gaming F16 Intel Core 5 210H 16Go RTX 3050,ASUS,16.0,512.0,16.0,Intel,5.0,Windows 11 Famille,3,0,Premium,ASUS::Premium::c2
https://www.mytek.tn/pc-portable-gamer-asus-v16-v3607vj-intel-core-5-210h-32go-rtx-3050.html,3945.0,PC Portable Gamer ASUS V16 V3607VJ Intel Core 5 210H 32Go RTX 3050,ASUS,32.0,512.0,16.0,Intel,5.0,FreeDos,3,0,Premium,ASUS::Premium::c1
https://www.mytek.tn/pc-portable-gamer-asus-v16-v3607vj-intel-core-5-210h-32g-rtx-3050.html,3945.0,PC Portable Gamer ASUS V16 V3607VJ Intel Core 5 210H 32G RTX 3050,ASUS,32.0,512.0,16.0,Intel,5.0,Windows 11 Pro (Offert),3,0,Premium,ASUS::Premium::c1
https://www.mytek.tn/pc-portable-gamer-asus-v16-v3607vj-intel-core-7-240h-32go-rtx-3050.html,3969.0,PC Portable Gamer ASUS V16 V3607VJ Intel Core 7 240H 32Go RTX 3050,ASUS,32.0,512.0,16.0,Intel,7.0,FreeDos,3,0,Premium,ASUS::Premium::c1
https://www.mytek.tn/pc-portable-gamer-asus-tuf-gaming-a15-amd-ryzen-7-32g-rtx-3050.html,3969.0,PC Portable Gamer ASUS TUF Gaming A15 AMD RYZEN 7 32G RTX 3050,ASUS,32.0,512.0,15.6,AMD,0.0,Windows 11 Famille,3,1,Premium,ASUS::Premium::c0
https://www.mytek.tn/pc-portable-gamer-asus-v16-v3607vj-intel-core-7-240h-32g-rtx-3050.html,3969.0,PC Portable Gamer ASUS V16 V3607VJ Intel Core 7 240H 32G RTX 3050,ASUS,32.0,512.0,16.0,Intel,7.0,Windows 11 Pro (Offert),3,0,Premium,ASUS::Premium::c1
https://www.mytek.tn/pc-portable-gamer-asus-tuf-gaming-f16-intel-core-5-210h-16go-rtx-4050.html,4009.0,PC Portable Gamer ASUS TUF Gaming F16 Intel Core 5 210H 16Go RTX 4050,ASUS,16.0,512.0,16.0,Intel,5.0,Windows 11 Famille,3,0,Premium,ASUS::Premium::c2
https://www.mytek.tn/pc-portable-gamer-asus-v16-v3607vu-intel-core-7-240h-24g-rtx4050.html,4019.0,PC Portable Gamer ASUS V16 V3607VU Intel Core 7 240H 24G RTX4050,ASUS,24.0,512.0,16.0,Intel,7.0,FreeDos,3,0,Premium,ASUS::Premium::c1
https://www.mytek.tn/pc-portable-gamer-asus-v16-v3607vu-intel-core-7-240h-24go-rtx4050.html,4019.0,PC Portable Gamer ASUS V16 V3607VU Intel Core 7 240H 24Go RTX4050,ASUS,24.0,512.0,16.0,Intel,7.0,Windows 11 Pro (Offert),3,0,Premium,ASUS::Premium::c1
https://www.mytek.tn/pc-portable-asus-zenbook-a14-snapdragonr-x-x1-26-100-32go-1to-ssd-beige.html,4119.0,Pc Portable ASUS Zenbook A14 Snapdragon® X X1 26 100 32Go 1To SSD - Beige,ASUS,32.0,1024.0,14.0,Qualcomm,0.0,Windows 11 Famille,3,1,Premium,ASUS::Premium::c3
https://www.mytek.tn/pc-portable-gamer-asus-tuf-gaming-f16-i5-13e-gen-16go-rtx-5060.html,4299.0,PC Portable Gamer ASUS TUF Gaming F16 i5 13è Gén 16Go RTX 5060,ASUS,16.0,512.0,16.0,Intel,5.0,Windows 11 Famille,3,0,Premium,ASUS::Premium::c2
https://www.mytek.tn/pc-portable-gamer-asus-tuf-gaming-f16-i7-13e-gen-24go-rtx-4050.html,4299.0,PC Portable Gamer ASUS TUF Gaming F16 i7 13è Gén 24Go RTX 4050,ASUS,24.0,512.0,16.0,Intel,7.0,Windows 11 Famille,3,0,Premium,ASUS::Premium::c2
https://www.mytek.tn/pc-portable-gamer-asus-tuf-gaming-a15-amd-ryzen-7-32go-rtx3050.html,4329.0,PC Portable Gamer ASUS TUF Gaming A15 AMD RYZEN 7 32Go RTX3050,ASUS,32.0,512.0,15.6,AMD,0.0,Windows 11 Famille,3,1,Premium,ASUS::Premium::c0
https://www.mytek.tn/pc-portable-asus-zenbook-14-ultra-7-255h-16go-1to-ssd-silver.html,4369.0,Pc Portable ASUS ZenBook 14 Ultra 7 255H 16Go 1To SSD - Silver,ASUS,16.0,1024.0,14.0,Intel,0.0,Windows 11 Famille,3,0,Premium,ASUS::Premium::c3
https://www.mytek.tn/pc-portable-asus-vivobook-s14-ultra-7-256v-16go-1to-ssd-bleu.html,4379.0,PC Portable ASUS Vivobook S14 Ultra 7 256V 16Go 1To SSD - Bleu,ASUS,16.0,1024.0,14.0,Intel,0.0,Windows 11 Famille,3,0,Premium,ASUS::Premium::c3
https://www.mytek.tn/pc-portable-gamer-asus-tuf-gaming-f16-i5-13e-gen-24go-rtx-5060.html,4515.0,PC Portable Gamer ASUS TUF Gaming F16 i5 13è Gén 24Go RTX 5060,ASUS,24.0,512.0,16.0,Intel,5.0,Windows 11 Famille,3,0,Premium,ASUS::Premium::c2
https://www.mytek.tn/pc-portable-gamer-asus-tuf-gaming-f16-intel-core-5-210h-24go-rtx-4050.html,4539.0,PC Portable Gamer ASUS TUF Gaming F16 Intel Core 5 210H 24Go RTX 4050,ASUS,24.0,512.0,16.0,Intel,5.0,Windows 11 Famille,3,0,Premium,ASUS::Premium::c2
https://www.mytek.tn/pc-portable-asus-tuf-gaming-a14-amd-ryzen-ai-7-16go-rtx-5050.html,4599.0,PC Portable ASUS TUF Gaming A14 AMD Ryzen AI 7 16Go RTX 5050,ASUS,16.0,1024.0,14.0,AMD,0.0,Windows 11 Famille,3,1,Premium,ASUS::Premium::c3
https://www.mytek.tn/pc-portable-gamer-asus-tuf-gaming-f16-i5-13e-gen-16g-rtx-5050.html,4599.0,PC Portable Gamer ASUS TUF Gaming F16 i5 13è Gén 16G RTX 5050,ASUS,16.0,512.0,16.0,Intel,5.0,Windows 11 Famille,3,0,Premium,ASUS::Premium::c2
https://www.mytek.tn/pc-portable-gamer-asus-tuf-gaming-f16-i5-13e-gen-32go-rtx-5050.html,4629.0,PC Portable Gamer ASUS TUF Gaming F16 i5 13è Gén 32Go RTX 5050,ASUS,32.0,512.0,16.0,Intel,5.0,Windows 11 Famille,3,0,Premium,ASUS::Premium::c2
https://www.mytek.tn/pc-portable-gamer-asus-tuf-gaming-f16-i7-13e-gen-32go-rtx-4050.html,4699.0,PC Portable Gamer ASUS TUF Gaming F16 i7 13è Gén 32Go RTX 4050,ASUS,32.0,512.0,16.0,Intel,7.0,Windows 11 Famille,3,0,,
https://www.mytek.tn/pc-portable-gamer-asus-tuf-gaming-f16-i5-13e-gen-16g-rtx-5060.html,4705.0,PC Portable Gamer ASUS TUF Gaming F16 i5 13è Gén 16G RTX 5060,ASUS,16.0,1024.0,16.0,Intel,5.0,Windows 11 Famille,3,0,Premium,ASUS::Premium::c2
https://www.mytek.tn/pc-portable-gamer-asus-tuf-gaming-f16-i5-13e-gen-32go-rtx-5060.html,4719.0,PC Portable Gamer ASUS TUF Gaming F16 i5 13è Gén 32Go RTX 5060,ASUS,32.0,512.0,16.0,Intel,5.0,Windows 11 Famille,3,0,Premium,ASUS::Premium::c2
https://www.mytek.tn/pc-portable-gamer-asus-tuf-gaming-f16-i5-14e-gen-16go-rtx-5050.html,4895.0,PC Portable Gamer ASUS TUF Gaming F16 i5 14è Gén 16Go RTX 5050,ASUS,16.0,1024.0,16.0,Intel,5.0,Windows 11 Famille,3,0,Premium,ASUS::Premium::c2
https://www.mytek.tn/pc-portable-gamer-asus-tuf-gaming-a16-amd-ryzen-7-16go-rtx-5070.html,5089.0,PC Portable Gamer ASUS TUF Gaming A16 AMD RYZEN 7 16Go RTX 5070,ASUS,16.0,512.0,16.0,AMD,0.0,FreeDos,3,1,Premium,ASUS::Premium::c0
https://www.mytek.tn/pc-portable-gamer-asus-tuf-gaming-f16-i7-14e-gen-16go-rtx-5050.html,5199.0,PC Portable Gamer ASUS TUF Gaming F16 i7 14è Gén 16Go RTX 5050,ASUS,16.0,1024.0,16.0,Intel,7.0,Windows 11 Famille,3,0,Premium,ASUS::Premium::c2
https://www.mytek.tn/pc-portable-asus-zenbook-s-14-ultra-7-256v-16g-1to-ssd-blanc.html,5299.0,Pc Portable ASUS Zenbook S 14 Ultra 7 256V 16G 1To SSD - Blanc,ASUS,16.0,1024.0,14.0,Intel,0.0,Windows 11 Famille,3,0,Premium,ASUS::Premium::c3
https://www.mytek.tn/pc-portable-gamer-asus-tuf-gaming-f16-i7-14e-gen-16g-rtx-5050.html,5389.0,PC Portable Gamer ASUS TUF Gaming F16 i7 14è Gén 16G RTX 5050,ASUS,16.0,1024.0,16.0,Intel,7.0,Windows 11 Famille,3,0,Premium,ASUS::Premium::c2
https://www.mytek.tn/pc-portable-asus-tuf-gaming-a14-amd-ryzen-ai-9-16go-rtx-4060.html,5599.0,PC Portable ASUS TUF Gaming A14 AMD Ryzen AI 9 16Go RTX 4060,ASUS,16.0,1024.0,14.0,AMD,0.0,Windows 11 Famille,3,1,Premium,ASUS::Premium::c3
https://www.mytek.tn/pc-portable-gamer-asus-tuf-gaming-f16-i7-14e-gen-16go-rtx-5060.html,5679.0,PC Portable Gamer ASUS TUF Gaming F16 i7 14è Gén 16Go RTX 5060,ASUS,16.0,1024.0,16.0,Intel,7.0,Windows 11 Famille,3,0,Premium,ASUS::Premium::c2
https://www.mytek.tn/pc-portable-gamer-asus-tuf-gaming-a16-amd-ryzen-7-16g-rtx-5050.html,5769.0,PC Portable Gamer ASUS TUF Gaming A16 AMD RYZEN 7 16G RTX 5050,ASUS,16.0,1024.0,16.0,AMD,0.0,Windows 11 Famille,3,1,Premium,ASUS::Premium::c0
https://www.mytek.tn/pc-portable-asus-tuf-gaming-a14-amd-ryzen-ai-7-16go-rtx-5060.html,5929.0,PC Portable ASUS TUF Gaming A14 AMD Ryzen AI 7 16Go RTX 5060,ASUS,16.0,1024.0,14.0,AMD,0.0,Windows 11 Famille,3,1,Premium,ASUS::Premium::c3
https://www.mytek.tn/pc-portable-asus-zenbook-14-ultra-9-285h-32g-1to-ssd-silver.html,6259.0,Pc Portable ASUS ZenBook 14 Ultra 9 285H 32G 1To SSD - Silver,ASUS,32.0,1024.0,14.0,Intel,0.0,Windows 11 Famille,3,0,Premium,ASUS::Premium::c3
https://www.mytek.tn/pc-portable-gamer-asus-tuf-gaming-f16-i7-14e-gen-32go-rtx-5060.html,6529.0,PC Portable Gamer ASUS TUF Gaming F16 i7 14è Gén 32Go RTX 5060,ASUS,32.0,1024.0,16.0,Intel,7.0,Windows 11 Famille,3,0,Premium,ASUS::Premium::c2
https://www.mytek.tn/pc-portable-gamer-asus-tuf-gaming-f16-i7-14e-gen-16go-rtx-5070.html,6759.0,PC Portable Gamer ASUS TUF Gaming F16 i7 14è Gén 16Go RTX 5070,ASUS,16.0,1024.0,16.0,Intel,7.0,Windows 11 Famille,3,0,Premium,ASUS::Premium::c2
https://www.mytek.tn/pc-portable-gamer-asus-tuf-gaming-a16-amd-ryzen-9-32go-rtx-5070.html,7449.0,PC Portable Gamer ASUS TUF Gaming A16 AMD RYZEN 9 32Go RTX 5070,ASUS,32.0,1024.0,16.0,AMD,0.0,Windows 11 Famille,3,1,Premium,ASUS::Premium::c0
https://www.mytek.tn/pc-portable-gamer-asus-rog-strix-g16-ultra-9-275hx-32go-rtx-5070.html,7999.0,PC Portable Gamer ASUS ROG Strix G16 Ultra 9 275HX 32Go RTX 5070,ASUS,32.0,1024.0,16.0,Intel,0.0,Windows 11 Famille,3,0,Premium,ASUS::Premium::c3
https://www.mytek.tn/pc-portable-bmax-maxbook-x15-pro-intel-n95-12e-gen-16go-512go-ssd.html,1099.0,PC Portable BMAX MaxBook X15 Pro Intel N95 12è Gén 16Go 512Go SSD,BMAX,16.0,512.0,15.6,Intel,0.0,Windows 11 Pro,3,0,,
https://www.mytek.tn/pc-portable-bmax-maxbook-x15-power-i3-8109u-16go-512go-ssd.html,1219.0,PC Portable BMAX MaxBook X15 Power i3-8109U 16Go 512Go SSD,BMAX,16.0,512.0,15.6,Intel,3.0,Windows 11 Famille,3,0,,
https://www.mytek.tn/pc-portable-chuwi-corebook-i3-10e-gen-8go-256go-ssd-gris.html,1179.0,PC Portable CHUWI CoreBook i3 10è Gén 8Go 256Go SSD - Gris,CHUWI,8.0,256.0,14.0,Intel,3.0,Windows 11 Famille,3,0,Gamme unique,CHUWI::Gamme unique::c0
https://www.mytek.tn/pc-portable-chuwi-minibook-x-n150-16g-512go-ssd-gris.html,1349.0,PC Portable CHUWI MiniBook X N150 16G 512Go SSD - Gris,CHUWI,16.0,512.0,10.51,Intel,0.0,Windows 11 Pro,3,0,Gamme unique,CHUWI::Gamme unique::c0
https://www.mytek.tn/pc-portable-chuwi-acer-gadget-e10-erbook-amd-ryzen-5-8go-512go-ssd.html,1549.0,PC Portable CHUWI Acer Gadget E10 ERBook AMD RYZEN 5 8Go 512Go SSD,CHUWI,8.0,512.0,15.6,AMD,0.0,Windows 11 Famille,3,1,Gamme unique,CHUWI::Gamme unique::c0
https://www.mytek.tn/pc-portable-chuwi-gtbook-x-i7-13e-gen-16go-512go-ssd-gris.html,1749.0,PC Portable CHUWI GTBook X i7 13è Gén 16Go 512Go SSD - Gris,CHUWI,16.0,512.0,16.0,Intel,7.0,Windows 11 Famille,3,0,Gamme unique,CHUWI::Gamme unique::c0
https://www.mytek.tn/pc-portable-chuwi-corebook-air-plus-amd-ryzen-5-16go-512go-ssd.html,1889.0,PC Portable CHUWI CoreBook Air Plus AMD RYZEN 5 16Go 512Go SSD,CHUWI,16.0,512.0,16.0,AMD,0.0,Windows 11 Pro,3,1,Gamme unique,CHUWI::Gamme unique::c0
https://www.mytek.tn/pc-portable-chuwi-gtbook-xpro-i7-13e-gen-16go-rtx-3050.html,2999.0,PC Portable CHUWI GTBook XPro i7 13è Gén 16Go RTX 3050,CHUWI,16.0,512.0,15.6,Intel,7.0,Windows 11,3,0,Gamme unique,CHUWI::Gamme unique::c0
https://www.mytek.tn/pc-portable-dell-15-intel-core-3-100u-8go-512go-ssd-silver.html,1499.0,PC Portable DELL 15 Intel Core 3 100U 8Go 512Go SSD - Noir,DELL,8.0,512.0,15.6,Intel,3.0,FreeDos,3,0,Économique,DELL::Économique::c2
https://www.mytek.tn/pc-portable-dell-pro-15-essential-intel-core-3-100u-8go-512go-ssd-noir.html,1499.0,PC Portable DELL Pro 15 Essential Intel Core 3 100U 8Go 512Go SSD - Noir,DELL,8.0,512.0,15.6,Intel,3.0,FreeDos,3,0,Économique,DELL::Économique::c2
https://www.mytek.tn/pc-portable-dell-pro-15-essential-i3-13eme-gen-8go-512go-ssd-noir.html,1499.0,PC Portable DELL Pro 15 Essential i3 13ème Gén 8Go 512Go SSD - Noir,DELL,8.0,512.0,15.6,Intel,3.0,FreeDos,3,0,Économique,DELL::Économique::c2
https://www.mytek.tn/pc-portable-dell-15-intel-core-3-100u-8g-512go-ssd-silver.html,1549.0,PC Portable DELL 15 Intel Core 3 100U 8G 512Go SSD - Noir,DELL,8.0,512.0,15.6,Intel,3.0,Windows 11 Pro,3,0,Économique,DELL::Économique::c1
https://www.mytek.tn/pc-portable-dell-pro-15-essential-intel-core-3-100u-8g-512go-ssd-noir.html,1549.0,PC Portable DELL Pro 15 Essential Intel Core 3 100U 8G 512Go SSD - Noir,DELL,8.0,512.0,15.6,Intel,3.0,Windows 11 Pro,3,0,Économique,DELL::Économique::c1
https://www.mytek.tn/pc-portable-dell-pro-15-essential-i3-13eme-gen-8g-512go-ssd-noir.html,1549.0,PC Portable DELL Pro 15 Essential i3 13ème Gén 8G 512Go SSD - Noir,DELL,8.0,512.0,15.6,Intel,3.0,Windows 11 Pro,3,0,Économique,DELL::Économique::c1
https://www.mytek.tn/pc-portable-dell-pro-15-essential-amd-ryzen-5-8go-512go-ssd-noir.html,1599.0,PC Portable DELL Pro 15 Essential AMD RYZEN 5 8Go 512Go SSD - Noir,DELL,8.0,512.0,15.6,AMD,0.0,FreeDos,3,1,Milieu de gamme,DELL::Milieu de gamme::c0
https://www.mytek.tn/pc-portable-dell-pro15-essential-amd-ryzen-5-8g-512g-ssd-noir.html,1599.0,PC Portable DELL Pro 15 Essential AMD RYZEN 5 8G 512G SSD - Noir,DELL,8.0,512.0,15.6,AMD,0.0,FreeDos,3,1,,
https://www.mytek.tn/pc-portable-dell-pro-15-essential-intel-core-3-100u-16go-512go-ssd-noir.html,1609.0,PC Portable DELL Pro 15 Essential Intel Core 3 100U 16Go 512Go SSD - Noir,DELL,16.0,512.0,15.6,Intel,3.0,FreeDos,3,0,Économique,DELL::Économique::c2
https://www.mytek.tn/pc-portable-dell-15-intel-core-3-100u-12go-512go-ssd-noir.html,1615.0,PC Portable DELL 15 Intel Core 3 100U 12Go 512Go SSD - Noir,DELL,12.0,512.0,15.6,Intel,3.0,FreeDos,3,0,Économique,DELL::Économique::c2
https://www.mytek.tn/pc-portable-dell-pro-15-essential-amd-ryzen-5-8g-512go-ssd-noir.html,1639.0,PC Portable DELL Pro 15 Essential AMD RYZEN 5 8G 512Go SSD - Noir,DELL,8.0,512.0,15.6,AMD,0.0,Windows 11 Pro,3,1,Milieu de gamme,DELL::Milieu de gamme::c0
https://www.mytek.tn/pc-portable-dell-pro-15-essential-intel-core-3-100u-16g-512go-ssd-noir.html,1659.0,PC Portable DELL Pro 15 Essential Intel Core 3 100U 16G 512Go SSD - Noir,DELL,16.0,512.0,15.6,Intel,3.0,Windows 11 Pro,3,0,Économique,DELL::Économique::c1
https://www.mytek.tn/pc-portable-dell-15-i5-13e-gen-8go-512go-ssd-noir.html,1699.0,PC Portable DELL 15 i5 13è Gén 8Go 512Go SSD - Noir,DELL,8.0,512.0,15.6,Intel,5.0,FreeDos,3,0,Économique,DELL::Économique::c0
https://www.mytek.tn/pc-portable-dell-15-intel-core-3-100u-16go-512go-ssd-silver.html,1729.0,PC Portable DELL 15 Intel Core 3 100U 16Go 512Go SSD - Noir,DELL,16.0,512.0,15.6,Intel,3.0,FreeDos,3,0,Économique,DELL::Économique::c2
https://www.mytek.tn/pc-portable-dell-vostro-3530-i5-13e-gen-16g-512go-ssd-noir.html,1735.0,Pc Portable DELL Vostro 3530 i5 13è Gén 16G 512Go SSD - Noir,DELL,16.0,512.0,15.6,Intel,5.0,FreeDos,3,0,Économique,DELL::Économique::c0
https://www.mytek.tn/pc-portable-dell-pro-15-essential-i5-13e-gen-8go-512go-ssd-noir.html,1745.0,PC Portable DELL Pro 15 Essential i5 13è Gén 8Go 512Go SSD - Noir,DELL,8.0,512.0,15.6,Intel,5.0,FreeDos,3,0,Économique,DELL::Économique::c0
https://www.mytek.tn/pc-portable-dell-15-i5-13e-gen-8g-512go-ssd-noir.html,1749.0,PC Portable DELL 15 i5 13è Gén 8G 512Go SSD - Noir,DELL,8.0,512.0,15.6,Intel,5.0,Windows 11 Pro,3,0,Économique,DELL::Économique::c1
https://www.mytek.tn/pc-portable-dell-15-intel-core-3-100u-16g-512go-ssd-silver.html,1779.0,PC Portable DELL 15 Intel Core 3 100U 16G 512Go SSD - Noir,DELL,16.0,512.0,15.6,Intel,3.0,Windows 11 Pro,3,0,Économique,DELL::Économique::c1
https://www.mytek.tn/pc-portable-dell-pro-15-essential-i5-13e-gen-8g-512go-ssd-noir.html,1799.0,PC Portable DELL Pro 15 Essential i5 13è Gén 8G 512Go SSD - Noir,DELL,8.0,512.0,15.6,Intel,5.0,Windows 11 Pro,3,0,Économique,DELL::Économique::c1
https://www.mytek.tn/pc-portable-dell-15-i5-13e-gen-12go-512go-ssd-noir.html,1819.0,PC Portable DELL 15 i5 13è Gén 12Go 512Go SSD - Noir,DELL,12.0,512.0,15.6,Intel,5.0,FreeDos,3,0,Économique,DELL::Économique::c0
https://www.mytek.tn/pc-portable-dell-16-intel-core-5-120u-8go-512go-ssd-noir.html,1849.0,PC Portable DELL 16 Intel Core 5 120U 8Go 512Go SSD - Noir,DELL,8.0,512.0,16.0,Intel,5.0,FreeDos,3,0,Économique,DELL::Économique::c0
https://www.mytek.tn/pc-portable-dell-pro-15-essential-i5-13e-gen-16go-512go-ssd-noir.html,1899.0,PC Portable DELL Pro 15 Essential i5 13è Gén 16Go 512Go SSD - Noir,DELL,16.0,512.0,15.6,Intel,5.0,FreeDos,3,0,Économique,DELL::Économique::c0
https://www.mytek.tn/pc-portable-dell-16-intel-core-5-120u-8g-512go-ssd-noir.html,1899.0,PC Portable DELL 16 Intel Core 5 120U 8G 512Go SSD - Noir,DELL,8.0,512.0,16.0,Intel,5.0,Windows 11 Pro,3,0,,
https://www.mytek.tn/pc-portable-dell-15-i5-13e-gen-16go-512go-ssd-noir.html,1929.0,PC Portable DELL 15 i5 13è Gén 16Go 512Go SSD - Noir,DELL,16.0,512.0,15.6,Intel,5.0,FreeDos,3,0,Économique,DELL::Économique::c0
https://www.mytek.tn/pc-portable-dell-pro-15-essential-i5-13e-gen-16g-512go-ssd-noir.html,1949.0,PC Portable DELL Pro 15 Essential i5 13è Gén 16G 512Go SSD - Noir,DELL,16.0,512.0,15.6,Intel,5.0,Windows 11 Pro,3,0,Économique,DELL::Économique::c1
https://www.mytek.tn/pc-portable-dell-15-intel-core-3-100u-24go-512go-ssd-silver.html,1959.0,PC Portable DELL 15 Intel Core 3 100U 24Go 512Go SSD - Noir,DELL,24.0,512.0,15.6,Intel,3.0,FreeDos,3,0,Économique,DELL::Économique::c2
https://www.mytek.tn/pc-portable-dell-15-i5-13e-gen-16g-512go-ssd-noir.html,1979.0,PC Portable DELL 15 i5 13è Gén 16G 512Go SSD - Noir,DELL,16.0,512.0,15.6,Intel,5.0,Windows 11 Pro,3,0,Économique,DELL::Économique::c1
https://www.mytek.tn/pc-portable-dell-15-intel-core-3-100u-24go-512-ssd-noir.html,2009.0,PC Portable DELL 15 Intel Core 3 100U 24Go 512 SSD - Noir,DELL,24.0,512.0,15.6,Intel,3.0,Windows 11 Pro,3,0,Milieu de gamme,DELL::Milieu de gamme::c1
https://www.mytek.tn/pc-portable-dell-pro-15-essential-i7-13e-gen-8go-512go-ssd-noir.html,2015.0,PC Portable DELL Pro 15 Essential i7 13è Gén 8Go 512Go SSD - Noir,DELL,8.0,512.0,15.6,Intel,7.0,FreeDos,3,0,Milieu de gamme,DELL::Milieu de gamme::c1
https://www.mytek.tn/pc-portable-dell-pro-15-essential-i7-13e-gen-8g-512go-ssd-noir.html,2065.0,PC Portable DELL Pro 15 Essential i7 13è Gén 8G 512Go SSD - Noir,DELL,8.0,512.0,15.6,Intel,7.0,Windows 11 Pro,3,0,Milieu de gamme,DELL::Milieu de gamme::c1
https://www.mytek.tn/pc-portable-dell-pro-16-intel-core-5-120u-8go-512go-ssd-silver.html,2099.0,PC Portable DELL Pro 16 Intel Core 5 120U 8Go 512Go SSD - Gris,DELL,8.0,512.0,16.0,Intel,5.0,FreeDos,3,0,Milieu de gamme,DELL::Milieu de gamme::c1
https://www.mytek.tn/pc-portable-dell-15-i5-13e-gen-24go-512go-ssd-noir.html,2159.0,PC Portable DELL 15 i5 13è Gén 24Go 512Go SSD - Noir,DELL,24.0,512.0,15.6,Intel,5.0,FreeDos,3,0,Milieu de gamme,DELL::Milieu de gamme::c1
https://www.mytek.tn/pc-portable-dell-15-i5-13e-gen-24g-512go-ssd-noir.html,2209.0,PC Portable DELL 15 i5 13è Gén 24G 512Go SSD - Noir,DELL,24.0,512.0,15.6,Intel,5.0,Windows 11 Pro,3,0,Milieu de gamme,DELL::Milieu de gamme::c1
https://www.mytek.tn/pc-portable-dell-16-intel-core-5-120u-16go-512go-ssd-noir.html,2259.0,PC Portable DELL 16 Intel Core 5 120U 16Go 512Go SSD - Noir,DELL,16.0,512.0,16.0,Intel,5.0,FreeDos,3,0,Milieu de gamme,DELL::Milieu de gamme::c1
https://www.mytek.tn/pc-portable-dell-16-intel-core-5-120u-16g-512go-ssd-noir.html,2309.0,PC Portable DELL 16 Intel Core 5 120U 16G 512Go SSD - Noir,DELL,16.0,512.0,16.0,Intel,5.0,Windows 11 Pro,3,0,Milieu de gamme,DELL::Milieu de gamme::c1
https://www.mytek.tn/pc-portable-dell-15-i5-13e-gen-32go-512go-ssd-noir.html,2389.0,PC Portable DELL 15 i5 13è Gén 32Go 512Go SSD - Noir,DELL,32.0,512.0,15.6,Intel,5.0,FreeDos,3,0,Milieu de gamme,DELL::Milieu de gamme::c1
https://www.mytek.tn/pc-portable-dell-pro-16-amd-ryzen-5-16go-512go-ssd-gris.html,2395.0,PC Portable DELL Pro 16 AMD RYZEN 5 16Go 512Go SSD - Gris,DELL,16.0,512.0,16.0,AMD,0.0,FreeDos,3,1,Milieu de gamme,DELL::Milieu de gamme::c0
https://www.mytek.tn/pc-portable-dell-vostro-3530-i3-13e-gen-32go-512go-ssd-noir.html,2419.0,Pc Portable DELL Vostro 3530 i3 13è Gén 32Go 512Go SSD - Noir,DELL,32.0,512.0,15.6,Intel,3.0,FreeDos,3,0,Milieu de gamme,DELL::Milieu de gamme::c1
https://www.mytek.tn/pc-portable-dell-15-i5-13e-gen-32g-512go-ssd-noir.html,2439.0,PC Portable DELL 15 i5 13è Gén 32G 512Go SSD - Noir,DELL,32.0,512.0,15.6,Intel,5.0,Windows 11 Pro,3,0,Milieu de gamme,DELL::Milieu de gamme::c1
https://www.mytek.tn/pc-portable-dell-15-i7-13e-gen-16go-512go-ssd-noir.html,2499.0,PC Portable DELL 15 i7 13è Gén 16Go 512Go SSD - Noir,DELL,16.0,512.0,15.6,Intel,7.0,FreeDos,3,0,Milieu de gamme,DELL::Milieu de gamme::c1
https://www.mytek.tn/pc-portable-dell-pro-15-essential-i5-13e-gen-24go-512go-ssd-noir.html,2549.0,PC Portable DELL Pro 15 Essential i5 13è Gén 24Go 512Go SSD - Noir,DELL,24.0,512.0,15.6,Intel,5.0,FreeDos,3,0,Milieu de gamme,DELL::Milieu de gamme::c1
https://www.mytek.tn/pc-portable-dell-15-i7-13e-gen-16g-512go-ssd-noir.html,2549.0,PC Portable DELL 15 i7 13è Gén 16G 512Go SSD - Noir,DELL,16.0,512.0,15.6,Intel,7.0,Windows 11 Pro,3,0,Milieu de gamme,DELL::Milieu de gamme::c1
https://www.mytek.tn/pc-portable-dell-pro-15-essential-i5-13e-gen-24g-512go-ssd-noir.html,2599.0,PC Portable DELL Pro 15 Essential i5 13è Gén 24G 512Go SSD - Noir,DELL,24.0,512.0,15.6,Intel,5.0,Windows 11 Pro,3,0,Milieu de gamme,DELL::Milieu de gamme::c1
https://www.mytek.tn/pc-portable-dell-pro-16-ultra-5-225u-16go-512go-ssd-silver.html,2619.0,PC Portable DELL Pro 16 Ultra 5 225U 16Go 512Go SSD - Silver,DELL,16.0,512.0,16.0,Intel,0.0,FreeDos,3,0,Milieu de gamme,DELL::Milieu de gamme::c0
https://www.mytek.tn/pc-portable-dell-16-intel-core-5-120u-24go-512go-ssd-noir.html,2659.0,PC Portable DELL 16 Intel Core 5 120U 24Go 512Go SSD - Noir,DELL,24.0,512.0,16.0,Intel,5.0,FreeDos,3,0,Milieu de gamme,DELL::Milieu de gamme::c1
https://www.mytek.tn/pc-portable-dell-16-intel-core-5-120u-24g-512go-ssd-noir.html,2709.0,PC Portable DELL 16 Intel Core 5 120U 24G 512Go SSD - Noir,DELL,24.0,512.0,16.0,Intel,5.0,Windows 11 Pro,3,0,,
https://www.mytek.tn/pc-portable-dell-pro-16-amd-ryzen-5-32go-512go-ssd-gris.html,2745.0,PC Portable DELL Pro 16 AMD RYZEN 5 32Go 512Go SSD - Gris,DELL,32.0,512.0,16.0,AMD,0.0,FreeDos,3,1,Milieu de gamme,DELL::Milieu de gamme::c0
https://www.mytek.tn/pc-portable-dell-pro-15-essential-i7-13e-gen-16go-512go-ssd-noir.html,2915.0,PC Portable DELL Pro 15 Essential i7 13è Gén 16Go 512Go SSD - Noir,DELL,16.0,512.0,15.6,Intel,7.0,FreeDos,3,0,Milieu de gamme,DELL::Milieu de gamme::c1
https://www.mytek.tn/pc-portable-dell-pro-15-essential-i7-13e-gen-16g-512go-ssd-noir.html,2915.0,PC Portable DELL Pro 15 Essential i7 13è Gén 16G 512Go SSD - Noir,DELL,16.0,512.0,15.6,Intel,7.0,FreeDos,3,0,Milieu de gamme,DELL::Milieu de gamme::c1
https://www.mytek.tn/pc-portable-dell-15-i7-13e-gen-32go-512go-ssd-noir.html,2955.0,PC Portable DELL 15 i7 13è Gén 32Go 512Go SSD - Noir,DELL,32.0,512.0,15.6,Intel,7.0,FreeDos,3,0,Premium,DELL::Premium::c1
https://www.mytek.tn/pc-portable-dell-pro-15-essential-i7-13e-gen-16g-512g-ssd-noir.html,2965.0,PC Portable DELL Pro 15 Essential i7 13è Gén 16G 512G SSD - Noir,DELL,16.0,512.0,15.6,Intel,7.0,Windows 11 Pro,3,0,Premium,DELL::Premium::c1
https://www.mytek.tn/pc-portable-dell-pro-15-essential-i7-13e-gen-16go-512g-ssd-noir.html,2965.0,PC Portable DELL Pro 15 Essential i7 13è Gén 16Go 512G SSD - Noir,DELL,16.0,512.0,15.6,Intel,7.0,Windows 11 Pro,3,0,Premium,DELL::Premium::c1
https://www.mytek.tn/pc-portable-dell-pro-16-ultra-7-255u-8go-512go-ssd-silver.html,2989.0,PC Portable DELL Pro 16 Ultra 7 255U 8Go 512Go SSD - Silver,DELL,8.0,512.0,16.0,Intel,0.0,FreeDos,3,0,Premium,DELL::Premium::c0
https://www.mytek.tn/pc-portable-dell-15-i7-13e-gen-32g-512go-ssd-noir.html,3005.0,PC Portable DELL 15 i7 13è Gén 32G 512Go SSD - Noir,DELL,32.0,512.0,15.6,Intel,7.0,Windows 11 Pro,3,0,Premium,DELL::Premium::c1
https://www.mytek.tn/pc-portable-dell-pro-14-ultra-7-255u-8go-512go-ssd-silver.html,3039.0,PC Portable DELL Pro 14 Ultra 7 255U 8Go 512Go SSD - Silver,DELL,8.0,512.0,14.0,Intel,0.0,FreeDos,3,0,Premium,DELL::Premium::c0
https://www.mytek.tn/pc-portable-dell-pro-16-ultra-7-255u-8g-512go-ssd-silver.html,3039.0,PC Portable DELL Pro 16 Ultra 7 255U 8G 512Go SSD - Silver,DELL,8.0,512.0,16.0,Intel,0.0,Windows 11 Pro,3,0,,
https://www.mytek.tn/pc-portable-dell-pro-16-plus-ultra-5-235u-8go-512go-ssd-gris.html,3049.0,PC Portable DELL Pro 16 Plus Ultra 5 235U 8Go 512Go SSD - Gris,DELL,8.0,512.0,16.0,Intel,0.0,FreeDos,3,0,Premium,DELL::Premium::c0
https://www.mytek.tn/pc-portable-dell-pro-14-plus-ultra-5-235u-8go-512go-ssd.html,3059.0,PC Portable DELL Pro 14 Plus Ultra 5 235U 8Go 512Go SSD,DELL,8.0,512.0,14.0,Intel,0.0,FreeDos,3,0,Premium,DELL::Premium::c0
https://www.mytek.tn/pc-portable-dell-pro-14-plus-ultra-5-235u-8g-512go-ssd.html,3109.0,PC Portable DELL Pro 14 Plus Ultra 5 235U 8G 512Go SSD,DELL,8.0,512.0,14.0,Intel,0.0,Windows 11 Pro,3,0,Premium,DELL::Premium::c0
https://www.mytek.tn/pc-portable-dell-pro-16-ultra-7-255u-16go-512go-ssd-silver.html,3395.0,PC Portable DELL Pro 16 Ultra 7 255U 16Go 512Go SSD - Silver,DELL,16.0,512.0,16.0,Intel,0.0,FreeDos,3,0,Premium,DELL::Premium::c0
https://www.mytek.tn/pc-portable-dell-pro-16-plus-ultra-5-235u-16go-512go-ssd-gris.html,3499.0,PC Portable DELL Pro 16 Plus Ultra 5 235U 16Go 512Go SSD - Gris,DELL,16.0,512.0,16.0,Intel,0.0,FreeDos,3,0,Premium,DELL::Premium::c0
https://www.mytek.tn/pc-portable-dell-pro-14-plus-ultra-7-255u-8go-512go-ssd.html,3589.0,PC Portable DELL Pro 14 Plus Ultra 7 255U 8Go 512Go SSD,DELL,8.0,512.0,14.0,Intel,0.0,FreeDos,3,0,Premium,DELL::Premium::c0
https://www.mytek.tn/pc-portable-dell-pro-14-plus-ultra-7-255u-8g-512go-ssd.html,3639.0,PC Portable DELL Pro 14 Plus Ultra 7 255U 8G 512Go SSD,DELL,8.0,512.0,14.0,Intel,0.0,Windows 11 Pro,3,0,Premium,DELL::Premium::c0
https://www.mytek.tn/pc-portable-dell-pro-16-plus-ultra-5-235u-24go-512go-ssd-gris.html,3899.0,PC Portable DELL Pro 16 Plus Ultra 5 235U 24Go 512Go SSD - Gris,DELL,24.0,512.0,16.0,Intel,0.0,FreeDos,3,0,Premium,DELL::Premium::c0
https://www.mytek.tn/pc-portable-dell-14-plus-2-en-1-ultra-5-226v-16go-512go-ssd-bleu.html,4099.0,PC Portable DELL 14 Plus 2-en-1 Ultra 5 226V 16Go 512Go SSD - Bleu,DELL,16.0,512.0,14.0,Intel,0.0,Windows 11 Famille,3,0,Premium,DELL::Premium::c0
https://www.mytek.tn/pc-portable-dell-pro-16-plus-ultra-7-266v-16go-512go-ssd-gris.html,4299.0,PC Portable DELL Pro 16 Plus Ultra 7 266V 16Go 512Go SSD - Gris,DELL,16.0,512.0,16.0,Intel,0.0,FreeDos,3,0,Premium,DELL::Premium::c0
https://www.mytek.tn/pc-portable-dell-pro-16-plus-ultra-5-235u-32go-512go-ssd-gris.html,4299.0,PC Portable DELL Pro 16 Plus Ultra 5 235U 32Go 512Go SSD - Gris,DELL,32.0,512.0,16.0,Intel,0.0,FreeDos,3,0,Premium,DELL::Premium::c0
https://www.mytek.tn/pc-portable-gamer-dell-alienware-16-aurora-intel-core-5-210h-16go-rtx-3050.html,4309.0,PC Portable Gamer DELL Alienware 16 Aurora Intel Core 5 210H 16Go RTX 3050,DELL,16.0,512.0,16.0,Intel,5.0,FreeDos,3,0,Premium,DELL::Premium::c1
https://www.mytek.tn/pc-portable-dell-14-plus-2-en-1-ultra-7-256v-16go-1to-ssd-bleu.html,4699.0,PC Portable DELL 14 Plus 2-en-1 Ultra 7 256V 16Go 1To SSD - Bleu,DELL,16.0,1024.0,14.0,Intel,0.0,Windows 11 Famille,3,0,Premium,DELL::Premium::c0
https://www.mytek.tn/pc-portable-gamer-dell-alienware-16-aurora-intel-core-7-240h-16go-rtx-4050.html,5139.0,PC Portable Gamer DELL Alienware 16 Aurora Intel Core 7 240H 16Go RTX 4050,DELL,16.0,1024.0,16.0,Intel,7.0,FreeDos,3,0,Premium,DELL::Premium::c1
https://www.mytek.tn/pc-portable-gamer-dell-alienware-16-aurora-intel-core-7-240h-32go-rtx-4050.html,5955.0,PC Portable Gamer DELL Alienware 16 Aurora Intel Core 7 240H 32Go RTX 4050,DELL,32.0,1024.0,16.0,Intel,7.0,FreeDos,3,0,Premium,DELL::Premium::c1
https://www.mytek.tn/pc-portable-dell-14-plus-2-en-1-ultra-9-288v-32go-1to-ssd-bleu.html,6089.0,PC Portable DELL 14 Plus 2-en-1 Ultra 9 288V 32Go 1To SSD - Bleu,DELL,32.0,1024.0,14.0,Intel,0.0,Windows 11 Famille,3,0,Premium,DELL::Premium::c0
https://www.mytek.tn/pc-portable-gamer-dell-alienware-16x-aurora-ultra-7-255hx-32go-rtx-5060.html,6199.0,PC Portable Gamer DELL Alienware 16X Aurora Ultra 7 255HX 32Go RTX 5060,DELL,32.0,1024.0,16.0,Intel,0.0,Windows 11 Famille,3,0,Premium,DELL::Premium::c0
https://www.mytek.tn/pc-portable-gamer-dell-alienware-16-aurora-intel-core-9-270h-32go-rtx-5070.html,6819.0,PC Portable Gamer DELL Alienware 16 Aurora Intel Core 9 270H 32Go RTX 5070,DELL,32.0,1024.0,16.0,Intel,9.0,FreeDos,3,0,Premium,DELL::Premium::c1
https://www.mytek.tn/pc-portable-gamer-gigabyte-g6-kf-i7-13e-gen-16g-rtx4060.html,3799.0,PC Portable Gamer GIGABYTE G6 KF i7 13è Gén 16G RTX4060,GIGABYTE,16.0,1024.0,16.0,Intel,7.0,FreeDos,3,0,Économique,GIGABYTE::Économique::c0
https://www.mytek.tn/pc-portable-gamer-gigabyte-g6-kf-i7-13e-gen-16go-rtx4060.html,3849.0,PC Portable Gamer GIGABYTE G6 KF i7 13è Gén 16Go RTX4060,GIGABYTE,16.0,1024.0,16.0,Intel,7.0,Windows 11 Pro,3,0,Économique,GIGABYTE::Économique::c0
https://www.mytek.tn/pc-portable-gamer-gigabyte-g6-kf-i7-13e-gen-24g-rtx-4060.html,4199.0,PC Portable Gamer GIGABYTE G6 KF i7 13è Gén 24G RTX 4060,GIGABYTE,24.0,1024.0,16.0,Intel,7.0,FreeDos,3,0,Économique,GIGABYTE::Économique::c0
https://www.mytek.tn/pc-portable-gamer-gigabyte-a16-5th-amd-ryzen-7-16go-rtx-5050.html,4239.0,PC Portable Gamer GIGABYTE A16 5TH AMD Ryzen 7 16Go RTX 5050,GIGABYTE,16.0,512.0,16.0,AMD,0.0,FreeDos,3,1,Économique,GIGABYTE::Économique::c0
https://www.mytek.tn/pc-portable-gamer-gigabyte-g6-kf-i7-13e-gen-24g-rtx4060.html,4249.0,PC Portable Gamer GIGABYTE G6 KF i7 13è Gén 24G RTX4060,GIGABYTE,24.0,1024.0,16.0,Intel,7.0,Windows 11 Pro,3,0,Économique,GIGABYTE::Économique::c0
https://www.mytek.tn/pc-portable-gamer-gigabyte-g6-kf-i7-13e-gen-32g-rtx-4060.html,4519.0,PC Portable Gamer GIGABYTE G6 KF i7 13è Gén 32G RTX 4060,GIGABYTE,32.0,1024.0,16.0,Intel,7.0,FreeDos,3,0,Économique,GIGABYTE::Économique::c0
https://www.mytek.tn/pc-portable-gamer-gigabyte-g6-kf-i7-13e-gen-32g-rtx4060.html,4569.0,PC Portable Gamer GIGABYTE G6 KF i7 13è Gén 32G RTX4060,GIGABYTE,32.0,1024.0,16.0,Intel,7.0,Windows 11 Pro,3,0,Économique,GIGABYTE::Économique::c0
https://www.mytek.tn/pc-portable-gamer-gigabyte-a16-cvh-i7-13e-gen-16go-rtx-5060.html,4699.0,PC Portable Gamer GIGABYTE A16 CVH i7 13è Gén 16Go RTX 5060,GIGABYTE,16.0,1024.0,16.0,Intel,7.0,FreeDos,3,0,Milieu de gamme,GIGABYTE::Milieu de gamme::c0
https://www.mytek.tn/pc-portable-gamer-gigabyte-a16-3vh-amd-ryzen-7-16go-rtx-5060.html,4699.0,PC Portable Gamer GIGABYTE A16 3VH AMD RYZEN 7 16Go RTX 5060,GIGABYTE,16.0,1024.0,16.0,AMD,0.0,FreeDos,3,1,Milieu de gamme,GIGABYTE::Milieu de gamme::c0
https://www.mytek.tn/pc-portable-gamer-gigabyte-a16-3vh-amd-ryzen-7-24go-rtx-5060.html,5075.0,PC Portable Gamer GIGABYTE A16 3VH AMD RYZEN 7 24Go RTX 5060,GIGABYTE,24.0,1024.0,16.0,AMD,0.0,FreeDos,3,1,Milieu de gamme,GIGABYTE::Milieu de gamme::c0
https://www.mytek.tn/pc-portable-gamer-gigabyte-a16-cvh-i7-13e-gen-24go-rtx-5060.html,5075.0,PC Portable Gamer GIGABYTE A16 CVH i7 13è Gén 24Go RTX 5060,GIGABYTE,24.0,1024.0,16.0,Intel,7.0,FreeDos,3,0,Milieu de gamme,GIGABYTE::Milieu de gamme::c0
https://www.mytek.tn/pc-portable-gamer-gigabyte-a16-3vh-amd-ryzen-7-32go-rtx-5060.html,5479.0,PC Portable Gamer GIGABYTE A16 3VH AMD RYZEN 7 32Go RTX 5060,GIGABYTE,32.0,1024.0,16.0,AMD,0.0,FreeDos,3,1,Milieu de gamme,GIGABYTE::Milieu de gamme::c0
https://www.mytek.tn/pc-portable-gamer-gigabyte-a16-cvh-i7-13e-gen-32go-rtx-5060.html,5479.0,PC Portable Gamer GIGABYTE A16 CVH i7 13è Gén 32Go RTX 5060,GIGABYTE,32.0,1024.0,16.0,Intel,7.0,FreeDos,3,0,Milieu de gamme,GIGABYTE::Milieu de gamme::c0
https://www.mytek.tn/pc-portable-gamer-gigabyte-a16-cwh-i7-13e-gen-16g-rtx-5070.html,5489.0,PC Portable Gamer GIGABYTE A16 CWH i7 13è Gén 16G RTX 5070,GIGABYTE,16.0,1024.0,16.0,Intel,7.0,Windows 11 Famille,3,0,Milieu de gamme,GIGABYTE::Milieu de gamme::c0
https://www.mytek.tn/pc-portable-gamer-gigabyte-aero-x16-1wh-amd-ryzen-ai-7-350-16g-rtx5070.html,5879.0,PC Portable Gamer GIGABYTE AERO X16 1WH AMD Ryzen AI 7 350 16G RTX5070,GIGABYTE,16.0,1024.0,16.0,AMD,0.0,Windows 11 Famille,3,1,Premium,GIGABYTE::Premium::c0
https://www.mytek.tn/pc-portable-gamer-gigabyte-aero-x16-2wh-amd-ryzen-ai-9-hx-370-32g-rtx5070.html,6759.0,PC Portable Gamer GIGABYTE AERO X16 2WH AMD Ryzen AI 9 HX 370 32G RTX5070,GIGABYTE,32.0,1024.0,16.0,AMD,0.0,Windows 11 Famille,3,1,Premium,GIGABYTE::Premium::c0
https://www.mytek.tn/pc-portable-gamer-gigabyte-aero-x16-2wh-amd-ryzen-ai-9-hx-370-32go-rtx5070.html,7059.0,PC Portable Gamer GIGABYTE AERO X16 2WH AMD Ryzen AI 9 HX 370 32Go RTX5070,GIGABYTE,32.0,2048.0,16.0,AMD,0.0,Windows 11 Famille,3,1,Premium,GIGABYTE::Premium::c0
https://www.mytek.tn/pc-portable-gamer-gigabyte-aero-x16-2wh-amd-ryzen-ai-9-hx-370-32g-rtx-5070.html,7059.0,PC Portable Gamer GIGABYTE AERO X16 2WH AMD Ryzen AI 9 HX 370 32G RTX 5070,GIGABYTE,32.0,2048.0,16.0,AMD,0.0,Windows 11 Famille,3,1,Premium,GIGABYTE::Premium::c0
https://www.mytek.tn/pc-portable-gamer-gigabyte-a16-pro-dyh-intel-core-7-240h-32go-rtx-5080.html,8479.0,PC Portable Gamer GIGABYTE A16 PRO DYH Intel Core 7 240H 32Go RTX 5080,GIGABYTE,32.0,1024.0,16.0,Intel,7.0,FreeDos,3,0,Premium,GIGABYTE::Premium::c0
https://www.mytek.tn/pc-portable-gamer-gigabyte-aorus-master-16-ultra-9-275hx-32go-rtx-5080.html,11339.0,PC Portable Gamer GIGABYTE AORUS MASTER 16 Ultra 9 275HX 32Go RTX 5080,GIGABYTE,32.0,1024.0,16.0,Intel,0.0,Windows 11 Pro,3,0,Premium,GIGABYTE::Premium::c0
https://www.mytek.tn/pc-portable-gamer-gigabyte-aorus-master-16-ultra-9-275hx-32go-rtx-5090.html,16129.0,PC Portable Gamer GIGABYTE AORUS MASTER 16 Ultra 9 275HX 32Go RTX 5090,GIGABYTE,32.0,2048.0,16.0,Intel,0.0,Windows 11 Pro,3,0,Premium,GIGABYTE::Premium::c0
https://www.mytek.tn/pc-portable-hp-15-fd0420nk-intel-n100-8go-512go-ssd-gris.html,1359.0,PC Portable HP 15-fd0420nk Intel N100 8Go 512Go SSD - Gris,HP,8.0,512.0,15.6,Intel,0.0,FreeDos,3,0,,
https://www.mytek.tn/pc-portable-hp-15-fd0417nk-intel-n100-8go-512go-ssd-gris.html,1399.0,PC Portable HP 15-fd0417nk Intel N100 8Go 512Go SSD - Gris,HP,8.0,512.0,15.6,Intel,0.0,Windows 11 Famille,3,0,,
https://www.mytek.tn/pc-portable-hp-15-fc0180nk-amd-ryzen-3-8go-512go-ssd-silver.html,1599.0,PC Portable HP 15-fc0180nk AMD RYZEN 3 8Go 512Go SSD - Silver,HP,8.0,512.0,15.6,AMD,0.0,FreeDos,3,1,Économique,HP::Économique::c0
https://www.mytek.tn/pc-portable-hp-15-fd0401nk-i3-13e-gen-8go-256go-ssd-gris.html,1669.0,PC Portable HP 15-fd0401nk i3 13è Gén 8Go 256Go SSD - Gris,HP,8.0,256.0,15.6,Intel,3.0,FreeDos,3,0,,
https://www.mytek.tn/pc-portable-hp-15-fd0402nk-i3-13e-gen-8go-256go-ssd-noir.html,1669.0,PC Portable HP 15-fd0402nk i3 13è Gén 8Go 256Go SSD - Noir,HP,8.0,256.0,15.6,Intel,3.0,FreeDos,3,0,,
https://www.mytek.tn/pc-portable-hp-15-fd0399nk-i3-13e-gen-8go-256go-ssd-silver-or-chaud.html,1669.0,PC Portable HP 15-fd0399nk i3 13è Gén 8Go 256Go SSD - Silver & Or Chaud,HP,8.0,256.0,15.6,Intel,3.0,FreeDos,3,0,,
https://www.mytek.tn/pc-portable-hp-15-fd0438nk-i3-13e-gen-8go-512go-ssd-noir.html,1679.0,PC Portable HP 15-fd0438nk i3 13è Gén 8Go 512Go SSD - Noir,HP,8.0,512.0,15.6,Intel,3.0,FreeDos,3,0,Économique,HP::Économique::c1
https://www.mytek.tn/pc-portable-hp-15-fc0092nk-amd-ryzen-5-8go-512go-ssd-silver-blanc.html,1709.0,PC Portable HP 15-fc0092nk AMD RYZEN 5 8Go 512Go SSD - Silver & Blanc,HP,8.0,512.0,15.6,AMD,0.0,Windows 11 Famille,3,1,Économique,HP::Économique::c0
https://www.mytek.tn/pc-portable-hp-15-fc0092nk-amd-ryzen-5-8g-512go-ssd-silver-blanc.html,1715.0,PC Portable HP 15-fc0092nk AMD RYZEN 5 8G 512Go SSD - Silver & Blanc,HP,8.0,512.0,15.6,AMD,0.0,Windows 11 Famille,3,1,Économique,HP::Économique::c0
https://www.mytek.tn/pc-portable-hp-15-fc0090nk-amd-ryzen-5-8go-512go-ssd-silver-or-chaud.html,1715.0,PC Portable HP 15-fc0090nk AMD RYZEN 5 8Go 512Go SSD - Silver & Or Chaud,HP,8.0,512.0,15.6,AMD,0.0,Windows 11 Famille,3,1,Économique,HP::Économique::c0
https://www.mytek.tn/pc-portable-hp-15-fc0091nk-amd-ryzen-5-8go-512go-ssd-silver-bleu.html,1715.0,PC Portable HP 15-fc0091nk AMD RYZEN 5 8Go 512Go SSD - Silver & Bleu,HP,8.0,512.0,15.6,AMD,0.0,Windows 11 Famille,3,1,Économique,HP::Économique::c0
https://www.mytek.tn/pc-portable-hp-15-fc0127nk-amd-ryzen-5-8go-512go-ssd-silver.html,1715.0,PC Portable HP 15-fc0127nk AMD RYZEN 5 8Go 512Go SSD - Silver,HP,8.0,512.0,15.6,AMD,0.0,Windows 11 Famille,3,1,Économique,HP::Économique::c0
https://www.mytek.tn/pc-portable-hp-15-fc0127nk-amd-ryzen-5-8g-512go-ssd-silver.html,1715.0,PC Portable HP 15-fc0127nk AMD RYZEN 5 8G 512Go SSD - Silver,HP,8.0,512.0,15.6,AMD,0.0,Windows 11 Famille,3,1,Économique,HP::Économique::c0
https://www.mytek.tn/pc-portable-hp-15-fc0090nk-amd-ryzen-5-8g-512go-ssd-silver-or-chaud.html,1715.0,PC Portable HP 15-fc0090nk AMD RYZEN 5 8G 512Go SSD - Silver & Or Chaud,HP,8.0,512.0,15.6,AMD,0.0,Windows 11 Famille,3,1,Économique,HP::Économique::c0
https://www.mytek.tn/pc-portable-hp-15-fc0091nk-amd-ryzen-5-8g-512go-ssd-silver-bleu.html,1715.0,PC Portable HP 15-fc0091nk AMD RYZEN 5 8G 512Go SSD - Silver & Bleu,HP,8.0,512.0,15.6,AMD,0.0,Windows 11 Famille,3,1,Économique,HP::Économique::c0
https://www.mytek.tn/pc-portable-hp-15-fd0438nk-i3-13e-gen-8g-512go-ssd-noir.html,1729.0,PC Portable HP 15-fd0438nk i3 13è Gén 8G 512Go SSD - Noir,HP,8.0,512.0,15.6,Intel,3.0,Windows 11 Pro,3,0,Économique,HP::Économique::c1
https://www.mytek.tn/pc-portable-hp-15-fd0580nk-i3-13e-gen-8go-512go-ssd-silver.html,1739.0,PC Portable HP 15-fd0580nk i3 13è Gén 8Go 512Go SSD - Silver,HP,8.0,512.0,15.6,Intel,3.0,FreeDos,3,0,,
https://www.mytek.tn/pc-portable-hp-15-fd0438nk-i3-13e-gen-16go-512go-ssd-noir.html,1829.0,PC Portable HP 15-fd0438nk i3 13è Gén 16Go 512Go SSD - Noir,HP,16.0,512.0,15.6,Intel,3.0,FreeDos,3,0,Économique,HP::Économique::c1
https://www.mytek.tn/pc-portable-hp-15-fd0391nk-i5-13e-gen-8go-512go-ssd-noir.html,1879.0,PC Portable HP 15-fd0391nk i5 13è Gén 8Go 512Go SSD - Noir,HP,8.0,512.0,15.6,Intel,5.0,FreeDos,3,0,,
https://www.mytek.tn/pc-portable-hp-15-fd0390nk-i5-13e-gen-8go-512go-ssd-silver-bleu.html,1879.0,PC Portable HP 15-fd0390nk i5 13è Gén 8Go 512Go SSD - Silver & Bleu,HP,8.0,512.0,15.6,Intel,5.0,FreeDos,3,0,,
https://www.mytek.tn/pc-portable-hp-15-fd0578nk-i5-13e-gen-8go-512go-ssd-silver.html,1879.0,PC Portable HP 15-fd0578nk i5 13è Gén 8Go 512Go SSD - Silver,HP,8.0,512.0,15.6,Intel,5.0,FreeDos,3,0,,
https://www.mytek.tn/pc-portable-hp-15-fd0438nk-i3-13e-gen-16g-512go-ssd-noir.html,1899.0,PC Portable HP 15-fd0438nk i3 13è Gén 16G 512Go SSD - Noir,HP,16.0,512.0,15.6,Intel,3.0,Windows 11 Pro,3,0,Économique,HP::Économique::c1
https://www.mytek.tn/pc-portable-hp-15-fc0181nk-amd-ryzen-5-8go-512go-ssd-silver.html,1899.0,PC Portable HP 15-fc0181nk AMD RYZEN 5 8Go 512Go SSD - Silver,HP,8.0,512.0,15.6,AMD,0.0,FreeDos,3,1,Économique,HP::Économique::c0
https://www.mytek.tn/pc-portable-hp-250r-g10-intel-core-3-100u-8go-512go-ssd.html,1945.0,PC Portable HP 250R G10 Intel Core 3 100U 8Go 512Go SSD,HP,8.0,512.0,15.6,Intel,3.0,FreeDos,3,0,Économique,HP::Économique::c1
https://www.mytek.tn/pc-portable-hp-15-fc0181nk-amd-ryzen-5-8g-512go-ssd-silver.html,1949.0,PC Portable HP 15-fc0181nk AMD RYZEN 5 8G 512Go SSD - Silver,HP,8.0,512.0,15.6,AMD,0.0,Windows 11 Pro,3,1,Économique,HP::Économique::c0
https://www.mytek.tn/pc-portable-hp-15-fd1073nk-intel-core-7-150u-8go-512go-ssd-silver.html,2065.0,PC Portable HP 15-fd1073nk Intel Core 7 150U 8Go 512Go SSD - Silver,HP,8.0,512.0,15.6,Intel,7.0,FreeDos,3,0,Économique,HP::Économique::c2
https://www.mytek.tn/pc-portable-hp-15-fd0438nk-i3-13e-gen-24go-512go-ssd-noir.html,2079.0,PC Portable HP 15-fd0438nk i3 13è Gén 24Go 512Go SSD - Noir,HP,24.0,512.0,15.6,Intel,3.0,FreeDos,3,0,Économique,HP::Économique::c1
https://www.mytek.tn/pc-portable-hp-15-fc0182nk-amd-ryzen-5-16go-512go-ssd-silver.html,2099.0,PC Portable HP 15-fc0182nk AMD RYZEN 5 16Go 512Go SSD - Silver,HP,16.0,512.0,15.6,AMD,0.0,FreeDos,3,1,Économique,HP::Économique::c0
https://www.mytek.tn/pc-portable-hp-15-fd1079nk-ultra-5-125h-16go-512go-ssd-noir.html,2199.0,PC Portable HP 15-fd1079nk Ultra 5 125H 16Go 512Go SSD - Noir,HP,16.0,512.0,15.6,Intel,0.0,FreeDos,3,0,Économique,HP::Économique::c2
https://www.mytek.tn/pc-portable-hp-15-fd1077nk-ultra-5-125h-16go-512go-ssd-silver-or-chaud.html,2199.0,PC Portable HP 15-fd1077nk Ultra 5 125H 16Go 512Go SSD - Silver & Or Chaud,HP,16.0,512.0,15.6,Intel,0.0,FreeDos,3,0,Économique,HP::Économique::c2
https://www.mytek.tn/pc-portable-hp-15-fd1079nk-ultra-5-125h-16g-512go-ssd-noir.html,2249.0,PC Portable HP 15-fd1079nk Ultra 5 125H 16G 512Go SSD - Noir,HP,16.0,512.0,15.6,Intel,0.0,Windows 11 Pro,3,0,Économique,HP::Économique::c2
https://www.mytek.tn/pc-portable-hp-15-fd1077nk-ultra-5-125h-16g-512go-ssd-silver-or-chaud.html,2249.0,PC Portable HP 15-fd1077nk Ultra 5 125H 16G 512Go SSD - Silver & Or Chaud,HP,16.0,512.0,15.6,Intel,0.0,Windows 11 Pro,3,0,Économique,HP::Économique::c2
https://www.mytek.tn/pc-portable-gamer-hp-victus-15-fa1006nk-i5-13e-gen-8go-rtx-2050.html,2259.0,PC Portable Gamer HP Victus 15-fa1006nk i5 13è Gén 8Go RTX 2050,HP,8.0,512.0,15.6,Intel,5.0,Windows 11 Famille,3,0,Économique,HP::Économique::c2
https://www.mytek.tn/pc-portable-hp-15-fd1073nk-intel-core-7-150u-16go-512go-ssd-silver.html,2295.0,PC Portable HP 15-fd1073nk Intel Core 7 150U 16Go 512Go SSD - Silver,HP,16.0,512.0,15.6,Intel,7.0,FreeDos,3,0,Économique,HP::Économique::c2
https://www.mytek.tn/pc-portable-hp-15-fd0669nk-intel-core-5-120u-16go-512go-ssd-silver.html,2299.0,PC Portable HP 15-fd0669nk Intel Core 5 120U 16Go 512Go SSD - Silver,HP,16.0,512.0,15.6,Intel,5.0,FreeDos,3,0,Économique,HP::Économique::c2
https://www.mytek.tn/pc-portable-hp-15-fd0544nk-i5-13e-gen-16go-512go-ssd-silver-bleu.html,2299.0,PC Portable HP 15-fd0544nk i5 13è Gén 16Go 512Go SSD - Silver & Bleu,HP,16.0,512.0,15.6,Intel,5.0,FreeDos,3,0,,
https://www.mytek.tn/pc-portable-hp-15-fd0545nk-i5-13e-gen-16go-512go-ssd-silver-blanc.html,2299.0,PC Portable HP 15-fd0545nk i5 13è Gén 16Go 512Go SSD - Silver & Blanc,HP,16.0,512.0,15.6,Intel,5.0,FreeDos,3,0,,
https://www.mytek.tn/pc-portable-hp-15-fd0546nk-i5-13e-gen-16go-512go-ssd-silver-or-chaud.html,2299.0,PC Portable HP 15-fd0546nk i5 13è Gén 16Go 512Go SSD - Silver & Or Chaud,HP,16.0,512.0,15.6,Intel,5.0,FreeDos,3,0,,
https://www.mytek.tn/pc-portable-hp-15-fd1073nk-intel-core-7-150u-16g-512go-ssd-silver.html,2345.0,PC Portable HP 15-fd1073nk Intel Core 7 150U 16G 512Go SSD - Silver,HP,16.0,512.0,15.6,Intel,7.0,Windows 11 Pro,3,0,Économique,HP::Économique::c2
https://www.mytek.tn/pc-portable-gamer-hp-victus-15-fb3008nk-amd-ryzen-5-8go-rtx-2050.html,2349.0,PC Portable Gamer HP Victus 15-fb3008nk AMD RYZEN 5 8Go RTX 2050,HP,8.0,512.0,15.6,AMD,0.0,Windows 11 Famille,3,1,Économique,HP::Économique::c0
https://www.mytek.tn/pc-portable-gamer-hp-victus-15-fb3008nk-amd-ryzen-5-8g-rtx-2050.html,2349.0,PC Portable Gamer HP Victus 15-fb3008nk AMD RYZEN 5 8G RTX 2050,HP,8.0,512.0,15.6,AMD,0.0,Windows 11 Famille,3,1,Économique,HP::Économique::c0
https://www.mytek.tn/pc-portable-hp-250r-g10-intel-core-3-100u-16go-512go-ssd.html,2355.0,PC Portable HP 250R G10 Intel Core 3 100U 16Go 512Go SSD,HP,16.0,512.0,15.6,Intel,3.0,FreeDos,3,0,Milieu de gamme,HP::Milieu de gamme::c0
https://www.mytek.tn/pc-portable-hp-probook-450-g10-i5-13e-gen-8go-512go-ssd-silver.html,2399.0,Pc Portable HP ProBook 450 G10 i5 13è Gén 8Go 512Go SSD - Silver,HP,8.0,512.0,15.6,Intel,5.0,FreeDos,3,0,Milieu de gamme,HP::Milieu de gamme::c0
https://www.mytek.tn/pc-portable-hp-ai-15-fd2006nk-ultra-5-225u-24go-512go-ssd-silver-bleu.html,2425.0,PC Portable HP AI 15-fd2006nk Ultra 5 225U 24Go 512Go SSD - Silver & Bleu,HP,24.0,512.0,15.6,Intel,0.0,Windows 11 Famille,3,0,,
https://www.mytek.tn/pc-portable-hp-ai-15-fd2007nk-ultra-5-225u-24go-512go-ssd-silver.html,2425.0,PC Portable HP AI 15-fd2007nk Ultra 5 225U 24Go 512Go SSD - Silver,HP,24.0,512.0,15.6,Intel,0.0,Windows 11 Famille,3,0,,
https://www.mytek.tn/pc-portable-hp-probook-450-g10-i5-13e-gen-8g-512g-ssd-silver.html,2459.0,Pc Portable HP ProBook 450 G10 i5 13è Gén 8G 512G SSD - Silver,HP,8.0,512.0,15.6,Intel,5.0,Windows 11 Pro,3,0,Milieu de gamme,HP::Milieu de gamme::c0
https://www.mytek.tn/pc-portable-gamer-hp-victus-15-fa1006nk-i5-13e-gen-16g-rtx-2050.html,2475.0,PC Portable Gamer HP Victus 15-fa1006nk i5 13è Gén 16G RTX 2050,HP,16.0,512.0,15.6,Intel,5.0,Windows 11 Famille,3,0,Milieu de gamme,HP::Milieu de gamme::c0
https://www.mytek.tn/pc-portable-hp-15-fd1073nk-intel-core-7-150u-24go-512go-ssd-silver.html,2529.0,PC Portable HP 15-fd1073nk Intel Core 7 150U 24Go 512Go SSD - Silver,HP,24.0,512.0,15.6,Intel,7.0,FreeDos,3,0,Milieu de gamme,HP::Milieu de gamme::c0
https://www.mytek.tn/pc-portable-hp-probook-450-g10-i5-13e-gen-16go-512go-ssd-silver.html,2569.0,Pc Portable HP ProBook 450 G10 i5 13è Gén 16Go 512Go SSD - Silver,HP,16.0,512.0,15.6,Intel,5.0,FreeDos,3,0,Milieu de gamme,HP::Milieu de gamme::c0
https://www.mytek.tn/pc-portable-hp-probook-460-g11-ultra-5-125u-8go-512go-ssd-silver.html,2589.0,Pc Portable HP ProBook 460 G11 Ultra 5 125U 8Go 512Go SSD - Silver,HP,8.0,512.0,16.0,Intel,0.0,FreeDos,3,0,Milieu de gamme,HP::Milieu de gamme::c0
https://www.mytek.tn/pc-portable-hp-probook-450-g10-i5-13eme-gen-16g-512g-ssd-silver.html,2619.0,Pc Portable HP ProBook 450 G10 i5 13ème Gén 16G 512G SSD - Silver,HP,16.0,512.0,15.6,Intel,5.0,Windows 11 Pro,3,0,Milieu de gamme,HP::Milieu de gamme::c0
https://www.mytek.tn/pc-portable-hp-probook-4-g1ir-intel-core-5-120u-8go-512go-ssd.html,2635.0,Pc Portable HP ProBook 4 G1iR Intel Core 5 120U 8Go 512Go SSD,HP,8.0,512.0,14.0,Intel,5.0,FreeDos,3,0,Milieu de gamme,HP::Milieu de gamme::c0
https://www.mytek.tn/pc-portable-hp-probook-460-g11-ultra-5-125u-8g-512go-ssd-silver.html,2639.0,Pc Portable HP ProBook 460 G11 Ultra 5 125U 8G 512Go SSD - Silver,HP,8.0,512.0,16.0,Intel,0.0,Windows 11 Pro,3,0,Milieu de gamme,HP::Milieu de gamme::c0
https://www.mytek.tn/pc-portable-hp-15-fd1079nk-ultra-5-125h-24go-512go-ssd-noir.html,2749.0,PC Portable HP 15-fd1079nk Ultra 5 125H 24Go 512Go SSD - Noir,HP,24.0,512.0,15.6,Intel,0.0,FreeDos,3,0,Milieu de gamme,HP::Milieu de gamme::c0
https://www.mytek.tn/pc-portable-gamer-hp-victus-15-fb3008nk-amd-ryzen-5-16go-rtx-2050.html,2749.0,PC Portable Gamer HP Victus 15-fb3008nk AMD RYZEN 5 16Go RTX 2050,HP,16.0,512.0,15.6,AMD,0.0,Windows 11 Famille,3,1,Milieu de gamme,HP::Milieu de gamme::c0
https://www.mytek.tn/pc-portable-gamer-hp-victus-15-fb3008nk-amd-ryzen-5-16g-rtx-2050.html,2749.0,PC Portable Gamer HP Victus 15-fb3008nk AMD RYZEN 5 16G RTX 2050,HP,16.0,512.0,15.6,AMD,0.0,Windows 11 Famille,3,1,Milieu de gamme,HP::Milieu de gamme::c0
https://www.mytek.tn/pc-portable-hp-15-fd1079nk-ultra-5-125h-24g-512go-ssd-noir.html,2769.0,PC Portable HP 15-fd1079nk Ultra 5 125H 24G 512Go SSD - Noir,HP,24.0,512.0,15.6,Intel,0.0,FreeDos,3,0,Milieu de gamme,HP::Milieu de gamme::c0
https://www.mytek.tn/pc-portable-hp-15-fd1079nk-ultra-5-125h-24g-512g-ssd-noir.html,2799.0,PC Portable HP 15-fd1079nk Ultra 5 125H 24G 512G SSD - Noir,HP,24.0,512.0,15.6,Intel,0.0,Windows 11 Pro,3,0,Milieu de gamme,HP::Milieu de gamme::c0
https://www.mytek.tn/pc-portable-gamer-hp-victus-15-fb3007nk-amd-ryzen-7-8go-rtx-3050.html,2799.0,PC Portable Gamer HP Victus 15-fb3007nk AMD RYZEN 7 8Go RTX 3050,HP,8.0,512.0,15.6,AMD,0.0,Windows 11 Famille,3,1,Milieu de gamme,HP::Milieu de gamme::c0
https://www.mytek.tn/pc-portable-gamer-hp-victus-15-fb3007nk-amd-ryzen-7-8g-rtx-3050.html,2799.0,PC Portable Gamer HP Victus 15-fb3007nk AMD RYZEN 7 8G RTX 3050,HP,8.0,512.0,15.6,AMD,0.0,Windows 11 Famille,3,1,Milieu de gamme,HP::Milieu de gamme::c0
https://www.mytek.tn/pc-portable-hp-probook-4-g1ir-intel-core-5-120u-16g-512go-ssd.html,2929.0,Pc Portable HP ProBook 4 G1iR Intel Core 5 120U 16G 512Go SSD,HP,16.0,512.0,16.0,Intel,5.0,FreeDos,3,0,Milieu de gamme,HP::Milieu de gamme::c0
https://www.mytek.tn/pc-portable-hp-ai-15-fd2010nk-ultra-5-225u-24go-512go-ssd-silver.html,2949.0,PC Portable HP AI 15-fd2010nk Ultra 5 225U 24Go 512Go SSD - Silver,HP,24.0,512.0,15.6,Intel,0.0,FreeDos,3,0,Milieu de gamme,HP::Milieu de gamme::c0
https://www.mytek.tn/pc-portable-hp-probook-4-g1ir-intel-core-5-120u-16g-512g-ssd.html,2979.0,Pc Portable HP ProBook 4 G1iR Intel Core 5 120U 16G 512G SSD,HP,16.0,512.0,16.0,Intel,5.0,Windows 11 Pro,3,0,Milieu de gamme,HP::Milieu de gamme::c0
https://www.mytek.tn/pc-portable-hp-probook-460-g11-ultra-5-125u-16go-512go-ssd-silver.html,2985.0,Pc Portable HP ProBook 460 G11 Ultra 5 125U 16Go 512Go SSD - Silver,HP,16.0,512.0,16.0,Intel,0.0,FreeDos,3,0,Milieu de gamme,HP::Milieu de gamme::c0
https://www.mytek.tn/pc-portable-hp-probook-460-g11-ultra-5-125u-16g-512go-ssd-silver.html,3035.0,Pc Portable HP ProBook 460 G11 Ultra 5 125U 16G 512Go SSD - Silver,HP,16.0,512.0,16.0,Intel,0.0,Windows 11 Pro,3,0,Milieu de gamme,HP::Milieu de gamme::c0
https://www.mytek.tn/pc-portable-hp-ai-15-fd2005nk-ultra-5-225u-24go-512go-ssd-silver-or-chaud.html,3059.0,PC Portable HP AI 15-fd2005nk Ultra 5 225U 24Go 512Go SSD - Silver & Or Chaud,HP,24.0,512.0,15.6,Intel,0.0,Windows 11 Famille,3,0,Milieu de gamme,HP::Milieu de gamme::c0
https://www.mytek.tn/pc-portable-hp-ai-15-fd2005nk-ultra-5-225u-24g-512go-ssd-silver-or-chaud.html,3109.0,PC Portable HP AI 15-fd2005nk Ultra 5 225U 24G 512Go SSD - Silver & Or Chaud,HP,24.0,512.0,15.6,Intel,0.0,Windows 11 Pro,3,0,Milieu de gamme,HP::Milieu de gamme::c0
https://www.mytek.tn/pc-portable-hp-250r-g10-intel-core-5-120u-24go-512go-ssd-argent-cendre-fonce.html,3115.0,PC Portable HP 250R G10 Intel Core 5 120U 24Go 512Go SSD - Argent Cendré Foncé,HP,24.0,512.0,15.6,Intel,5.0,FreeDos,3,0,Milieu de gamme,HP::Milieu de gamme::c0
https://www.mytek.tn/pc-portable-gamer-hp-victus-15-fb3008nk-amd-ryzen-5-24go-rtx-2050.html,3149.0,PC Portable Gamer HP Victus 15-fb3008nk AMD RYZEN 5 24Go RTX 2050,HP,24.0,512.0,15.6,AMD,0.0,Windows 11 Famille,3,1,Premium,HP::Premium::c0
https://www.mytek.tn/pc-portable-gamer-hp-victus-15-fb3008nk-amd-ryzen-5-24g-rtx-2050.html,3149.0,PC Portable Gamer HP Victus 15-fb3008nk AMD RYZEN 5 24G RTX 2050,HP,24.0,512.0,15.6,AMD,0.0,Windows 11 Famille,3,1,Premium,HP::Premium::c0
https://www.mytek.tn/pc-portable-hp-probook-4-g1ir-intel-core-7-150u-8go-512go-ssd.html,3159.0,Pc Portable HP ProBook 4 G1iR Intel Core 7 150U 8Go 512Go SSD,HP,8.0,512.0,14.0,Intel,7.0,FreeDos,3,0,Premium,HP::Premium::c2
https://www.mytek.tn/pc-portable-gamer-hp-victus-15-fb3007nk-amd-ryzen-7-16go-rtx-3050.html,3189.0,PC Portable Gamer HP Victus 15-fb3007nk AMD RYZEN 7 16Go RTX 3050,HP,16.0,512.0,15.6,AMD,0.0,Windows 11 Famille,3,1,Premium,HP::Premium::c0
https://www.mytek.tn/pc-portable-gamer-hp-victus-15-fb3007nk-amd-ryzen-7-16g-rtx-3050.html,3189.0,PC Portable Gamer HP Victus 15-fb3007nk AMD RYZEN 7 16G RTX 3050,HP,16.0,512.0,15.6,AMD,0.0,Windows 11 Famille,3,1,Premium,HP::Premium::c0
https://www.mytek.tn/pc-portable-hp-omnibook-7-aerongai-13-bg1004nk-amd-ryzen-ai-5-16go-512go-ssd.html,3239.0,PC Portable HP OmniBook 7 AeroNGAI 13-bg1004nk AMD Ryzen AI 5 16Go 512Go SSD,HP,16.0,512.0,13.3,AMD,0.0,Windows 11 Famille,3,1,Premium,HP::Premium::c0
https://www.mytek.tn/pc-portable-hp-probook-4-g1ir-intel-core-5-120u-16go-512g-ssd.html,3259.0,Pc Portable HP ProBook 4 G1iR Intel Core 5 120U 16Go 512G SSD,HP,16.0,512.0,16.0,Intel,5.0,FreeDos,3,0,Premium,HP::Premium::c2
https://www.mytek.tn/pc-portable-hp-15-fd1079nk-ultra-5-125h-32go-512go-ssd-noir.html,3299.0,PC Portable HP 15-fd1079nk Ultra 5 125H 32Go 512Go SSD - Noir,HP,32.0,512.0,15.6,Intel,0.0,FreeDos,3,0,Premium,HP::Premium::c1
https://www.mytek.tn/pc-portable-hp-15-fd1079nk-ultra-5-125h-32g-512g-ssd-noir.html,3319.0,PC Portable HP 15-fd1079nk Ultra 5 125H 32G 512G SSD - Noir,HP,32.0,512.0,15.6,Intel,0.0,FreeDos,3,0,Premium,HP::Premium::c1
https://www.mytek.tn/pc-portable-hp-15-fd1079nk-ultra-5-125h-32g-512go-ssd-noir.html,3349.0,PC Portable HP 15-fd1079nk Ultra 5 125H 32G 512Go SSD - Noir,HP,32.0,512.0,15.6,Intel,0.0,Windows 11 Pro,3,0,Premium,HP::Premium::c1
https://www.mytek.tn/pc-portable-hp-probook-4-g1ir-intel-core-7-150u-8g-512go-ssd.html,3415.0,Pc Portable HP ProBook 4 G1iR Intel Core 7 150U 8G 512Go SSD,HP,8.0,512.0,16.0,Intel,7.0,FreeDos,3,0,,
https://www.mytek.tn/pc-portable-gamer-hp-victus-16-r1004nk-i5-14e-gen-32go-rtx-3050.html,3439.0,PC Portable Gamer HP Victus 16-r1004nk i5 14è Gén 32Go RTX 3050,HP,32.0,512.0,16.1,Intel,5.0,Windows 11 Famille,3,0,,
https://www.mytek.tn/pc-portable-gamer-hp-victus-15-fb3007nk-amd-ryzen-7-24go-rtx-3050.html,3599.0,PC Portable Gamer HP Victus 15-fb3007nk AMD RYZEN 7 24Go RTX 3050,HP,24.0,512.0,15.6,AMD,0.0,Windows 11 Famille,3,1,Premium,HP::Premium::c0
https://www.mytek.tn/pc-portable-gamer-hp-victus-15-fb3007nk-amd-ryzen-7-24g-rtx-3050.html,3599.0,PC Portable Gamer HP Victus 15-fb3007nk AMD RYZEN 7 24G RTX 3050,HP,24.0,512.0,15.6,AMD,0.0,Windows 11 Famille,3,1,Premium,HP::Premium::c0
https://www.mytek.tn/pc-portable-hp-probook-4-g1ir-intel-core-7-150u-16g-512g-ssd.html,3725.0,Pc Portable HP ProBook 4 G1iR Intel Core 7 150U 16G 512G SSD,HP,16.0,512.0,16.0,Intel,7.0,Windows 11 Pro,3,0,Premium,HP::Premium::c2
https://www.mytek.tn/pc-portable-hp-omnibook-5-flip-2-in-1-14-fp0026nk-i5-13e-gen-16go-512go-ssd.html,3759.0,PC Portable HP OmniBook 5 Flip 2-in-1 14-fp0026nk i5 13è Gén 16Go 512Go SSD,HP,16.0,512.0,14.0,Intel,5.0,Windows 11 Famille,3,0,,
https://www.mytek.tn/pc-portable-hp-omnibook-5-flip-2-in-1-14-fp0007nk-i5-13e-gen-16go-512go-ssd.html,3759.0,PC Portable HP OmniBook 5 Flip 2-in-1 14-fp0007nk i5 13è Gén 16Go 512Go SSD,HP,16.0,512.0,14.0,Intel,5.0,Windows 11 Famille,3,0,,
https://www.mytek.tn/pc-portable-hp-probook-460-g11-ultra-5-125u-32go-512go-ssd-silver.html,3785.0,Pc Portable HP ProBook 460 G11 Ultra 5 125U 32Go 512Go SSD - Silver,HP,32.0,512.0,16.0,Intel,0.0,FreeDos,3,0,Premium,HP::Premium::c1
https://www.mytek.tn/pc-portable-hp-probook-460-g11-ultra-5-125u-32g-512go-ssd-silver.html,3835.0,Pc Portable HP ProBook 460 G11 Ultra 5 125U 32G 512Go SSD - Silver,HP,32.0,512.0,16.0,Intel,0.0,Windows 11 Pro,3,0,Premium,HP::Premium::c1
https://www.mytek.tn/pc-portable-hp-omnibook-x-flip-2-in-1-ai-16-as0021nk-ultra-5-226v-16g-512g-ssd.html,3859.0,PC Portable HP OmniBook X Flip 2-in-1 AI 16-as0021nk Ultra 5 226V 16G 512G SSD,HP,16.0,512.0,16.0,Intel,0.0,Windows 11 Famille,3,0,,
https://www.mytek.tn/pc-portable-hp-omnibook-x-flip-2-in-1-ai-16-as0020nk-ultra-5-226v-16g-1to-ssd.html,3879.0,PC Portable HP OmniBook X Flip 2-in-1 AI 16-as0020nk Ultra 5 226V 16G 1To SSD,HP,16.0,1024.0,16.0,Intel,0.0,Windows 11 Famille,3,0,,
https://www.mytek.tn/pc-portable-gamer-hp-victus-15-fb3004nk-amd-ryzen-5-16go-rtx-4050.html,3889.0,PC Portable Gamer HP Victus 15-fb3004nk AMD RYZEN 5 16Go RTX 4050,HP,16.0,512.0,15.6,AMD,0.0,FreeDos,3,1,Premium,HP::Premium::c0
https://www.mytek.tn/pc-portable-hp-ai-15-fd2000nk-ultra-7-255u-16go-1to-ssd-silver.html,4119.0,PC Portable HP AI 15-fd2000nk Ultra 7 255U 16Go 1To SSD - Silver,HP,16.0,1024.0,15.6,Intel,0.0,Windows 11 Famille,3,0,Premium,HP::Premium::c1
https://www.mytek.tn/pc-portable-gamer-hp-victus-15-fb3005nk-amd-ryzen-7-16go-rtx-4050.html,4299.0,PC Portable Gamer HP Victus 15-fb3005nk AMD RYZEN 7 16Go RTX 4050,HP,16.0,512.0,15.6,AMD,0.0,Windows 11 Famille,3,1,Premium,HP::Premium::c0
https://www.mytek.tn/pc-portable-hp-omnibook-x-flipngai-14-fm0019nk-ultra-7-256v-16g-512g-ssd-silver.html,4379.0,PC Portable HP OmniBook X FlipNGAI 14-fm0019nk Ultra 7 256V 16G 512G SSD - Silver,HP,16.0,512.0,14.0,Intel,0.0,Windows 11 Famille,3,0,Premium,HP::Premium::c1
https://www.mytek.tn/pc-portable-hp-omnibook-5-flip-2-in-1-14-fp0011nk-intel-core-7-150u-16go-512go-ssd.html,4489.0,PC Portable HP OmniBook 5 Flip 2-in-1 14-fp0011nk Intel Core 7 150U 16Go 512Go SSD,HP,16.0,512.0,14.0,Intel,7.0,Windows 11 Famille,3,0,Premium,HP::Premium::c2
https://www.mytek.tn/pc-portable-gamer-hp-victus-15-fa2025nk-i7-13e-gen-16go-rtx-4050.html,4739.0,PC Portable Gamer HP Victus 15-fa2025nk i7 13è Gén 16Go RTX 4050,HP,16.0,512.0,15.6,Intel,7.0,FreeDos,3,0,Premium,HP::Premium::c2
https://www.mytek.tn/pc-portable-hp-omnibook-x-flip-2-in-1-ai-16-as0018nk-ultra-7-256v-16g-1to-ssd.html,4799.0,PC Portable HP OmniBook X Flip 2-in-1 AI 16-as0018nk Ultra 7 256V 16G 1To SSD,HP,16.0,1024.0,16.0,Intel,0.0,Windows 11 Famille,3,0,,
https://www.mytek.tn/pc-portable-hp-omnibook-ultra-flip-14-fh0008nk-ultra-5-226v-16g-512g-ssd-gris.html,5245.0,PC Portable HP OmniBook Ultra Flip 14-fh0008nk Ultra 5 226V 16G 512G SSD - Gris,HP,16.0,512.0,14.0,Intel,0.0,Windows 11 Famille,3,0,Premium,HP::Premium::c1
https://www.mytek.tn/pc-portable-hp-omen-gaming-16-am0091nf-ultra-7-255h-16go-rtx-5060.html,5699.0,PC Portable HP OMEN Gaming 16-am0091nf Ultra 7 255H 16Go RTX 5060,HP,16.0,1024.0,16.0,Intel,0.0,FreeDos,3,0,,
https://www.mytek.tn/pc-portable-hp-omnibook-ultra-flip-14-fh0000nk-ultra-7-258v-32g-1to-ssd-bleu.html,6099.0,PC Portable HP OmniBook Ultra Flip 14-fh0000nk Ultra 7 258V 32G 1To SSD - Bleu,HP,32.0,1024.0,14.0,Intel,0.0,Windows 11 Famille,3,0,Premium,HP::Premium::c1
https://www.mytek.tn/pc-portable-gamer-hp-omen-max-16-ah0042nf-ultra-9-275hx-32go-rtx-5060.html,9059.0,PC Portable Gamer HP OMEN MAX 16-ah0042nf Ultra 9 275HX 32Go RTX 5060,HP,32.0,1024.0,16.0,Intel,0.0,Windows 11 Famille,3,0,Premium,HP::Premium::c1
https://www.mytek.tn/pc-portable-lenovo-v15-g2-ijl-intel-celeron-n4500-8go-256go-ssd-noir.html,1099.0,PC Portable LENOVO V15 G2 IJL Intel Celeron N4500 8Go 256Go SSD - Noir,LENOVO,8.0,256.0,15.6,Intel,0.0,FreeDos,3,0,Économique,LENOVO::Économique::c1
https://www.mytek.tn/pc-portable-lenovo-v15-g2-ijl-intel-celeron-n4500-8g-256g-ssd-noir.html,1149.0,PC Portable LENOVO V15 G2 IJL Intel Celeron N4500 8G 256G SSD - Noir,LENOVO,8.0,256.0,15.6,Intel,0.0,Windows 11 Pro,3,0,Économique,LENOVO::Économique::c1
https://www.mytek.tn/pc-portable-lenovo-ideapad-1-15ijl7-intel-celeron-n4500-8go-256g-ssd.html,1219.0,PC Portable LENOVO IdeaPad 1 15IJL7 Intel Celeron N4500 8Go 256G SSD,LENOVO,8.0,256.0,15.6,Intel,0.0,FreeDos,3,0,Économique,LENOVO::Économique::c1
https://www.mytek.tn/pc-portable-lenovo-ideapad-1-15ijl7-intel-celeron-n4500-8g-256g-ssd-gris.html,1239.0,PC Portable LENOVO IdeaPad 1 15IJL7 Intel Celeron N4500 8G 256G SSD - Gris,LENOVO,8.0,256.0,15.6,Intel,0.0,FreeDos,3,0,Économique,LENOVO::Économique::c1
https://www.mytek.tn/pc-portable-lenovo-ideapad-1-15ijl7-intel-celeron-n4500-8g-256g-ssd.html,1249.0,PC Portable LENOVO IdeaPad 1 15IJL7 Intel Celeron N4500 8G 256G SSD,LENOVO,8.0,256.0,15.6,Intel,0.0,FreeDos,3,0,Économique,LENOVO::Économique::c1
https://www.mytek.tn/pc-portable-lenovo-ideapad1-15ijl7-intel-celeron-n4500-8go-256g-ssd.html,1259.0,PC Portable LENOVO IdeaPad1 15IJL7 Intel Celeron N4500 8Go 256G SSD,LENOVO,8.0,256.0,15.6,Intel,0.0,Windows 11 Pro,3,0,,
https://www.mytek.tn/pc-portable-lenovo-ideapad-1-15ijl7-intel-celeron-n4500-8g-256-g-ssd.html,1269.0,PC Portable LENOVO IdeaPad 1 15IJL7 Intel Celeron N4500 8G 256 G SSD,LENOVO,8.0,256.0,15.6,Intel,0.0,FreeDos,3,0,Économique,LENOVO::Économique::c1
https://www.mytek.tn/pc-portable-lenovo-ideapad1-15ijl7-intel-celeron-n4500-8go-256go-ssd-gris.html,1279.0,PC Portable LENOVO IdeaPad1 15IJL7 Intel Celeron N4500 8Go 256Go SSD - Gris,LENOVO,8.0,256.0,15.6,Intel,0.0,Windows 11 Pro,3,0,Économique,LENOVO::Économique::c1
https://www.mytek.tn/pc-portable-lenovo-ideapad-1-15ijl7-intel-celeron-n4500-8go-256g-ssd-gris.html,1299.0,PC Portable LENOVO IdeaPad 1 15IJL7 Intel Celeron N4500 8Go 256G SSD - Gris,LENOVO,8.0,256.0,15.6,Intel,0.0,Windows 11 Famille,3,0,Économique,LENOVO::Économique::c1
https://www.mytek.tn/pc-portable-lenovo-ideapad-1-15ijl7-intel-celeron-n4500-8go-256-g-ssd.html,1299.0,PC Portable LENOVO IdeaPad 1 15IJL7 Intel Celeron N4500 8Go 256 G SSD,LENOVO,8.0,256.0,15.6,Intel,0.0,Windows 11 Famille,3,0,Économique,LENOVO::Économique::c1
https://www.mytek.tn/pc-portable-lenovo-v15-g2-ijl-intel-celeron-n4500-16go-256go-ssd-noir.html,1319.0,PC Portable LENOVO V15 G2 IJL Intel Celeron N4500 16Go 256Go SSD - Noir,LENOVO,16.0,256.0,15.6,Intel,0.0,FreeDos,3,0,Économique,LENOVO::Économique::c1
https://www.mytek.tn/pc-portable-lenovo-ideapad-1-15ijl7-intel-celeron-n4500-8g-256go-ssd.html,1329.0,PC Portable LENOVO IdeaPad 1 15IJL7 Intel Celeron N4500 8G 256Go SSD,LENOVO,8.0,256.0,15.6,Intel,0.0,FreeDos,3,0,Économique,LENOVO::Économique::c1
https://www.mytek.tn/pc-portable-lenovo-ideapad-1-15ijl7-intel-celeron-n4500-8g-256-g-ssd-gris.html,1339.0,PC Portable LENOVO IdeaPad 1 15IJL7 Intel Celeron N4500 8G 256 G SSD - Gris,LENOVO,8.0,256.0,15.6,Intel,0.0,Windows 11 Famille,3,0,Économique,LENOVO::Économique::c1
https://www.mytek.tn/pc-portable-lenovo-v15-g2-ijl-intel-celeron-n4500-16go-256g-ssd-noir.html,1369.0,PC Portable LENOVO V15 G2 IJL Intel Celeron N4500 16Go 256G SSD - Noir,LENOVO,16.0,256.0,15.6,Intel,0.0,Windows 11 Pro,3,0,Économique,LENOVO::Économique::c1
https://www.mytek.tn/pc-portable-lenovo-ideapad-slim-3-15amn8-amd-athlon-8g-256go-ssd-gris.html,1379.0,PC Portable LENOVO IdeaPad Slim 3 15AMN8 AMD Athlon 8G 256Go SSD - Gris,LENOVO,8.0,256.0,15.6,AMD,0.0,FreeDos,3,1,Économique,LENOVO::Économique::c3
https://www.mytek.tn/pc-portable-lenovo-ideapad-slim-3-15amn8-amd-athlon-8g-256g-ssd-gris.html,1419.0,PC Portable LENOVO IdeaPad Slim 3 15AMN8 AMD Athlon 8G 256G SSD - Gris,LENOVO,8.0,256.0,15.6,AMD,0.0,Windows 11 Pro,3,1,Économique,LENOVO::Économique::c3
https://www.mytek.tn/pc-portable-lenovo-ideapad-slim-3-15iru8-i3-13eme-gen-8g-512go-ssd-gris.html,1489.0,PC Portable LENOVO IdeaPad Slim 3 15IRU8 i3 13ème Gén 8G 512Go SSD - Gris,LENOVO,8.0,512.0,15.6,Intel,3.0,FreeDos,3,0,Économique,LENOVO::Économique::c0
https://www.mytek.tn/pc-portable-lenovo-ideapad-slim-3-15iru8-i3-13e-gen-8g-512g-ssd-gris.html,1519.0,PC Portable LENOVO IdeaPad Slim 3 15IRU8 i3 13è Gén 8G 512G SSD - Gris,LENOVO,8.0,512.0,15.6,Intel,3.0,FreeDos,3,0,Économique,LENOVO::Économique::c0
https://www.mytek.tn/pc-portable-lenovo-ideapad-slim-3-15iru8-i3-13eme-gen-8g-512g-ssd-gris.html,1529.0,PC Portable LENOVO IdeaPad Slim 3 15IRU8 i3 13ème Gén 8G 512G SSD - Gris,LENOVO,8.0,512.0,15.6,Intel,3.0,Windows 11 Pro,3,0,Économique,LENOVO::Économique::c0
https://www.mytek.tn/pc-portable-lenovo-ideapad-slim-3-15amn8-amd-ryzen-3-8g-256g-ssd-gris.html,1559.0,PC Portable LENOVO IdeaPad Slim 3 15AMN8 AMD RYZEN 3 8G 256G SSD - Gris,LENOVO,8.0,256.0,15.6,AMD,0.0,Windows 11 Famille,3,1,Économique,LENOVO::Économique::c3
https://www.mytek.tn/pc-portable-lenovo-ideapad-slim-3-15iru8-i3-13e-gen-8go-512g-ssd-gris.html,1559.0,PC Portable LENOVO IdeaPad Slim 3 15IRU8 i3 13è Gén 8Go 512G SSD - Gris,LENOVO,8.0,512.0,15.6,Intel,3.0,Windows 11 Famille,3,0,Économique,LENOVO::Économique::c0
https://www.mytek.tn/pc-portable-lenovo-ideapad-slim-3-15amn8-amd-ryzen-3-8g-256g-ssd-win-11-pro-gris.html,1639.0,PC Portable LENOVO IdeaPad Slim 3 15AMN8 AMD RYZEN 3 8G 256G SSD - Gris,LENOVO,8.0,256.0,15.6,AMD,0.0,Windows 11 Pro,3,1,,
https://www.mytek.tn/pc-portable-lenovo-ideapad-slim-3-15irh10-i5-13e-gen-8g-512go-ssd-gris.html,1789.0,PC Portable LENOVO IdeaPad Slim 3 15IRH10 i5 13è Gén 8G 512Go SSD - Gris,LENOVO,8.0,512.0,15.3,Intel,5.0,FreeDos,3,0,Économique,LENOVO::Économique::c2
https://www.mytek.tn/pc-portable-lenovo-ideapad-slim-3-15irh10-i5-13e-gen-8go-512go-ssd-gris.html,1799.0,PC Portable LENOVO IdeaPad Slim 3 15IRH10 i5 13è Gén 8Go 512Go SSD - Gris,LENOVO,8.0,512.0,15.3,Intel,5.0,Windows 11 Famille,3,0,Économique,LENOVO::Économique::c2
https://www.mytek.tn/pc-portable-lenovo-ideapad-slim-3-15irh10-i5-13e-gen-8g-512g-ssd-gris.html,1839.0,PC Portable LENOVO IdeaPad Slim 3 15IRH10 i5 13è Gén 8G 512G SSD - Gris,LENOVO,8.0,512.0,15.3,Intel,5.0,Windows 11 Pro,3,0,Économique,LENOVO::Économique::c2
https://www.mytek.tn/pc-portable-lenovo-ideapad-slim-3-15amn8-amd-ryzen-5-16g-512g-ssd-gris.html,1899.0,PC Portable LENOVO IdeaPad Slim 3 15AMN8 AMD RYZEN 5 16G 512G SSD - Gris,LENOVO,16.0,512.0,15.6,AMD,0.0,FreeDos,3,1,Économique,LENOVO::Économique::c3
https://www.mytek.tn/pc-portable-lenovo-ideapad-slim-3-15amn8-amd-ryzen5-16g-512g-ssd-gris.html,1949.0,PC Portable LENOVO IdeaPad Slim 3 15AMN8 AMD RYZEN5 16G 512G SSD - Gris,LENOVO,16.0,512.0,15.6,AMD,0.0,Windows 11 Pro,3,1,Économique,LENOVO::Économique::c3
https://www.mytek.tn/pc-portable-lenovo-v15-g5-irl-i3-13e-gen-8g-512go-ssd-noir.html,1989.0,PC Portable LENOVO V15 G5 IRL i3 13è Gén 8G 512Go SSD - Noir,LENOVO,8.0,512.0,15.6,Intel,3.0,FreeDos,3,0,Économique,LENOVO::Économique::c0
https://www.mytek.tn/pc-portable-lenovo-ideapad-slim-3-15irh10-i5-13e-gen-16go-512go-ssd-bleu.html,2099.0,PC Portable LENOVO IdeaPad Slim 3 15IRH10 i5 13è Gén 16Go 512Go SSD - Bleu,LENOVO,16.0,512.0,15.3,Intel,5.0,Windows 11 Famille,3,0,Économique,LENOVO::Économique::c2
https://www.mytek.tn/pc-portable-lenovo-v15-g5-irl-i5-13e-gen-8go-512go-ssd-noir.html,2119.0,PC Portable LENOVO V15 G5 IRL i5 13è Gén 8Go 512Go SSD - Noir,LENOVO,8.0,512.0,15.6,Intel,5.0,FreeDos,3,0,Économique,LENOVO::Économique::c2
https://www.mytek.tn/pc-portable-lenovo-v15-g5-irl-i5-13e-gen-8g-512go-ssd-noir.html,2169.0,PC Portable LENOVO V15 G5 IRL i5 13è Gén 8G 512Go SSD - Noir,LENOVO,8.0,512.0,15.6,Intel,5.0,Windows 11 Pro,3,0,Économique,LENOVO::Économique::c2
https://www.mytek.tn/pc-portable-lenovo-ideapad-slim-3-15irh10-i5-13eme-gen-16g-512g-ssd-gris.html,2205.0,PC Portable LENOVO IdeaPad Slim 3 15IRH10 i5 13ème Gén 16G 512G SSD - Gris,LENOVO,16.0,512.0,15.3,Intel,5.0,FreeDos,3,0,Économique,LENOVO::Économique::c2
https://www.mytek.tn/pc-portable-lenovo-v15-g5-irl-i7-13e-gen-8go-512go-ssd-noir.html,2259.0,PC Portable LENOVO V15 G5 IRL i7 13è Gén 8Go 512Go SSD - Noir,LENOVO,8.0,512.0,15.6,Intel,7.0,FreeDos,3,0,Économique,LENOVO::Économique::c0
https://www.mytek.tn/pc-portable-lenovo-v15-g5-irl-i7-13e-gen-8g-512go-ssd-noir.html,2309.0,PC Portable LENOVO V15 G5 IRL i7 13è Gén 8G 512Go SSD - Noir,LENOVO,8.0,512.0,15.6,Intel,7.0,Windows 11 Pro,3,0,Économique,LENOVO::Économique::c0
https://www.mytek.tn/pc-portable-lenovo-ideapad-slim-3-15irh10-i5-13e-gen-24g-512go-ssd-gris.html,2329.0,PC Portable LENOVO IdeaPad Slim 3 15IRH10 i5 13è Gén 24G 512Go SSD - Gris,LENOVO,24.0,512.0,15.3,Intel,5.0,FreeDos,3,0,Économique,LENOVO::Économique::c2
https://www.mytek.tn/pc-portable-lenovo-ideapad-slim-3-15irh10-i5-13e-gen-24g-512g-ssd-gris.html,2369.0,PC Portable LENOVO IdeaPad Slim 3 15IRH10 i5 13è Gén 24G 512G SSD - Gris,LENOVO,24.0,512.0,15.3,Intel,5.0,Windows 11 Pro,3,0,Économique,LENOVO::Économique::c2
https://www.mytek.tn/pc-portable-lenovo-ideapad-slim-3-15irh10-i7-13e-gen-16g-512go-ssd-gris.html,2379.0,PC Portable LENOVO IdeaPad Slim 3 15IRH10 i7 13è Gén 16G 512Go SSD - Gris,LENOVO,16.0,512.0,15.3,Intel,7.0,FreeDos,3,0,Milieu de gamme,LENOVO::Milieu de gamme::c2
https://www.mytek.tn/pc-portable-lenovo-ideapad-slim-3-15irh10-i7-13e-gen-16go-512go-ssd-gris.html,2399.0,PC Portable LENOVO IdeaPad Slim 3 15IRH10 i7 13è Gén 16Go 512Go SSD - Gris,LENOVO,16.0,512.0,15.3,Intel,7.0,FreeDos,3,0,Milieu de gamme,LENOVO::Milieu de gamme::c2
https://www.mytek.tn/pc-portable-lenovo-ideapad-slim-3-15irh10-i7-13e-gen-16go-512g-ssd-gris.html,2399.0,PC Portable LENOVO IdeaPad Slim 3 15IRH10 i7 13è Gén 16Go 512G SSD - Gris,LENOVO,16.0,512.0,15.3,Intel,7.0,FreeDos,3,0,Milieu de gamme,LENOVO::Milieu de gamme::c2
https://www.mytek.tn/pc-portable-lenovo-ideapad-slim-3-15irh10-i7-13e-gen-16go-512go-ssd.html,2429.0,PC Portable LENOVO IdeaPad Slim 3 15IRH10 i7 13è Gén 16Go 512Go SSD,LENOVO,16.0,512.0,15.3,Intel,7.0,Windows 11 Pro,3,0,Milieu de gamme,LENOVO::Milieu de gamme::c2
https://www.mytek.tn/pc-portable-lenovo-ideapad-slim-3-15irh10-i7-13e-gen-16g-512go-ssd.html,2439.0,PC Portable LENOVO IdeaPad Slim 3 15IRH10 i7 13è Gén 16G 512Go SSD,LENOVO,16.0,512.0,15.3,Intel,7.0,Windows 11 Pro,3,0,,
https://www.mytek.tn/pc-portable-lenovo-ideapad-slim-3-15irh10-i7-13e-gen-16g-512g-ssd-gris.html,2449.0,PC Portable LENOVO IdeaPad Slim 3 15IRH10 i7 13è Gén 16G 512G SSD - Gris,LENOVO,16.0,512.0,15.3,Intel,7.0,Windows 11 Pro,3,0,Milieu de gamme,LENOVO::Milieu de gamme::c2
https://www.mytek.tn/pc-portable-lenovo-thinkbook-16-g7-arp-amd-ryzen-5-16go-512go-ssd-gris.html,2459.0,PC Portable LENOVO ThinkBook 16 G7 ARP AMD RYZEN 5 16Go 512Go SSD - Gris,LENOVO,16.0,512.0,16.0,AMD,0.0,FreeDos,3,1,Milieu de gamme,LENOVO::Milieu de gamme::c3
https://www.mytek.tn/pc-portable-lenovo-thinkbook-16-g7-arp-amd-ryzen-5-16g-512go-ssd-gris.html,2469.0,PC Portable LENOVO ThinkBook 16 G7 ARP AMD RYZEN 5 16G 512Go SSD - Gris,LENOVO,16.0,512.0,16.0,AMD,0.0,FreeDos,3,1,Milieu de gamme,LENOVO::Milieu de gamme::c3
https://www.mytek.tn/pc-portable-gamer-lenovo-loq-15iax9-i5-12eme-gen-8g-rtx-3050.html,2499.0,PC Portable Gamer LENOVO LOQ 15IAX9 i5 12ème Gén 8G RTX 3050,LENOVO,8.0,512.0,15.6,Intel,5.0,Windows 11 Famille,3,0,Milieu de gamme,LENOVO::Milieu de gamme::c1
https://www.mytek.tn/pc-portable-lenovo-thinkbook-16-g7-arp-amd-ryzen-5-16g-512g-ssd-gris.html,2499.0,PC Portable LENOVO ThinkBook 16 G7 ARP AMD RYZEN 5 16G 512G SSD - Gris,LENOVO,16.0,512.0,16.0,AMD,0.0,Windows 11 Pro,3,1,,
https://www.mytek.tn/pc-portable-lenovo-thinkbook-16-g7-arp-amd-ryzen-5-16go-512g-ssd-gris.html,2519.0,PC Portable LENOVO ThinkBook 16 G7 ARP AMD RYZEN 5 16Go 512G SSD - Gris,LENOVO,16.0,512.0,16.0,AMD,0.0,Windows 11 Pro,3,1,Milieu de gamme,LENOVO::Milieu de gamme::c3
https://www.mytek.tn/pc-portable-gamer-lenovo-loq-15iax9-i5-12eme-gen-8g-rtx3050.html,2549.0,PC Portable Gamer LENOVO LOQ 15IAX9 i5 12ème Gén 8G RTX3050,LENOVO,8.0,512.0,15.6,Intel,5.0,Windows 11 Pro,3,0,,
https://www.mytek.tn/pc-portable-lenovo-thinkbook-16-g9-irl-intel-core-5-210h-8g-512g-ssd.html,2689.0,PC Portable LENOVO ThinkBook 16 G9 IRL Intel Core 5 210H 8G 512G SSD,LENOVO,8.0,512.0,16.0,Intel,5.0,FreeDos,3,0,Milieu de gamme,LENOVO::Milieu de gamme::c1
https://www.mytek.tn/pc-portable-lenovo-ideapad-slim-3-15irh10-i7-13e-gen-24go-512go-ssd-gris.html,2799.0,PC Portable LENOVO IdeaPad Slim 3 15IRH10 i7 13è Gén 24Go 512Go SSD - Gris,LENOVO,24.0,512.0,15.3,Intel,7.0,FreeDos,3,0,Milieu de gamme,LENOVO::Milieu de gamme::c2
https://www.mytek.tn/pc-portable-lenovo-thinkbook-16-g8-ial-ultra-5-225u-8g-512go-ssd-gris.html,2829.0,PC Portable LENOVO ThinkBook 16 G8 IAL Ultra 5 225U 8G 512Go SSD - Gris,LENOVO,8.0,512.0,16.0,Intel,0.0,FreeDos,3,0,Milieu de gamme,LENOVO::Milieu de gamme::c0
https://www.mytek.tn/pc-portable-lenovo-ideapad-slim-3-15irh10-i7-13e-gen-24g-512go-ssd-gris.html,2849.0,PC Portable LENOVO IdeaPad Slim 3 15IRH10 i7 13è Gén 24G 512Go SSD - Gris,LENOVO,24.0,512.0,15.3,Intel,7.0,Windows 11 Pro,3,0,Milieu de gamme,LENOVO::Milieu de gamme::c2
https://www.mytek.tn/pc-portable-gamer-lenovo-loq-15iax9-i5-12eme-gen-16go-rtx3050.html,2899.0,PC Portable Gamer LENOVO LOQ 15IAX9 i5 12ème Gén 16Go RTX3050,LENOVO,16.0,512.0,15.6,Intel,5.0,Windows 11 Famille,3,0,Milieu de gamme,LENOVO::Milieu de gamme::c1
https://www.mytek.tn/pc-portable-gamer-lenovo-loq-15arp10e-amd-ryzen-5-16g-rtx-3050.html,2999.0,PC Portable Gamer LENOVO LOQ 15ARP10E AMD RYZEN 5 16G RTX 3050,LENOVO,16.0,1024.0,15.6,AMD,0.0,Windows 11 Famille,3,1,Milieu de gamme,LENOVO::Milieu de gamme::c3
https://www.mytek.tn/pc-portable-lenovo-thinkbook-16-g8-ial-ultra-7-255h-8g-512go-ssd-gris.html,3049.0,PC Portable LENOVO ThinkBook 16 G8 IAL Ultra 7 255H 8G 512Go SSD - Gris,LENOVO,8.0,512.0,16.0,Intel,0.0,FreeDos,3,0,Milieu de gamme,LENOVO::Milieu de gamme::c0
https://www.mytek.tn/pc-portable-lenovo-thinkbook-16-g8-ial-ultra-5-225u-16g-512g-ssd-gris.html,3049.0,PC Portable LENOVO ThinkBook 16 G8 IAL Ultra 5 225U 16G 512G SSD - Gris,LENOVO,16.0,512.0,16.0,Intel,0.0,FreeDos,3,0,Milieu de gamme,LENOVO::Milieu de gamme::c0
https://www.mytek.tn/pc-portable-gamer-lenovo-loq-15arp9-amd-ryzen-5-16go-rtx-3050.html,3049.0,PC Portable Gamer LENOVO LOQ 15ARP9 AMD RYZEN 5 16Go RTX 3050,LENOVO,16.0,512.0,15.6,AMD,0.0,FreeDos,3,1,Milieu de gamme,LENOVO::Milieu de gamme::c3
https://www.mytek.tn/pc-portable-gamer-lenovo-loq-15arp9-amd-ryzen-5-16g-rtx-3050.html,3099.0,PC Portable Gamer LENOVO LOQ 15ARP9 AMD RYZEN 5 16G RTX 3050,LENOVO,16.0,512.0,15.6,AMD,0.0,Windows 11 Pro,3,1,Milieu de gamme,LENOVO::Milieu de gamme::c3
https://www.mytek.tn/pc-portable-lenovo-thinkbook-16-g9-irl-intel-core-7-240h-8g-512g-ssd.html,3179.0,PC Portable LENOVO ThinkBook 16 G9 IRL Intel Core 7 240H 8G 512G SSD,LENOVO,8.0,512.0,16.0,Intel,7.0,FreeDos,3,0,Milieu de gamme,LENOVO::Milieu de gamme::c2
https://www.mytek.tn/pc-portable-lenovo-thinkpad-e16-gen-3-ultra-5-225u-8g-512go-ssd-noir.html,3199.0,PC Portable LENOVO ThinkPad E16 Gen 3 Ultra 5 225U 8G 512Go SSD - Noir,LENOVO,8.0,512.0,16.0,Intel,0.0,FreeDos,3,0,Milieu de gamme,LENOVO::Milieu de gamme::c0
https://www.mytek.tn/pc-portable-gamer-lenovo-loq-15irx9-i5-13e-gen-16go-rtx-3050.html,3229.0,PC Portable Gamer LENOVO LOQ 15IRX9 i5 13è Gén 16Go RTX 3050,LENOVO,16.0,512.0,15.6,Intel,5.0,FreeDos,3,0,Milieu de gamme,LENOVO::Milieu de gamme::c1
https://www.mytek.tn/pc-portable-lenovo-thinkbook-16-g8-ial-ultra-5-225u-16g-512go-ssd-gris.html,3239.0,PC Portable LENOVO ThinkBook 16 G8 IAL Ultra 5 225U 16G 512Go SSD - Gris,LENOVO,16.0,512.0,16.0,Intel,0.0,FreeDos,3,0,Milieu de gamme,LENOVO::Milieu de gamme::c0
https://www.mytek.tn/pc-portable-gamer-lenovo-loq-15irx9-i5-13e-gen-16g-rtx-3050.html,3279.0,PC Portable Gamer LENOVO LOQ 15IRX9 i5 13è Gén 16G RTX 3050,LENOVO,16.0,512.0,15.6,Intel,5.0,Windows 11 Pro,3,0,Milieu de gamme,LENOVO::Milieu de gamme::c1
https://www.mytek.tn/pc-portable-gamer-lenovo-loq-15iax9-i5-12eme-gen-24g-rtx-3050.html,3299.0,PC Portable Gamer LENOVO LOQ 15IAX9 i5 12ème Gén 24G RTX 3050,LENOVO,24.0,512.0,15.6,Intel,5.0,Windows 11 Famille,3,0,Milieu de gamme,LENOVO::Milieu de gamme::c1
https://www.mytek.tn/pc-portable-lenovo-thinkbook-16-g7-arp-amd-ryzen-5-32g-512go-ssd-gris.html,3299.0,PC Portable LENOVO ThinkBook 16 G7 ARP AMD RYZEN 5 32G 512Go SSD - Gris,LENOVO,32.0,512.0,16.0,AMD,0.0,FreeDos,3,1,Milieu de gamme,LENOVO::Milieu de gamme::c3
https://www.mytek.tn/pc-portable-gamer-lenovo-loq-15irx9-i7-13eme-gen-16g-rtx-3050.html,3349.0,PC Portable Gamer LENOVO LOQ 15IRX9 i7 13ème Gén 16G RTX 3050,LENOVO,16.0,512.0,15.6,Intel,7.0,FreeDos,3,0,Milieu de gamme,LENOVO::Milieu de gamme::c2
https://www.mytek.tn/pc-portable-lenovo-ideapad-5-2-in-1-14irh9-i5-13e-gen-16go-512go-ssd.html,3355.0,PC Portable LENOVO IdeaPad 5 2-in-1 14IRH9 i5 13è Gén 16Go 512Go SSD,LENOVO,16.0,512.0,14.0,Intel,5.0,Windows 11 Famille,3,0,Milieu de gamme,LENOVO::Milieu de gamme::c1
https://www.mytek.tn/pc-portable-gamer-lenovo-loq-15irx9-i5-13eme-gen-16go-rtx-4050.html,3399.0,PC Portable Gamer LENOVO LOQ 15IRX9 i5 13ème Gén 16Go RTX 4050,LENOVO,16.0,512.0,15.6,Intel,5.0,FreeDos,3,0,Milieu de gamme,LENOVO::Milieu de gamme::c1
https://www.mytek.tn/pc-portable-lenovo-ideapad-5-2-in-1-14irh9-i5-13e-gen-16g-512go-ssd.html,3405.0,PC Portable LENOVO IdeaPad 5 2-in-1 14IRH9 i5 13è Gén 16G 512Go SSD,LENOVO,16.0,512.0,14.0,Intel,5.0,Windows 11 Pro,3,0,,
https://www.mytek.tn/pc-portable-gamer-lenovo-loq-15ahp10-amd-ryzen-5-16go-rtx-5050.html,3435.0,PC Portable Gamer LENOVO LOQ 15AHP10 AMD Ryzen 5 16Go RTX 5050,LENOVO,16.0,512.0,15.6,AMD,5.0,FreeDos,3,1,,
https://www.mytek.tn/pc-portable-gamer-lenovo-loq-15ahp10-amd-ryzen-5-16g-rtx-5050.html,3435.0,PC Portable Gamer LENOVO LOQ 15AHP10 AMD Ryzen 5 16G RTX 5050,LENOVO,16.0,512.0,15.6,AMD,5.0,FreeDos,3,1,,
https://www.mytek.tn/pc-portable-lenovo-thinkbook-16-g8-ial-ultra-5-225u-24g-512g-ssd-gris.html,3459.0,PC Portable LENOVO ThinkBook 16 G8 IAL Ultra 5 225U 24G 512G SSD - Gris,LENOVO,24.0,512.0,16.0,Intel,0.0,FreeDos,3,0,Milieu de gamme,LENOVO::Milieu de gamme::c0
https://www.mytek.tn/pc-portable-lenovo-thinkbook-16-g8-ial-ultra-7-255h-16g-512g-ssd-gris.html,3465.0,PC Portable LENOVO ThinkBook 16 G8 IAL Ultra 7 255H 16G 512G SSD - Gris,LENOVO,16.0,512.0,16.0,Intel,0.0,FreeDos,3,0,Milieu de gamme,LENOVO::Milieu de gamme::c0
https://www.mytek.tn/pc-portable-lenovo-thinkpad-e16-gen-3-ultra-5-225u-16g-512go-ssd-noir.html,3499.0,PC Portable LENOVO ThinkPad E16 Gen 3 Ultra 5 225U 16G 512Go SSD - Noir,LENOVO,16.0,512.0,16.0,Intel,0.0,FreeDos,3,0,Milieu de gamme,LENOVO::Milieu de gamme::c0
https://www.mytek.tn/pc-portable-lenovo-thinkpad-e16-gen-3-ultra-5-225u-16g-512g-ssd-noir.html,3499.0,PC Portable LENOVO ThinkPad E16 Gen 3 Ultra 5 225U 16G 512G SSD - Noir,LENOVO,16.0,512.0,16.0,Intel,0.0,FreeDos,3,0,Milieu de gamme,LENOVO::Milieu de gamme::c0
https://www.mytek.tn/pc-portable-gamer-lenovo-loq-15irx10-i5-13e-gen-16go-rtx-5050.html,3499.0,PC Portable Gamer LENOVO LOQ 15IRX10 i5 13è Gén 16Go RTX 5050,LENOVO,16.0,512.0,15.6,Intel,5.0,Windows 11 Famille,3,0,Milieu de gamme,LENOVO::Milieu de gamme::c1
https://www.mytek.tn/pc-portable-lenovo-thinkpad-e16-gen-3-ultra-5-225u-16go-512g-ssd-noir.html,3539.0,PC Portable LENOVO ThinkPad E16 Gen 3 Ultra 5 225U 16Go 512G SSD - Noir,LENOVO,16.0,512.0,16.0,Intel,0.0,Windows 11 Pro,3,0,,
https://www.mytek.tn/pc-portable-gamer-lenovo-loq-15irx10-i5-13e-gen-24go-rtx-5050.html,3629.0,PC Portable Gamer LENOVO LOQ 15IRX10 i5 13è Gén 24Go RTX 5050,LENOVO,24.0,512.0,15.6,Intel,5.0,Windows 11 Famille,3,0,Milieu de gamme,LENOVO::Milieu de gamme::c1
https://www.mytek.tn/pc-portable-gamer-lenovo-loq-15irx9-i5-13eme-gen-24go-rtx-4050.html,3799.0,PC Portable Gamer LENOVO LOQ 15IRX9 i5 13ème Gén 24Go RTX 4050,LENOVO,24.0,512.0,15.6,Intel,5.0,FreeDos,3,0,Milieu de gamme,LENOVO::Milieu de gamme::c1
https://www.mytek.tn/pc-portable-gamer-lenovo-loq-15irx9-i7-13eme-gen-16go-rtx-4050.html,3799.0,PC Portable Gamer LENOVO LOQ 15IRX9 i7 13ème Gén 16Go RTX 4050,LENOVO,16.0,512.0,15.6,Intel,7.0,FreeDos,3,0,Milieu de gamme,LENOVO::Milieu de gamme::c2
https://www.mytek.tn/pc-portable-gamer-lenovo-loq-15irx9-i7-13eme-gen-16g-rtx-4050.html,3849.0,PC Portable Gamer LENOVO LOQ 15IRX9 i7 13ème Gén 16G RTX 4050,LENOVO,16.0,512.0,15.6,Intel,7.0,Windows 11 Pro,3,0,Milieu de gamme,LENOVO::Milieu de gamme::c2
https://www.mytek.tn/pc-portable-lenovo-thinkbook-16-g8-ial-ultra-7-255h-24g-512go-ssd-gris.html,3859.0,PC Portable LENOVO ThinkBook 16 G8 IAL Ultra 7 255H 24G 512Go SSD - Gris,LENOVO,24.0,512.0,16.0,Intel,0.0,FreeDos,3,0,Milieu de gamme,LENOVO::Milieu de gamme::c0
https://www.mytek.tn/pc-portable-lenovo-thinkbook-16-g8-ial-ultra-5-225u-32g-512g-ssd-gris.html,3859.0,PC Portable LENOVO ThinkBook 16 G8 IAL Ultra 5 225U 32G 512G SSD - Gris,LENOVO,32.0,512.0,16.0,Intel,0.0,FreeDos,3,0,Milieu de gamme,LENOVO::Milieu de gamme::c0
https://www.mytek.tn/pc-portable-gamer-lenovo-loq-15irx9-i7-13eme-gen-16g-rtx4050.html,3859.0,PC Portable Gamer LENOVO LOQ 15IRX9 i7 13ème Gén 16G RTX4050,LENOVO,16.0,512.0,15.6,Intel,7.0,Windows 11 Famille,3,0,Milieu de gamme,LENOVO::Milieu de gamme::c2
https://www.mytek.tn/pc-portable-gamer-lenovo-loq-15irx9-i7-13e-gen-16g-rtx-4050.html,3869.0,PC Portable Gamer LENOVO LOQ 15IRX9 i7 13è Gén 16G RTX 4050,LENOVO,16.0,512.0,15.6,Intel,7.0,Windows 11 Famille,3,0,Premium,LENOVO::Premium::c0
https://www.mytek.tn/pc-portable-lenovo-thinkpad-e16-gen-3-ultra-5-225u-24g-512go-ssd-noir.html,3919.0,PC Portable LENOVO ThinkPad E16 Gen 3 Ultra 5 225U 24G 512Go SSD - Noir,LENOVO,24.0,512.0,16.0,Intel,0.0,FreeDos,3,0,Premium,LENOVO::Premium::c0
https://www.mytek.tn/pc-portable-lenovo-ideapad-5-2-in-1-14irh9-i7-13e-gen-16go-512go-ssd.html,3939.0,PC Portable LENOVO IdeaPad 5 2-in-1 14IRH9 i7 13è Gén 16Go 512Go SSD,LENOVO,16.0,512.0,14.0,Intel,7.0,Windows 11 Famille,3,0,Premium,LENOVO::Premium::c0
https://www.mytek.tn/pc-portable-gamer-lenovo-loq-15irx10-i7-13e-gen-16go-rtx-5050.html,3999.0,PC Portable Gamer LENOVO LOQ 15IRX10 i7 13è Gén 16Go RTX 5050,LENOVO,16.0,512.0,15.6,Intel,7.0,FreeDos,3,0,Premium,LENOVO::Premium::c0
https://www.mytek.tn/pc-portable-gamer-lenovo-loq-15irx10-i7-13e-gen-16go-rtx5050.html,3999.0,PC Portable Gamer LENOVO LOQ 15IRX10 i7 13è Gén 16Go RTX5050,LENOVO,16.0,512.0,15.6,Intel,7.0,FreeDos,3,0,Premium,LENOVO::Premium::c0
https://www.mytek.tn/pc-portable-gamer-lenovo-loq-15irx10-i7-13e-gen-16g-rtx5050.html,3999.0,PC Portable Gamer LENOVO LOQ 15IRX10 i7 13è Gén 16G RTX5050,LENOVO,16.0,512.0,15.6,Intel,7.0,FreeDos,3,0,Premium,LENOVO::Premium::c0
https://www.mytek.tn/pc-portable-gamer-lenovo-loq-15irx10-i7-13e-gen-16g-rtx-5050.html,4039.0,PC Portable Gamer LENOVO LOQ 15IRX10 i7 13è Gén 16G RTX 5050,LENOVO,16.0,512.0,15.6,Intel,7.0,Windows 11 Pro,3,0,Premium,LENOVO::Premium::c0
https://www.mytek.tn/pc-portable-gamer-lenovo-loq-15irx10-i7-13eme-gen-16g-rtx-5050.html,4039.0,PC Portable Gamer LENOVO LOQ 15IRX10 i7 13ème Gén 16G RTX 5050,LENOVO,16.0,512.0,15.6,Intel,7.0,Windows 11 Pro,3,0,Premium,LENOVO::Premium::c0
https://www.mytek.tn/pc-portable-lenovo-thinkpad-e16-gen-3-ultra-7-255h-16g-512go-ssd-noir.html,4049.0,PC Portable LENOVO ThinkPad E16 Gen 3 Ultra 7 255H 16G 512Go SSD - Noir,LENOVO,16.0,512.0,16.0,Intel,0.0,FreeDos,3,0,Premium,LENOVO::Premium::c0
https://www.mytek.tn/pc-portable-lenovo-thinkpad-l16-gen-1-ultra-5-125u-8g-512go-ssd-noir.html,4119.0,PC Portable LENOVO ThinkPad L16 Gen 1 Ultra 5 125U 8G 512Go SSD - Noir,LENOVO,8.0,512.0,16.0,Intel,0.0,Windows 11 Pro,3,0,Premium,LENOVO::Premium::c0
https://www.mytek.tn/pc-portable-lenovo-thinkpad-e14-gen-7-ultra-7-255h-16g-512go-ssd-noir.html,4159.0,PC Portable LENOVO ThinkPad E14 Gen 7 Ultra 7 255H 16G 512Go SSD - Noir,LENOVO,16.0,512.0,14.0,Intel,0.0,FreeDos,3,0,Premium,LENOVO::Premium::c0
https://www.mytek.tn/pc-portable-gamer-lenovo-loq-15irx9-i7-13eme-gen-32go-rtx3050.html,4179.0,PC Portable Gamer LENOVO LOQ 15IRX9 i7 13ème Gén 32Go RTX3050,LENOVO,32.0,512.0,15.6,Intel,7.0,FreeDos,3,0,Premium,LENOVO::Premium::c0
https://www.mytek.tn/pc-portable-gamer-lenovo-loq-15irx10-i7-14e-gen-16go-rtx-5050.html,4199.0,PC Portable Gamer LENOVO LOQ 15IRX10 i7 14è Gén 16Go RTX 5050,LENOVO,16.0,512.0,15.6,Intel,7.0,FreeDos,3,0,Premium,LENOVO::Premium::c0
https://www.mytek.tn/pc-portable-lenovo-thinkpad-e14-gen-7-ultra-7-255h-16g-512g-ssd-noir.html,4199.0,PC Portable LENOVO ThinkPad E14 Gen 7 Ultra 7 255H 16G 512G SSD - Noir,LENOVO,16.0,512.0,14.0,Intel,0.0,Windows 11 Pro,3,0,,
https://www.mytek.tn/pc-portable-gamer-lenovo-loq-15irx9-i7-13eme-gen-24go-rtx-4050.html,4209.0,PC Portable Gamer LENOVO LOQ 15IRX9 i7 13ème Gén 24Go RTX 4050,LENOVO,24.0,512.0,15.6,Intel,7.0,FreeDos,3,0,Premium,LENOVO::Premium::c0
https://www.mytek.tn/pc-portable-gamer-lenovo-loq-15irx9-i5-13eme-gen-32g-rtx-4050.html,4219.0,PC Portable Gamer LENOVO LOQ 15IRX9 i5 13ème Gén 32G RTX 4050,LENOVO,32.0,512.0,15.6,Intel,5.0,FreeDos,3,0,Premium,LENOVO::Premium::c0
https://www.mytek.tn/pc-portable-lenovo-thinkbook-16-g8-ial-ultra-7-255h-32g-512go-ssd-gris.html,4259.0,PC Portable LENOVO ThinkBook 16 G8 IAL Ultra 7 255H 32G 512Go SSD - Gris,LENOVO,32.0,512.0,16.0,Intel,0.0,FreeDos,3,0,Premium,LENOVO::Premium::c0
https://www.mytek.tn/pc-portable-gamer-lenovo-loq-15irx9-i7-13eme-gen-24g-rtx-4050.html,4259.0,PC Portable Gamer LENOVO LOQ 15IRX9 i7 13ème Gén 24G RTX 4050,LENOVO,24.0,512.0,15.6,Intel,7.0,Windows 11 Pro,3,0,Premium,LENOVO::Premium::c0
https://www.mytek.tn/pc-portable-gamer-lenovo-loq-15irx9-i7-13eme-gen-24g-rtx4050.html,4269.0,PC Portable Gamer LENOVO LOQ 15IRX9 i7 13ème Gén 24G RTX4050,LENOVO,24.0,512.0,15.6,Intel,7.0,Windows 11 Famille,3,0,Premium,LENOVO::Premium::c0
https://www.mytek.tn/pc-portable-gamer-lenovo-loq-17irx10-i7-13e-gen-16go-rtx-5050.html,4459.0,PC Portable Gamer LENOVO LOQ 17IRX10 i7 13è Gén 16Go RTX 5050,LENOVO,16.0,512.0,17.3,Intel,7.0,FreeDos,3,0,Premium,LENOVO::Premium::c0
https://www.mytek.tn/pc-portable-gamer-lenovo-loq-15irx9-i7-13eme-gen-32go-rtx-4050.html,4619.0,PC Portable Gamer LENOVO LOQ 15IRX9 i7 13ème Gén 32Go RTX 4050,LENOVO,32.0,512.0,15.6,Intel,7.0,FreeDos,3,0,Premium,LENOVO::Premium::c0
https://www.mytek.tn/pc-portable-gamer-lenovo-loq-15irx9-i7-13eme-gen-32go-rtx4050.html,4669.0,PC Portable Gamer LENOVO LOQ 15IRX9 i7 13ème Gén 32Go RTX4050,LENOVO,32.0,512.0,15.6,Intel,7.0,Windows 11 Pro,3,0,Premium,LENOVO::Premium::c0
https://www.mytek.tn/pc-portable-gamer-lenovo-loq-15irx9-i7-13eme-gen-32g-rtx4050.html,4679.0,PC Portable Gamer LENOVO LOQ 15IRX9 i7 13ème Gén 32G RTX4050,LENOVO,32.0,512.0,15.6,Intel,7.0,Windows 11 Famille,3,0,Premium,LENOVO::Premium::c0
https://www.mytek.tn/pc-portable-gamer-lenovo-legion-5-15irx10-i7-13e-gen-16go-rtx-5050.html,4689.0,PC Portable Gamer LENOVO Légion 5 15IRX10 i7 13è Gén 16Go RTX 5050,LENOVO,16.0,512.0,15.3,Intel,7.0,Windows 11 Famille,3,0,Premium,LENOVO::Premium::c0
https://www.mytek.tn/pc-portable-lenovo-thinkpad-e16-gen-3-ultra-7-255h-32g-512go-ssd-noir.html,4849.0,PC Portable LENOVO ThinkPad E16 Gen 3 Ultra 7 255H 32G 512Go SSD - Noir,LENOVO,32.0,512.0,16.0,Intel,0.0,FreeDos,3,0,,
https://www.mytek.tn/pc-portable-gamer-lenovo-loq-15irx10-i7-14e-gen-16go-rtx-5060.html,4939.0,PC Portable Gamer LENOVO LOQ 15IRX10 i7 14è Gén 16Go RTX 5060,LENOVO,16.0,512.0,15.6,Intel,7.0,FreeDos,3,0,Premium,LENOVO::Premium::c0
https://www.mytek.tn/pc-portable-lenovo-thinkpad-e14-gen-7-ultra-7-255h-32g-512go-ssd-noir.html,4949.0,PC Portable LENOVO ThinkPad E14 Gen 7 Ultra 7 255H 32G 512Go SSD - Noir,LENOVO,32.0,512.0,14.0,Intel,0.0,FreeDos,3,0,,
https://www.mytek.tn/pc-portable-lenovo-yoga-7-2-en-1-14akp10-amd-ryzen-ai-7-350-16go-512go-ssd.html,5199.0,PC Portable LENOVO Yoga 7 2-en-1 14AKP10 AMD Ryzen AI 7 350 16Go 512Go SSD,LENOVO,16.0,512.0,14.0,AMD,0.0,Windows 11 Famille,3,1,Premium,LENOVO::Premium::c1
https://www.mytek.tn/pc-portable-gamer-lenovo-legion-pro-5-16irx10-i7-14e-gen-16go-rtx-5050.html,5469.0,PC Portable Gamer LENOVO Légion Pro 5 16IRX10 i7 14è Gén 16Go RTX 5050,LENOVO,16.0,512.0,16.0,Intel,7.0,FreeDos,3,0,Premium,LENOVO::Premium::c0
https://www.mytek.tn/pc-portable-lenovo-yoga-pro-7-14iah10-ultra-7-255h-32go-1to-ssd-gris.html,6149.0,PC Portable LENOVO Yoga Pro 7 14IAH10 Ultra 7 255H 32Go 1To SSD - Gris,LENOVO,32.0,1024.0,14.5,Intel,0.0,Windows 11 Famille,3,0,Premium,LENOVO::Premium::c1
https://www.mytek.tn/pc-portable-gamer-lenovo-legion-pro5-16iax10-ultra-7-255hx-32g-rtx5060.html,6299.0,PC Portable Gamer LENOVO Légion Pro5 16IAX10 Ultra 7 255HX 32G RTX5060,LENOVO,32.0,1024.0,16.0,Intel,0.0,FreeDos,3,0,Premium,LENOVO::Premium::c1
https://www.mytek.tn/pc-portable-gamer-lenovo-legion-pro5-16iax10-ultra-7-255hx-32go-rtx5060.html,6349.0,PC Portable Gamer LENOVO Légion Pro5 16IAX10 Ultra 7 255HX 32Go RTX5060,LENOVO,32.0,1024.0,16.0,Intel,0.0,Windows 11 Pro,3,0,,
https://www.mytek.tn/pc-portable-lenovo-thinkpad-l13-2en1-gen-6-ultra-7-255u-16go-512go-ssd-gris.html,6699.0,PC Portable LENOVO ThinkPad L13 2En1 Gen 6 Ultra 7 255U 16Go 512Go SSD - Gris,LENOVO,16.0,512.0,13.3,Intel,0.0,Windows 11 Pro,3,0,Premium,LENOVO::Premium::c0
https://www.mytek.tn/pc-portable-gamer-lenovo-legion-pro-5-16irx10-i9-14e-gen-32g-rtx-5070.html,7059.0,PC Portable Gamer LENOVO Légion Pro 5 16IRX10 i9 14è Gén 32G RTX 5070,LENOVO,32.0,1024.0,16.0,Intel,9.0,FreeDos,3,0,Premium,LENOVO::Premium::c1
https://www.mytek.tn/pc-portable-gamer-lenovo-legion-5-15agp11-amd-ryzen-ai-9-32go-rtx-5060.html,7299.0,PC Portable Gamer LENOVO Légion 5 15AGP11 AMD Ryzen AI 9 32Go RTX 5060,LENOVO,32.0,1024.0,15.3,AMD,0.0,FreeDos,3,1,Premium,LENOVO::Premium::c1
https://www.mytek.tn/pc-portable-gamer-lenovo-legion-pro5-16iax10-ultra-7-255hx-32g-rtx-5060.html,7639.0,PC Portable Gamer LENOVO Légion Pro5 16IAX10 Ultra 7 255HX 32G RTX 5060,LENOVO,32.0,1024.0,16.0,Intel,0.0,Windows 11 Famille,3,0,Premium,LENOVO::Premium::c1
https://www.mytek.tn/pc-portable-lenovo-thinkbook-16p-g6-iax-ultra-9-275hx-32go-rtx-5060.html,8199.0,PC Portable LENOVO ThinkBook 16p G6 IAX Ultra 9 275HX 32Go RTX 5060,LENOVO,32.0,512.0,16.0,Intel,0.0,Windows 11 Pro,3,0,Premium,LENOVO::Premium::c0
https://www.mytek.tn/pc-portable-lenovo-thinkpad-t14s-gen-6-ultra-7-258v-32go-1to-ssd-noir.html,9189.0,PC Portable LENOVO ThinkPad T14s Gen 6 Ultra 7 258V 32Go 1To SSD - Noir,LENOVO,32.0,1024.0,14.0,Intel,0.0,Windows 11 Pro,3,0,,
https://www.mytek.tn/pc-portable-lenovo-thinkpad-x1-carbon-gen-13-ultra-7-268v-32g-1to-ssd-noir.html,9539.0,PC Portable LENOVO ThinkPad X1 Carbon Gen 13 Ultra 7 268V 32G 1To SSD - Noir,LENOVO,32.0,1024.0,14.0,Intel,0.0,FreeDos,3,0,,
https://www.mytek.tn/pc-portable-lenovo-thinkpad-t14s-gen-6-ultra-7-255u-32go-1to-ssd-noir.html,9799.0,PC Portable LENOVO ThinkPad T14s Gen 6 Ultra 7 255U 32Go 1To SSD - Noir,LENOVO,32.0,1024.0,14.0,Intel,0.0,Windows 11 Pro,3,0,,
https://www.mytek.tn/pc-portable-lenovo-thinkpad-x1-2en1-gen-10-aura-edition-ultra7-258v-32g-1to-ssd.html,9999.0,PC Portable LENOVO ThinkPad X1 2En1 Gen 10 Aura Edition Ultra7 258V 32G 1To SSD,LENOVO,32.0,1024.0,14.0,Intel,0.0,Windows 11 Pro,3,0,Premium,LENOVO::Premium::c1
https://www.mytek.tn/pc-portable-lenovo-thinkpad-x1-carbon-gen-13-ultra-7-268v-32go-1to-ssd-noir.html,10129.0,PC Portable LENOVO ThinkPad X1 Carbon Gen 13 Ultra 7 268V 32Go 1To SSD - Noir,LENOVO,32.0,1024.0,14.0,Intel,0.0,Windows 11 Pro,3,0,,
https://www.mytek.tn/pc-portable-gamer-lenovo-legion-pro-7-16irx9h-i9-14e-gen-32go-rtx-4090.html,11999.0,PC Portable Gamer LENOVO Légion Pro 7 16IRX9H i9 14è Gén 32Go RTX 4090,LENOVO,32.0,1024.0,16.0,Intel,9.0,Windows 11 Famille,3,0,Premium,LENOVO::Premium::c1
https://www.mytek.tn/pc-portable-gamer-lenovo-legion-pro-7-16irx9h-i9-14e-gen-32go-rtx-4090-83de005ufg.html,11999.0,PC Portable Gamer LENOVO Légion Pro 7 16IRX9H i9 14è Gén 32Go RTX 4090(83DE005UFG),LENOVO,32.0,1024.0,16.0,Intel,9.0,Windows 11 Famille,3,0,Premium,LENOVO::Premium::c1
https://www.mytek.tn/pc-portable-gamer-lenovo-legion-pro-7-16irx9h-i9-14e-gen-64go-rtx-4090.html,12929.0,PC Portable Gamer LENOVO Légion Pro 7 16IRX9H i9 14è Gén 64Go RTX 4090,LENOVO,64.0,1024.0,16.0,Intel,9.0,Windows 11 Famille,3,0,Premium,LENOVO::Premium::c1
https://www.mytek.tn/pc-portable-msi-modern-15-f13mg-i5-13eme-gen-8go-512go-ssd.html,1799.0,Pc Portable MSI Modern 15 F13MG i5 13ème Gén 8Go 512Go SSD,MSI,8.0,512.0,15.6,Intel,5.0,FreeDos,3,0,Économique,MSI::Économique::c0
https://www.mytek.tn/pc-portable-msi-modern-15-f13mg-i5-13eme-gen-8g-512go-ssd.html,1839.0,Pc Portable MSI Modern 15 F13MG i5 13ème Gén 8G 512Go SSD,MSI,8.0,512.0,15.6,Intel,5.0,Windows 11 Pro,3,0,Économique,MSI::Économique::c2
https://www.mytek.tn/pc-portable-msi-modern-15-f13mg-i5-13eme-gen-16go-512go-ssd.html,1999.0,Pc Portable MSI Modern 15 F13MG i5 13ème Gén 16Go 512Go SSD,MSI,16.0,512.0,15.6,Intel,5.0,FreeDos,3,0,Économique,MSI::Économique::c0
https://www.mytek.tn/pc-portable-msi-modern-15-f13mg-i5-13eme-gen-24go-512go-ssd.html,2199.0,Pc Portable MSI Modern 15 F13MG i5 13ème Gén 24Go 512Go SSD,MSI,24.0,512.0,15.6,Intel,5.0,FreeDos,3,0,Économique,MSI::Économique::c0
https://www.mytek.tn/pc-portable-msi-modern-15-f1m-intel-core-7-150u-16go-512go-ssd.html,2349.0,Pc Portable MSI Modern 15 F1M Intel Core 7 150U 16Go 512Go SSD,MSI,16.0,512.0,15.6,Intel,7.0,FreeDos,3,0,Économique,MSI::Économique::c1
https://www.mytek.tn/pc-portable-msi-modern-15-f1m-intel-core-7-150u-16g-512go-ssd.html,2389.0,Pc Portable MSI Modern 15 F1M Intel Core 7 150U 16G 512Go SSD,MSI,16.0,512.0,15.6,Intel,7.0,Windows 11 Pro,3,0,Économique,MSI::Économique::c2
https://www.mytek.tn/pc-portable-gamer-msi-thin-15-b13udx-i5-13e-gen-8g-rtx3050.html,2439.0,PC Portable Gamer MSI Thin 15 B13UDX i5 13è Gén 8G RTX3050,MSI,8.0,512.0,15.6,Intel,5.0,FreeDos,3,0,Économique,MSI::Économique::c0
https://www.mytek.tn/pc-portable-gamer-msi-thin-15-b13ucx-i7-13e-gen-8go-rtx-2050.html,2479.0,PC Portable Gamer MSI Thin 15 B13UCX i7 13è Gén 8Go RTX 2050,MSI,8.0,512.0,15.6,Intel,7.0,FreeDos,3,0,Économique,MSI::Économique::c1
https://www.mytek.tn/pc-portable-gamer-msi-thin-15-b13udx-i5-13e-gen-8g-rtx-3050.html,2489.0,PC Portable Gamer MSI Thin 15 B13UDX i5 13è Gén 8G RTX 3050,MSI,8.0,512.0,15.6,Intel,5.0,Windows 11 Pro,3,0,Économique,MSI::Économique::c2
https://www.mytek.tn/pc-portable-gamer-msi-thin-15-b13ucx-i7-13e-gen-8g-rtx-2050.html,2529.0,PC Portable Gamer MSI Thin 15 B13UCX i7 13è Gén 8G RTX 2050,MSI,8.0,512.0,15.6,Intel,7.0,Windows 11 Pro,3,0,Économique,MSI::Économique::c2
https://www.mytek.tn/pc-portable-gamer-msi-thin-15-b13udx-i5-13e-gen-16g-rtx3050.html,2639.0,PC Portable Gamer MSI Thin 15 B13UDX i5 13è Gén 16G RTX3050,MSI,16.0,512.0,15.6,Intel,5.0,FreeDos,3,0,Économique,MSI::Économique::c0
https://www.mytek.tn/pc-portable-gamer-msi-thin-15-b13ucx-i7-13e-gen-16go-rtx-2050.html,2675.0,PC Portable Gamer MSI Thin 15 B13UCX i7 13è Gén 16Go RTX 2050,MSI,16.0,512.0,15.6,Intel,7.0,FreeDos,3,0,Économique,MSI::Économique::c1
https://www.mytek.tn/pc-portable-gamer-msi-thin-15-b13udx-i7-13e-gen-8g-rtx3050.html,2685.0,PC Portable Gamer MSI Thin 15 B13UDX i7 13è Gén 8G RTX3050,MSI,8.0,512.0,15.6,Intel,7.0,FreeDos,3,0,Économique,MSI::Économique::c1
https://www.mytek.tn/pc-portable-gamer-msi-thin-15-b13ucx-i7-13e-gen-16g-rtx-2050.html,2715.0,PC Portable Gamer MSI Thin 15 B13UCX i7 13è Gén 16G RTX 2050,MSI,16.0,512.0,15.6,Intel,7.0,Windows 11 Pro,3,0,Économique,MSI::Économique::c2
https://www.mytek.tn/pc-portable-gamer-msi-thin-15-b13udx-i7-13e-gen-8g-rtx-3050.html,2725.0,PC Portable Gamer MSI Thin 15 B13UDX i7 13è Gén 8G RTX 3050,MSI,8.0,512.0,15.6,Intel,7.0,Windows 11 Pro,3,0,Économique,MSI::Économique::c2
https://www.mytek.tn/pc-portable-gamer-msi-cyborg-15-a13u-i5-13e-gen-16go-rtx-3050.html,2799.0,PC Portable Gamer MSI CYBORG 15 A13U i5 13è Gén 16Go RTX 3050,MSI,16.0,512.0,15.6,Intel,5.0,FreeDos,3,0,Milieu de gamme,MSI::Milieu de gamme::c0
https://www.mytek.tn/pc-portable-msi-modern-15-f1m-intel-core-7-150u-24go-512go-ssd.html,2805.0,Pc Portable MSI Modern 15 F1M Intel Core 7 150U 24Go 512Go SSD,MSI,24.0,512.0,15.6,Intel,7.0,FreeDos,3,0,Économique,MSI::Économique::c1
https://www.mytek.tn/pc-portable-gamer-msi-thin-15-b13udx-i5-13e-gen-24g-rtx3050.html,2849.0,PC Portable Gamer MSI Thin 15 B13UDX i5 13è Gén 24G RTX3050,MSI,24.0,512.0,15.6,Intel,5.0,FreeDos,3,0,Économique,MSI::Économique::c0
https://www.mytek.tn/pc-portable-gamer-msi-thin-15-b13ucx-i7-13e-gen-24go-rtx-2050.html,2869.0,PC Portable Gamer MSI Thin 15 B13UCX i7 13è Gén 24Go RTX 2050,MSI,24.0,512.0,15.6,Intel,7.0,FreeDos,3,0,Économique,MSI::Économique::c1
https://www.mytek.tn/pc-portable-gamer-msi-thin-15-b13udx-i7-13e-gen-16g-rtx3050.html,2889.0,PC Portable Gamer MSI Thin 15 B13UDX i7 13è Gén 16G RTX3050,MSI,16.0,512.0,15.6,Intel,7.0,FreeDos,3,0,Économique,MSI::Économique::c1
https://www.mytek.tn/pc-portable-gamer-msi-thin-15-b13ucx-i7-13e-gen-24g-rtx-2050.html,2909.0,PC Portable Gamer MSI Thin 15 B13UCX i7 13è Gén 24G RTX 2050,MSI,24.0,512.0,15.6,Intel,7.0,Windows 11 Pro,3,0,Milieu de gamme,MSI::Milieu de gamme::c1
https://www.mytek.tn/pc-portable-gamer-msi-cyborg-15-a13u-i7-13e-gen-16go-rtx-3050.html,2989.0,PC Portable Gamer MSI CYBORG 15 A13U i7 13è Gén 16Go RTX 3050,MSI,16.0,512.0,15.6,Intel,7.0,FreeDos,3,0,Milieu de gamme,MSI::Milieu de gamme::c1
https://www.mytek.tn/pc-portable-gamer-msi-cyborg-15-a13u-i5-13e-gen-16g-rtx-3050.html,2989.0,PC Portable Gamer MSI CYBORG 15 A13U i5 13è Gén 16G RTX 3050,MSI,16.0,512.0,15.6,Intel,5.0,Windows 11 Pro,3,0,Milieu de gamme,MSI::Milieu de gamme::c2
https://www.mytek.tn/pc-portable-gamer-msi-cyborg-15-a13ve-i5-13e-gen-16g-rtx4050.html,2999.0,PC Portable Gamer MSI Cyborg 15 A13VE i5 13è Gén 16G RTX4050,MSI,16.0,512.0,15.6,Intel,5.0,FreeDos,3,0,Milieu de gamme,MSI::Milieu de gamme::c0
https://www.mytek.tn/pc-portable-gamer-msi-thin-15-b13udx-i5-13e-gen-32g-rtx3050.html,3049.0,PC Portable Gamer MSI Thin 15 B13UDX i5 13è Gén 32G RTX3050,MSI,32.0,512.0,15.6,Intel,5.0,FreeDos,3,0,Milieu de gamme,MSI::Milieu de gamme::c0
https://www.mytek.tn/pc-portable-gamer-msi-thin-15-b13ucx-i7-13e-gen-32go-rtx-2050.html,3055.0,PC Portable Gamer MSI Thin 15 B13UCX i7 13è Gén 32Go RTX 2050,MSI,32.0,512.0,15.6,Intel,7.0,FreeDos,3,0,Milieu de gamme,MSI::Milieu de gamme::c1
https://www.mytek.tn/pc-portable-gamer-msi-thin-15-b13udx-i7-13e-gen-24g-rtx3050.html,3079.0,PC Portable Gamer MSI Thin 15 B13UDX i7 13è Gén 24G RTX3050,MSI,24.0,512.0,15.6,Intel,7.0,FreeDos,3,0,Milieu de gamme,MSI::Milieu de gamme::c1
https://www.mytek.tn/pc-portable-gamer-msi-thin-15-b13ucx-i7-13e-gen-32go-rtx-2050-gris.html,3095.0,PC Portable Gamer MSI Thin 15 B13UCX i7 13è Gén 32Go RTX 2050 - Gris,MSI,32.0,512.0,15.6,Intel,7.0,Windows 11 Pro,3,0,Milieu de gamme,MSI::Milieu de gamme::c1
https://www.mytek.tn/pc-portable-gamer-msi-cyborg-15-a13ve-i5-13e-gen-8go-rtx-4050.html,3099.0,PC Portable Gamer MSI Cyborg 15 A13VE i5 13è Gén 8Go RTX 4050,MSI,8.0,512.0,15.6,Intel,5.0,FreeDos,3,0,Milieu de gamme,MSI::Milieu de gamme::c0
https://www.mytek.tn/pc-portable-gamer-msi-cyborg-15-a13ve-i7-13e-gen-16go-rtx4050.html,3129.0,PC Portable Gamer MSI Cyborg 15 A13VE i7 13è Gén 16Go RTX4050,MSI,16.0,512.0,15.6,Intel,7.0,Windows 11 Pro,3,0,Milieu de gamme,MSI::Milieu de gamme::c1
https://www.mytek.tn/pc-portable-gamer-msi-cyborg-15-a13ve-i5-13e-gen-8go-rtx4050.html,3149.0,PC Portable Gamer MSI Cyborg 15 A13VE i5 13è Gén 8Go RTX4050,MSI,8.0,512.0,15.6,Intel,5.0,Windows 11 Pro,3,0,Milieu de gamme,MSI::Milieu de gamme::c2
https://www.mytek.tn/pc-portable-gamer-msi-cyborg-15-a13ve-i7-13e-gen-16g-rtx4050.html,3169.0,PC Portable Gamer MSI Cyborg 15 A13VE i7 13è Gén 16G RTX4050,MSI,16.0,512.0,15.6,Intel,7.0,FreeDos,3,0,Milieu de gamme,MSI::Milieu de gamme::c1
https://www.mytek.tn/pc-portable-gamer-msi-cyborg-15-a13u-i7-13e-gen-16g-rtx-3050.html,3169.0,PC Portable Gamer MSI CYBORG 15 A13U i7 13è Gén 16G RTX 3050,MSI,16.0,512.0,15.6,Intel,7.0,Windows 11 Pro,3,0,Milieu de gamme,MSI::Milieu de gamme::c1
https://www.mytek.tn/pc-portable-gamer-msi-cyborg-15-a13ve-i5-13eme-gen-16go-rtx4050.html,3189.0,PC Portable Gamer MSI Cyborg 15 A13VE i5 13ème Gén 16Go RTX4050,MSI,16.0,512.0,15.6,Intel,5.0,Windows 11 Pro,3,0,Milieu de gamme,MSI::Milieu de gamme::c2
https://www.mytek.tn/pc-portable-gamer-msi-thin-15-b13udx-i7-13e-gen-32g-rtx3050.html,3265.0,PC Portable Gamer MSI Thin 15 B13UDX i7 13è Gén 32G RTX3050,MSI,32.0,512.0,15.6,Intel,7.0,FreeDos,3,0,Milieu de gamme,MSI::Milieu de gamme::c1
https://www.mytek.tn/pc-portable-gamer-msi-thin-15-b13udx-i7-13e-gen-32go-rtx-3050-gris.html,3305.0,PC Portable Gamer MSI Thin 15 B13UDX i7 13è Gén 32Go RTX 3050 - Gris,MSI,32.0,512.0,15.6,Intel,7.0,Windows 11 Pro,3,0,Milieu de gamme,MSI::Milieu de gamme::c1
https://www.mytek.tn/pc-portable-gamer-msi-cyborg-15-a13ve-i5-13e-gen-16go-rtx-4050.html,3499.0,PC Portable Gamer MSI Cyborg 15 A13VE i5 13è Gén 16Go RTX 4050,MSI,16.0,512.0,15.6,Intel,5.0,FreeDos,3,0,Milieu de gamme,MSI::Milieu de gamme::c0
https://www.mytek.tn/pc-portable-gamer-msi-cyborg-15-a13ve-i5-13e-gen-16go-rtx4050.html,3549.0,PC Portable Gamer MSI Cyborg 15 A13VE i5 13è Gén 16Go RTX4050,MSI,16.0,512.0,15.6,Intel,5.0,Windows 11 Pro,3,0,Milieu de gamme,MSI::Milieu de gamme::c2
https://www.mytek.tn/pc-portable-gamer-msi-cyborg-15-a13ve-i7-13e-gen-24g-rtx4050.html,3599.0,PC Portable Gamer MSI Cyborg 15 A13VE i7 13è Gén 24G RTX4050,MSI,24.0,512.0,15.6,Intel,7.0,FreeDos,3,0,,
https://www.mytek.tn/pc-portable-gamer-msi-cyborg-15-a13u-i5-13e-gen-32go-rtx-3050.html,3739.0,PC Portable Gamer MSI CYBORG 15 A13U i5 13è Gén 32Go RTX 3050,MSI,32.0,512.0,15.6,Intel,5.0,FreeDos,3,0,Premium,MSI::Premium::c0
https://www.mytek.tn/pc-portable-gamer-msi-cyborg-15-b2rw-intel-core-5-210h-8go-rtx-5060.html,3819.0,PC Portable Gamer MSI Cyborg 15 B2RW Intel Core 5 210H 8Go RTX 5060,MSI,8.0,512.0,15.6,Intel,5.0,FreeDos,3,0,Milieu de gamme,MSI::Milieu de gamme::c0
https://www.mytek.tn/pc-portable-gamer-msi-cyborg-15-a13u-i7-13e-gen-32go-rtx-3050.html,3919.0,PC Portable Gamer MSI CYBORG 15 A13U i7 13è Gén 32Go RTX 3050,MSI,32.0,512.0,15.6,Intel,7.0,FreeDos,3,0,Premium,MSI::Premium::c0
https://www.mytek.tn/pc-portable-gamer-msi-cyborg-15-a13ve-i5-13e-gen-32g-rtx4050.html,3939.0,PC Portable Gamer MSI Cyborg 15 A13VE i5 13è Gén 32G RTX4050,MSI,32.0,512.0,15.6,Intel,5.0,FreeDos,3,0,Premium,MSI::Premium::c0
https://www.mytek.tn/pc-portable-gamer-msi-cyborg-15-a13ve-i7-13e-gen-32g-rtx4050.html,4009.0,PC Portable Gamer MSI Cyborg 15 A13VE i7 13è Gén 32G RTX4050,MSI,32.0,512.0,15.6,Intel,7.0,FreeDos,3,0,,
https://www.mytek.tn/pc-portable-gamer-msi-cyborg-15-a13ve-i7-13e-gen-32go-rtx4050.html,4059.0,PC Portable Gamer MSI Cyborg 15 A13VE i7 13è Gén 32Go RTX4050,MSI,32.0,512.0,15.6,Intel,7.0,Windows 11 Pro,3,0,Premium,MSI::Premium::c0
https://www.mytek.tn/pc-portable-gamer-msi-cyborg-17-b2rw-intel-core-5-210h-8go-rtx-5050.html,4099.0,PC Portable Gamer MSI Cyborg 17 B2RW Intel Core 5 210H 8Go RTX 5050,MSI,8.0,512.0,17.3,Intel,5.0,FreeDos,3,0,Premium,MSI::Premium::c0
https://www.mytek.tn/pc-portable-gamer-msi-cyborg-15-b2rw-intel-core-7-240h-8go-rtx-5060.html,4099.0,PC Portable Gamer MSI Cyborg 15 B2RW Intel Core 7 240H 8Go RTX 5060,MSI,8.0,512.0,15.6,Intel,7.0,FreeDos,3,0,Premium,MSI::Premium::c0
https://www.mytek.tn/pc-portable-gamer-msi-cyborg-15-b2rw-intel-core-7-240h-8g-rtx-5060.html,4149.0,PC Portable Gamer MSI Cyborg 15 B2RW Intel Core 7 240H 8G RTX 5060,MSI,8.0,512.0,15.6,Intel,7.0,Windows 11 Pro,3,0,Premium,MSI::Premium::c0
https://www.mytek.tn/pc-portable-gamer-msi-cyborg-15-b2rw-intel-core-5-210h-16go-rtx-5060.html,4219.0,PC Portable Gamer MSI Cyborg 15 B2RW Intel Core 5 210H 16Go RTX 5060,MSI,16.0,512.0,15.6,Intel,5.0,FreeDos,3,0,Premium,MSI::Premium::c0
https://www.mytek.tn/pc-portable-gamer-msi-cyborg-17-b2rw-intel-core-7-240h-8go-rtx-5050.html,4299.0,PC Portable Gamer MSI Cyborg 17 B2RW Intel Core 7 240H 8Go RTX 5050,MSI,8.0,512.0,17.3,Intel,7.0,FreeDos,3,0,Premium,MSI::Premium::c0
https://www.mytek.tn/pc-portable-gamer-msi-cyborg-17-b2rw-intel-core-5-210h-8go-rtx-5060.html,4299.0,PC Portable Gamer MSI Cyborg 17 B2RW Intel Core 5 210H 8Go RTX 5060,MSI,8.0,512.0,17.3,Intel,5.0,FreeDos,3,0,Premium,MSI::Premium::c0
https://www.mytek.tn/pc-portable-gamer-msi-cyborg-15-a13ve-i5-13e-gen-32go-rtx-4050.html,4299.0,PC Portable Gamer MSI Cyborg 15 A13VE i5 13è Gén 32Go RTX 4050,MSI,32.0,512.0,15.6,Intel,5.0,FreeDos,3,0,Premium,MSI::Premium::c0
https://www.mytek.tn/pc-portable-gamer-msi-cyborg-17-b2rw-intel-core-7-240h-8go-rtx-5060.html,4499.0,PC Portable Gamer MSI Cyborg 17 B2RW Intel Core 7 240H 8Go RTX 5060,MSI,8.0,512.0,17.3,Intel,7.0,FreeDos,3,0,Premium,MSI::Premium::c0
https://www.mytek.tn/pc-portable-gamer-msi-cyborg-15-b2rw-intel-core-7-240h-16go-rtx-5060.html,4519.0,PC Portable Gamer MSI Cyborg 15 B2RW Intel Core 7 240H 16Go RTX 5060,MSI,16.0,512.0,15.6,Intel,7.0,FreeDos,3,0,Premium,MSI::Premium::c0
https://www.mytek.tn/pc-portable-gamer-msi-cyborg-17-b13w-i5-13e-gen-16g-rtx-5060.html,4735.0,PC Portable Gamer MSI Cyborg 17 B13W i5 13è Gén 16G RTX 5060,MSI,16.0,512.0,17.3,Intel,5.0,FreeDos,3,0,Premium,MSI::Premium::c0
https://www.mytek.tn/pc-portable-gamer-msi-cyborg-15-b13w-i7-13e-gen-16go-rtx-5060.html,4809.0,PC Portable Gamer MSI Cyborg 15 B13W i7 13è Gén 16Go RTX 5060,MSI,16.0,512.0,15.6,Intel,7.0,FreeDos,3,0,Premium,MSI::Premium::c0
https://www.mytek.tn/pc-portable-gamer-msi-cyborg-17-b2rw-intel-core-7-240h-16go-rtx-5060.html,4899.0,PC Portable Gamer MSI Cyborg 17 B2RW Intel Core 7 240H 16Go RTX 5060,MSI,16.0,512.0,17.3,Intel,7.0,FreeDos,3,0,Premium,MSI::Premium::c0
https://www.mytek.tn/pc-portable-gamer-msi-cyborg-15-b2rw-intel-core-5-210h-32go-rtx-5060.html,5039.0,PC Portable Gamer MSI Cyborg 15 B2RW Intel Core 5 210H 32Go RTX 5060,MSI,32.0,512.0,15.6,Intel,5.0,FreeDos,3,0,,
https://www.mytek.tn/pc-portable-gamer-msi-cyborg-17-b2rw-intel-core-5-210h-32go-rtx-5050.html,5299.0,PC Portable Gamer MSI Cyborg 17 B2RW Intel Core 5 210H 32Go RTX 5050,MSI,32.0,512.0,17.3,Intel,5.0,FreeDos,3,0,Premium,MSI::Premium::c0
https://www.mytek.tn/pc-portable-gamer-msi-cyborg-15-b2rw-intel-core-7-240h-32go-rtx-5060.html,5319.0,PC Portable Gamer MSI Cyborg 15 B2RW Intel Core 7 240H 32Go RTX 5060,MSI,32.0,512.0,15.6,Intel,7.0,FreeDos,3,0,Premium,MSI::Premium::c0
https://www.mytek.tn/pc-portable-gamer-msi-cyborg-17-b2rw-intel-core-5-210h-32go-rtx-5060.html,5499.0,PC Portable Gamer MSI Cyborg 17 B2RW Intel Core 5 210H 32Go RTX 5060,MSI,32.0,512.0,17.3,Intel,5.0,FreeDos,3,0,Premium,MSI::Premium::c0
https://www.mytek.tn/pc-portable-gamer-msi-cyborg-15-b13w-i7-13e-gen-16go-rtx-5070.html,5509.0,PC Portable Gamer MSI Cyborg 15 B13W i7 13è Gén 16Go RTX 5070,MSI,16.0,512.0,15.6,Intel,7.0,FreeDos,3,0,Premium,MSI::Premium::c0
https://www.mytek.tn/pc-portable-gamer-msi-cyborg-17-b2rw-intel-core-7-240h-32go-rtx-5060.html,5699.0,PC Portable Gamer MSI Cyborg 17 B2RW Intel Core 7 240H 32Go RTX 5060,MSI,32.0,512.0,17.3,Intel,7.0,FreeDos,3,0,Premium,MSI::Premium::c0
https://www.mytek.tn/pc-portable-gamer-msi-vector-16-hx-ai-a2xw-ultra-9-275hx-32go-rtx-5080.html,12359.0,PC Portable Gamer MSI Vector 16 HX AI A2XW Ultra 9 275HX 32Go RTX 5080,MSI,32.0,1024.0,16.0,Intel,0.0,Windows 11 Famille,3,0,Premium,MSI::Premium::c0
https://www.mytek.tn/pc-portable-asus-vivobook-go-15-intel-celeron-n4500-8go-256go-ssd-bleu.html,1299.0,PC Portable ASUS Vivobook Go 15 Intel Celeron N4500 8Go 256Go SSD - Bleu,ASUS,8.0,256.0,15.6,Intel,0.0,Windows 11 Famille,4,0,Économique,ASUS::Économique::c3
https://www.mytek.tn/pc-portable-asus-vivobook-go-15-intel-celeron-n4500-8g-256go-ssd-bleu.html,1339.0,PC Portable ASUS Vivobook Go 15 Intel Celeron N4500 8G 256Go SSD - Bleu,ASUS,8.0,256.0,15.6,Intel,0.0,Windows 11 Pro,4,0,Économique,ASUS::Économique::c3
https://www.mytek.tn/pc-portable-asus-vivobook-go-14-i3-n305-8go-256go-ssd-noir.html,1399.0,PC Portable ASUS Vivobook Go 14 I3-N305 8Go 256Go SSD - Noir,ASUS,8.0,256.0,14.0,Intel,3.0,Windows 11 Famille,4,0,Économique,ASUS::Économique::c3
https://www.mytek.tn/pc-portable-asus-vivobook-15-x1504va-i3-13eme-gen-8go-512go-ssd-bleu.html,1499.0,PC Portable ASUS Vivobook 15 X1504VA i3 13ème Gén 8Go 512Go SSD - Bleu,ASUS,8.0,512.0,15.6,Intel,3.0,Windows 11 Famille,4,0,Économique,ASUS::Économique::c0
https://www.mytek.tn/pc-portable-asus-vivobook-go-15-amd-ryzen-5-8g-512go-ssd-noir.html,1599.0,PC Portable ASUS Vivobook Go 15 AMD RYZEN 5 8G 512Go SSD - Noir,ASUS,8.0,512.0,15.6,AMD,0.0,Windows 11 Famille,4,1,Économique,ASUS::Économique::c1
https://www.mytek.tn/pc-portable-asus-vivobook-go-15-amd-ryzen-5-8go-512g-ssd-noir.html,1599.0,PC Portable ASUS Vivobook Go 15 AMD RYZEN 5 8Go 512G SSD - Noir,ASUS,8.0,512.0,15.6,AMD,0.0,Windows 11 Famille,4,1,Économique,ASUS::Économique::c1
https://www.mytek.tn/pc-portable-asus-vivobook-go-15-amd-ryzen-5-8go-512go-ssd-silver.html,1599.0,PC Portable ASUS Vivobook Go 15 AMD RYZEN 5 8Go 512Go SSD - Silver,ASUS,8.0,512.0,15.6,AMD,0.0,Windows 11 Famille,4,1,Économique,ASUS::Économique::c1
https://www.mytek.tn/pc-portable-asus-vivobook-15-m1502ya-amd-ryzen7-8go-512g-ssd-silver.html,1699.0,PC Portable ASUS Vivobook 15 M1502YA AMD RYZEN7 8Go 512G SSD - Silver,ASUS,8.0,512.0,15.6,AMD,0.0,Windows 11 Famille,4,1,Économique,ASUS::Économique::c1
https://www.mytek.tn/pc-portable-asus-vivobook-15-m1502ya-amd-ryzen7-8go-512g-ssd-bleu.html,1699.0,PC Portable ASUS Vivobook 15 M1502YA AMD RYZEN7 8Go 512G SSD - Bleu,ASUS,8.0,512.0,15.6,AMD,0.0,Windows 11 Famille,4,1,Économique,ASUS::Économique::c1
https://www.mytek.tn/pc-portable-asus-vivobook-15-x1504va-i3-13eme-gen-16go-512go-ssd-bleu.html,1705.0,PC Portable ASUS Vivobook 15 X1504VA i3 13ème Gén 16Go 512Go SSD - Bleu,ASUS,16.0,512.0,15.6,Intel,3.0,Windows 11 Famille,4,0,Économique,ASUS::Économique::c0
https://www.mytek.tn/pc-portable-asus-vivobook-15-x1502va-i5-13e-gen-8go-512go-ssd-silver.html,1799.0,PC Portable ASUS Vivobook 15 X1502VA i5 13è Gén 8Go 512Go SSD - Silver,ASUS,8.0,512.0,15.6,Intel,5.0,Windows 11 Famille,4,0,Économique,ASUS::Économique::c0
https://www.mytek.tn/pc-portable-asus-vivobook-15-x1502va-i5-13e-gen-8g-512g-ssd-bleu.html,1799.0,PC Portable ASUS Vivobook 15 X1502VA i5 13è Gén 8G 512G SSD - Bleu,ASUS,8.0,512.0,15.6,Intel,5.0,Windows 11 Famille,4,0,Économique,ASUS::Économique::c0
https://www.mytek.tn/pc-portable-asus-expertbook-p1503-i5-13e-gen-8g-512go-ssd-gris.html,1799.0,PC Portable ASUS ExpertBook P1503 i5 13è Gén 8G 512Go SSD - Gris,ASUS,8.0,512.0,15.6,Intel,5.0,FreeDos,4,0,Économique,ASUS::Économique::c2
https://www.mytek.tn/pc-portable-asus-vivobook-15-m1502ya-amd-ryzen7-12go-512g-ssd-silver.html,1819.0,PC Portable ASUS Vivobook 15 M1502YA AMD RYZEN7 12Go 512G SSD - Silver,ASUS,12.0,512.0,15.6,AMD,0.0,Windows 11 Famille,4,1,Économique,ASUS::Économique::c1
https://www.mytek.tn/pc-portable-asus-expertbook-p1503-i5-13eme-gen-8g-512go-ssd-gris.html,1859.0,PC Portable ASUS ExpertBook P1503 i5 13ème Gén 8G 512Go SSD - Gris,ASUS,8.0,512.0,15.6,Intel,5.0,FreeDos,4,0,Économique,ASUS::Économique::c2
https://www.mytek.tn/pc-portable-asus-vivobook-15-x1504va-intel-core-5-120u-8g-512g-ssd-silver.html,1899.0,PC Portable ASUS Vivobook 15 X1504VA Intel Core 5 120U 8G 512G SSD - Silver,ASUS,8.0,512.0,15.6,Intel,5.0,Windows 11 Famille,4,0,Économique,ASUS::Économique::c0
https://www.mytek.tn/pc-portable-asus-vivobook-go-15-amd-ryzen-5-16go-1to-ssd-gris-vert.html,1899.0,PC Portable ASUS Vivobook Go 15 AMD RYZEN 5 16Go 1To SSD - Gris Vert,ASUS,16.0,1024.0,15.6,AMD,0.0,Windows 11 Famille,4,1,Économique,ASUS::Économique::c1
https://www.mytek.tn/pc-portable-asus-vivobook-15-x1504va-i3-13eme-gen-24g-512g-ssd-silver.html,1929.0,PC Portable ASUS Vivobook 15 X1504VA i3 13ème Gén 24G 512G SSD - Silver,ASUS,24.0,512.0,15.6,Intel,3.0,Windows 11 Famille,4,0,Économique,ASUS::Économique::c0
https://www.mytek.tn/pc-portable-asus-vivobook-15-x1504va-i3-13eme-gen-24go-512go-ssd-bleu.html,1929.0,PC Portable ASUS Vivobook 15 X1504VA i3 13ème Gén 24Go 512Go SSD - Bleu,ASUS,24.0,512.0,15.6,Intel,3.0,Windows 11 Famille,4,0,Économique,ASUS::Économique::c0
https://www.mytek.tn/pc-portable-asus-vivobook-15-m1502ya-amd-ryzen7-16go-512g-ssd-silver.html,1929.0,PC Portable ASUS Vivobook 15 M1502YA AMD RYZEN7 16Go 512G SSD - Silver,ASUS,16.0,512.0,15.6,AMD,0.0,Windows 11 Famille,4,1,Économique,ASUS::Économique::c1
https://www.mytek.tn/pc-portable-asus-vivobook-15-m1502ya-amd-ryzen7-16go-512g-ssd-bleu.html,1929.0,PC Portable ASUS Vivobook 15 M1502YA AMD RYZEN7 16Go 512G SSD - Bleu,ASUS,16.0,512.0,15.6,AMD,0.0,Windows 11 Famille,4,1,Économique,ASUS::Économique::c1
https://www.mytek.tn/pc-portable-asus-vivobook-15-m1502naq-amd-ryzen-5-8go-512go-ssd-bleu.html,1999.0,PC Portable ASUS Vivobook 15 M1502NAQ AMD RYZEN 5 8Go 512Go SSD - Bleu,ASUS,8.0,512.0,15.6,AMD,0.0,Windows 11 Famille,4,1,Économique,ASUS::Économique::c1
https://www.mytek.tn/pc-portable-asus-vivobook-15-x1502va-i5-13e-gen-16g-512g-ssd-bleu.html,2039.0,PC Portable ASUS Vivobook 15 X1502VA i5 13è Gén 16G 512G SSD - Bleu,ASUS,16.0,512.0,15.6,Intel,5.0,Windows 11 Famille,4,0,Économique,ASUS::Économique::c0
https://www.mytek.tn/pc-portable-asus-vivobook-15-x1502va-i5-13e-gen-16g-512g-ssd-silver.html,2039.0,PC Portable ASUS Vivobook 15 X1502VA i5 13è Gén 16G 512G SSD - Silver,ASUS,16.0,512.0,15.6,Intel,5.0,Windows 11 Famille,4,0,Économique,ASUS::Économique::c0
https://www.mytek.tn/pc-portable-asus-vivobook-15-x1502va-i7-13e-gen-8g-512g-ssd-bleu.html,2099.0,PC Portable ASUS Vivobook 15 X1502VA i7 13è Gén 8G 512G SSD - Bleu,ASUS,8.0,512.0,15.6,Intel,7.0,Windows 11 Famille,4,0,Économique,ASUS::Économique::c3
https://www.mytek.tn/pc-portable-asus-vivobook-15-x1502va-i7-13e-gen-8g-512g-ssd-silver.html,2099.0,PC Portable ASUS Vivobook 15 X1502VA i7 13è Gén 8G 512G SSD - Silver,ASUS,8.0,512.0,15.6,Intel,7.0,Windows 11 Famille,4,0,Économique,ASUS::Économique::c3
https://www.mytek.tn/pc-portable-asus-expertbook-p1503-i7-13e-gen-8go-512g-ssd-gris.html,2099.0,PC Portable ASUS ExpertBook P1503 i7 13è Gén 8Go 512G SSD - Gris,ASUS,8.0,512.0,15.6,Intel,7.0,FreeDos,4,0,Économique,ASUS::Économique::c2
https://www.mytek.tn/pc-portable-asus-vivobook-15-m1502ya-amd-ryzen7-24go-512g-ssd-silver.html,2159.0,PC Portable ASUS Vivobook 15 M1502YA AMD RYZEN7 24Go 512G SSD - Silver,ASUS,24.0,512.0,15.6,AMD,0.0,Windows 11 Famille,4,1,Économique,ASUS::Économique::c1
https://www.mytek.tn/pc-portable-asus-vivobook-15-m1502ya-amd-ryzen7-24go-512g-ssd-bleu.html,2159.0,PC Portable ASUS Vivobook 15 M1502YA AMD RYZEN7 24Go 512G SSD - Bleu,ASUS,24.0,512.0,15.6,AMD,0.0,Windows 11 Famille,4,1,Économique,ASUS::Économique::c1
https://www.mytek.tn/pc-portable-asus-vivobook-15-x1502va-i9-13e-gen-8go-512go-ssd-bleu.html,2199.0,PC Portable ASUS Vivobook 15 X1502VA i9 13è Gén 8Go 512Go SSD - Bleu,ASUS,8.0,512.0,15.6,Intel,9.0,Windows 11 Famille,4,0,Économique,ASUS::Économique::c3
https://www.mytek.tn/pc-portable-asus-vivobook-15-x1502va-i9-13e-gen-8g-512go-ssd-silver.html,2199.0,PC Portable ASUS Vivobook 15 X1502VA i9 13è Gén 8G 512Go SSD - Silver,ASUS,8.0,512.0,15.6,Intel,9.0,Windows 11 Famille,4,0,Économique,ASUS::Économique::c3
https://www.mytek.tn/pc-portable-asus-expertbook-p1503-i5-13e-gen-16g-512go-ssd-gris.html,2199.0,PC Portable ASUS ExpertBook P1503 i5 13è Gén 16G 512Go SSD - Gris,ASUS,16.0,512.0,15.6,Intel,5.0,FreeDos,4,0,Économique,ASUS::Économique::c2
https://www.mytek.tn/pc-portable-asus-vivobook-15-x1504va-intel-core-7-150u-8go-512go-ssd-silver.html,2199.0,PC Portable ASUS Vivobook 15 X1504VA Intel Core 7 150U 8Go 512Go SSD - Silver,ASUS,8.0,512.0,15.6,Intel,7.0,Windows 11 Famille,4,0,Économique,ASUS::Économique::c3
https://www.mytek.tn/pc-portable-asus-vivobook-15-oled-x1505va-i5-13e-gen-8g-512g-ssd-silver.html,2239.0,PC Portable ASUS Vivobook 15 OLED X1505VA i5 13è Gén 8G 512G SSD - Silver,ASUS,8.0,512.0,15.6,Intel,5.0,Windows 11 Famille,4,0,Économique,ASUS::Économique::c0
https://www.mytek.tn/pc-portable-asus-expertbook-p1503-i5-13eme-gen-16g-512go-ssd-gris.html,2259.0,PC Portable ASUS ExpertBook P1503 i5 13ème Gén 16G 512Go SSD - Gris,ASUS,16.0,512.0,15.6,Intel,5.0,FreeDos,4,0,Économique,ASUS::Économique::c2
https://www.mytek.tn/pc-portable-asus-vivobook-15-x1502va-i5-13e-gen-24g-512g-ssd-bleu.html,2269.0,PC Portable ASUS Vivobook 15 X1502VA i5 13è Gén 24G 512G SSD - Bleu,ASUS,24.0,512.0,15.6,Intel,5.0,Windows 11 Famille,4,0,Économique,ASUS::Économique::c0
https://www.mytek.tn/pc-portable-asus-vivobook-15-x1502va-i5-13e-gen-24g-512g-ssd-silver.html,2269.0,PC Portable ASUS Vivobook 15 X1502VA i5 13è Gén 24G 512G SSD - Silver,ASUS,24.0,512.0,15.6,Intel,5.0,Windows 11 Famille,4,0,Économique,ASUS::Économique::c0
https://www.mytek.tn/pc-portable-asus-vivobook-15-x1504va-intel-core-5-120u-16g-512g-ssd-silver.html,2295.0,PC Portable ASUS Vivobook 15 X1504VA Intel Core 5 120U 16G 512G SSD - Silver,ASUS,16.0,512.0,15.6,Intel,5.0,Windows 11 Famille,4,0,Économique,ASUS::Économique::c0
https://www.mytek.tn/pc-portable-asus-vivobook-15-x1502va-i7-13e-gen-16g-512g-ssd-bleu.html,2329.0,PC Portable ASUS Vivobook 15 X1502VA i7 13è Gén 16G 512G SSD - Bleu,ASUS,16.0,512.0,15.6,Intel,7.0,Windows 11 Famille,4,0,Économique,ASUS::Économique::c3
https://www.mytek.tn/pc-portable-asus-vivobook-15-x1502va-i7-13e-gen-16g-512g-ssd-silver.html,2329.0,PC Portable ASUS Vivobook 15 X1502VA i7 13è Gén 16G 512G SSD - Silver,ASUS,16.0,512.0,15.6,Intel,7.0,Windows 11 Famille,4,0,Économique,ASUS::Économique::c3
https://www.mytek.tn/pc-portable-gamer-asus-vivobook-16x-i5-13e-gen-8go-rtx3050.html,2339.0,PC Portable Gamer ASUS Vivobook 16X i5 13è Gén 8Go RTX3050,ASUS,8.0,512.0,16.0,Intel,5.0,Windows 11 Famille,4,0,Économique,ASUS::Économique::c0
https://www.mytek.tn/pc-portable-gamer-asus-vivobook-16x-i5-13e-gen-8go-rtx-3050.html,2339.0,PC Portable Gamer ASUS Vivobook 16X i5 13è Gén 8Go RTX 3050,ASUS,8.0,512.0,16.0,Intel,5.0,Windows 11 Famille,4,0,Économique,ASUS::Économique::c0
https://www.mytek.tn/pc-portable-gamer-asus-vivobook-16x-i5-13e-gen-8g-rtx3050.html,2389.0,PC Portable Gamer ASUS Vivobook 16X i5 13è Gén 8G RTX3050,ASUS,8.0,512.0,16.0,Intel,5.0,Windows 11 Pro,4,0,Milieu de gamme,ASUS::Milieu de gamme::c0
https://www.mytek.tn/pc-portable-gamer-asus-vivobook-16x-i5-13e-gen-8g-rtx-3050.html,2389.0,PC Portable Gamer ASUS Vivobook 16X i5 13è Gén 8G RTX 3050,ASUS,8.0,512.0,16.0,Intel,5.0,Windows 11 Pro,4,0,Milieu de gamme,ASUS::Milieu de gamme::c0
https://www.mytek.tn/pc-portable-asus-vivobook-15-x1502va-i7-13e-gen-8g-512go-ssd-silver.html,2399.0,PC Portable ASUS Vivobook 15 X1502VA i7 13è Gén 8G 512Go SSD - Silver,ASUS,8.0,512.0,15.6,Intel,7.0,Windows 11 Famille,4,0,Milieu de gamme,ASUS::Milieu de gamme::c0
https://www.mytek.tn/pc-portable-asus-vivobook-15-oled-x1505va-i5-13e-gen-16g-512g-ssd-silver.html,2399.0,PC Portable ASUS Vivobook 15 OLED X1505VA i5 13è Gén 16G 512G SSD - Silver,ASUS,16.0,512.0,15.6,Intel,5.0,Windows 11 Famille,4,0,Milieu de gamme,ASUS::Milieu de gamme::c0
https://www.mytek.tn/pc-portable-asus-vivobook-16-snapdragonr-x-x1-26-100-16g-512g-ssd-silver.html,2439.0,PC Portable ASUS Vivobook 16 Snapdragon® X X1 26 100 16G 512G SSD - Silver,ASUS,16.0,512.0,16.0,Qualcomm,0.0,Windows 11 Famille,4,1,Milieu de gamme,ASUS::Milieu de gamme::c1
https://www.mytek.tn/pc-portable-gamer-asus-vivobook-16x-i5-13e-gen-12go-rtx-3050.html,2445.0,PC Portable Gamer ASUS Vivobook 16X i5 13è Gén 12Go RTX 3050,ASUS,12.0,512.0,16.0,Intel,5.0,Windows 11 Famille,4,0,Milieu de gamme,ASUS::Milieu de gamme::c0
https://www.mytek.tn/pc-portable-gamer-asus-tuf-gaming-a15-amd-ryzen-5-8go-rtx-2050.html,2459.0,PC Portable Gamer ASUS TUF Gaming A15 AMD RYZEN 5 8Go RTX 2050,ASUS,8.0,512.0,15.6,AMD,5.0,Windows 11 Famille,4,1,Milieu de gamme,ASUS::Milieu de gamme::c1
https://www.mytek.tn/pc-portable-gamer-asus-vivobook-16x-i5-13e-gen-16go-rtx3050.html,2549.0,PC Portable Gamer ASUS Vivobook 16X i5 13è Gén 16Go RTX3050,ASUS,16.0,512.0,16.0,Intel,5.0,Windows 11 Famille,4,0,Milieu de gamme,ASUS::Milieu de gamme::c0
https://www.mytek.tn/pc-portable-gamer-asus-vivobook-16x-i5-13e-gen-16go-rtx-3050.html,2549.0,PC Portable Gamer ASUS Vivobook 16X i5 13è Gén 16Go RTX 3050,ASUS,16.0,512.0,16.0,Intel,5.0,Windows 11 Famille,4,0,Milieu de gamme,ASUS::Milieu de gamme::c0
https://www.mytek.tn/pc-portable-asus-vivobook-15-x1502va-i7-13e-gen-24g-512g-ssd-silver.html,2559.0,PC Portable ASUS Vivobook 15 X1502VA i7 13è Gén 24G 512G SSD - Silver,ASUS,24.0,512.0,15.6,Intel,7.0,Windows 11 Famille,4,0,Milieu de gamme,ASUS::Milieu de gamme::c0
https://www.mytek.tn/pc-portable-asus-vivobook-15-x1502va-i7-13e-gen-24g-512g-ssd-bleu.html,2559.0,PC Portable ASUS Vivobook 15 X1502VA i7 13è Gén 24G 512G SSD - Bleu,ASUS,24.0,512.0,15.6,Intel,7.0,Windows 11 Famille,4,0,Milieu de gamme,ASUS::Milieu de gamme::c0
https://www.mytek.tn/pc-portable-asus-vivobook-15-x1502va-i9-13e-gen-16go-512go-ssd-bleu.html,2599.0,PC Portable ASUS Vivobook 15 X1502VA i9 13è Gén 16Go 512Go SSD - Bleu,ASUS,16.0,512.0,15.6,Intel,9.0,Windows 11 Famille,4,0,Milieu de gamme,ASUS::Milieu de gamme::c0
https://www.mytek.tn/pc-portable-asus-vivobook-15-x1502va-i9-13e-gen-16g-512go-ssd-silver.html,2599.0,PC Portable ASUS Vivobook 15 X1502VA i9 13è Gén 16G 512Go SSD - Silver,ASUS,16.0,512.0,15.6,Intel,9.0,Windows 11 Famille,4,0,Milieu de gamme,ASUS::Milieu de gamme::c0
https://www.mytek.tn/pc-portable-asus-vivobook-15-x1504va-intel-core-7-150u-16go-512go-ssd-silver.html,2599.0,PC Portable ASUS Vivobook 15 X1504VA Intel Core 7 150U 16Go 512Go SSD - Silver,ASUS,16.0,512.0,15.6,Intel,7.0,Windows 11 Famille,4,0,Milieu de gamme,ASUS::Milieu de gamme::c0
https://www.mytek.tn/pc-portable-gamer-asus-vivobook-16x-i5-13e-gen-16g-rtx3050.html,2599.0,PC Portable Gamer ASUS Vivobook 16X i5 13è Gén 16G RTX3050,ASUS,16.0,512.0,16.0,Intel,5.0,Windows 11 Pro,4,0,Milieu de gamme,ASUS::Milieu de gamme::c0
https://www.mytek.tn/pc-portable-gamer-asus-vivobook-16x-i5-13e-gen-16g-rtx-3050.html,2599.0,PC Portable Gamer ASUS Vivobook 16X i5 13è Gén 16G RTX 3050,ASUS,16.0,512.0,16.0,Intel,5.0,Windows 11 Pro,4,0,Milieu de gamme,ASUS::Milieu de gamme::c0
https://www.mytek.tn/pc-portable-asus-vivobook-15-oled-x1505va-i5-13e-gen-24g-512g-ssd-silver.html,2609.0,PC Portable ASUS Vivobook 15 OLED X1505VA i5 13è Gén 24G 512G SSD - Silver,ASUS,24.0,512.0,15.6,Intel,5.0,Windows 11 Famille,4,0,Milieu de gamme,ASUS::Milieu de gamme::c0
https://www.mytek.tn/pc-portable-gamer-asus-v16-v3607vj-intel-core-5-210h-8go-rtx-3050.html,2739.0,PC Portable Gamer ASUS V16 V3607VJ Intel Core 5 210H 8Go RTX 3050,ASUS,8.0,512.0,16.0,Intel,5.0,FreeDos,4,0,Milieu de gamme,ASUS::Milieu de gamme::c0
https://www.mytek.tn/pc-portable-gamer-asus-v16-v3607vj-intel-core-5-210h-8g-rtx-3050.html,2739.0,PC Portable Gamer ASUS V16 V3607VJ Intel Core 5 210H 8G RTX 3050,ASUS,8.0,512.0,16.0,Intel,5.0,Windows 11 Pro (Offert),4,0,Milieu de gamme,ASUS::Milieu de gamme::c0
https://www.mytek.tn/pc-portable-gamer-asus-vivobook-16x-i5-13e-gen-24go-rtx3050.html,2749.0,PC Portable Gamer ASUS Vivobook 16X i5 13è Gén 24Go RTX3050,ASUS,24.0,512.0,16.0,Intel,5.0,Windows 11 Famille,4,0,Milieu de gamme,ASUS::Milieu de gamme::c0
https://www.mytek.tn/pc-portable-gamer-asus-vivobook-16x-i5-13e-gen-24go-rtx-3050.html,2749.0,PC Portable Gamer ASUS Vivobook 16X i5 13è Gén 24Go RTX 3050,ASUS,24.0,512.0,16.0,Intel,5.0,Windows 11 Famille,4,0,Milieu de gamme,ASUS::Milieu de gamme::c0
https://www.mytek.tn/pc-portable-gamer-asus-vivobook-16x-i5-13e-gen-24g-rtx3050.html,2799.0,PC Portable Gamer ASUS Vivobook 16X i5 13è Gén 24G RTX3050,ASUS,24.0,512.0,16.0,Intel,5.0,Windows 11 Pro,4,0,Milieu de gamme,ASUS::Milieu de gamme::c0
https://www.mytek.tn/pc-portable-gamer-asus-vivobook-16x-i5-13e-gen-24g-rtx-3050.html,2799.0,PC Portable Gamer ASUS Vivobook 16X i5 13è Gén 24G RTX 3050,ASUS,24.0,512.0,16.0,Intel,5.0,Windows 11 Pro,4,0,Milieu de gamme,ASUS::Milieu de gamme::c0
https://www.mytek.tn/pc-portable-gamer-asus-v16-v3607vj-intel-core-5-210h-8g-rtx-3050-noir.html,2815.0,PC Portable Gamer ASUS V16 V3607VJ Intel Core 5 210H 8G RTX 3050,ASUS,8.0,512.0,16.0,Intel,5.0,Windows 11 Famille,4,0,,
https://www.mytek.tn/pc-portable-gamer-asus-v16-v3607vj-intel-core-7-240h-8go-rtx-3050.html,2829.0,PC Portable Gamer ASUS V16 V3607VJ Intel Core 7 240H 8Go RTX 3050,ASUS,8.0,512.0,16.0,Intel,7.0,FreeDos,4,0,Milieu de gamme,ASUS::Milieu de gamme::c0
https://www.mytek.tn/pc-portable-gamer-asus-v16-v3607vj-intel-core-7-240h-8g-rtx-3050.html,2829.0,PC Portable Gamer ASUS V16 V3607VJ Intel Core 7 240H 8G RTX 3050,ASUS,8.0,512.0,16.0,Intel,7.0,Windows 11 Pro (Offert),4,0,Milieu de gamme,ASUS::Milieu de gamme::c0
https://www.mytek.tn/pc-portable-asus-expertbook-p5-ultra-5-226v-16go-512go-ssd-gris.html,2969.0,PC Portable ASUS ExpertBook P5 Ultra 5 226V 16Go 512Go SSD - Gris,ASUS,16.0,512.0,14.0,Intel,0.0,FreeDos,4,0,Milieu de gamme,ASUS::Milieu de gamme::c0
https://www.mytek.tn/pc-portable-asus-vivobook-15-x1502va-i9-13e-gen-24go-512go-ssd-bleu.html,2999.0,PC Portable ASUS Vivobook 15 X1502VA i9 13è Gén 24Go 512Go SSD - Bleu,ASUS,24.0,512.0,15.6,Intel,9.0,Windows 11 Famille,4,0,Milieu de gamme,ASUS::Milieu de gamme::c0
https://www.mytek.tn/pc-portable-asus-vivobook-15-x1502va-i9-13e-gen-24g-512go-ssd-silver.html,2999.0,PC Portable ASUS Vivobook 15 X1502VA i9 13è Gén 24G 512Go SSD - Silver,ASUS,24.0,512.0,15.6,Intel,9.0,Windows 11 Famille,4,0,Milieu de gamme,ASUS::Milieu de gamme::c0
https://www.mytek.tn/pc-portable-gamer-asus-v16-v3607vj-intel-core-7-240h-8g-rtx-3050-noir.html,3035.0,PC Portable Gamer ASUS V16 V3607VJ Intel Core 7 240H 8G RTX 3050,ASUS,8.0,512.0,16.0,Intel,7.0,FreeDos,4,0,,
https://www.mytek.tn/pc-portable-gamer-asus-tuf-gaming-a15-amd-ryzen-7-8g-rtx-3050.html,3049.0,PC Portable Gamer ASUS TUF Gaming A15 AMD RYZEN 7 8G RTX 3050,ASUS,8.0,512.0,15.6,AMD,0.0,Windows 11 Famille,4,1,Milieu de gamme,ASUS::Milieu de gamme::c1
https://www.mytek.tn/pc-portable-asus-vivobook-16-x1605va-intel-core-9-270h-16go-512go-ssd-noir.html,3059.0,PC Portable ASUS Vivobook 16 X1605VA Intel Core 9 270H 16Go 512Go SSD - Noir,ASUS,16.0,512.0,16.0,Intel,9.0,Windows 11 Famille,4,0,Milieu de gamme,ASUS::Milieu de gamme::c0
https://www.mytek.tn/pc-portable-gamer-asus-v16-v3607vu-intel-core-5-210h-8g-rtx4050.html,3099.0,PC Portable Gamer ASUS V16 V3607VU Intel Core 5 210H 8G RTX4050,ASUS,8.0,512.0,16.0,Intel,5.0,Windows 11 Pro (Offert),4,0,Milieu de gamme,ASUS::Milieu de gamme::c0
https://www.mytek.tn/pc-portable-gamer-asus-v16-v3607vj-intel-core-5-210h-16go-rtx-3050.html,3139.0,PC Portable Gamer ASUS V16 V3607VJ Intel Core 5 210H 16Go RTX 3050,ASUS,16.0,512.0,16.0,Intel,5.0,FreeDos,4,0,Milieu de gamme,ASUS::Milieu de gamme::c0
https://www.mytek.tn/pc-portable-gamer-asus-v16-v3607vj-intel-core-5-210h-16g-rtx-3050.html,3139.0,PC Portable Gamer ASUS V16 V3607VJ Intel Core 5 210H 16G RTX 3050,ASUS,16.0,512.0,16.0,Intel,5.0,Windows 11 Pro (Offert),4,0,Milieu de gamme,ASUS::Milieu de gamme::c0
https://www.mytek.tn/pc-portable-gamer-asus-tuf-gaming-a15-amd-ryzen-7-16g-rtx3050.html,3179.0,PC Portable Gamer ASUS TUF Gaming A15 AMD RYZEN 7 16G RTX3050,ASUS,16.0,512.0,15.6,AMD,0.0,Windows 11 Famille,4,1,Milieu de gamme,ASUS::Milieu de gamme::c1
https://www.mytek.tn/pc-portable-asus-vivobook-s16-amd-ryzen-9-16go-512go-ssd-silver.html,3199.0,PC Portable ASUS Vivobook S16 AMD RYZEN 9 16Go 512Go SSD - Silver,ASUS,16.0,512.0,16.0,AMD,0.0,Windows 11 Famille,4,1,Milieu de gamme,ASUS::Milieu de gamme::c1
https://www.mytek.tn/pc-portable-gamer-asus-v16-v3607vj-intel-core-7-240h-16go-rtx-3050.html,3229.0,PC Portable Gamer ASUS V16 V3607VJ Intel Core 7 240H 16Go RTX 3050,ASUS,16.0,512.0,16.0,Autre,0.0,FreeDos,4,1,Milieu de gamme,ASUS::Milieu de gamme::c1
https://www.mytek.tn/pc-portable-gamer-asus-v16-v3607vj-intel-core-7-240h-16g-rtx-3050.html,3229.0,PC Portable Gamer ASUS V16 V3607VJ Intel Core 7 240H 16G RTX 3050,ASUS,16.0,512.0,16.0,Autre,0.0,Windows 11 Pro (Offert),4,1,Milieu de gamme,ASUS::Milieu de gamme::c1
https://www.mytek.tn/pc-portable-gamer-asus-v16-v3607vu-intel-core-7-240h-8g-rtx-4050.html,3299.0,PC Portable Gamer ASUS V16 V3607VU Intel Core 7 240H 8G RTX 4050,ASUS,8.0,512.0,16.0,Intel,7.0,FreeDos,4,0,Milieu de gamme,ASUS::Milieu de gamme::c0
https://www.mytek.tn/pc-portable-gamer-asus-tuf-gaming-f16-intel-core-5-210h-8g-rtx-3050.html,3299.0,PC Portable Gamer ASUS TUF Gaming F16 Intel Core 5 210H 8G RTX 3050,ASUS,8.0,512.0,16.0,Intel,5.0,FreeDos,4,0,Milieu de gamme,ASUS::Milieu de gamme::c0
https://www.mytek.tn/pc-portable-gamer-asus-v16-v3607vu-intel-core-7-240h-8go-rtx4050.html,3299.0,PC Portable Gamer ASUS V16 V3607VU Intel Core 7 240H 8Go RTX4050,ASUS,8.0,512.0,16.0,Intel,7.0,Windows 11 Pro (Offert),4,0,Milieu de gamme,ASUS::Milieu de gamme::c0
https://www.mytek.tn/pc-portable-gamer-asus-tuf-gaming-a15-amd-ryzen-7-16go-rtx3050.html,3479.0,PC Portable Gamer ASUS TUF Gaming A15 AMD RYZEN 7 16Go RTX3050,ASUS,16.0,512.0,15.6,AMD,0.0,Windows 11 Famille,4,1,Milieu de gamme,ASUS::Milieu de gamme::c1
https://www.mytek.tn/pc-portable-gamer-asus-tuf-gaming-f16-i7-13e-gen-8go-rtx-4050.html,3499.0,PC Portable Gamer ASUS TUF Gaming F16 i7 13è Gén 8Go RTX 4050,ASUS,8.0,512.0,16.0,Intel,7.0,Windows 11 Famille,4,0,Milieu de gamme,ASUS::Milieu de gamme::c0
https://www.mytek.tn/pc-portable-gamer-asus-v16-v3607vu-intel-core-5-210h-16g-rtx4050.html,3499.0,PC Portable Gamer ASUS V16 V3607VU Intel Core 5 210H 16G RTX4050,ASUS,16.0,512.0,16.0,Intel,5.0,FreeDos,4,0,Milieu de gamme,ASUS::Milieu de gamme::c0
https://www.mytek.tn/pc-portable-gamer-asus-v16-v3607vu-intel-core-5-210h-16go-rtx4050.html,3499.0,PC Portable Gamer ASUS V16 V3607VU Intel Core 5 210H 16Go RTX4050,ASUS,16.0,512.0,16.0,Intel,5.0,Windows 11 Pro (Offert),4,0,Milieu de gamme,ASUS::Milieu de gamme::c0
https://www.mytek.tn/pc-portable-gamer-asus-tuf-gaming-f16-intel-core-5-210h-8go-rtx-3050.html,3529.0,PC Portable Gamer ASUS TUF Gaming F16 Intel Core 5 210H 8Go RTX 3050,ASUS,8.0,512.0,16.0,Intel,5.0,Windows 11 Famille,4,0,Milieu de gamme,ASUS::Milieu de gamme::c0
https://www.mytek.tn/pc-portable-gamer-asus-tuf-gaming-f16-intel-core-5-210h-8go-rtx-4050.html,3599.0,PC Portable Gamer ASUS TUF Gaming F16 Intel Core 5 210H 8Go RTX 4050,ASUS,8.0,512.0,16.0,Intel,5.0,Windows 11 Famille,4,0,Premium,ASUS::Premium::c2
https://www.mytek.tn/pc-portable-gamer-asus-tuf-gaming-a15-amd-ryzen-7-24g-rtx3050.html,3599.0,PC Portable Gamer ASUS TUF Gaming A15 AMD RYZEN 7 24G RTX3050,ASUS,24.0,512.0,15.6,AMD,0.0,Windows 11 Famille,4,1,Premium,ASUS::Premium::c0
https://www.mytek.tn/pc-portable-asus-vivobook-s16-amd-ryzen-9-32go-1to-ssd-gris.html,3689.0,PC Portable ASUS Vivobook S16 AMD RYZEN 9 32Go 1To SSD - Gris,ASUS,32.0,1024.0,16.0,AMD,0.0,Windows 11 Famille,4,1,Premium,ASUS::Premium::c0
https://www.mytek.tn/pc-portable-gamer-asus-v16-v3607vu-intel-core-7-240h-16go-rtx4050.html,3699.0,PC Portable Gamer ASUS V16 V3607VU Intel Core 7 240H 16Go RTX4050,ASUS,16.0,512.0,16.0,Intel,7.0,Windows 11 Pro (Offert),4,0,Premium,ASUS::Premium::c1
https://www.mytek.tn/pc-portable-gamer-asus-tuf-gaming-a15-amd-ryzen-7-32g-rtx3050.html,3879.0,PC Portable Gamer ASUS TUF Gaming A15 AMD RYZEN 7 32G RTX3050,ASUS,32.0,512.0,15.6,AMD,0.0,Windows 11 Famille,4,1,Premium,ASUS::Premium::c0
https://www.mytek.tn/pc-portable-gamer-asus-tuf-gaming-f16-i7-13e-gen-16go-rtx-4050.html,3899.0,PC Portable Gamer ASUS TUF Gaming F16 i7 13è Gén 16Go RTX 4050,ASUS,16.0,512.0,16.0,Intel,7.0,Windows 11 Famille,4,0,Premium,ASUS::Premium::c2
https://www.mytek.tn/pc-portable-gamer-asus-v16-v3607vu-intel-core-5-210h-24g-rtx4050.html,3899.0,PC Portable Gamer ASUS V16 V3607VU Intel Core 5 210H 24G RTX4050,ASUS,24.0,512.0,16.0,Intel,5.0,FreeDos,4,0,Premium,ASUS::Premium::c1
https://www.mytek.tn/pc-portable-gamer-asus-v16-v3607vu-intel-core-5-210h-24go-rtx4050.html,3899.0,PC Portable Gamer ASUS V16 V3607VU Intel Core 5 210H 24Go RTX4050,ASUS,24.0,512.0,16.0,Intel,5.0,Windows 11 Pro (Offert),4,0,Premium,ASUS::Premium::c1
https://www.mytek.tn/pc-portable-gamer-asus-tuf-gaming-f16-intel-core-5-210h-16go-rtx-3050.html,3929.0,PC Portable Gamer ASUS TUF Gaming F16 Intel Core 5 210H 16Go RTX 3050,ASUS,16.0,512.0,16.0,Intel,5.0,Windows 11 Famille,4,0,Premium,ASUS::Premium::c2
https://www.mytek.tn/pc-portable-gamer-asus-v16-v3607vj-intel-core-5-210h-32go-rtx-3050.html,3945.0,PC Portable Gamer ASUS V16 V3607VJ Intel Core 5 210H 32Go RTX 3050,ASUS,32.0,512.0,16.0,Intel,5.0,FreeDos,4,0,Premium,ASUS::Premium::c1
https://www.mytek.tn/pc-portable-gamer-asus-v16-v3607vj-intel-core-5-210h-32g-rtx-3050.html,3945.0,PC Portable Gamer ASUS V16 V3607VJ Intel Core 5 210H 32G RTX 3050,ASUS,32.0,512.0,16.0,Intel,5.0,Windows 11 Pro (Offert),4,0,Premium,ASUS::Premium::c1
https://www.mytek.tn/pc-portable-gamer-asus-v16-v3607vj-intel-core-7-240h-32go-rtx-3050.html,3969.0,PC Portable Gamer ASUS V16 V3607VJ Intel Core 7 240H 32Go RTX 3050,ASUS,32.0,512.0,16.0,Intel,7.0,FreeDos,4,0,Premium,ASUS::Premium::c1
https://www.mytek.tn/pc-portable-gamer-asus-tuf-gaming-a15-amd-ryzen-7-32g-rtx-3050.html,3969.0,PC Portable Gamer ASUS TUF Gaming A15 AMD RYZEN 7 32G RTX 3050,ASUS,32.0,512.0,15.6,AMD,0.0,Windows 11 Famille,4,1,Premium,ASUS::Premium::c0
https://www.mytek.tn/pc-portable-gamer-asus-v16-v3607vj-intel-core-7-240h-32g-rtx-3050.html,3969.0,PC Portable Gamer ASUS V16 V3607VJ Intel Core 7 240H 32G RTX 3050,ASUS,32.0,512.0,16.0,Intel,7.0,Windows 11 Pro (Offert),4,0,Premium,ASUS::Premium::c1
https://www.mytek.tn/pc-portable-gamer-asus-tuf-gaming-f16-intel-core-5-210h-16go-rtx-4050.html,4009.0,PC Portable Gamer ASUS TUF Gaming F16 Intel Core 5 210H 16Go RTX 4050,ASUS,16.0,512.0,16.0,Intel,5.0,Windows 11 Famille,4,0,Premium,ASUS::Premium::c2
https://www.mytek.tn/pc-portable-gamer-asus-v16-v3607vu-intel-core-7-240h-24g-rtx4050.html,4019.0,PC Portable Gamer ASUS V16 V3607VU Intel Core 7 240H 24G RTX4050,ASUS,24.0,512.0,16.0,Intel,7.0,FreeDos,4,0,Premium,ASUS::Premium::c1
https://www.mytek.tn/pc-portable-asus-zenbook-a14-snapdragonr-x-x1-26-100-32go-1to-ssd-beige.html,4119.0,Pc Portable ASUS Zenbook A14 Snapdragon® X X1 26 100 32Go 1To SSD - Beige,ASUS,32.0,1024.0,14.0,Qualcomm,0.0,Windows 11 Famille,4,1,Premium,ASUS::Premium::c3
https://www.mytek.tn/pc-portable-gamer-asus-tuf-gaming-f16-i5-13e-gen-16go-rtx-5060.html,4299.0,PC Portable Gamer ASUS TUF Gaming F16 i5 13è Gén 16Go RTX 5060,ASUS,16.0,512.0,16.0,Intel,5.0,Windows 11 Famille,4,0,Premium,ASUS::Premium::c2
https://www.mytek.tn/pc-portable-gamer-asus-tuf-gaming-f16-i7-13e-gen-24go-rtx-4050.html,4299.0,PC Portable Gamer ASUS TUF Gaming F16 i7 13è Gén 24Go RTX 4050,ASUS,24.0,512.0,16.0,Intel,7.0,Windows 11 Famille,4,0,Premium,ASUS::Premium::c2
https://www.mytek.tn/pc-portable-gamer-asus-tuf-gaming-a15-amd-ryzen-7-32go-rtx3050.html,4309.0,PC Portable Gamer ASUS TUF Gaming A15 AMD RYZEN 7 32Go RTX3050,ASUS,32.0,512.0,15.6,AMD,0.0,Windows 11 Famille,4,1,Premium,ASUS::Premium::c0
https://www.mytek.tn/pc-portable-asus-zenbook-14-ultra-7-255h-16go-1to-ssd-silver.html,4369.0,Pc Portable ASUS ZenBook 14 Ultra 7 255H 16Go 1To SSD - Silver,ASUS,16.0,1024.0,14.0,Intel,0.0,Windows 11 Famille,4,0,Premium,ASUS::Premium::c3
https://www.mytek.tn/pc-portable-asus-vivobook-s14-ultra-7-256v-16go-1to-ssd-bleu.html,4379.0,PC Portable ASUS Vivobook S14 Ultra 7 256V 16Go 1To SSD - Bleu,ASUS,16.0,1024.0,14.0,Intel,0.0,Windows 11 Famille,4,0,Premium,ASUS::Premium::c3
https://www.mytek.tn/pc-portable-gamer-asus-tuf-gaming-f16-i5-13e-gen-24go-rtx-5060.html,4515.0,PC Portable Gamer ASUS TUF Gaming F16 i5 13è Gén 24Go RTX 5060,ASUS,24.0,512.0,16.0,Intel,5.0,Windows 11 Famille,4,0,Premium,ASUS::Premium::c2
https://www.mytek.tn/pc-portable-gamer-asus-tuf-gaming-f16-intel-core-5-210h-24go-rtx-4050.html,4539.0,PC Portable Gamer ASUS TUF Gaming F16 Intel Core 5 210H 24Go RTX 4050,ASUS,24.0,512.0,16.0,Intel,5.0,Windows 11 Famille,4,0,Premium,ASUS::Premium::c2
https://www.mytek.tn/pc-portable-asus-tuf-gaming-a14-amd-ryzen-ai-7-16go-rtx-5050.html,4599.0,PC Portable ASUS TUF Gaming A14 AMD Ryzen AI 7 16Go RTX 5050,ASUS,16.0,1024.0,14.0,AMD,0.0,Windows 11 Famille,4,1,Premium,ASUS::Premium::c3
https://www.mytek.tn/pc-portable-gamer-asus-tuf-gaming-f16-i5-13e-gen-16g-rtx-5050.html,4599.0,PC Portable Gamer ASUS TUF Gaming F16 i5 13è Gén 16G RTX 5050,ASUS,16.0,512.0,16.0,Intel,5.0,Windows 11 Famille,4,0,Premium,ASUS::Premium::c2
https://www.mytek.tn/pc-portable-gamer-asus-tuf-gaming-f16-i5-13e-gen-32go-rtx-5050.html,4629.0,PC Portable Gamer ASUS TUF Gaming F16 i5 13è Gén 32Go RTX 5050,ASUS,32.0,512.0,16.0,Intel,5.0,Windows 11 Famille,4,0,Premium,ASUS::Premium::c2
https://www.mytek.tn/pc-portable-gamer-asus-tuf-gaming-f16-i7-13e-gen-32go-rtx-4050.html,4699.0,PC Portable Gamer ASUS TUF Gaming F16 i7 13è Gén 32Go RTX 4050,ASUS,32.0,512.0,16.0,Intel,7.0,Windows 11 Famille,4,0,,
https://www.mytek.tn/pc-portable-gamer-asus-tuf-gaming-f16-i5-13e-gen-16g-rtx-5060.html,4705.0,PC Portable Gamer ASUS TUF Gaming F16 i5 13è Gén 16G RTX 5060,ASUS,16.0,1024.0,16.0,Intel,5.0,Windows 11 Famille,4,0,Premium,ASUS::Premium::c2
https://www.mytek.tn/pc-portable-gamer-asus-tuf-gaming-f16-i5-13e-gen-32go-rtx-5060.html,4719.0,PC Portable Gamer ASUS TUF Gaming F16 i5 13è Gén 32Go RTX 5060,ASUS,32.0,512.0,16.0,Intel,5.0,Windows 11 Famille,4,0,Premium,ASUS::Premium::c2
https://www.mytek.tn/pc-portable-gamer-asus-tuf-gaming-f16-i5-14e-gen-16go-rtx-5050.html,4895.0,PC Portable Gamer ASUS TUF Gaming F16 i5 14è Gén 16Go RTX 5050,ASUS,16.0,1024.0,16.0,Intel,5.0,Windows 11 Famille,4,0,Premium,ASUS::Premium::c2
https://www.mytek.tn/pc-portable-gamer-asus-tuf-gaming-a16-amd-ryzen-7-16go-rtx-5070.html,5089.0,PC Portable Gamer ASUS TUF Gaming A16 AMD RYZEN 7 16Go RTX 5070,ASUS,16.0,512.0,16.0,AMD,0.0,FreeDos,4,1,Premium,ASUS::Premium::c0
https://www.mytek.tn/pc-portable-gamer-asus-tuf-gaming-f16-i7-14e-gen-16go-rtx-5050.html,5199.0,PC Portable Gamer ASUS TUF Gaming F16 i7 14è Gén 16Go RTX 5050,ASUS,16.0,1024.0,16.0,Intel,7.0,Windows 11 Famille,4,0,Premium,ASUS::Premium::c2
https://www.mytek.tn/pc-portable-asus-zenbook-s-14-ultra-7-256v-16g-1to-ssd-blanc.html,5299.0,Pc Portable ASUS Zenbook S 14 Ultra 7 256V 16G 1To SSD - Blanc,ASUS,16.0,1024.0,14.0,Intel,0.0,Windows 11 Famille,4,0,Premium,ASUS::Premium::c3
https://www.mytek.tn/pc-portable-gamer-asus-tuf-gaming-f16-i7-14e-gen-16g-rtx-5050.html,5389.0,PC Portable Gamer ASUS TUF Gaming F16 i7 14è Gén 16G RTX 5050,ASUS,16.0,1024.0,16.0,Intel,7.0,Windows 11 Famille,4,0,Premium,ASUS::Premium::c2
https://www.mytek.tn/pc-portable-asus-tuf-gaming-a14-amd-ryzen-ai-9-16go-rtx-4060.html,5599.0,PC Portable ASUS TUF Gaming A14 AMD Ryzen AI 9 16Go RTX 4060,ASUS,16.0,1024.0,14.0,AMD,0.0,Windows 11 Famille,4,1,Premium,ASUS::Premium::c3
https://www.mytek.tn/pc-portable-gamer-asus-tuf-gaming-f16-i7-14e-gen-16go-rtx-5060.html,5679.0,PC Portable Gamer ASUS TUF Gaming F16 i7 14è Gén 16Go RTX 5060,ASUS,16.0,1024.0,16.0,Intel,7.0,Windows 11 Famille,4,0,Premium,ASUS::Premium::c2
https://www.mytek.tn/pc-portable-gamer-asus-tuf-gaming-a16-amd-ryzen-7-16g-rtx-5050.html,5769.0,PC Portable Gamer ASUS TUF Gaming A16 AMD RYZEN 7 16G RTX 5050,ASUS,16.0,1024.0,16.0,AMD,0.0,Windows 11 Famille,4,1,Premium,ASUS::Premium::c0
https://www.mytek.tn/pc-portable-asus-tuf-gaming-a14-amd-ryzen-ai-7-16go-rtx-5060.html,5929.0,PC Portable ASUS TUF Gaming A14 AMD Ryzen AI 7 16Go RTX 5060,ASUS,16.0,1024.0,14.0,AMD,0.0,Windows 11 Famille,4,1,Premium,ASUS::Premium::c3
https://www.mytek.tn/pc-portable-asus-zenbook-14-ultra-9-285h-32g-1to-ssd-silver.html,6259.0,Pc Portable ASUS ZenBook 14 Ultra 9 285H 32G 1To SSD - Silver,ASUS,32.0,1024.0,14.0,Intel,0.0,Windows 11 Famille,4,0,Premium,ASUS::Premium::c3
https://www.mytek.tn/pc-portable-gamer-asus-tuf-gaming-f16-i7-14e-gen-32go-rtx-5060.html,6529.0,PC Portable Gamer ASUS TUF Gaming F16 i7 14è Gén 32Go RTX 5060,ASUS,32.0,1024.0,16.0,Intel,7.0,Windows 11 Famille,4,0,Premium,ASUS::Premium::c2
https://www.mytek.tn/pc-portable-gamer-asus-tuf-gaming-f16-i7-14e-gen-16go-rtx-5070.html,6759.0,PC Portable Gamer ASUS TUF Gaming F16 i7 14è Gén 16Go RTX 5070,ASUS,16.0,1024.0,16.0,Intel,7.0,Windows 11 Famille,4,0,Premium,ASUS::Premium::c2
https://www.mytek.tn/pc-portable-gamer-asus-tuf-gaming-a16-amd-ryzen-9-32go-rtx-5070.html,7449.0,PC Portable Gamer ASUS TUF Gaming A16 AMD RYZEN 9 32Go RTX 5070,ASUS,32.0,1024.0,16.0,AMD,0.0,Windows 11 Famille,4,1,Premium,ASUS::Premium::c0
https://www.mytek.tn/pc-portable-gamer-asus-rog-strix-g16-ultra-9-275hx-32go-rtx-5070.html,7999.0,PC Portable Gamer ASUS ROG Strix G16 Ultra 9 275HX 32Go RTX 5070,ASUS,32.0,1024.0,16.0,Intel,0.0,Windows 11 Famille,4,0,Premium,ASUS::Premium::c3
https://www.mytek.tn/pc-portable-bmax-maxbook-x15-pro-intel-n95-12e-gen-16go-512go-ssd.html,1099.0,PC Portable BMAX MaxBook X15 Pro Intel N95 12è Gén 16Go 512Go SSD,BMAX,16.0,512.0,15.6,Intel,0.0,Windows 11 Pro,4,0,,
https://www.mytek.tn/pc-portable-bmax-maxbook-x15-pro-intel-n100-16go-512go-ssd.html,1169.0,PC Portable BMAX MaxBook X15 Pro Intel N100 16Go 512Go SSD,BMAX,16.0,512.0,15.6,Intel,0.0,Windows 11 Pro,4,0,,
https://www.mytek.tn/pc-portable-bmax-maxbook-x15-power-i3-8109u-16go-512go-ssd.html,1219.0,PC Portable BMAX MaxBook X15 Power i3-8109U 16Go 512Go SSD,BMAX,16.0,512.0,15.6,Intel,3.0,Windows 11 Famille,4,0,,
https://www.mytek.tn/pc-portable-chuwi-corebook-i3-10e-gen-8go-256go-ssd-gris.html,1179.0,PC Portable CHUWI CoreBook i3 10è Gén 8Go 256Go SSD - Gris,CHUWI,8.0,256.0,14.0,Intel,3.0,Windows 11 Famille,4,0,Gamme unique,CHUWI::Gamme unique::c0
https://www.mytek.tn/pc-portable-chuwi-minibook-x-n150-16g-512go-ssd-gris.html,1349.0,PC Portable CHUWI MiniBook X N150 16G 512Go SSD - Gris,CHUWI,16.0,512.0,10.51,Intel,0.0,Windows 11 Pro,4,0,Gamme unique,CHUWI::Gamme unique::c0
https://www.mytek.tn/pc-portable-chuwi-acer-gadget-e10-erbook-amd-ryzen-5-8go-512go-ssd.html,1549.0,PC Portable CHUWI Acer Gadget E10 ERBook AMD RYZEN 5 8Go 512Go SSD,CHUWI,8.0,512.0,15.6,AMD,0.0,Windows 11 Famille,4,1,Gamme unique,CHUWI::Gamme unique::c0
https://www.mytek.tn/pc-portable-chuwi-gtbook-x-i7-13e-gen-16go-512go-ssd-gris.html,1749.0,PC Portable CHUWI GTBook X i7 13è Gén 16Go 512Go SSD - Gris,CHUWI,16.0,512.0,16.0,Intel,7.0,Windows 11 Famille,4,0,Gamme unique,CHUWI::Gamme unique::c0
https://www.mytek.tn/pc-portable-chuwi-corebook-air-plus-amd-ryzen-5-16go-512go-ssd.html,1889.0,PC Portable CHUWI CoreBook Air Plus AMD RYZEN 5 16Go 512Go SSD,CHUWI,16.0,512.0,16.0,AMD,0.0,Windows 11 Pro,4,1,Gamme unique,CHUWI::Gamme unique::c0
https://www.mytek.tn/pc-portable-chuwi-gtbook-xpro-i7-13e-gen-16go-rtx-3050.html,2999.0,PC Portable CHUWI GTBook XPro i7 13è Gén 16Go RTX 3050,CHUWI,16.0,512.0,15.6,Intel,7.0,Windows 11,4,0,Gamme unique,CHUWI::Gamme unique::c0
https://www.mytek.tn/pc-portable-dell-15-intel-core-3-100u-8go-512go-ssd-silver.html,1499.0,PC Portable DELL 15 Intel Core 3 100U 8Go 512Go SSD - Noir,DELL,8.0,512.0,15.6,Intel,3.0,FreeDos,4,0,Économique,DELL::Économique::c2
https://www.mytek.tn/pc-portable-dell-pro-15-essential-intel-core-3-100u-8go-512go-ssd-noir.html,1499.0,PC Portable DELL Pro 15 Essential Intel Core 3 100U 8Go 512Go SSD - Noir,DELL,8.0,512.0,15.6,Intel,3.0,FreeDos,4,0,Économique,DELL::Économique::c2
https://www.mytek.tn/pc-portable-dell-pro-15-essential-i3-13eme-gen-8go-512go-ssd-noir.html,1499.0,PC Portable DELL Pro 15 Essential i3 13ème Gén 8Go 512Go SSD - Noir,DELL,8.0,512.0,15.6,Intel,3.0,FreeDos,4,0,Économique,DELL::Économique::c2
https://www.mytek.tn/pc-portable-dell-15-intel-core-3-100u-8g-512go-ssd-silver.html,1549.0,PC Portable DELL 15 Intel Core 3 100U 8G 512Go SSD - Noir,DELL,8.0,512.0,15.6,Intel,3.0,Windows 11 Pro,4,0,Économique,DELL::Économique::c1
https://www.mytek.tn/pc-portable-dell-pro-15-essential-intel-core-3-100u-8g-512go-ssd-noir.html,1549.0,PC Portable DELL Pro 15 Essential Intel Core 3 100U 8G 512Go SSD - Noir,DELL,8.0,512.0,15.6,Intel,3.0,Windows 11 Pro,4,0,Économique,DELL::Économique::c1
https://www.mytek.tn/pc-portable-dell-pro-15-essential-i3-13eme-gen-8g-512go-ssd-noir.html,1549.0,PC Portable DELL Pro 15 Essential i3 13ème Gén 8G 512Go SSD - Noir,DELL,8.0,512.0,15.6,Intel,3.0,Windows 11 Pro,4,0,Économique,DELL::Économique::c1
https://www.mytek.tn/pc-portable-dell-pro-15-essential-amd-ryzen-5-8go-512go-ssd-noir.html,1599.0,PC Portable DELL Pro 15 Essential AMD RYZEN 5 8Go 512Go SSD - Noir,DELL,8.0,512.0,15.6,AMD,0.0,FreeDos,4,1,Milieu de gamme,DELL::Milieu de gamme::c0
https://www.mytek.tn/pc-portable-dell-pro15-essential-amd-ryzen-5-8g-512g-ssd-noir.html,1599.0,PC Portable DELL Pro 15 Essential AMD RYZEN 5 8G 512G SSD - Noir,DELL,8.0,512.0,15.6,AMD,0.0,FreeDos,4,1,,
https://www.mytek.tn/pc-portable-dell-pro-15-essential-intel-core-3-100u-16go-512go-ssd-noir.html,1609.0,PC Portable DELL Pro 15 Essential Intel Core 3 100U 16Go 512Go SSD - Noir,DELL,16.0,512.0,15.6,Intel,3.0,FreeDos,4,0,Économique,DELL::Économique::c2
https://www.mytek.tn/pc-portable-dell-15-intel-core-3-100u-12go-512go-ssd-noir.html,1615.0,PC Portable DELL 15 Intel Core 3 100U 12Go 512Go SSD - Noir,DELL,12.0,512.0,15.6,Intel,3.0,FreeDos,4,0,Économique,DELL::Économique::c2
https://www.mytek.tn/pc-portable-dell-pro-15-essential-amd-ryzen-5-8g-512go-ssd-noir.html,1639.0,PC Portable DELL Pro 15 Essential AMD RYZEN 5 8G 512Go SSD - Noir,DELL,8.0,512.0,15.6,AMD,0.0,Windows 11 Pro,4,1,Milieu de gamme,DELL::Milieu de gamme::c0
https://www.mytek.tn/pc-portable-dell-pro-15-essential-amd-ryzen-5-8go-512g-ssd-noir.html,1639.0,PC Portable DELL Pro 15 Essential AMD RYZEN 5 8Go 512G SSD - Noir,DELL,8.0,512.0,15.6,AMD,0.0,Windows 11 Pro,4,1,,
https://www.mytek.tn/pc-portable-dell-pro-15-essential-intel-core-3-100u-16g-512go-ssd-noir.html,1659.0,PC Portable DELL Pro 15 Essential Intel Core 3 100U 16G 512Go SSD - Noir,DELL,16.0,512.0,15.6,Intel,3.0,Windows 11 Pro,4,0,Économique,DELL::Économique::c1
https://www.mytek.tn/pc-portable-dell-15-i5-13e-gen-8go-512go-ssd-noir.html,1699.0,PC Portable DELL 15 i5 13è Gén 8Go 512Go SSD - Noir,DELL,8.0,512.0,15.6,Intel,5.0,FreeDos,4,0,Économique,DELL::Économique::c0
https://www.mytek.tn/pc-portable-dell-15-intel-core-3-100u-16go-512go-ssd-silver.html,1729.0,PC Portable DELL 15 Intel Core 3 100U 16Go 512Go SSD - Noir,DELL,16.0,512.0,15.6,Intel,3.0,FreeDos,4,0,Économique,DELL::Économique::c2
https://www.mytek.tn/pc-portable-dell-vostro-3530-i5-13e-gen-16g-512go-ssd-noir.html,1735.0,Pc Portable DELL Vostro 3530 i5 13è Gén 16G 512Go SSD - Noir,DELL,16.0,512.0,15.6,Intel,5.0,FreeDos,4,0,Économique,DELL::Économique::c0
https://www.mytek.tn/pc-portable-dell-pro-15-essential-i5-13e-gen-8go-512go-ssd-noir.html,1745.0,PC Portable DELL Pro 15 Essential i5 13è Gén 8Go 512Go SSD - Noir,DELL,8.0,512.0,15.6,Intel,5.0,FreeDos,4,0,Économique,DELL::Économique::c0
https://www.mytek.tn/pc-portable-dell-15-i5-13e-gen-8g-512go-ssd-noir.html,1749.0,PC Portable DELL 15 i5 13è Gén 8G 512Go SSD - Noir,DELL,8.0,512.0,15.6,Intel,5.0,Windows 11 Pro,4,0,Économique,DELL::Économique::c1
https://www.mytek.tn/pc-portable-dell-15-intel-core-3-100u-16g-512go-ssd-silver.html,1779.0,PC Portable DELL 15 Intel Core 3 100U 16G 512Go SSD - Noir,DELL,16.0,512.0,15.6,Intel,3.0,Windows 11 Pro,4,0,Économique,DELL::Économique::c1
https://www.mytek.tn/pc-portable-dell-pro-15-essential-i5-13e-gen-8g-512go-ssd-noir.html,1799.0,PC Portable DELL Pro 15 Essential i5 13è Gén 8G 512Go SSD - Noir,DELL,8.0,512.0,15.6,Intel,5.0,Windows 11 Pro,4,0,Économique,DELL::Économique::c1
https://www.mytek.tn/pc-portable-dell-15-i5-13e-gen-12go-512go-ssd-noir.html,1819.0,PC Portable DELL 15 i5 13è Gén 12Go 512Go SSD - Noir,DELL,12.0,512.0,15.6,Intel,5.0,FreeDos,4,0,Économique,DELL::Économique::c0
https://www.mytek.tn/pc-portable-dell-16-intel-core-5-120u-8go-512go-ssd-noir.html,1849.0,PC Portable DELL 16 Intel Core 5 120U 8Go 512Go SSD - Noir,DELL,8.0,512.0,16.0,Intel,5.0,FreeDos,4,0,Économique,DELL::Économique::c0
https://www.mytek.tn/pc-portable-dell-pro-15-essential-i5-13e-gen-16go-512go-ssd-noir.html,1899.0,PC Portable DELL Pro 15 Essential i5 13è Gén 16Go 512Go SSD - Noir,DELL,16.0,512.0,15.6,Intel,5.0,FreeDos,4,0,Économique,DELL::Économique::c0
https://www.mytek.tn/pc-portable-dell-16-intel-core-5-120u-8g-512go-ssd-noir.html,1899.0,PC Portable DELL 16 Intel Core 5 120U 8G 512Go SSD - Noir,DELL,8.0,512.0,16.0,Intel,5.0,Windows 11 Pro,4,0,,
https://www.mytek.tn/pc-portable-dell-15-i5-13e-gen-16go-512go-ssd-noir.html,1929.0,PC Portable DELL 15 i5 13è Gén 16Go 512Go SSD - Noir,DELL,16.0,512.0,15.6,Intel,5.0,FreeDos,4,0,Économique,DELL::Économique::c0
https://www.mytek.tn/pc-portable-dell-pro-15-essential-i5-13e-gen-16g-512go-ssd-noir.html,1949.0,PC Portable DELL Pro 15 Essential i5 13è Gén 16G 512Go SSD - Noir,DELL,16.0,512.0,15.6,Intel,5.0,Windows 11 Pro,4,0,Économique,DELL::Économique::c1
https://www.mytek.tn/pc-portable-dell-15-intel-core-3-100u-24go-512go-ssd-silver.html,1959.0,PC Portable DELL 15 Intel Core 3 100U 24Go 512Go SSD - Noir,DELL,24.0,512.0,15.6,Intel,3.0,FreeDos,4,0,Économique,DELL::Économique::c2
https://www.mytek.tn/pc-portable-dell-15-i5-13e-gen-16g-512go-ssd-noir.html,1979.0,PC Portable DELL 15 i5 13è Gén 16G 512Go SSD - Noir,DELL,16.0,512.0,15.6,Intel,5.0,Windows 11 Pro,4,0,Économique,DELL::Économique::c1
https://www.mytek.tn/pc-portable-dell-15-intel-core-3-100u-24go-512-ssd-noir.html,2009.0,PC Portable DELL 15 Intel Core 3 100U 24Go 512 SSD - Noir,DELL,24.0,512.0,15.6,Intel,3.0,Windows 11 Pro,4,0,Milieu de gamme,DELL::Milieu de gamme::c1
https://www.mytek.tn/pc-portable-dell-pro-15-essential-i7-13e-gen-8go-512go-ssd-noir.html,2015.0,PC Portable DELL Pro 15 Essential i7 13è Gén 8Go 512Go SSD - Noir,DELL,8.0,512.0,15.6,Intel,7.0,FreeDos,4,0,Milieu de gamme,DELL::Milieu de gamme::c1
https://www.mytek.tn/pc-portable-dell-pro-15-essential-i7-13e-gen-8g-512go-ssd-noir.html,2065.0,PC Portable DELL Pro 15 Essential i7 13è Gén 8G 512Go SSD - Noir,DELL,8.0,512.0,15.6,Intel,7.0,Windows 11 Pro,4,0,Milieu de gamme,DELL::Milieu de gamme::c1
https://www.mytek.tn/pc-portable-dell-pro-16-intel-core-5-120u-8go-512go-ssd-silver.html,2099.0,PC Portable DELL Pro 16 Intel Core 5 120U 8Go 512Go SSD - Gris,DELL,8.0,512.0,16.0,Intel,5.0,FreeDos,4,0,Milieu de gamme,DELL::Milieu de gamme::c1
https://www.mytek.tn/pc-portable-dell-15-i5-13e-gen-24go-512go-ssd-noir.html,2159.0,PC Portable DELL 15 i5 13è Gén 24Go 512Go SSD - Noir,DELL,24.0,512.0,15.6,Intel,5.0,FreeDos,4,0,Milieu de gamme,DELL::Milieu de gamme::c1
https://www.mytek.tn/pc-portable-dell-15-i5-13e-gen-24g-512go-ssd-noir.html,2209.0,PC Portable DELL 15 i5 13è Gén 24G 512Go SSD - Noir,DELL,24.0,512.0,15.6,Intel,5.0,Windows 11 Pro,4,0,Milieu de gamme,DELL::Milieu de gamme::c1
https://www.mytek.tn/pc-portable-dell-16-intel-core-5-120u-16go-512go-ssd-noir.html,2259.0,PC Portable DELL 16 Intel Core 5 120U 16Go 512Go SSD - Noir,DELL,16.0,512.0,16.0,Intel,5.0,FreeDos,4,0,Milieu de gamme,DELL::Milieu de gamme::c1
https://www.mytek.tn/pc-portable-dell-16-intel-core-5-120u-16g-512go-ssd-noir.html,2309.0,PC Portable DELL 16 Intel Core 5 120U 16G 512Go SSD - Noir,DELL,16.0,512.0,16.0,Intel,5.0,Windows 11 Pro,4,0,Milieu de gamme,DELL::Milieu de gamme::c1
https://www.mytek.tn/pc-portable-dell-15-i5-13e-gen-32go-512go-ssd-noir.html,2389.0,PC Portable DELL 15 i5 13è Gén 32Go 512Go SSD - Noir,DELL,32.0,512.0,15.6,Intel,5.0,FreeDos,4,0,Milieu de gamme,DELL::Milieu de gamme::c1
https://www.mytek.tn/pc-portable-dell-pro-16-amd-ryzen-5-16go-512go-ssd-gris.html,2395.0,PC Portable DELL Pro 16 AMD RYZEN 5 16Go 512Go SSD - Gris,DELL,16.0,512.0,16.0,AMD,0.0,FreeDos,4,1,Milieu de gamme,DELL::Milieu de gamme::c0
https://www.mytek.tn/pc-portable-dell-vostro-3530-i3-13e-gen-32go-512go-ssd-noir.html,2419.0,Pc Portable DELL Vostro 3530 i3 13è Gén 32Go 512Go SSD - Noir,DELL,32.0,512.0,15.6,Intel,3.0,FreeDos,4,0,Milieu de gamme,DELL::Milieu de gamme::c1
https://www.mytek.tn/pc-portable-dell-15-i5-13e-gen-32g-512go-ssd-noir.html,2439.0,PC Portable DELL 15 i5 13è Gén 32G 512Go SSD - Noir,DELL,32.0,512.0,15.6,Intel,5.0,Windows 11 Pro,4,0,Milieu de gamme,DELL::Milieu de gamme::c1
https://www.mytek.tn/pc-portable-dell-15-i7-13e-gen-16go-512go-ssd-noir.html,2499.0,PC Portable DELL 15 i7 13è Gén 16Go 512Go SSD - Noir,DELL,16.0,512.0,15.6,Intel,7.0,FreeDos,4,0,Milieu de gamme,DELL::Milieu de gamme::c1
https://www.mytek.tn/pc-portable-dell-pro-15-essential-i5-13e-gen-24go-512go-ssd-noir.html,2549.0,PC Portable DELL Pro 15 Essential i5 13è Gén 24Go 512Go SSD - Noir,DELL,24.0,512.0,15.6,Intel,5.0,FreeDos,4,0,Milieu de gamme,DELL::Milieu de gamme::c1
https://www.mytek.tn/pc-portable-dell-15-i7-13e-gen-16g-512go-ssd-noir.html,2549.0,PC Portable DELL 15 i7 13è Gén 16G 512Go SSD - Noir,DELL,16.0,512.0,15.6,Intel,7.0,Windows 11 Pro,4,0,Milieu de gamme,DELL::Milieu de gamme::c1
https://www.mytek.tn/pc-portable-dell-pro-15-essential-i5-13e-gen-24g-512go-ssd-noir.html,2599.0,PC Portable DELL Pro 15 Essential i5 13è Gén 24G 512Go SSD - Noir,DELL,24.0,512.0,15.6,Intel,5.0,Windows 11 Pro,4,0,Milieu de gamme,DELL::Milieu de gamme::c1
https://www.mytek.tn/pc-portable-dell-pro-16-ultra-5-225u-16go-512go-ssd-silver.html,2619.0,PC Portable DELL Pro 16 Ultra 5 225U 16Go 512Go SSD - Silver,DELL,16.0,512.0,16.0,Intel,0.0,FreeDos,4,0,Milieu de gamme,DELL::Milieu de gamme::c0
https://www.mytek.tn/pc-portable-dell-16-intel-core-5-120u-24go-512go-ssd-noir.html,2659.0,PC Portable DELL 16 Intel Core 5 120U 24Go 512Go SSD - Noir,DELL,24.0,512.0,16.0,Intel,5.0,FreeDos,4,0,Milieu de gamme,DELL::Milieu de gamme::c1
https://www.mytek.tn/pc-portable-dell-16-intel-core-5-120u-24g-512go-ssd-noir.html,2709.0,PC Portable DELL 16 Intel Core 5 120U 24G 512Go SSD - Noir,DELL,24.0,512.0,16.0,Intel,5.0,Windows 11 Pro,4,0,,
https://www.mytek.tn/pc-portable-dell-pro-16-amd-ryzen-5-32go-512go-ssd-gris.html,2745.0,PC Portable DELL Pro 16 AMD RYZEN 5 32Go 512Go SSD - Gris,DELL,32.0,512.0,16.0,AMD,0.0,FreeDos,4,1,Milieu de gamme,DELL::Milieu de gamme::c0
https://www.mytek.tn/pc-portable-dell-pro-15-essential-i7-13e-gen-16go-512go-ssd-noir.html,2915.0,PC Portable DELL Pro 15 Essential i7 13è Gén 16Go 512Go SSD - Noir,DELL,16.0,512.0,15.6,Intel,7.0,FreeDos,4,0,Milieu de gamme,DELL::Milieu de gamme::c1
https://www.mytek.tn/pc-portable-dell-pro-15-essential-i7-13e-gen-16g-512go-ssd-noir.html,2915.0,PC Portable DELL Pro 15 Essential i7 13è Gén 16G 512Go SSD - Noir,DELL,16.0,512.0,15.6,Intel,7.0,FreeDos,4,0,Milieu de gamme,DELL::Milieu de gamme::c1
https://www.mytek.tn/pc-portable-dell-15-i7-13e-gen-32go-512go-ssd-noir.html,2955.0,PC Portable DELL 15 i7 13è Gén 32Go 512Go SSD - Noir,DELL,32.0,512.0,15.6,Intel,7.0,FreeDos,4,0,Premium,DELL::Premium::c1
https://www.mytek.tn/pc-portable-dell-pro-15-essential-i7-13e-gen-16g-512g-ssd-noir.html,2965.0,PC Portable DELL Pro 15 Essential i7 13è Gén 16G 512G SSD - Noir,DELL,16.0,512.0,15.6,Intel,7.0,Windows 11 Pro,4,0,Premium,DELL::Premium::c1
https://www.mytek.tn/pc-portable-dell-pro-15-essential-i7-13e-gen-16go-512g-ssd-noir.html,2965.0,PC Portable DELL Pro 15 Essential i7 13è Gén 16Go 512G SSD - Noir,DELL,16.0,512.0,15.6,Intel,7.0,Windows 11 Pro,4,0,Premium,DELL::Premium::c1
https://www.mytek.tn/pc-portable-dell-pro-16-ultra-7-255u-8go-512go-ssd-silver.html,2989.0,PC Portable DELL Pro 16 Ultra 7 255U 8Go 512Go SSD - Silver,DELL,8.0,512.0,16.0,Intel,0.0,FreeDos,4,0,Premium,DELL::Premium::c0
https://www.mytek.tn/pc-portable-dell-15-i7-13e-gen-32g-512go-ssd-noir.html,3005.0,PC Portable DELL 15 i7 13è Gén 32G 512Go SSD - Noir,DELL,32.0,512.0,15.6,Intel,7.0,Windows 11 Pro,4,0,Premium,DELL::Premium::c1
https://www.mytek.tn/pc-portable-dell-pro-14-ultra-7-255u-8go-512go-ssd-silver.html,3039.0,PC Portable DELL Pro 14 Ultra 7 255U 8Go 512Go SSD - Silver,DELL,8.0,512.0,14.0,Intel,0.0,FreeDos,4,0,Premium,DELL::Premium::c0
https://www.mytek.tn/pc-portable-dell-pro-16-ultra-7-255u-8g-512go-ssd-silver.html,3039.0,PC Portable DELL Pro 16 Ultra 7 255U 8G 512Go SSD - Silver,DELL,8.0,512.0,16.0,Intel,0.0,Windows 11 Pro,4,0,,
https://www.mytek.tn/pc-portable-dell-pro-16-plus-ultra-5-235u-8go-512go-ssd-gris.html,3049.0,PC Portable DELL Pro 16 Plus Ultra 5 235U 8Go 512Go SSD - Gris,DELL,8.0,512.0,16.0,Intel,0.0,FreeDos,4,0,Premium,DELL::Premium::c0
https://www.mytek.tn/pc-portable-dell-pro-14-plus-ultra-5-235u-8go-512go-ssd.html,3059.0,PC Portable DELL Pro 14 Plus Ultra 5 235U 8Go 512Go SSD,DELL,8.0,512.0,14.0,Intel,0.0,FreeDos,4,0,Premium,DELL::Premium::c0
https://www.mytek.tn/pc-portable-dell-pro-14-plus-ultra-5-235u-8g-512go-ssd.html,3109.0,PC Portable DELL Pro 14 Plus Ultra 5 235U 8G 512Go SSD,DELL,8.0,512.0,14.0,Intel,0.0,Windows 11 Pro,4,0,Premium,DELL::Premium::c0
https://www.mytek.tn/pc-portable-dell-pro-16-ultra-7-255u-16go-512go-ssd-silver.html,3395.0,PC Portable DELL Pro 16 Ultra 7 255U 16Go 512Go SSD - Silver,DELL,16.0,512.0,16.0,Intel,0.0,FreeDos,4,0,Premium,DELL::Premium::c0
https://www.mytek.tn/pc-portable-dell-pro-16-plus-ultra-5-235u-16go-512go-ssd-gris.html,3499.0,PC Portable DELL Pro 16 Plus Ultra 5 235U 16Go 512Go SSD - Gris,DELL,16.0,512.0,16.0,Intel,0.0,FreeDos,4,0,Premium,DELL::Premium::c0
https://www.mytek.tn/pc-portable-dell-pro-16-plus-ultra-5-235u-16go-512go-ssd-ubuntu-gris.html,3499.0,PC Portable DELL Pro 16 Plus Ultra 5 235U 16Go 512Go SSD - Gris,DELL,16.0,512.0,16.0,Intel,0.0,FreeDos,4,0,,
https://www.mytek.tn/pc-portable-dell-pro-14-plus-ultra-7-255u-8go-512go-ssd.html,3589.0,PC Portable DELL Pro 14 Plus Ultra 7 255U 8Go 512Go SSD,DELL,8.0,512.0,14.0,Intel,0.0,FreeDos,4,0,Premium,DELL::Premium::c0
https://www.mytek.tn/pc-portable-dell-pro-14-plus-ultra-7-255u-8g-512go-ssd.html,3639.0,PC Portable DELL Pro 14 Plus Ultra 7 255U 8G 512Go SSD,DELL,8.0,512.0,14.0,Intel,0.0,Windows 11 Pro,4,0,Premium,DELL::Premium::c0
https://www.mytek.tn/pc-portable-dell-pro-16-plus-ultra-5-235u-24go-512go-ssd-gris.html,3899.0,PC Portable DELL Pro 16 Plus Ultra 5 235U 24Go 512Go SSD - Gris,DELL,24.0,512.0,16.0,Intel,0.0,FreeDos,4,0,Premium,DELL::Premium::c0
https://www.mytek.tn/pc-portable-dell-pro-16-plus-ultra-5-235u-24go-512go-ssd-ubuntu-gris.html,3899.0,PC Portable DELL Pro 16 Plus Ultra 5 235U 24Go 512Go SSD - Gris,DELL,24.0,512.0,16.0,Intel,0.0,FreeDos,4,0,,
https://www.mytek.tn/pc-portable-dell-14-plus-2-en-1-ultra-5-226v-16go-512go-ssd-bleu.html,4099.0,PC Portable DELL 14 Plus 2-en-1 Ultra 5 226V 16Go 512Go SSD - Bleu,DELL,16.0,512.0,14.0,Intel,0.0,Windows 11 Famille,4,0,Premium,DELL::Premium::c0
https://www.mytek.tn/pc-portable-dell-pro-16-plus-ultra-7-266v-16go-512go-ssd-gris.html,4299.0,PC Portable DELL Pro 16 Plus Ultra 7 266V 16Go 512Go SSD - Gris,DELL,16.0,512.0,16.0,Intel,0.0,FreeDos,4,0,Premium,DELL::Premium::c0
https://www.mytek.tn/pc-portable-dell-pro-16-plus-ultra-5-235u-32go-512go-ssd-gris.html,4299.0,PC Portable DELL Pro 16 Plus Ultra 5 235U 32Go 512Go SSD - Gris,DELL,32.0,512.0,16.0,Intel,0.0,FreeDos,4,0,Premium,DELL::Premium::c0
https://www.mytek.tn/pc-portable-dell-pro-16-plus-ultra-5-235u-32go-512go-ssd-ubuntu-gris.html,4299.0,PC Portable DELL Pro 16 Plus Ultra 5 235U 32Go 512Go SSD - Gris,DELL,32.0,512.0,16.0,Intel,0.0,Freedos,4,0,,
https://www.mytek.tn/pc-portable-gamer-dell-alienware-16-aurora-intel-core-5-210h-16go-rtx-3050.html,4309.0,PC Portable Gamer DELL Alienware 16 Aurora Intel Core 5 210H 16Go RTX 3050,DELL,16.0,512.0,16.0,Intel,5.0,FreeDos,4,0,Premium,DELL::Premium::c1
https://www.mytek.tn/pc-portable-dell-14-plus-2-en-1-ultra-7-256v-16go-1to-ssd-bleu.html,4699.0,PC Portable DELL 14 Plus 2-en-1 Ultra 7 256V 16Go 1To SSD - Bleu,DELL,16.0,1024.0,14.0,Intel,0.0,Windows 11 Famille,4,0,Premium,DELL::Premium::c0
https://www.mytek.tn/pc-portable-gamer-dell-alienware-16-aurora-intel-core-7-240h-16go-rtx-4050.html,5139.0,PC Portable Gamer DELL Alienware 16 Aurora Intel Core 7 240H 16Go RTX 4050,DELL,16.0,1024.0,16.0,Intel,7.0,FreeDos,4,0,Premium,DELL::Premium::c1
https://www.mytek.tn/pc-portable-gamer-dell-alienware-16-aurora-intel-core-7-240h-32go-rtx-4050.html,5955.0,PC Portable Gamer DELL Alienware 16 Aurora Intel Core 7 240H 32Go RTX 4050,DELL,32.0,1024.0,16.0,Intel,7.0,FreeDos,4,0,Premium,DELL::Premium::c1
https://www.mytek.tn/pc-portable-dell-14-plus-2-en-1-ultra-9-288v-32go-1to-ssd-bleu.html,6089.0,PC Portable DELL 14 Plus 2-en-1 Ultra 9 288V 32Go 1To SSD - Bleu,DELL,32.0,1024.0,14.0,Intel,0.0,Windows 11 Famille,4,0,Premium,DELL::Premium::c0
https://www.mytek.tn/pc-portable-gamer-dell-alienware-16x-aurora-ultra-7-255hx-32go-rtx-5060.html,6199.0,PC Portable Gamer DELL Alienware 16X Aurora Ultra 7 255HX 32Go RTX 5060,DELL,32.0,1024.0,16.0,Intel,0.0,Windows 11 Famille,4,0,Premium,DELL::Premium::c0
https://www.mytek.tn/pc-portable-gamer-dell-alienware-16-aurora-intel-core-9-270h-32go-rtx-5070.html,6819.0,PC Portable Gamer DELL Alienware 16 Aurora Intel Core 9 270H 32Go RTX 5070,DELL,32.0,1024.0,16.0,Intel,9.0,FreeDos,4,0,Premium,DELL::Premium::c1
https://www.mytek.tn/pc-portable-gamer-gigabyte-g6-kf-i7-13e-gen-16g-rtx4060.html,3799.0,PC Portable Gamer GIGABYTE G6 KF i7 13è Gén 16G RTX4060,GIGABYTE,16.0,1024.0,16.0,Intel,7.0,FreeDos,4,0,Économique,GIGABYTE::Économique::c0
https://www.mytek.tn/pc-portable-gamer-gigabyte-g6-kf-i7-13e-gen-16go-rtx4060.html,3849.0,PC Portable Gamer GIGABYTE G6 KF i7 13è Gén 16Go RTX4060,GIGABYTE,16.0,1024.0,16.0,Intel,7.0,Windows 11 Pro,4,0,Économique,GIGABYTE::Économique::c0
https://www.mytek.tn/pc-portable-gamer-gigabyte-g6-kf-i7-13e-gen-24g-rtx-4060.html,4199.0,PC Portable Gamer GIGABYTE G6 KF i7 13è Gén 24G RTX 4060,GIGABYTE,24.0,1024.0,16.0,Intel,7.0,FreeDos,4,0,Économique,GIGABYTE::Économique::c0
https://www.mytek.tn/pc-portable-gamer-gigabyte-a16-5th-amd-ryzen-7-16go-rtx-5050.html,4239.0,PC Portable Gamer GIGABYTE A16 5TH AMD Ryzen 7 16Go RTX 5050,GIGABYTE,16.0,512.0,16.0,AMD,0.0,FreeDos,4,1,Économique,GIGABYTE::Économique::c0
https://www.mytek.tn/pc-portable-gamer-gigabyte-g6-kf-i7-13e-gen-24g-rtx4060.html,4249.0,PC Portable Gamer GIGABYTE G6 KF i7 13è Gén 24G RTX4060,GIGABYTE,24.0,1024.0,16.0,Intel,7.0,Windows 11 Pro,4,0,Économique,GIGABYTE::Économique::c0
https://www.mytek.tn/pc-portable-gamer-gigabyte-g6-kf-i7-13e-gen-32g-rtx-4060.html,4519.0,PC Portable Gamer GIGABYTE G6 KF i7 13è Gén 32G RTX 4060,GIGABYTE,32.0,1024.0,16.0,Intel,7.0,FreeDos,4,0,Économique,GIGABYTE::Économique::c0
https://www.mytek.tn/pc-portable-gamer-gigabyte-g6-kf-i7-13e-gen-32g-rtx4060.html,4569.0,PC Portable Gamer GIGABYTE G6 KF i7 13è Gén 32G RTX4060,GIGABYTE,32.0,1024.0,16.0,Intel,7.0,Windows 11 Pro,4,0,Économique,GIGABYTE::Économique::c0
https://www.mytek.tn/pc-portable-gamer-gigabyte-a16-cvh-i7-13e-gen-16go-rtx-5060.html,4699.0,PC Portable Gamer GIGABYTE A16 CVH i7 13è Gén 16Go RTX 5060,GIGABYTE,16.0,1024.0,16.0,Intel,7.0,FreeDos,4,0,Milieu de gamme,GIGABYTE::Milieu de gamme::c0
https://www.mytek.tn/pc-portable-gamer-gigabyte-a16-3vh-amd-ryzen-7-16go-rtx-5060.html,4699.0,PC Portable Gamer GIGABYTE A16 3VH AMD RYZEN 7 16Go RTX 5060,GIGABYTE,16.0,1024.0,16.0,AMD,0.0,FreeDos,4,1,Milieu de gamme,GIGABYTE::Milieu de gamme::c0
https://www.mytek.tn/pc-portable-gamer-gigabyte-a16-3vh-amd-ryzen-7-24go-rtx-5060.html,5075.0,PC Portable Gamer GIGABYTE A16 3VH AMD RYZEN 7 24Go RTX 5060,GIGABYTE,24.0,1024.0,16.0,AMD,0.0,FreeDos,4,1,Milieu de gamme,GIGABYTE::Milieu de gamme::c0
https://www.mytek.tn/pc-portable-gamer-gigabyte-a16-cvh-i7-13e-gen-24go-rtx-5060.html,5075.0,PC Portable Gamer GIGABYTE A16 CVH i7 13è Gén 24Go RTX 5060,GIGABYTE,24.0,1024.0,16.0,Intel,7.0,FreeDos,4,0,Milieu de gamme,GIGABYTE::Milieu de gamme::c0
https://www.mytek.tn/pc-portable-gamer-gigabyte-a16-3vh-amd-ryzen-7-32go-rtx-5060.html,5479.0,PC Portable Gamer GIGABYTE A16 3VH AMD RYZEN 7 32Go RTX 5060,GIGABYTE,32.0,1024.0,16.0,AMD,0.0,FreeDos,4,1,Milieu de gamme,GIGABYTE::Milieu de gamme::c0
https://www.mytek.tn/pc-portable-gamer-gigabyte-a16-cvh-i7-13e-gen-32go-rtx-5060.html,5479.0,PC Portable Gamer GIGABYTE A16 CVH i7 13è Gén 32Go RTX 5060,GIGABYTE,32.0,1024.0,16.0,Intel,7.0,FreeDos,4,0,Milieu de gamme,GIGABYTE::Milieu de gamme::c0
https://www.mytek.tn/pc-portable-gamer-gigabyte-a16-cwh-i7-13e-gen-16g-rtx-5070.html,5489.0,PC Portable Gamer GIGABYTE A16 CWH i7 13è Gén 16G RTX 5070,GIGABYTE,16.0,1024.0,16.0,Intel,7.0,Windows 11 Famille,4,0,Milieu de gamme,GIGABYTE::Milieu de gamme::c0
https://www.mytek.tn/pc-portable-gamer-gigabyte-aero-x16-1wh-amd-ryzen-ai-7-350-16g-rtx5070.html,5879.0,PC Portable Gamer GIGABYTE AERO X16 1WH AMD Ryzen AI 7 350 16G RTX5070,GIGABYTE,16.0,1024.0,16.0,AMD,0.0,Windows 11 Famille,4,1,Premium,GIGABYTE::Premium::c0
https://www.mytek.tn/pc-portable-gamer-gigabyte-aero-x16-2wh-amd-ryzen-ai-9-hx-370-32g-rtx5070.html,6759.0,PC Portable Gamer GIGABYTE AERO X16 2WH AMD Ryzen AI 9 HX 370 32G RTX5070,GIGABYTE,32.0,1024.0,16.0,AMD,0.0,Windows 11 Famille,4,1,Premium,GIGABYTE::Premium::c0
https://www.mytek.tn/pc-portable-gamer-gigabyte-aero-x16-2wh-amd-ryzen-ai-9-hx-370-32go-rtx5070.html,7059.0,PC Portable Gamer GIGABYTE AERO X16 2WH AMD Ryzen AI 9 HX 370 32Go RTX5070,GIGABYTE,32.0,2048.0,16.0,AMD,0.0,Windows 11 Famille,4,1,Premium,GIGABYTE::Premium::c0
https://www.mytek.tn/pc-portable-gamer-gigabyte-aero-x16-2wh-amd-ryzen-ai-9-hx-370-32g-rtx-5070.html,7059.0,PC Portable Gamer GIGABYTE AERO X16 2WH AMD Ryzen AI 9 HX 370 32G RTX 5070,GIGABYTE,32.0,2048.0,16.0,AMD,0.0,Windows 11 Famille,4,1,Premium,GIGABYTE::Premium::c0
https://www.mytek.tn/pc-portable-gamer-gigabyte-a16-pro-dyh-intel-core-7-240h-32go-rtx-5080.html,8479.0,PC Portable Gamer GIGABYTE A16 PRO DYH Intel Core 7 240H 32Go RTX 5080,GIGABYTE,32.0,1024.0,16.0,Intel,7.0,FreeDos,4,0,Premium,GIGABYTE::Premium::c0
https://www.mytek.tn/pc-portable-gamer-gigabyte-aorus-master-16-ultra-9-275hx-32go-rtx-5080.html,11339.0,PC Portable Gamer GIGABYTE AORUS MASTER 16 Ultra 9 275HX 32Go RTX 5080,GIGABYTE,32.0,1024.0,16.0,Intel,0.0,Windows 11 Pro,4,0,Premium,GIGABYTE::Premium::c0
https://www.mytek.tn/pc-portable-gamer-gigabyte-aorus-master-16-ultra-9-275hx-32go-rtx-5090.html,16129.0,PC Portable Gamer GIGABYTE AORUS MASTER 16 Ultra 9 275HX 32Go RTX 5090,GIGABYTE,32.0,2048.0,16.0,Intel,0.0,Windows 11 Pro,4,0,Premium,GIGABYTE::Premium::c0
https://www.mytek.tn/pc-portable-hp-15-fd0420nk-intel-n100-8go-512go-ssd-gris.html,1359.0,PC Portable HP 15-fd0420nk Intel N100 8Go 512Go SSD - Gris,HP,8.0,512.0,15.6,Intel,0.0,FreeDos,4,0,,
https://www.mytek.tn/pc-portable-hp-15-fd0417nk-intel-n100-8go-512go-ssd-gris.html,1399.0,PC Portable HP 15-fd0417nk Intel N100 8Go 512Go SSD - Gris,HP,8.0,512.0,15.6,Intel,0.0,Windows 11 Famille,4,0,,
https://www.mytek.tn/pc-portable-hp-15-fc0180nk-amd-ryzen-3-8go-512go-ssd-silver.html,1599.0,PC Portable HP 15-fc0180nk AMD RYZEN 3 8Go 512Go SSD - Silver,HP,8.0,512.0,15.6,AMD,0.0,FreeDos,4,1,Économique,HP::Économique::c0
https://www.mytek.tn/pc-portable-hp-15-fc0180nk-amd-ryzen-3-8g-512go-ssd-silver.html,1649.0,PC Portable HP 15-fc0180nk AMD RYZEN 3 8G 512Go SSD - Silver,HP,8.0,512.0,15.6,AMD,0.0,Windows 11 Pro,4,1,Économique,HP::Économique::c0
https://www.mytek.tn/pc-portable-hp-15-fd0401nk-i3-13e-gen-8go-256go-ssd-gris.html,1665.0,PC Portable HP 15-fd0401nk i3 13è Gén 8Go 256Go SSD - Gris,HP,8.0,256.0,15.6,Intel,3.0,FreeDos,4,0,,
https://www.mytek.tn/pc-portable-hp-15-fd0402nk-i3-13e-gen-8go-256go-ssd-noir.html,1665.0,PC Portable HP 15-fd0402nk i3 13è Gén 8Go 256Go SSD - Noir,HP,8.0,256.0,15.6,Intel,3.0,FreeDos,4,0,,
https://www.mytek.tn/pc-portable-hp-15-fd0399nk-i3-13e-gen-8go-256go-ssd-silver-or-chaud.html,1665.0,PC Portable HP 15-fd0399nk i3 13è Gén 8Go 256Go SSD - Silver & Or Chaud,HP,8.0,256.0,15.6,Intel,3.0,FreeDos,4,0,,
https://www.mytek.tn/pc-portable-hp-15-fd0438nk-i3-13e-gen-8go-512go-ssd-noir.html,1679.0,PC Portable HP 15-fd0438nk i3 13è Gén 8Go 512Go SSD - Noir,HP,8.0,512.0,15.6,Intel,3.0,FreeDos,4,0,Économique,HP::Économique::c1
https://www.mytek.tn/pc-portable-hp-15-fc0090nk-amd-ryzen-5-8go-512go-ssd-silver-or-chaud.html,1709.0,PC Portable HP 15-fc0090nk AMD RYZEN 5 8Go 512Go SSD - Silver & Or Chaud,HP,8.0,512.0,15.6,AMD,0.0,Windows 11 Famille,4,1,Économique,HP::Économique::c0
https://www.mytek.tn/pc-portable-hp-15-fc0091nk-amd-ryzen-5-8go-512go-ssd-silver-bleu.html,1709.0,PC Portable HP 15-fc0091nk AMD RYZEN 5 8Go 512Go SSD - Silver & Bleu,HP,8.0,512.0,15.6,AMD,0.0,Windows 11 Famille,4,1,Économique,HP::Économique::c0
https://www.mytek.tn/pc-portable-hp-15-fc0092nk-amd-ryzen-5-8go-512go-ssd-silver-blanc.html,1709.0,PC Portable HP 15-fc0092nk AMD RYZEN 5 8Go 512Go SSD - Silver & Blanc,HP,8.0,512.0,15.6,AMD,0.0,Windows 11 Famille,4,1,Économique,HP::Économique::c0
https://www.mytek.tn/pc-portable-hp-15-fc0127nk-amd-ryzen-5-8go-512go-ssd-silver.html,1709.0,PC Portable HP 15-fc0127nk AMD RYZEN 5 8Go 512Go SSD - Silver,HP,8.0,512.0,15.6,AMD,0.0,Windows 11 Famille,4,1,Économique,HP::Économique::c0
https://www.mytek.tn/pc-portable-hp-15-fc0127nk-amd-ryzen-5-8g-512go-ssd-silver.html,1709.0,PC Portable HP 15-fc0127nk AMD RYZEN 5 8G 512Go SSD - Silver,HP,8.0,512.0,15.6,AMD,0.0,Windows 11 Famille,4,1,Économique,HP::Économique::c0
https://www.mytek.tn/pc-portable-hp-15-fc0092nk-amd-ryzen-5-8g-512go-ssd-silver-blanc.html,1709.0,PC Portable HP 15-fc0092nk AMD RYZEN 5 8G 512Go SSD - Silver & Blanc,HP,8.0,512.0,15.6,AMD,0.0,Windows 11 Famille,4,1,Économique,HP::Économique::c0
https://www.mytek.tn/pc-portable-hp-15-fc0090nk-amd-ryzen-5-8g-512go-ssd-silver-or-chaud.html,1709.0,PC Portable HP 15-fc0090nk AMD RYZEN 5 8G 512Go SSD - Silver & Or Chaud,HP,8.0,512.0,15.6,AMD,0.0,Windows 11 Famille,4,1,Économique,HP::Économique::c0
https://www.mytek.tn/pc-portable-hp-15-fc0091nk-amd-ryzen-5-8g-512go-ssd-silver-bleu.html,1715.0,PC Portable HP 15-fc0091nk AMD RYZEN 5 8G 512Go SSD - Silver & Bleu,HP,8.0,512.0,15.6,AMD,0.0,Windows 11 Famille,4,1,Économique,HP::Économique::c0
https://www.mytek.tn/pc-portable-hp-15-fd0438nk-i3-13e-gen-8g-512go-ssd-noir.html,1729.0,PC Portable HP 15-fd0438nk i3 13è Gén 8G 512Go SSD - Noir,HP,8.0,512.0,15.6,Intel,3.0,Windows 11 Pro,4,0,Économique,HP::Économique::c1
https://www.mytek.tn/pc-portable-hp-15-fd0580nk-i3-13e-gen-8go-512go-ssd-silver.html,1739.0,PC Portable HP 15-fd0580nk i3 13è Gén 8Go 512Go SSD - Silver,HP,8.0,512.0,15.6,Intel,3.0,FreeDos,4,0,,
https://www.mytek.tn/pc-portable-hp-15-fd0438nk-i3-13e-gen-16go-512go-ssd-noir.html,1829.0,PC Portable HP 15-fd0438nk i3 13è Gén 16Go 512Go SSD - Noir,HP,16.0,512.0,15.6,Intel,3.0,FreeDos,4,0,Économique,HP::Économique::c1
https://www.mytek.tn/pc-portable-hp-15-fd0391nk-i5-13e-gen-8go-512go-ssd-noir.html,1849.0,PC Portable HP 15-fd0391nk i5 13è Gén 8Go 512Go SSD - Noir,HP,8.0,512.0,15.6,Intel,5.0,FreeDos,4,0,,
https://www.mytek.tn/pc-portable-hp-15-fd0390nk-i5-13e-gen-8go-512go-ssd-silver-bleu.html,1849.0,PC Portable HP 15-fd0390nk i5 13è Gén 8Go 512Go SSD - Silver & Bleu,HP,8.0,512.0,15.6,Intel,5.0,FreeDos,4,0,,
https://www.mytek.tn/pc-portable-hp-15-fd0578nk-i5-13e-gen-8go-512go-ssd-silver.html,1849.0,PC Portable HP 15-fd0578nk i5 13è Gén 8Go 512Go SSD - Silver,HP,8.0,512.0,15.6,Intel,5.0,FreeDos,4,0,,
https://www.mytek.tn/pc-portable-hp-15-fd0392nk-i5-13e-gen-8go-512go-ssd-gris.html,1849.0,PC Portable HP 15-fd0392nk i5 13è Gén 8Go 512Go SSD - Gris,HP,8.0,512.0,15.6,Intel,5.0,FreeDos,4,0,,
https://www.mytek.tn/pc-portable-hp-15-fd0438nk-i3-13e-gen-16g-512go-ssd-noir.html,1899.0,PC Portable HP 15-fd0438nk i3 13è Gén 16G 512Go SSD - Noir,HP,16.0,512.0,15.6,Intel,3.0,Windows 11 Pro,4,0,Économique,HP::Économique::c1
https://www.mytek.tn/pc-portable-hp-15-fc0181nk-amd-ryzen-5-8go-512go-ssd-silver.html,1899.0,PC Portable HP 15-fc0181nk AMD RYZEN 5 8Go 512Go SSD - Silver,HP,8.0,512.0,15.6,AMD,0.0,FreeDos,4,1,Économique,HP::Économique::c0
https://www.mytek.tn/pc-portable-hp-250r-g10-intel-core-3-100u-8go-512go-ssd.html,1945.0,PC Portable HP 250R G10 Intel Core 3 100U 8Go 512Go SSD,HP,8.0,512.0,15.6,Intel,3.0,FreeDos,4,0,Économique,HP::Économique::c1
https://www.mytek.tn/pc-portable-hp-15-fc0181nk-amd-ryzen-5-8g-512go-ssd-silver.html,1949.0,PC Portable HP 15-fc0181nk AMD RYZEN 5 8G 512Go SSD - Silver,HP,8.0,512.0,15.6,AMD,0.0,Windows 11 Pro,4,1,Économique,HP::Économique::c0
https://www.mytek.tn/pc-portable-hp-15-fd1073nk-intel-core-7-150u-8go-512go-ssd-silver.html,2065.0,PC Portable HP 15-fd1073nk Intel Core 7 150U 8Go 512Go SSD - Silver,HP,8.0,512.0,15.6,Intel,7.0,FreeDos,4,0,Économique,HP::Économique::c2
https://www.mytek.tn/pc-portable-hp-15-fd0438nk-i3-13e-gen-24go-512go-ssd-noir.html,2079.0,PC Portable HP 15-fd0438nk i3 13è Gén 24Go 512Go SSD - Noir,HP,24.0,512.0,15.6,Intel,3.0,FreeDos,4,0,Économique,HP::Économique::c1
https://www.mytek.tn/pc-portable-hp-15-fc0182nk-amd-ryzen-5-16go-512go-ssd-silver.html,2099.0,PC Portable HP 15-fc0182nk AMD RYZEN 5 16Go 512Go SSD - Silver,HP,16.0,512.0,15.6,AMD,0.0,FreeDos,4,1,Économique,HP::Économique::c0
https://www.mytek.tn/pc-portable-hp-15-fd1079nk-ultra-5-125h-16go-512go-ssd-noir.html,2199.0,PC Portable HP 15-fd1079nk Ultra 5 125H 16Go 512Go SSD - Noir,HP,16.0,512.0,15.6,Intel,0.0,FreeDos,4,0,Économique,HP::Économique::c2
https://www.mytek.tn/pc-portable-hp-15-fd1077nk-ultra-5-125h-16go-512go-ssd-silver-or-chaud.html,2199.0,PC Portable HP 15-fd1077nk Ultra 5 125H 16Go 512Go SSD - Silver & Or Chaud,HP,16.0,512.0,15.6,Intel,0.0,FreeDos,4,0,Économique,HP::Économique::c2
https://www.mytek.tn/pc-portable-hp-15-fd1079nk-ultra-5-125h-16g-512go-ssd-noir.html,2249.0,PC Portable HP 15-fd1079nk Ultra 5 125H 16G 512Go SSD - Noir,HP,16.0,512.0,15.6,Intel,0.0,Windows 11 Pro,4,0,Économique,HP::Économique::c2
https://www.mytek.tn/pc-portable-hp-15-fd1077nk-ultra-5-125h-16g-512go-ssd-silver-or-chaud.html,2249.0,PC Portable HP 15-fd1077nk Ultra 5 125H 16G 512Go SSD - Silver & Or Chaud,HP,16.0,512.0,15.6,Intel,0.0,Windows 11 Pro,4,0,Économique,HP::Économique::c2
https://www.mytek.tn/pc-portable-gamer-hp-victus-15-fa1006nk-i5-13e-gen-8go-rtx-2050.html,2259.0,PC Portable Gamer HP Victus 15-fa1006nk i5 13è Gén 8Go RTX 2050,HP,8.0,512.0,15.6,Intel,5.0,Windows 11 Famille,4,0,Économique,HP::Économique::c2
https://www.mytek.tn/pc-portable-hp-15-fd1073nk-intel-core-7-150u-16go-512go-ssd-silver.html,2295.0,PC Portable HP 15-fd1073nk Intel Core 7 150U 16Go 512Go SSD - Silver,HP,16.0,512.0,15.6,Intel,7.0,FreeDos,4,0,Économique,HP::Économique::c2
https://www.mytek.tn/pc-portable-hp-15-fd0669nk-intel-core-5-120u-16go-512go-ssd-silver.html,2299.0,PC Portable HP 15-fd0669nk Intel Core 5 120U 16Go 512Go SSD - Silver,HP,16.0,512.0,15.6,Intel,5.0,FreeDos,4,0,Économique,HP::Économique::c2
https://www.mytek.tn/pc-portable-hp-15-fd0544nk-i5-13e-gen-16go-512go-ssd-silver-bleu.html,2299.0,PC Portable HP 15-fd0544nk i5 13è Gén 16Go 512Go SSD - Silver & Bleu,HP,16.0,512.0,15.6,Intel,5.0,FreeDos,4,0,,
https://www.mytek.tn/pc-portable-hp-15-fd0545nk-i5-13e-gen-16go-512go-ssd-silver-blanc.html,2299.0,PC Portable HP 15-fd0545nk i5 13è Gén 16Go 512Go SSD - Silver & Blanc,HP,16.0,512.0,15.6,Intel,5.0,FreeDos,4,0,,
https://www.mytek.tn/pc-portable-hp-15-fd0546nk-i5-13e-gen-16go-512go-ssd-silver-or-chaud.html,2299.0,PC Portable HP 15-fd0546nk i5 13è Gén 16Go 512Go SSD - Silver & Or Chaud,HP,16.0,512.0,15.6,Intel,5.0,FreeDos,4,0,,
https://www.mytek.tn/pc-portable-hp-15-fd1073nk-intel-core-7-150u-16g-512go-ssd-silver.html,2345.0,PC Portable HP 15-fd1073nk Intel Core 7 150U 16G 512Go SSD - Silver,HP,16.0,512.0,15.6,Intel,7.0,Windows 11 Pro,4,0,Économique,HP::Économique::c2
https://www.mytek.tn/pc-portable-gamer-hp-victus-15-fb3008nk-amd-ryzen-5-8go-rtx-2050.html,2349.0,PC Portable Gamer HP Victus 15-fb3008nk AMD RYZEN 5 8Go RTX 2050,HP,8.0,512.0,15.6,AMD,0.0,Windows 11 Famille,4,1,Économique,HP::Économique::c0
https://www.mytek.tn/pc-portable-gamer-hp-victus-15-fb3008nk-amd-ryzen-5-8g-rtx-2050.html,2349.0,PC Portable Gamer HP Victus 15-fb3008nk AMD RYZEN 5 8G RTX 2050,HP,8.0,512.0,15.6,AMD,0.0,Windows 11 Famille,4,1,Économique,HP::Économique::c0
https://www.mytek.tn/pc-portable-hp-250r-g10-intel-core-3-100u-16go-512go-ssd.html,2355.0,PC Portable HP 250R G10 Intel Core 3 100U 16Go 512Go SSD,HP,16.0,512.0,15.6,Intel,3.0,FreeDos,4,0,Milieu de gamme,HP::Milieu de gamme::c0
https://www.mytek.tn/pc-portable-hp-probook-450-g10-i5-13e-gen-8go-512go-ssd-silver.html,2399.0,Pc Portable HP ProBook 450 G10 i5 13è Gén 8Go 512Go SSD - Silver,HP,8.0,512.0,15.6,Intel,5.0,FreeDos,4,0,Milieu de gamme,HP::Milieu de gamme::c0
https://www.mytek.tn/pc-portable-hp-ai-15-fd2006nk-ultra-5-225u-24go-512go-ssd-silver-bleu.html,2425.0,PC Portable HP AI 15-fd2006nk Ultra 5 225U 24Go 512Go SSD - Silver & Bleu,HP,24.0,512.0,15.6,Intel,0.0,Windows 11 Famille,4,0,,
https://www.mytek.tn/pc-portable-hp-ai-15-fd2007nk-ultra-5-225u-24go-512go-ssd-silver.html,2425.0,PC Portable HP AI 15-fd2007nk Ultra 5 225U 24Go 512Go SSD - Silver,HP,24.0,512.0,15.6,Intel,0.0,Windows 11 Famille,4,0,,
https://www.mytek.tn/pc-portable-hp-probook-450-g10-i5-13e-gen-8g-512g-ssd-silver.html,2459.0,Pc Portable HP ProBook 450 G10 i5 13è Gén 8G 512G SSD - Silver,HP,8.0,512.0,15.6,Intel,5.0,Windows 11 Pro,4,0,Milieu de gamme,HP::Milieu de gamme::c0
https://www.mytek.tn/pc-portable-gamer-hp-victus-15-fa1006nk-i5-13e-gen-16g-rtx-2050.html,2475.0,PC Portable Gamer HP Victus 15-fa1006nk i5 13è Gén 16G RTX 2050,HP,16.0,512.0,15.6,Intel,5.0,Windows 11 Famille,4,0,Milieu de gamme,HP::Milieu de gamme::c0
https://www.mytek.tn/pc-portable-hp-15-fd1073nk-intel-core-7-150u-24go-512go-ssd-silver.html,2529.0,PC Portable HP 15-fd1073nk Intel Core 7 150U 24Go 512Go SSD - Silver,HP,24.0,512.0,15.6,Intel,7.0,FreeDos,4,0,Milieu de gamme,HP::Milieu de gamme::c0
https://www.mytek.tn/pc-portable-hp-probook-450-g10-i5-13e-gen-16go-512go-ssd-silver.html,2569.0,Pc Portable HP ProBook 450 G10 i5 13è Gén 16Go 512Go SSD - Silver,HP,16.0,512.0,15.6,Intel,5.0,FreeDos,4,0,Milieu de gamme,HP::Milieu de gamme::c0
https://www.mytek.tn/pc-portable-hp-probook-460-g11-ultra-5-125u-8go-512go-ssd-silver.html,2589.0,Pc Portable HP ProBook 460 G11 Ultra 5 125U 8Go 512Go SSD - Silver,HP,8.0,512.0,16.0,Intel,0.0,FreeDos,4,0,Milieu de gamme,HP::Milieu de gamme::c0
https://www.mytek.tn/pc-portable-hp-probook-450-g10-i5-13eme-gen-16g-512g-ssd-silver.html,2619.0,Pc Portable HP ProBook 450 G10 i5 13ème Gén 16G 512G SSD - Silver,HP,16.0,512.0,15.6,Intel,5.0,Windows 11 Pro,4,0,Milieu de gamme,HP::Milieu de gamme::c0
https://www.mytek.tn/pc-portable-hp-probook-4-g1ir-intel-core-5-120u-8go-512go-ssd.html,2635.0,Pc Portable HP ProBook 4 G1iR Intel Core 5 120U 8Go 512Go SSD,HP,8.0,512.0,14.0,Intel,5.0,FreeDos,4,0,Milieu de gamme,HP::Milieu de gamme::c0
https://www.mytek.tn/pc-portable-hp-probook-460-g11-ultra-5-125u-8g-512go-ssd-silver.html,2639.0,Pc Portable HP ProBook 460 G11 Ultra 5 125U 8G 512Go SSD - Silver,HP,8.0,512.0,16.0,Intel,0.0,Windows 11 Pro,4,0,Milieu de gamme,HP::Milieu de gamme::c0
https://www.mytek.tn/pc-portable-hp-15-fd1079nk-ultra-5-125h-24go-512go-ssd-noir.html,2749.0,PC Portable HP 15-fd1079nk Ultra 5 125H 24Go 512Go SSD - Noir,HP,24.0,512.0,15.6,Intel,0.0,FreeDos,4,0,Milieu de gamme,HP::Milieu de gamme::c0
https://www.mytek.tn/pc-portable-gamer-hp-victus-15-fb3008nk-amd-ryzen-5-16go-rtx-2050.html,2749.0,PC Portable Gamer HP Victus 15-fb3008nk AMD RYZEN 5 16Go RTX 2050,HP,16.0,512.0,15.6,AMD,0.0,Windows 11 Famille,4,1,Milieu de gamme,HP::Milieu de gamme::c0
https://www.mytek.tn/pc-portable-gamer-hp-victus-15-fb3008nk-amd-ryzen-5-16g-rtx-2050.html,2749.0,PC Portable Gamer HP Victus 15-fb3008nk AMD RYZEN 5 16G RTX 2050,HP,16.0,512.0,15.6,AMD,0.0,Windows 11 Famille,4,1,Milieu de gamme,HP::Milieu de gamme::c0
https://www.mytek.tn/pc-portable-hp-15-fd1079nk-ultra-5-125h-24g-512go-ssd-noir.html,2769.0,PC Portable HP 15-fd1079nk Ultra 5 125H 24G 512Go SSD - Noir,HP,24.0,512.0,15.6,Intel,0.0,FreeDos,4,0,Milieu de gamme,HP::Milieu de gamme::c0
https://www.mytek.tn/pc-portable-hp-15-fd1079nk-ultra-5-125h-24g-512g-ssd-noir.html,2799.0,PC Portable HP 15-fd1079nk Ultra 5 125H 24G 512G SSD - Noir,HP,24.0,512.0,15.6,Intel,0.0,Windows 11 Pro,4,0,Milieu de gamme,HP::Milieu de gamme::c0
https://www.mytek.tn/pc-portable-gamer-hp-victus-15-fb3007nk-amd-ryzen-7-8go-rtx-3050.html,2799.0,PC Portable Gamer HP Victus 15-fb3007nk AMD RYZEN 7 8Go RTX 3050,HP,8.0,512.0,15.6,AMD,0.0,Windows 11 Famille,4,1,Milieu de gamme,HP::Milieu de gamme::c0
https://www.mytek.tn/pc-portable-gamer-hp-victus-15-fb3007nk-amd-ryzen-7-8g-rtx-3050.html,2799.0,PC Portable Gamer HP Victus 15-fb3007nk AMD RYZEN 7 8G RTX 3050,HP,8.0,512.0,15.6,AMD,0.0,Windows 11 Famille,4,1,Milieu de gamme,HP::Milieu de gamme::c0
https://www.mytek.tn/pc-portable-hp-probook-4-g1ir-intel-core-5-120u-16g-512go-ssd.html,2929.0,Pc Portable HP ProBook 4 G1iR Intel Core 5 120U 16G 512Go SSD,HP,16.0,512.0,16.0,Intel,5.0,FreeDos,4,0,Milieu de gamme,HP::Milieu de gamme::c0
https://www.mytek.tn/pc-portable-hp-ai-15-fd2010nk-ultra-5-225u-24go-512go-ssd-silver.html,2949.0,PC Portable HP AI 15-fd2010nk Ultra 5 225U 24Go 512Go SSD - Silver,HP,24.0,512.0,15.6,Intel,0.0,FreeDos,4,0,Milieu de gamme,HP::Milieu de gamme::c0
https://www.mytek.tn/pc-portable-hp-probook-4-g1ir-intel-core-5-120u-16g-512g-ssd.html,2979.0,Pc Portable HP ProBook 4 G1iR Intel Core 5 120U 16G 512G SSD,HP,16.0,512.0,16.0,Intel,5.0,Windows 11 Pro,4,0,Milieu de gamme,HP::Milieu de gamme::c0
https://www.mytek.tn/pc-portable-hp-probook-460-g11-ultra-5-125u-16go-512go-ssd-silver.html,2985.0,Pc Portable HP ProBook 460 G11 Ultra 5 125U 16Go 512Go SSD - Silver,HP,16.0,512.0,16.0,Intel,0.0,FreeDos,4,0,Milieu de gamme,HP::Milieu de gamme::c0
https://www.mytek.tn/pc-portable-hp-probook-460-g11-ultra-5-125u-16g-512go-ssd-silver.html,3035.0,Pc Portable HP ProBook 460 G11 Ultra 5 125U 16G 512Go SSD - Silver,HP,16.0,512.0,16.0,Intel,0.0,Windows 11 Pro,4,0,Milieu de gamme,HP::Milieu de gamme::c0
https://www.mytek.tn/pc-portable-hp-ai-15-fd2005nk-ultra-5-225u-24go-512go-ssd-silver-or-chaud.html,3059.0,PC Portable HP AI 15-fd2005nk Ultra 5 225U 24Go 512Go SSD - Silver & Or Chaud,HP,24.0,512.0,15.6,Intel,0.0,Windows 11 Famille,4,0,Milieu de gamme,HP::Milieu de gamme::c0
https://www.mytek.tn/pc-portable-hp-ai-15-fd2005nk-ultra-5-225u-24g-512go-ssd-silver-or-chaud.html,3109.0,PC Portable HP AI 15-fd2005nk Ultra 5 225U 24G 512Go SSD - Silver & Or Chaud,HP,24.0,512.0,15.6,Intel,0.0,Windows 11 Pro,4,0,Milieu de gamme,HP::Milieu de gamme::c0
https://www.mytek.tn/pc-portable-hp-250r-g10-intel-core-5-120u-24go-512go-ssd-argent-cendre-fonce.html,3115.0,PC Portable HP 250R G10 Intel Core 5 120U 24Go 512Go SSD - Argent Cendré Foncé,HP,24.0,512.0,15.6,Intel,5.0,FreeDos,4,0,Milieu de gamme,HP::Milieu de gamme::c0
https://www.mytek.tn/pc-portable-gamer-hp-victus-15-fb3008nk-amd-ryzen-5-24go-rtx-2050.html,3149.0,PC Portable Gamer HP Victus 15-fb3008nk AMD RYZEN 5 24Go RTX 2050,HP,24.0,512.0,15.6,AMD,0.0,Windows 11 Famille,4,1,Premium,HP::Premium::c0
https://www.mytek.tn/pc-portable-gamer-hp-victus-15-fb3008nk-amd-ryzen-5-24g-rtx-2050.html,3149.0,PC Portable Gamer HP Victus 15-fb3008nk AMD RYZEN 5 24G RTX 2050,HP,24.0,512.0,15.6,AMD,0.0,Windows 11 Famille,4,1,Premium,HP::Premium::c0
https://www.mytek.tn/pc-portable-hp-probook-4-g1ir-intel-core-7-150u-8go-512go-ssd.html,3159.0,Pc Portable HP ProBook 4 G1iR Intel Core 7 150U 8Go 512Go SSD,HP,8.0,512.0,14.0,Intel,7.0,FreeDos,4,0,Premium,HP::Premium::c2
https://www.mytek.tn/pc-portable-gamer-hp-victus-15-fb3007nk-amd-ryzen-7-16go-rtx-3050.html,3189.0,PC Portable Gamer HP Victus 15-fb3007nk AMD RYZEN 7 16Go RTX 3050,HP,16.0,512.0,15.6,AMD,0.0,Windows 11 Famille,4,1,Premium,HP::Premium::c0
https://www.mytek.tn/pc-portable-gamer-hp-victus-15-fb3007nk-amd-ryzen-7-16g-rtx-3050.html,3189.0,PC Portable Gamer HP Victus 15-fb3007nk AMD RYZEN 7 16G RTX 3050,HP,16.0,512.0,15.6,AMD,0.0,Windows 11 Famille,4,1,Premium,HP::Premium::c0
https://www.mytek.tn/pc-portable-hp-omnibook-7-aerongai-13-bg1004nk-amd-ryzen-ai-5-16go-512go-ssd.html,3239.0,PC Portable HP OmniBook 7 AeroNGAI 13-bg1004nk AMD Ryzen AI 5 16Go 512Go SSD,HP,16.0,512.0,13.3,AMD,0.0,Windows 11 Famille,4,1,Premium,HP::Premium::c0
https://www.mytek.tn/pc-portable-hp-probook-4-g1ir-intel-core-5-120u-16go-512g-ssd.html,3259.0,Pc Portable HP ProBook 4 G1iR Intel Core 5 120U 16Go 512G SSD,HP,16.0,512.0,16.0,Intel,5.0,FreeDos,4,0,Premium,HP::Premium::c2
https://www.mytek.tn/pc-portable-hp-15-fd1079nk-ultra-5-125h-32go-512go-ssd-noir.html,3299.0,PC Portable HP 15-fd1079nk Ultra 5 125H 32Go 512Go SSD - Noir,HP,32.0,512.0,15.6,Intel,0.0,FreeDos,4,0,Premium,HP::Premium::c1
https://www.mytek.tn/pc-portable-hp-15-fd1079nk-ultra-5-125h-32g-512g-ssd-noir.html,3319.0,PC Portable HP 15-fd1079nk Ultra 5 125H 32G 512G SSD - Noir,HP,32.0,512.0,15.6,Intel,0.0,FreeDos,4,0,Premium,HP::Premium::c1
https://www.mytek.tn/pc-portable-hp-15-fd1079nk-ultra-5-125h-32g-512go-ssd-noir.html,3349.0,PC Portable HP 15-fd1079nk Ultra 5 125H 32G 512Go SSD - Noir,HP,32.0,512.0,15.6,Intel,0.0,Windows 11 Pro,4,0,Premium,HP::Premium::c1
https://www.mytek.tn/pc-portable-hp-probook-4-g1ir-intel-core-7-150u-8g-512go-ssd.html,3415.0,Pc Portable HP ProBook 4 G1iR Intel Core 7 150U 8G 512Go SSD,HP,8.0,512.0,16.0,Intel,7.0,FreeDos,4,0,,
https://www.mytek.tn/pc-portable-gamer-hp-victus-15-fb3007nk-amd-ryzen-7-24go-rtx-3050.html,3599.0,PC Portable Gamer HP Victus 15-fb3007nk AMD RYZEN 7 24Go RTX 3050,HP,24.0,512.0,15.6,AMD,0.0,Windows 11 Famille,4,1,Premium,HP::Premium::c0
https://www.mytek.tn/pc-portable-gamer-hp-victus-15-fb3007nk-amd-ryzen-7-24g-rtx-3050.html,3599.0,PC Portable Gamer HP Victus 15-fb3007nk AMD RYZEN 7 24G RTX 3050,HP,24.0,512.0,15.6,AMD,0.0,Windows 11 Famille,4,1,Premium,HP::Premium::c0
https://www.mytek.tn/pc-portable-hp-probook-4-g1ir-intel-core-7-150u-16g-512g-ssd.html,3725.0,Pc Portable HP ProBook 4 G1iR Intel Core 7 150U 16G 512G SSD,HP,16.0,512.0,16.0,Intel,7.0,Windows 11 Pro,4,0,Premium,HP::Premium::c2
https://www.mytek.tn/pc-portable-hp-omnibook-5-flip-2-in-1-14-fp0026nk-i5-13e-gen-16go-512go-ssd.html,3759.0,PC Portable HP OmniBook 5 Flip 2-in-1 14-fp0026nk i5 13è Gén 16Go 512Go SSD,HP,16.0,512.0,14.0,Intel,5.0,Windows 11 Famille,4,0,,
https://www.mytek.tn/pc-portable-hp-omnibook-5-flip-2-in-1-14-fp0007nk-i5-13e-gen-16go-512go-ssd.html,3759.0,PC Portable HP OmniBook 5 Flip 2-in-1 14-fp0007nk i5 13è Gén 16Go 512Go SSD,HP,16.0,512.0,14.0,Intel,5.0,Windows 11 Famille,4,0,,
https://www.mytek.tn/pc-portable-hp-probook-460-g11-ultra-5-125u-32go-512go-ssd-silver.html,3785.0,Pc Portable HP ProBook 460 G11 Ultra 5 125U 32Go 512Go SSD - Silver,HP,32.0,512.0,16.0,Intel,0.0,FreeDos,4,0,Premium,HP::Premium::c1
https://www.mytek.tn/pc-portable-hp-probook-460-g11-ultra-5-125u-32g-512go-ssd-silver.html,3835.0,Pc Portable HP ProBook 460 G11 Ultra 5 125U 32G 512Go SSD - Silver,HP,32.0,512.0,16.0,Intel,0.0,Windows 11 Pro,4,0,Premium,HP::Premium::c1
https://www.mytek.tn/pc-portable-hp-omnibook-x-flip-2-in-1-ai-16-as0021nk-ultra-5-226v-16g-512g-ssd.html,3859.0,PC Portable HP OmniBook X Flip 2-in-1 AI 16-as0021nk Ultra 5 226V 16G 512G SSD,HP,16.0,512.0,16.0,Intel,0.0,Windows 11 Famille,4,0,,
https://www.mytek.tn/pc-portable-hp-omnibook-x-flip-2-in-1-ai-16-as0020nk-ultra-5-226v-16g-1to-ssd.html,3879.0,PC Portable HP OmniBook X Flip 2-in-1 AI 16-as0020nk Ultra 5 226V 16G 1To SSD,HP,16.0,1024.0,16.0,Intel,0.0,Windows 11 Famille,4,0,,
https://www.mytek.tn/pc-portable-gamer-hp-victus-15-fb3004nk-amd-ryzen-5-16go-rtx-4050.html,3889.0,PC Portable Gamer HP Victus 15-fb3004nk AMD RYZEN 5 16Go RTX 4050,HP,16.0,512.0,15.6,AMD,0.0,FreeDos,4,1,Premium,HP::Premium::c0
https://www.mytek.tn/pc-portable-hp-ai-15-fd2000nk-ultra-7-255u-16go-1to-ssd-silver.html,4119.0,PC Portable HP AI 15-fd2000nk Ultra 7 255U 16Go 1To SSD - Silver,HP,16.0,1024.0,15.6,Intel,0.0,Windows 11 Famille,4,0,Premium,HP::Premium::c1
https://www.mytek.tn/pc-portable-gamer-hp-victus-15-fb3005nk-amd-ryzen-7-16go-rtx-4050.html,4299.0,PC Portable Gamer HP Victus 15-fb3005nk AMD RYZEN 7 16Go RTX 4050,HP,16.0,512.0,15.6,AMD,0.0,Windows 11 Famille,4,1,Premium,HP::Premium::c0
https://www.mytek.tn/pc-portable-hp-omnibook-x-flipngai-14-fm0019nk-ultra-7-256v-16g-512g-ssd-silver.html,4379.0,PC Portable HP OmniBook X FlipNGAI 14-fm0019nk Ultra 7 256V 16G 512G SSD - Silver,HP,16.0,512.0,14.0,Intel,0.0,Windows 11 Famille,4,0,Premium,HP::Premium::c1
https://www.mytek.tn/pc-portable-hp-omnibook-5-flip-2-in-1-14-fp0011nk-intel-core-7-150u-16go-512go-ssd.html,4489.0,PC Portable HP OmniBook 5 Flip 2-in-1 14-fp0011nk Intel Core 7 150U 16Go 512Go SSD,HP,16.0,512.0,14.0,Intel,7.0,Windows 11 Famille,4,0,Premium,HP::Premium::c2
https://www.mytek.tn/pc-portable-gamer-hp-victus-15-fa2025nk-i7-13e-gen-16go-rtx-4050.html,4739.0,PC Portable Gamer HP Victus 15-fa2025nk i7 13è Gén 16Go RTX 4050,HP,16.0,512.0,15.6,Intel,7.0,FreeDos,4,0,Premium,HP::Premium::c2
https://www.mytek.tn/pc-portable-hp-omnibook-x-flip-2-in-1-ai-16-as0018nk-ultra-7-256v-16g-1to-ssd.html,4799.0,PC Portable HP OmniBook X Flip 2-in-1 AI 16-as0018nk Ultra 7 256V 16G 1To SSD,HP,16.0,1024.0,16.0,Intel,0.0,Windows 11 Famille,4,0,,
https://www.mytek.tn/pc-portable-hp-omnibook-x-flip-2-in-1-ai-16-as0017nk-ultra-7-258v-32g-1to-ssd.html,5059.0,PC Portable HP OmniBook X Flip 2-in-1 AI 16-as0017nk Ultra 7 258V 32G 1To SSD,HP,32.0,1024.0,16.0,Intel,0.0,Windows 11 Famille,4,0,,
https://www.mytek.tn/pc-portable-hp-omnibook-ultra-flip-14-fh0008nk-ultra-5-226v-16g-512g-ssd-gris.html,5245.0,PC Portable HP OmniBook Ultra Flip 14-fh0008nk Ultra 5 226V 16G 512G SSD - Gris,HP,16.0,512.0,14.0,Intel,0.0,Windows 11 Famille,4,0,Premium,HP::Premium::c1
https://www.mytek.tn/pc-portable-hp-omen-gaming-16-am0091nf-ultra-7-255h-16go-rtx-5060.html,5699.0,PC Portable HP OMEN Gaming 16-am0091nf Ultra 7 255H 16Go RTX 5060,HP,16.0,1024.0,16.0,Intel,0.0,FreeDos,4,0,,
https://www.mytek.tn/pc-portable-hp-omnibook-ultra-flip-14-fh0000nk-ultra-7-258v-32g-1to-ssd-bleu.html,6099.0,PC Portable HP OmniBook Ultra Flip 14-fh0000nk Ultra 7 258V 32G 1To SSD - Bleu,HP,32.0,1024.0,14.0,Intel,0.0,Windows 11 Famille,4,0,Premium,HP::Premium::c1
https://www.mytek.tn/pc-portable-hp-omnibook-x-flip-2-in-1-ai-16-as0016nk-ultra-7-258v-32g-2to-ssd.html,6199.0,PC Portable HP OmniBook X Flip 2-in-1 AI 16-as0016nk Ultra 7 258V 32G 2To SSD,HP,32.0,2048.0,16.0,Intel,0.0,Windows 11 Famille,4,0,,
https://www.mytek.tn/pc-portable-gamer-hp-omen-max-16-ah0042nf-ultra-9-275hx-32go-rtx-5060.html,9059.0,PC Portable Gamer HP OMEN MAX 16-ah0042nf Ultra 9 275HX 32Go RTX 5060,HP,32.0,1024.0,16.0,Intel,0.0,Windows 11 Famille,4,0,Premium,HP::Premium::c1
https://www.mytek.tn/pc-portable-lenovo-v15-g2-ijl-intel-celeron-n4500-8go-256go-ssd-noir.html,1099.0,PC Portable LENOVO V15 G2 IJL Intel Celeron N4500 8Go 256Go SSD - Noir,LENOVO,8.0,256.0,15.6,Intel,0.0,FreeDos,4,0,Économique,LENOVO::Économique::c1
https://www.mytek.tn/pc-portable-lenovo-v15-g2-ijl-intel-celeron-n4500-8g-256g-ssd-noir.html,1149.0,PC Portable LENOVO V15 G2 IJL Intel Celeron N4500 8G 256G SSD - Noir,LENOVO,8.0,256.0,15.6,Intel,0.0,Windows 11 Pro,4,0,Économique,LENOVO::Économique::c1
https://www.mytek.tn/pc-portable-lenovo-ideapad-1-15ijl7-intel-celeron-n4500-8go-256g-ssd.html,1219.0,PC Portable LENOVO IdeaPad 1 15IJL7 Intel Celeron N4500 8Go 256G SSD,LENOVO,8.0,256.0,15.6,Intel,0.0,FreeDos,4,0,Économique,LENOVO::Économique::c1
https://www.mytek.tn/pc-portable-lenovo-ideapad-1-15ijl7-intel-celeron-n4500-8g-256g-ssd-gris.html,1239.0,PC Portable LENOVO IdeaPad 1 15IJL7 Intel Celeron N4500 8G 256G SSD - Gris,LENOVO,8.0,256.0,15.6,Intel,0.0,FreeDos,4,0,Économique,LENOVO::Économique::c1
https://www.mytek.tn/pc-portable-lenovo-ideapad-1-15ijl7-intel-celeron-n4500-8g-256g-ssd.html,1249.0,PC Portable LENOVO IdeaPad 1 15IJL7 Intel Celeron N4500 8G 256G SSD,LENOVO,8.0,256.0,15.6,Intel,0.0,FreeDos,4,0,Économique,LENOVO::Économique::c1
https://www.mytek.tn/pc-portable-lenovo-ideapad1-15ijl7-intel-celeron-n4500-8go-256g-ssd.html,1259.0,PC Portable LENOVO IdeaPad1 15IJL7 Intel Celeron N4500 8Go 256G SSD,LENOVO,8.0,256.0,15.6,Intel,0.0,Windows 11 Pro,4,0,,
https://www.mytek.tn/pc-portable-lenovo-ideapad-1-15ijl7-intel-celeron-n4500-8g-256-g-ssd.html,1269.0,PC Portable LENOVO IdeaPad 1 15IJL7 Intel Celeron N4500 8G 256 G SSD,LENOVO,8.0,256.0,15.6,Intel,0.0,FreeDos,4,0,Économique,LENOVO::Économique::c1
https://www.mytek.tn/pc-portable-lenovo-ideapad1-15ijl7-intel-celeron-n4500-8go-256go-ssd-gris.html,1279.0,PC Portable LENOVO IdeaPad1 15IJL7 Intel Celeron N4500 8Go 256Go SSD - Gris,LENOVO,8.0,256.0,15.6,Intel,0.0,Windows 11 Pro,4,0,Économique,LENOVO::Économique::c1
https://www.mytek.tn/pc-portable-lenovo-ideapad-1-15ijl7-intel-celeron-n4500-8go-256g-ssd-gris.html,1299.0,PC Portable LENOVO IdeaPad 1 15IJL7 Intel Celeron N4500 8Go 256G SSD - Gris,LENOVO,8.0,256.0,15.6,Intel,0.0,Windows 11 Famille,4,0,Économique,LENOVO::Économique::c1
https://www.mytek.tn/pc-portable-lenovo-ideapad-1-15ijl7-intel-celeron-n4500-8go-256-g-ssd.html,1299.0,PC Portable LENOVO IdeaPad 1 15IJL7 Intel Celeron N4500 8Go 256 G SSD,LENOVO,8.0,256.0,15.6,Intel,0.0,Windows 11 Famille,4,0,Économique,LENOVO::Économique::c1
https://www.mytek.tn/pc-portable-lenovo-ideapad-1-15ijl7-intel-celeron-n4500-8go-256-g-ssd-gris.html,1309.0,PC Portable LENOVO IdeaPad 1 15IJL7 Intel Celeron N4500 8Go 256G SSD - Gris,LENOVO,8.0,256.0,15.6,Intel,0.0,Windows 11 Pro,4,0,Économique,LENOVO::Économique::c1
https://www.mytek.tn/pc-portable-lenovo-ideapad-1-15ijl7-intel-celeron-n4500-8-go-256g-ssd.html,1315.0,PC Portable LENOVO IdeaPad 1 15IJL7 Intel Celeron N4500 8 Go 256G SSD,LENOVO,8.0,256.0,15.6,Intel,0.0,Windows 11 Famille,4,0,Économique,LENOVO::Économique::c1
https://www.mytek.tn/pc-portable-lenovo-v15-g2-ijl-intel-celeron-n4500-16go-256go-ssd-noir.html,1319.0,PC Portable LENOVO V15 G2 IJL Intel Celeron N4500 16Go 256Go SSD - Noir,LENOVO,16.0,256.0,15.6,Intel,0.0,FreeDos,4,0,Économique,LENOVO::Économique::c1
https://www.mytek.tn/pc-portable-lenovo-ideapad-1-15ijl7-intel-celeron-n4500-8g-256go-ssd.html,1329.0,PC Portable LENOVO IdeaPad 1 15IJL7 Intel Celeron N4500 8G 256Go SSD,LENOVO,8.0,256.0,15.6,Intel,0.0,FreeDos,4,0,Économique,LENOVO::Économique::c1
https://www.mytek.tn/pc-portable-lenovo-ideapad-1-15ijl7-intel-celeron-n4500-8g-256-g-ssd-gris.html,1339.0,PC Portable LENOVO IdeaPad 1 15IJL7 Intel Celeron N4500 8G 256 G SSD - Gris,LENOVO,8.0,256.0,15.6,Intel,0.0,Windows 11 Famille,4,0,Économique,LENOVO::Économique::c1
https://www.mytek.tn/pc-portable-lenovo-v15-g2-ijl-intel-celeron-n4500-16go-256g-ssd-noir.html,1369.0,PC Portable LENOVO V15 G2 IJL Intel Celeron N4500 16Go 256G SSD - Noir,LENOVO,16.0,256.0,15.6,Intel,0.0,Windows 11 Pro,4,0,Économique,LENOVO::Économique::c1
https://www.mytek.tn/pc-portable-lenovo-ideapad-slim-3-15amn8-amd-athlon-8g-256go-ssd-gris.html,1379.0,PC Portable LENOVO IdeaPad Slim 3 15AMN8 AMD Athlon 8G 256Go SSD - Gris,LENOVO,8.0,256.0,15.6,AMD,0.0,FreeDos,4,1,Économique,LENOVO::Économique::c3
https://www.mytek.tn/pc-portable-lenovo-ideapad-slim-3-15amn8-amd-athlon-8g-256g-ssd-gris.html,1419.0,PC Portable LENOVO IdeaPad Slim 3 15AMN8 AMD Athlon 8G 256G SSD - Gris,LENOVO,8.0,256.0,15.6,AMD,0.0,Windows 11 Pro,4,1,Économique,LENOVO::Économique::c3
https://www.mytek.tn/pc-portable-lenovo-ideapad-slim-3-15iru8-i3-13eme-gen-8g-512go-ssd-gris.html,1489.0,PC Portable LENOVO IdeaPad Slim 3 15IRU8 i3 13ème Gén 8G 512Go SSD - Gris,LENOVO,8.0,512.0,15.6,Intel,3.0,FreeDos,4,0,Économique,LENOVO::Économique::c0
https://www.mytek.tn/pc-portable-lenovo-ideapad-slim-3-15iru8-i3-13e-gen-8g-512g-ssd-gris.html,1519.0,PC Portable LENOVO IdeaPad Slim 3 15IRU8 i3 13è Gén 8G 512G SSD - Gris,LENOVO,8.0,512.0,15.6,Intel,3.0,FreeDos,4,0,Économique,LENOVO::Économique::c0
https://www.mytek.tn/pc-portable-lenovo-ideapad-slim-3-15iru8-i3-13eme-gen-8g-512g-ssd-gris.html,1529.0,PC Portable LENOVO IdeaPad Slim 3 15IRU8 i3 13ème Gén 8G 512G SSD - Gris,LENOVO,8.0,512.0,15.6,Intel,3.0,Windows 11 Pro,4,0,Économique,LENOVO::Économique::c0
https://www.mytek.tn/pc-portable-lenovo-ideapad-slim-3-15amn8-amd-ryzen-3-8g-256g-ssd-gris.html,1559.0,PC Portable LENOVO IdeaPad Slim 3 15AMN8 AMD RYZEN 3 8G 256G SSD - Gris,LENOVO,8.0,256.0,15.6,AMD,0.0,Windows 11 Famille,4,1,Économique,LENOVO::Économique::c3
https://www.mytek.tn/pc-portable-lenovo-ideapad-slim-3-15iru8-i3-13e-gen-8go-512g-ssd-gris.html,1559.0,PC Portable LENOVO IdeaPad Slim 3 15IRU8 i3 13è Gén 8Go 512G SSD - Gris,LENOVO,8.0,512.0,15.6,Intel,3.0,Windows 11 Famille,4,0,Économique,LENOVO::Économique::c0
https://www.mytek.tn/pc-portable-lenovo-ideapad-slim-3-15amn8-amd-ryzen-3-8g-256g-ssd-win-11-pro-gris.html,1639.0,PC Portable LENOVO IdeaPad Slim 3 15AMN8 AMD RYZEN 3 8G 256G SSD - Gris,LENOVO,8.0,256.0,15.6,AMD,0.0,Windows 11 Pro,4,1,,
https://www.mytek.tn/pc-portable-lenovo-ideapad-slim-3-15irh10-i5-13e-gen-8g-512go-ssd-gris.html,1789.0,PC Portable LENOVO IdeaPad Slim 3 15IRH10 i5 13è Gén 8G 512Go SSD - Gris,LENOVO,8.0,512.0,15.3,Intel,5.0,FreeDos,4,0,Économique,LENOVO::Économique::c2
https://www.mytek.tn/pc-portable-lenovo-ideapad-slim-3-15irh10-i5-13e-gen-8go-512go-ssd-gris.html,1799.0,PC Portable LENOVO IdeaPad Slim 3 15IRH10 i5 13è Gén 8Go 512Go SSD - Gris,LENOVO,8.0,512.0,15.3,Intel,5.0,Windows 11 Famille,4,0,Économique,LENOVO::Économique::c2
https://www.mytek.tn/pc-portable-lenovo-ideapad-slim-3-15irh10-i5-13e-gen-8g-512g-ssd-gris.html,1839.0,PC Portable LENOVO IdeaPad Slim 3 15IRH10 i5 13è Gén 8G 512G SSD - Gris,LENOVO,8.0,512.0,15.3,Intel,5.0,Windows 11 Pro,4,0,Économique,LENOVO::Économique::c2
https://www.mytek.tn/pc-portable-lenovo-ideapad-slim-3-15amn8-amd-ryzen-5-16g-512g-ssd-gris.html,1899.0,PC Portable LENOVO IdeaPad Slim 3 15AMN8 AMD RYZEN 5 16G 512G SSD - Gris,LENOVO,16.0,512.0,15.6,AMD,0.0,FreeDos,4,1,Économique,LENOVO::Économique::c3
https://www.mytek.tn/pc-portable-lenovo-ideapad-slim-3-15amn8-amd-ryzen5-16g-512g-ssd-gris.html,1949.0,PC Portable LENOVO IdeaPad Slim 3 15AMN8 AMD RYZEN5 16G 512G SSD - Gris,LENOVO,16.0,512.0,15.6,AMD,0.0,Windows 11 Pro,4,1,Économique,LENOVO::Économique::c3
https://www.mytek.tn/pc-portable-lenovo-v15-g5-irl-i3-13e-gen-8g-512go-ssd-noir.html,1989.0,PC Portable LENOVO V15 G5 IRL i3 13è Gén 8G 512Go SSD - Noir,LENOVO,8.0,512.0,15.6,Intel,3.0,FreeDos,4,0,Économique,LENOVO::Économique::c0
https://www.mytek.tn/pc-portable-lenovo-ideapad-slim-3-15irh10-i5-13e-gen-16go-512go-ssd-bleu.html,2099.0,PC Portable LENOVO IdeaPad Slim 3 15IRH10 i5 13è Gén 16Go 512Go SSD - Bleu,LENOVO,16.0,512.0,15.3,Intel,5.0,Windows 11 Famille,4,0,Économique,LENOVO::Économique::c2
https://www.mytek.tn/pc-portable-lenovo-v15-g5-irl-i5-13e-gen-8go-512go-ssd-noir.html,2119.0,PC Portable LENOVO V15 G5 IRL i5 13è Gén 8Go 512Go SSD - Noir,LENOVO,8.0,512.0,15.6,Intel,5.0,FreeDos,4,0,Économique,LENOVO::Économique::c2
https://www.mytek.tn/pc-portable-lenovo-v15-g5-irl-i5-13e-gen-8g-512go-ssd-noir.html,2169.0,PC Portable LENOVO V15 G5 IRL i5 13è Gén 8G 512Go SSD - Noir,LENOVO,8.0,512.0,15.6,Intel,5.0,Windows 11 Pro,4,0,Économique,LENOVO::Économique::c2
https://www.mytek.tn/pc-portable-lenovo-ideapad-slim-3-15irh10-i5-13eme-gen-16g-512g-ssd-gris.html,2205.0,PC Portable LENOVO IdeaPad Slim 3 15IRH10 i5 13ème Gén 16G 512G SSD - Gris,LENOVO,16.0,512.0,15.3,Intel,5.0,FreeDos,4,0,Économique,LENOVO::Économique::c2
https://www.mytek.tn/pc-portable-lenovo-v15-g5-irl-i7-13e-gen-8go-512go-ssd-noir.html,2259.0,PC Portable LENOVO V15 G5 IRL i7 13è Gén 8Go 512Go SSD - Noir,LENOVO,8.0,512.0,15.6,Intel,7.0,FreeDos,4,0,Économique,LENOVO::Économique::c0
https://www.mytek.tn/pc-portable-lenovo-v15-g5-irl-i7-13e-gen-8g-512go-ssd-noir.html,2309.0,PC Portable LENOVO V15 G5 IRL i7 13è Gén 8G 512Go SSD - Noir,LENOVO,8.0,512.0,15.6,Intel,7.0,Windows 11 Pro,4,0,Économique,LENOVO::Économique::c0
https://www.mytek.tn/pc-portable-lenovo-ideapad-slim-3-15irh10-i5-13e-gen-24g-512go-ssd-gris.html,2329.0,PC Portable LENOVO IdeaPad Slim 3 15IRH10 i5 13è Gén 24G 512Go SSD - Gris,LENOVO,24.0,512.0,15.3,Intel,5.0,FreeDos,4,0,Économique,LENOVO::Économique::c2
https://www.mytek.tn/pc-portable-lenovo-ideapad-slim-3-15irh10-i5-13e-gen-24g-512g-ssd-gris.html,2369.0,PC Portable LENOVO IdeaPad Slim 3 15IRH10 i5 13è Gén 24G 512G SSD - Gris,LENOVO,24.0,512.0,15.3,Intel,5.0,Windows 11 Pro,4,0,Économique,LENOVO::Économique::c2
https://www.mytek.tn/pc-portable-lenovo-ideapad-slim-3-15irh10-i7-13e-gen-16g-512go-ssd-gris.html,2379.0,PC Portable LENOVO IdeaPad Slim 3 15IRH10 i7 13è Gén 16G 512Go SSD - Gris,LENOVO,16.0,512.0,15.3,Intel,7.0,FreeDos,4,0,Milieu de gamme,LENOVO::Milieu de gamme::c2
https://www.mytek.tn/pc-portable-lenovo-ideapad-slim-3-15irh10-i7-13e-gen-16go-512go-ssd-gris.html,2399.0,PC Portable LENOVO IdeaPad Slim 3 15IRH10 i7 13è Gén 16Go 512Go SSD - Gris,LENOVO,16.0,512.0,15.3,Intel,7.0,FreeDos,4,0,Milieu de gamme,LENOVO::Milieu de gamme::c2
https://www.mytek.tn/pc-portable-lenovo-ideapad-slim-3-15irh10-i7-13e-gen-16go-512g-ssd-gris.html,2399.0,PC Portable LENOVO IdeaPad Slim 3 15IRH10 i7 13è Gén 16Go 512G SSD - Gris,LENOVO,16.0,512.0,15.3,Intel,7.0,FreeDos,4,0,Milieu de gamme,LENOVO::Milieu de gamme::c2
https://www.mytek.tn/pc-portable-lenovo-ideapad-slim-3-15irh10-i7-13e-gen-16go-512go-ssd.html,2429.0,PC Portable LENOVO IdeaPad Slim 3 15IRH10 i7 13è Gén 16Go 512Go SSD,LENOVO,16.0,512.0,15.3,Intel,7.0,Windows 11 Pro,4,0,Milieu de gamme,LENOVO::Milieu de gamme::c2
https://www.mytek.tn/pc-portable-lenovo-ideapad-slim-3-15irh10-i7-13e-gen-16g-512go-ssd.html,2439.0,PC Portable LENOVO IdeaPad Slim 3 15IRH10 i7 13è Gén 16G 512Go SSD,LENOVO,16.0,512.0,15.3,Intel,7.0,Windows 11 Pro,4,0,,
https://www.mytek.tn/pc-portable-lenovo-ideapad-slim-3-15irh10-i7-13e-gen-16g-512g-ssd-gris.html,2449.0,PC Portable LENOVO IdeaPad Slim 3 15IRH10 i7 13è Gén 16G 512G SSD - Gris,LENOVO,16.0,512.0,15.3,Intel,7.0,Windows 11 Pro,4,0,Milieu de gamme,LENOVO::Milieu de gamme::c2
https://www.mytek.tn/pc-portable-lenovo-thinkbook-16-g7-arp-amd-ryzen-5-16go-512go-ssd-gris.html,2459.0,PC Portable LENOVO ThinkBook 16 G7 ARP AMD RYZEN 5 16Go 512Go SSD - Gris,LENOVO,16.0,512.0,16.0,AMD,0.0,FreeDos,4,1,Milieu de gamme,LENOVO::Milieu de gamme::c3
https://www.mytek.tn/pc-portable-lenovo-thinkbook-16-g7-arp-amd-ryzen-5-16g-512go-ssd-gris.html,2469.0,PC Portable LENOVO ThinkBook 16 G7 ARP AMD RYZEN 5 16G 512Go SSD - Gris,LENOVO,16.0,512.0,16.0,AMD,0.0,FreeDos,4,1,Milieu de gamme,LENOVO::Milieu de gamme::c3
https://www.mytek.tn/pc-portable-gamer-lenovo-loq-15iax9-i5-12eme-gen-8g-rtx-3050.html,2499.0,PC Portable Gamer LENOVO LOQ 15IAX9 i5 12ème Gén 8G RTX 3050,LENOVO,8.0,512.0,15.6,Intel,5.0,Windows 11 Famille,4,0,Milieu de gamme,LENOVO::Milieu de gamme::c1
https://www.mytek.tn/pc-portable-lenovo-thinkbook-16-g7-arp-amd-ryzen-5-16g-512g-ssd-gris.html,2499.0,PC Portable LENOVO ThinkBook 16 G7 ARP AMD RYZEN 5 16G 512G SSD - Gris,LENOVO,16.0,512.0,16.0,AMD,0.0,Windows 11 Pro,4,1,,
https://www.mytek.tn/pc-portable-lenovo-thinkbook-16-g7-arp-amd-ryzen-5-16go-512g-ssd-gris.html,2519.0,PC Portable LENOVO ThinkBook 16 G7 ARP AMD RYZEN 5 16Go 512G SSD - Gris,LENOVO,16.0,512.0,16.0,AMD,0.0,Windows 11 Pro,4,1,Milieu de gamme,LENOVO::Milieu de gamme::c3
https://www.mytek.tn/pc-portable-gamer-lenovo-loq-15iax9-i5-12eme-gen-8g-rtx3050.html,2549.0,PC Portable Gamer LENOVO LOQ 15IAX9 i5 12ème Gén 8G RTX3050,LENOVO,8.0,512.0,15.6,Intel,5.0,Windows 11 Pro,4,0,,
https://www.mytek.tn/pc-portable-lenovo-thinkbook-16-g9-irl-intel-core-5-210h-8g-512g-ssd.html,2689.0,PC Portable LENOVO ThinkBook 16 G9 IRL Intel Core 5 210H 8G 512G SSD,LENOVO,8.0,512.0,16.0,Intel,5.0,FreeDos,4,0,Milieu de gamme,LENOVO::Milieu de gamme::c1
https://www.mytek.tn/pc-portable-lenovo-ideapad-slim-3-15irh10-i7-13e-gen-24go-512go-ssd-gris.html,2799.0,PC Portable LENOVO IdeaPad Slim 3 15IRH10 i7 13è Gén 24Go 512Go SSD - Gris,LENOVO,24.0,512.0,15.3,Intel,7.0,FreeDos,4,0,Milieu de gamme,LENOVO::Milieu de gamme::c2
https://www.mytek.tn/pc-portable-lenovo-thinkbook-16-g8-ial-ultra-5-225u-8g-512go-ssd-gris.html,2829.0,PC Portable LENOVO ThinkBook 16 G8 IAL Ultra 5 225U 8G 512Go SSD - Gris,LENOVO,8.0,512.0,16.0,Intel,0.0,FreeDos,4,0,Milieu de gamme,LENOVO::Milieu de gamme::c0
https://www.mytek.tn/pc-portable-lenovo-ideapad-slim-3-15irh10-i7-13e-gen-24g-512go-ssd-gris.html,2849.0,PC Portable LENOVO IdeaPad Slim 3 15IRH10 i7 13è Gén 24G 512Go SSD - Gris,LENOVO,24.0,512.0,15.3,Intel,7.0,Windows 11 Pro,4,0,Milieu de gamme,LENOVO::Milieu de gamme::c2
https://www.mytek.tn/pc-portable-gamer-lenovo-loq-15iax9-i5-12eme-gen-16go-rtx3050.html,2899.0,PC Portable Gamer LENOVO LOQ 15IAX9 i5 12ème Gén 16Go RTX3050,LENOVO,16.0,512.0,15.6,Intel,5.0,Windows 11 Famille,4,0,Milieu de gamme,LENOVO::Milieu de gamme::c1
https://www.mytek.tn/pc-portable-gamer-lenovo-loq-15arp10e-amd-ryzen-5-16g-rtx-3050.html,2999.0,PC Portable Gamer LENOVO LOQ 15ARP10E AMD RYZEN 5 16G RTX 3050,LENOVO,16.0,1024.0,15.6,AMD,0.0,Windows 11 Famille,4,1,Milieu de gamme,LENOVO::Milieu de gamme::c3
https://www.mytek.tn/pc-portable-lenovo-thinkbook-16-g8-ial-ultra-7-255h-8g-512go-ssd-gris.html,3049.0,PC Portable LENOVO ThinkBook 16 G8 IAL Ultra 7 255H 8G 512Go SSD - Gris,LENOVO,8.0,512.0,16.0,Intel,0.0,FreeDos,4,0,Milieu de gamme,LENOVO::Milieu de gamme::c0
https://www.mytek.tn/pc-portable-lenovo-thinkbook-16-g8-ial-ultra-5-225u-16g-512g-ssd-gris.html,3049.0,PC Portable LENOVO ThinkBook 16 G8 IAL Ultra 5 225U 16G 512G SSD - Gris,LENOVO,16.0,512.0,16.0,Intel,0.0,FreeDos,4,0,Milieu de gamme,LENOVO::Milieu de gamme::c0
https://www.mytek.tn/pc-portable-gamer-lenovo-loq-15arp9-amd-ryzen-5-16go-rtx-3050.html,3049.0,PC Portable Gamer LENOVO LOQ 15ARP9 AMD RYZEN 5 16Go RTX 3050,LENOVO,16.0,512.0,15.6,AMD,0.0,FreeDos,4,1,Milieu de gamme,LENOVO::Milieu de gamme::c3
https://www.mytek.tn/pc-portable-gamer-lenovo-loq-15arp9-amd-ryzen-5-16g-rtx-3050.html,3099.0,PC Portable Gamer LENOVO LOQ 15ARP9 AMD RYZEN 5 16G RTX 3050,LENOVO,16.0,512.0,15.6,AMD,0.0,Windows 11 Pro,4,1,Milieu de gamme,LENOVO::Milieu de gamme::c3
https://www.mytek.tn/pc-portable-lenovo-thinkbook-16-g9-irl-intel-core-7-240h-8g-512g-ssd.html,3179.0,PC Portable LENOVO ThinkBook 16 G9 IRL Intel Core 7 240H 8G 512G SSD,LENOVO,8.0,512.0,16.0,Intel,7.0,FreeDos,4,0,Milieu de gamme,LENOVO::Milieu de gamme::c2
https://www.mytek.tn/pc-portable-lenovo-thinkpad-e16-gen-3-ultra-5-225u-8g-512go-ssd-noir.html,3199.0,PC Portable LENOVO ThinkPad E16 Gen 3 Ultra 5 225U 8G 512Go SSD - Noir,LENOVO,8.0,512.0,16.0,Intel,0.0,FreeDos,4,0,Milieu de gamme,LENOVO::Milieu de gamme::c0
https://www.mytek.tn/pc-portable-gamer-lenovo-loq-15irx9-i5-13e-gen-16go-rtx-3050.html,3229.0,PC Portable Gamer LENOVO LOQ 15IRX9 i5 13è Gén 16Go RTX 3050,LENOVO,16.0,512.0,15.6,Intel,5.0,FreeDos,4,0,Milieu de gamme,LENOVO::Milieu de gamme::c1
https://www.mytek.tn/pc-portable-lenovo-thinkbook-16-g8-ial-ultra-5-225u-16g-512go-ssd-gris.html,3239.0,PC Portable LENOVO ThinkBook 16 G8 IAL Ultra 5 225U 16G 512Go SSD - Gris,LENOVO,16.0,512.0,16.0,Intel,0.0,FreeDos,4,0,Milieu de gamme,LENOVO::Milieu de gamme::c0
https://www.mytek.tn/pc-portable-gamer-lenovo-loq-15irx9-i5-13e-gen-16g-rtx-3050.html,3279.0,PC Portable Gamer LENOVO LOQ 15IRX9 i5 13è Gén 16G RTX 3050,LENOVO,16.0,512.0,15.6,Intel,5.0,Windows 11 Pro,4,0,Milieu de gamme,LENOVO::Milieu de gamme::c1
https://www.mytek.tn/pc-portable-gamer-lenovo-loq-15iax9-i5-12eme-gen-24g-rtx-3050.html,3299.0,PC Portable Gamer LENOVO LOQ 15IAX9 i5 12ème Gén 24G RTX 3050,LENOVO,24.0,512.0,15.6,Intel,5.0,Windows 11 Famille,4,0,Milieu de gamme,LENOVO::Milieu de gamme::c1
https://www.mytek.tn/pc-portable-lenovo-thinkbook-16-g7-arp-amd-ryzen-5-32g-512go-ssd-gris.html,3299.0,PC Portable LENOVO ThinkBook 16 G7 ARP AMD RYZEN 5 32G 512Go SSD - Gris,LENOVO,32.0,512.0,16.0,AMD,0.0,FreeDos,4,1,Milieu de gamme,LENOVO::Milieu de gamme::c3
https://www.mytek.tn/pc-portable-gamer-lenovo-loq-15irx9-i7-13eme-gen-16g-rtx-3050.html,3349.0,PC Portable Gamer LENOVO LOQ 15IRX9 i7 13ème Gén 16G RTX 3050,LENOVO,16.0,512.0,15.6,Intel,7.0,FreeDos,4,0,Milieu de gamme,LENOVO::Milieu de gamme::c2
https://www.mytek.tn/pc-portable-lenovo-ideapad-5-2-in-1-14irh9-i5-13e-gen-16go-512go-ssd.html,3355.0,PC Portable LENOVO IdeaPad 5 2-in-1 14IRH9 i5 13è Gén 16Go 512Go SSD,LENOVO,16.0,512.0,14.0,Intel,5.0,Windows 11 Famille,4,0,Milieu de gamme,LENOVO::Milieu de gamme::c1
https://www.mytek.tn/pc-portable-gamer-lenovo-loq-15irx9-i5-13eme-gen-16go-rtx-4050.html,3399.0,PC Portable Gamer LENOVO LOQ 15IRX9 i5 13ème Gén 16Go RTX 4050,LENOVO,16.0,512.0,15.6,Intel,5.0,FreeDos,4,0,Milieu de gamme,LENOVO::Milieu de gamme::c1
https://www.mytek.tn/pc-portable-lenovo-ideapad-5-2-in-1-14irh9-i5-13e-gen-16g-512go-ssd.html,3405.0,PC Portable LENOVO IdeaPad 5 2-in-1 14IRH9 i5 13è Gén 16G 512Go SSD,LENOVO,16.0,512.0,14.0,Intel,5.0,Windows 11 Pro,4,0,,
https://www.mytek.tn/pc-portable-gamer-lenovo-loq-15ahp10-amd-ryzen-5-16go-rtx-5050.html,3435.0,PC Portable Gamer LENOVO LOQ 15AHP10 AMD Ryzen 5 16Go RTX 5050,LENOVO,16.0,512.0,15.6,AMD,5.0,FreeDos,4,1,,
https://www.mytek.tn/pc-portable-gamer-lenovo-loq-15ahp10-amd-ryzen-5-16g-rtx-5050.html,3435.0,PC Portable Gamer LENOVO LOQ 15AHP10 AMD Ryzen 5 16G RTX 5050,LENOVO,16.0,512.0,15.6,AMD,5.0,FreeDos,4,1,,
https://www.mytek.tn/pc-portable-lenovo-thinkbook-16-g8-ial-ultra-5-225u-24g-512g-ssd-gris.html,3459.0,PC Portable LENOVO ThinkBook 16 G8 IAL Ultra 5 225U 24G 512G SSD - Gris,LENOVO,24.0,512.0,16.0,Intel,0.0,FreeDos,4,0,Milieu de gamme,LENOVO::Milieu de gamme::c0
https://www.mytek.tn/pc-portable-lenovo-thinkbook-16-g8-ial-ultra-7-255h-16g-512g-ssd-gris.html,3465.0,PC Portable LENOVO ThinkBook 16 G8 IAL Ultra 7 255H 16G 512G SSD - Gris,LENOVO,16.0,512.0,16.0,Intel,0.0,FreeDos,4,0,Milieu de gamme,LENOVO::Milieu de gamme::c0
https://www.mytek.tn/pc-portable-lenovo-thinkpad-e16-gen-3-ultra-5-225u-16g-512go-ssd-noir.html,3499.0,PC Portable LENOVO ThinkPad E16 Gen 3 Ultra 5 225U 16G 512Go SSD - Noir,LENOVO,16.0,512.0,16.0,Intel,0.0,FreeDos,4,0,Milieu de gamme,LENOVO::Milieu de gamme::c0
https://www.mytek.tn/pc-portable-lenovo-thinkpad-e16-gen-3-ultra-5-225u-16g-512g-ssd-noir.html,3499.0,PC Portable LENOVO ThinkPad E16 Gen 3 Ultra 5 225U 16G 512G SSD - Noir,LENOVO,16.0,512.0,16.0,Intel,0.0,FreeDos,4,0,Milieu de gamme,LENOVO::Milieu de gamme::c0
https://www.mytek.tn/pc-portable-gamer-lenovo-loq-15irx10-i5-13e-gen-16go-rtx-5050.html,3499.0,PC Portable Gamer LENOVO LOQ 15IRX10 i5 13è Gén 16Go RTX 5050,LENOVO,16.0,512.0,15.6,Intel,5.0,Windows 11 Famille,4,0,Milieu de gamme,LENOVO::Milieu de gamme::c1
https://www.mytek.tn/pc-portable-lenovo-thinkpad-e16-gen-3-ultra-5-225u-16go-512g-ssd-noir.html,3539.0,PC Portable LENOVO ThinkPad E16 Gen 3 Ultra 5 225U 16Go 512G SSD - Noir,LENOVO,16.0,512.0,16.0,Intel,0.0,Windows 11 Pro,4,0,,
https://www.mytek.tn/pc-portable-gamer-lenovo-loq-15irx10-i5-13e-gen-24go-rtx-5050.html,3629.0,PC Portable Gamer LENOVO LOQ 15IRX10 i5 13è Gén 24Go RTX 5050,LENOVO,24.0,512.0,15.6,Intel,5.0,Windows 11 Famille,4,0,Milieu de gamme,LENOVO::Milieu de gamme::c1
https://www.mytek.tn/pc-portable-gamer-lenovo-loq-15irx9-i5-13eme-gen-24go-rtx-4050.html,3799.0,PC Portable Gamer LENOVO LOQ 15IRX9 i5 13ème Gén 24Go RTX 4050,LENOVO,24.0,512.0,15.6,Intel,5.0,FreeDos,4,0,Milieu de gamme,LENOVO::Milieu de gamme::c1
https://www.mytek.tn/pc-portable-gamer-lenovo-loq-15irx9-i7-13eme-gen-16go-rtx-4050.html,3799.0,PC Portable Gamer LENOVO LOQ 15IRX9 i7 13ème Gén 16Go RTX 4050,LENOVO,16.0,512.0,15.6,Intel,7.0,FreeDos,4,0,Milieu de gamme,LENOVO::Milieu de gamme::c2
https://www.mytek.tn/pc-portable-gamer-lenovo-loq-15irx9-i7-13eme-gen-16g-rtx-4050.html,3849.0,PC Portable Gamer LENOVO LOQ 15IRX9 i7 13ème Gén 16G RTX 4050,LENOVO,16.0,512.0,15.6,Intel,7.0,Windows 11 Pro,4,0,Milieu de gamme,LENOVO::Milieu de gamme::c2
https://www.mytek.tn/pc-portable-lenovo-thinkbook-16-g8-ial-ultra-7-255h-24g-512go-ssd-gris.html,3859.0,PC Portable LENOVO ThinkBook 16 G8 IAL Ultra 7 255H 24G 512Go SSD - Gris,LENOVO,24.0,512.0,16.0,Intel,0.0,FreeDos,4,0,Milieu de gamme,LENOVO::Milieu de gamme::c0
https://www.mytek.tn/pc-portable-lenovo-thinkbook-16-g8-ial-ultra-5-225u-32g-512g-ssd-gris.html,3859.0,PC Portable LENOVO ThinkBook 16 G8 IAL Ultra 5 225U 32G 512G SSD - Gris,LENOVO,32.0,512.0,16.0,Intel,0.0,FreeDos,4,0,Milieu de gamme,LENOVO::Milieu de gamme::c0
https://www.mytek.tn/pc-portable-gamer-lenovo-loq-15irx9-i7-13eme-gen-16g-rtx4050.html,3859.0,PC Portable Gamer LENOVO LOQ 15IRX9 i7 13ème Gén 16G RTX4050,LENOVO,16.0,512.0,15.6,Intel,7.0,Windows 11 Famille,4,0,Milieu de gamme,LENOVO::Milieu de gamme::c2
https://www.mytek.tn/pc-portable-gamer-lenovo-loq-15irx9-i7-13e-gen-16g-rtx-4050.html,3869.0,PC Portable Gamer LENOVO LOQ 15IRX9 i7 13è Gén 16G RTX 4050,LENOVO,16.0,512.0,15.6,Intel,7.0,Windows 11 Famille,4,0,Premium,LENOVO::Premium::c0
https://www.mytek.tn/pc-portable-lenovo-thinkpad-e16-gen-3-ultra-5-225u-24g-512go-ssd-noir.html,3919.0,PC Portable LENOVO ThinkPad E16 Gen 3 Ultra 5 225U 24G 512Go SSD - Noir,LENOVO,24.0,512.0,16.0,Intel,0.0,FreeDos,4,0,Premium,LENOVO::Premium::c0
https://www.mytek.tn/pc-portable-lenovo-ideapad-5-2-in-1-14irh9-i7-13e-gen-16go-512go-ssd.html,3939.0,PC Portable LENOVO IdeaPad 5 2-in-1 14IRH9 i7 13è Gén 16Go 512Go SSD,LENOVO,16.0,512.0,14.0,Intel,7.0,Windows 11 Famille,4,0,Premium,LENOVO::Premium::c0
https://www.mytek.tn/pc-portable-gamer-lenovo-loq-15irx10-i7-13e-gen-16go-rtx-5050.html,3999.0,PC Portable Gamer LENOVO LOQ 15IRX10 i7 13è Gén 16Go RTX 5050,LENOVO,16.0,512.0,15.6,Intel,7.0,FreeDos,4,0,Premium,LENOVO::Premium::c0
https://www.mytek.tn/pc-portable-gamer-lenovo-loq-15irx10-i7-13e-gen-16go-rtx5050.html,3999.0,PC Portable Gamer LENOVO LOQ 15IRX10 i7 13è Gén 16Go RTX5050,LENOVO,16.0,512.0,15.6,Intel,7.0,FreeDos,4,0,Premium,LENOVO::Premium::c0
https://www.mytek.tn/pc-portable-gamer-lenovo-loq-15irx10-i7-13e-gen-16g-rtx5050.html,3999.0,PC Portable Gamer LENOVO LOQ 15IRX10 i7 13è Gén 16G RTX5050,LENOVO,16.0,512.0,15.6,Intel,7.0,FreeDos,4,0,Premium,LENOVO::Premium::c0
https://www.mytek.tn/pc-portable-gamer-lenovo-loq-15irx10-i7-13e-gen-16g-rtx-5050.html,4039.0,PC Portable Gamer LENOVO LOQ 15IRX10 i7 13è Gén 16G RTX 5050,LENOVO,16.0,512.0,15.6,Intel,7.0,Windows 11 Pro,4,0,Premium,LENOVO::Premium::c0
https://www.mytek.tn/pc-portable-gamer-lenovo-loq-15irx10-i7-13eme-gen-16g-rtx-5050.html,4039.0,PC Portable Gamer LENOVO LOQ 15IRX10 i7 13ème Gén 16G RTX 5050,LENOVO,16.0,512.0,15.6,Intel,7.0,Windows 11 Pro,4,0,Premium,LENOVO::Premium::c0
https://www.mytek.tn/pc-portable-lenovo-thinkpad-e16-gen-3-ultra-7-255h-16g-512go-ssd-noir.html,4049.0,PC Portable LENOVO ThinkPad E16 Gen 3 Ultra 7 255H 16G 512Go SSD - Noir,LENOVO,16.0,512.0,16.0,Intel,0.0,FreeDos,4,0,Premium,LENOVO::Premium::c0
https://www.mytek.tn/pc-portable-lenovo-thinkpad-e16-gen-3-ultra-7-255h-16g-512g-ssd-noir.html,4099.0,PC Portable LENOVO ThinkPad E16 Gen 3 Ultra 7 255H 16G 512G SSD - Noir,LENOVO,16.0,512.0,16.0,Intel,0.0,Windows 11 Pro,4,0,,
https://www.mytek.tn/pc-portable-lenovo-thinkpad-l16-gen-1-ultra-5-125u-8g-512go-ssd-noir.html,4119.0,PC Portable LENOVO ThinkPad L16 Gen 1 Ultra 5 125U 8G 512Go SSD - Noir,LENOVO,8.0,512.0,16.0,Intel,0.0,Windows 11 Pro,4,0,Premium,LENOVO::Premium::c0
https://www.mytek.tn/pc-portable-lenovo-thinkpad-e14-gen-7-ultra-7-255h-16g-512go-ssd-noir.html,4159.0,PC Portable LENOVO ThinkPad E14 Gen 7 Ultra 7 255H 16G 512Go SSD - Noir,LENOVO,16.0,512.0,14.0,Intel,0.0,FreeDos,4,0,Premium,LENOVO::Premium::c0
https://www.mytek.tn/pc-portable-gamer-lenovo-loq-15irx9-i7-13eme-gen-32go-rtx3050.html,4179.0,PC Portable Gamer LENOVO LOQ 15IRX9 i7 13ème Gén 32Go RTX3050,LENOVO,32.0,512.0,15.6,Intel,7.0,FreeDos,4,0,Premium,LENOVO::Premium::c0
https://www.mytek.tn/pc-portable-gamer-lenovo-loq-15irx10-i7-14e-gen-16go-rtx-5050.html,4199.0,PC Portable Gamer LENOVO LOQ 15IRX10 i7 14è Gén 16Go RTX 5050,LENOVO,16.0,512.0,15.6,Intel,7.0,FreeDos,4,0,Premium,LENOVO::Premium::c0
https://www.mytek.tn/pc-portable-lenovo-thinkpad-e14-gen-7-ultra-7-255h-16g-512g-ssd-noir.html,4199.0,PC Portable LENOVO ThinkPad E14 Gen 7 Ultra 7 255H 16G 512G SSD - Noir,LENOVO,16.0,512.0,14.0,Intel,0.0,Windows 11 Pro,4,0,,
https://www.mytek.tn/pc-portable-gamer-lenovo-loq-15irx9-i7-13eme-gen-24go-rtx-4050.html,4209.0,PC Portable Gamer LENOVO LOQ 15IRX9 i7 13ème Gén 24Go RTX 4050,LENOVO,24.0,512.0,15.6,Intel,7.0,FreeDos,4,0,Premium,LENOVO::Premium::c0
https://www.mytek.tn/pc-portable-gamer-lenovo-loq-15irx9-i5-13eme-gen-32g-rtx-4050.html,4219.0,PC Portable Gamer LENOVO LOQ 15IRX9 i5 13ème Gén 32G RTX 4050,LENOVO,32.0,512.0,15.6,Intel,5.0,FreeDos,4,0,Premium,LENOVO::Premium::c0
https://www.mytek.tn/pc-portable-lenovo-thinkbook-16-g8-ial-ultra-7-255h-32g-512go-ssd-gris.html,4259.0,PC Portable LENOVO ThinkBook 16 G8 IAL Ultra 7 255H 32G 512Go SSD - Gris,LENOVO,32.0,512.0,16.0,Intel,0.0,FreeDos,4,0,Premium,LENOVO::Premium::c0
https://www.mytek.tn/pc-portable-gamer-lenovo-loq-15irx9-i7-13eme-gen-24g-rtx-4050.html,4259.0,PC Portable Gamer LENOVO LOQ 15IRX9 i7 13ème Gén 24G RTX 4050,LENOVO,24.0,512.0,15.6,Intel,7.0,Windows 11 Pro,4,0,Premium,LENOVO::Premium::c0
https://www.mytek.tn/pc-portable-gamer-lenovo-loq-15irx9-i7-13eme-gen-24g-rtx4050.html,4269.0,PC Portable Gamer LENOVO LOQ 15IRX9 i7 13ème Gén 24G RTX4050,LENOVO,24.0,512.0,15.6,Intel,7.0,Windows 11 Famille,4,0,Premium,LENOVO::Premium::c0
https://www.mytek.tn/pc-portable-gamer-lenovo-loq-17irx10-i7-13e-gen-16go-rtx-5050.html,4459.0,PC Portable Gamer LENOVO LOQ 17IRX10 i7 13è Gén 16Go RTX 5050,LENOVO,16.0,512.0,17.3,Intel,7.0,FreeDos,4,0,Premium,LENOVO::Premium::c0
https://www.mytek.tn/pc-portable-gamer-lenovo-loq-15irx9-i7-13eme-gen-32go-rtx-4050.html,4619.0,PC Portable Gamer LENOVO LOQ 15IRX9 i7 13ème Gén 32Go RTX 4050,LENOVO,32.0,512.0,15.6,Intel,7.0,FreeDos,4,0,Premium,LENOVO::Premium::c0
https://www.mytek.tn/pc-portable-gamer-lenovo-loq-15irx9-i7-13eme-gen-32go-rtx4050.html,4669.0,PC Portable Gamer LENOVO LOQ 15IRX9 i7 13ème Gén 32Go RTX4050,LENOVO,32.0,512.0,15.6,Intel,7.0,Windows 11 Pro,4,0,Premium,LENOVO::Premium::c0
https://www.mytek.tn/pc-portable-gamer-lenovo-loq-15irx9-i7-13eme-gen-32g-rtx4050.html,4679.0,PC Portable Gamer LENOVO LOQ 15IRX9 i7 13ème Gén 32G RTX4050,LENOVO,32.0,512.0,15.6,Intel,7.0,Windows 11 Famille,4,0,Premium,LENOVO::Premium::c0
https://www.mytek.tn/pc-portable-gamer-lenovo-legion-5-15irx10-i7-13e-gen-16go-rtx-5050.html,4689.0,PC Portable Gamer LENOVO Légion 5 15IRX10 i7 13è Gén 16Go RTX 5050,LENOVO,16.0,512.0,15.3,Intel,7.0,Windows 11 Famille,4,0,Premium,LENOVO::Premium::c0
https://www.mytek.tn/pc-portable-lenovo-thinkpad-e16-gen-3-ultra-7-255h-32g-512go-ssd-noir.html,4849.0,PC Portable LENOVO ThinkPad E16 Gen 3 Ultra 7 255H 32G 512Go SSD - Noir,LENOVO,32.0,512.0,16.0,Intel,0.0,FreeDos,4,0,,
https://www.mytek.tn/pc-portable-gamer-lenovo-loq-15irx10-i7-14e-gen-16go-rtx-5060.html,4939.0,PC Portable Gamer LENOVO LOQ 15IRX10 i7 14è Gén 16Go RTX 5060,LENOVO,16.0,512.0,15.6,Intel,7.0,FreeDos,4,0,Premium,LENOVO::Premium::c0
https://www.mytek.tn/pc-portable-lenovo-thinkpad-e14-gen-7-ultra-7-255h-32g-512go-ssd-noir.html,4949.0,PC Portable LENOVO ThinkPad E14 Gen 7 Ultra 7 255H 32G 512Go SSD - Noir,LENOVO,32.0,512.0,14.0,Intel,0.0,FreeDos,4,0,,
https://www.mytek.tn/pc-portable-lenovo-yoga-7-2-en-1-14akp10-amd-ryzen-ai-7-350-16go-512go-ssd.html,5199.0,PC Portable LENOVO Yoga 7 2-en-1 14AKP10 AMD Ryzen AI 7 350 16Go 512Go SSD,LENOVO,16.0,512.0,14.0,AMD,0.0,Windows 11 Famille,4,1,Premium,LENOVO::Premium::c1
https://www.mytek.tn/pc-portable-gamer-lenovo-legion-pro-5-16irx10-i7-14e-gen-16go-rtx-5050.html,5469.0,PC Portable Gamer LENOVO Légion Pro 5 16IRX10 i7 14è Gén 16Go RTX 5050,LENOVO,16.0,512.0,16.0,Intel,7.0,FreeDos,4,0,Premium,LENOVO::Premium::c0
https://www.mytek.tn/pc-portable-lenovo-yoga-pro-7-14iah10-ultra-7-255h-32go-1to-ssd-gris.html,6149.0,PC Portable LENOVO Yoga Pro 7 14IAH10 Ultra 7 255H 32Go 1To SSD - Gris,LENOVO,32.0,1024.0,14.5,Intel,0.0,Windows 11 Famille,4,0,Premium,LENOVO::Premium::c1
https://www.mytek.tn/pc-portable-gamer-lenovo-legion-pro5-16iax10-ultra-7-255hx-32g-rtx5060.html,6299.0,PC Portable Gamer LENOVO Légion Pro5 16IAX10 Ultra 7 255HX 32G RTX5060,LENOVO,32.0,1024.0,16.0,Intel,0.0,FreeDos,4,0,Premium,LENOVO::Premium::c1
https://www.mytek.tn/pc-portable-gamer-lenovo-legion-pro5-16iax10-ultra-7-255hx-32go-rtx5060.html,6349.0,PC Portable Gamer LENOVO Légion Pro5 16IAX10 Ultra 7 255HX 32Go RTX5060,LENOVO,32.0,1024.0,16.0,Intel,0.0,Windows 11 Pro,4,0,,
https://www.mytek.tn/pc-portable-lenovo-thinkpad-l13-2en1-gen-6-ultra-7-255u-16go-512go-ssd-gris.html,6699.0,PC Portable LENOVO ThinkPad L13 2En1 Gen 6 Ultra 7 255U 16Go 512Go SSD - Gris,LENOVO,16.0,512.0,13.3,Intel,0.0,Windows 11 Pro,4,0,Premium,LENOVO::Premium::c0
https://www.mytek.tn/pc-portable-gamer-lenovo-legion-pro-5-16irx10-i9-14e-gen-32g-rtx-5070.html,7059.0,PC Portable Gamer LENOVO Légion Pro 5 16IRX10 i9 14è Gén 32G RTX 5070,LENOVO,32.0,1024.0,16.0,Intel,9.0,FreeDos,4,0,Premium,LENOVO::Premium::c1
https://www.mytek.tn/pc-portable-gamer-lenovo-legion-5-15agp11-amd-ryzen-ai-9-32go-rtx-5060.html,7299.0,PC Portable Gamer LENOVO Légion 5 15AGP11 AMD Ryzen AI 9 32Go RTX 5060,LENOVO,32.0,1024.0,15.3,AMD,0.0,FreeDos,4,1,Premium,LENOVO::Premium::c1
https://www.mytek.tn/pc-portable-gamer-lenovo-legion-pro5-16iax10-ultra-7-255hx-32g-rtx-5060.html,7639.0,PC Portable Gamer LENOVO Légion Pro5 16IAX10 Ultra 7 255HX 32G RTX 5060,LENOVO,32.0,1024.0,16.0,Intel,0.0,Windows 11 Famille,4,0,Premium,LENOVO::Premium::c1
https://www.mytek.tn/pc-portable-lenovo-thinkbook-16p-g6-iax-ultra-9-275hx-32go-rtx-5060.html,8199.0,PC Portable LENOVO ThinkBook 16p G6 IAX Ultra 9 275HX 32Go RTX 5060,LENOVO,32.0,512.0,16.0,Intel,0.0,Windows 11 Pro,4,0,Premium,LENOVO::Premium::c0
https://www.mytek.tn/pc-portable-lenovo-thinkpad-t14s-gen-6-ultra-7-258v-32go-1to-ssd-noir.html,9189.0,PC Portable LENOVO ThinkPad T14s Gen 6 Ultra 7 258V 32Go 1To SSD - Noir,LENOVO,32.0,1024.0,14.0,Intel,0.0,Windows 11 Pro,4,0,,
https://www.mytek.tn/pc-portable-lenovo-thinkpad-x1-carbon-gen-13-ultra-7-268v-32g-1to-ssd-noir.html,9539.0,PC Portable LENOVO ThinkPad X1 Carbon Gen 13 Ultra 7 268V 32G 1To SSD - Noir,LENOVO,32.0,1024.0,14.0,Intel,0.0,FreeDos,4,0,,
https://www.mytek.tn/pc-portable-lenovo-thinkpad-t14s-gen-6-ultra-7-255u-32go-1to-ssd-noir.html,9799.0,PC Portable LENOVO ThinkPad T14s Gen 6 Ultra 7 255U 32Go 1To SSD - Noir,LENOVO,32.0,1024.0,14.0,Intel,0.0,Windows 11 Pro,4,0,,
https://www.mytek.tn/pc-portable-lenovo-thinkpad-x1-2en1-gen-10-aura-edition-ultra7-258v-32g-1to-ssd.html,9999.0,PC Portable LENOVO ThinkPad X1 2En1 Gen 10 Aura Edition Ultra7 258V 32G 1To SSD,LENOVO,32.0,1024.0,14.0,Intel,0.0,Windows 11 Pro,4,0,Premium,LENOVO::Premium::c1
https://www.mytek.tn/pc-portable-lenovo-thinkpad-x1-carbon-gen-13-ultra-7-268v-32go-1to-ssd-noir.html,10129.0,PC Portable LENOVO ThinkPad X1 Carbon Gen 13 Ultra 7 268V 32Go 1To SSD - Noir,LENOVO,32.0,1024.0,14.0,Intel,0.0,Windows 11 Pro,4,0,,
https://www.mytek.tn/pc-portable-gamer-lenovo-legion-pro-7-16irx9h-i9-14e-gen-32go-rtx-4090.html,11999.0,PC Portable Gamer LENOVO Légion Pro 7 16IRX9H i9 14è Gén 32Go RTX 4090,LENOVO,32.0,1024.0,16.0,Intel,9.0,Windows 11 Famille,4,0,Premium,LENOVO::Premium::c1
https://www.mytek.tn/pc-portable-gamer-lenovo-legion-pro-7-16irx9h-i9-14e-gen-32go-rtx-4090-83de005ufg.html,11999.0,PC Portable Gamer LENOVO Légion Pro 7 16IRX9H i9 14è Gén 32Go RTX 4090(83DE005UFG),LENOVO,32.0,1024.0,16.0,Intel,9.0,Windows 11 Famille,4,0,Premium,LENOVO::Premium::c1
https://www.mytek.tn/pc-portable-gamer-lenovo-legion-pro-7-16irx9h-i9-14e-gen-64go-rtx-4090.html,12929.0,PC Portable Gamer LENOVO Légion Pro 7 16IRX9H i9 14è Gén 64Go RTX 4090,LENOVO,64.0,1024.0,16.0,Intel,9.0,Windows 11 Famille,4,0,Premium,LENOVO::Premium::c1
https://www.mytek.tn/pc-portable-msi-modern-15-f13mg-i5-13eme-gen-8go-512go-ssd.html,1799.0,Pc Portable MSI Modern 15 F13MG i5 13ème Gén 8Go 512Go SSD,MSI,8.0,512.0,15.6,Intel,5.0,FreeDos,4,0,Économique,MSI::Économique::c0
https://www.mytek.tn/pc-portable-msi-modern-15-f13mg-i5-13eme-gen-8g-512go-ssd.html,1839.0,Pc Portable MSI Modern 15 F13MG i5 13ème Gén 8G 512Go SSD,MSI,8.0,512.0,15.6,Intel,5.0,Windows 11 Pro,4,0,Économique,MSI::Économique::c2
https://www.mytek.tn/pc-portable-msi-modern-15-f13mg-i5-13eme-gen-16go-512go-ssd.html,1999.0,Pc Portable MSI Modern 15 F13MG i5 13ème Gén 16Go 512Go SSD,MSI,16.0,512.0,15.6,Intel,5.0,FreeDos,4,0,Économique,MSI::Économique::c0
https://www.mytek.tn/pc-portable-msi-modern-15-f13mg-i5-13eme-gen-24go-512go-ssd.html,2199.0,Pc Portable MSI Modern 15 F13MG i5 13ème Gén 24Go 512Go SSD,MSI,24.0,512.0,15.6,Intel,5.0,FreeDos,4,0,Économique,MSI::Économique::c0
https://www.mytek.tn/pc-portable-msi-modern-15-f1m-intel-core-7-150u-16go-512go-ssd.html,2349.0,Pc Portable MSI Modern 15 F1M Intel Core 7 150U 16Go 512Go SSD,MSI,16.0,512.0,15.6,Intel,7.0,FreeDos,4,0,Économique,MSI::Économique::c1
https://www.mytek.tn/pc-portable-msi-modern-15-f1m-intel-core-7-150u-16g-512go-ssd.html,2389.0,Pc Portable MSI Modern 15 F1M Intel Core 7 150U 16G 512Go SSD,MSI,16.0,512.0,15.6,Intel,7.0,Windows 11 Pro,4,0,Économique,MSI::Économique::c2
https://www.mytek.tn/pc-portable-gamer-msi-thin-15-b13udx-i5-13e-gen-8g-rtx3050.html,2439.0,PC Portable Gamer MSI Thin 15 B13UDX i5 13è Gén 8G RTX3050,MSI,8.0,512.0,15.6,Intel,5.0,FreeDos,4,0,Économique,MSI::Économique::c0
https://www.mytek.tn/pc-portable-gamer-msi-thin-15-b13ucx-i7-13e-gen-8go-rtx-2050.html,2479.0,PC Portable Gamer MSI Thin 15 B13UCX i7 13è Gén 8Go RTX 2050,MSI,8.0,512.0,15.6,Intel,7.0,FreeDos,4,0,Économique,MSI::Économique::c1
https://www.mytek.tn/pc-portable-gamer-msi-thin-15-b13udx-i5-13e-gen-8g-rtx-3050.html,2489.0,PC Portable Gamer MSI Thin 15 B13UDX i5 13è Gén 8G RTX 3050,MSI,8.0,512.0,15.6,Intel,5.0,Windows 11 Pro,4,0,Économique,MSI::Économique::c2
https://www.mytek.tn/pc-portable-gamer-msi-thin-15-b13ucx-i7-13e-gen-8g-rtx-2050.html,2529.0,PC Portable Gamer MSI Thin 15 B13UCX i7 13è Gén 8G RTX 2050,MSI,8.0,512.0,15.6,Intel,7.0,Windows 11 Pro,4,0,Économique,MSI::Économique::c2
https://www.mytek.tn/pc-portable-gamer-msi-thin-15-b13udx-i5-13e-gen-16g-rtx3050.html,2639.0,PC Portable Gamer MSI Thin 15 B13UDX i5 13è Gén 16G RTX3050,MSI,16.0,512.0,15.6,Intel,5.0,FreeDos,4,0,Économique,MSI::Économique::c0
https://www.mytek.tn/pc-portable-gamer-msi-thin-15-b13ucx-i7-13e-gen-16go-rtx-2050.html,2675.0,PC Portable Gamer MSI Thin 15 B13UCX i7 13è Gén 16Go RTX 2050,MSI,16.0,512.0,15.6,Intel,7.0,FreeDos,4,0,Économique,MSI::Économique::c1
https://www.mytek.tn/pc-portable-gamer-msi-thin-15-b13udx-i7-13e-gen-8g-rtx3050.html,2685.0,PC Portable Gamer MSI Thin 15 B13UDX i7 13è Gén 8G RTX3050,MSI,8.0,512.0,15.6,Intel,7.0,FreeDos,4,0,Économique,MSI::Économique::c1
https://www.mytek.tn/pc-portable-gamer-msi-thin-15-b13ucx-i7-13e-gen-16g-rtx-2050.html,2715.0,PC Portable Gamer MSI Thin 15 B13UCX i7 13è Gén 16G RTX 2050,MSI,16.0,512.0,15.6,Intel,7.0,Windows 11 Pro,4,0,Économique,MSI::Économique::c2
https://www.mytek.tn/pc-portable-gamer-msi-thin-15-b13udx-i7-13e-gen-8g-rtx-3050.html,2725.0,PC Portable Gamer MSI Thin 15 B13UDX i7 13è Gén 8G RTX 3050,MSI,8.0,512.0,15.6,Intel,7.0,Windows 11 Pro,4,0,Économique,MSI::Économique::c2
https://www.mytek.tn/pc-portable-gamer-msi-cyborg-15-a13u-i5-13e-gen-16go-rtx-3050.html,2799.0,PC Portable Gamer MSI CYBORG 15 A13U i5 13è Gén 16Go RTX 3050,MSI,16.0,512.0,15.6,Intel,5.0,FreeDos,4,0,Milieu de gamme,MSI::Milieu de gamme::c0
https://www.mytek.tn/pc-portable-msi-modern-15-f1m-intel-core-7-150u-24go-512go-ssd.html,2805.0,Pc Portable MSI Modern 15 F1M Intel Core 7 150U 24Go 512Go SSD,MSI,24.0,512.0,15.6,Intel,7.0,FreeDos,4,0,Économique,MSI::Économique::c1
https://www.mytek.tn/pc-portable-gamer-msi-thin-15-b13udx-i5-13e-gen-24g-rtx3050.html,2849.0,PC Portable Gamer MSI Thin 15 B13UDX i5 13è Gén 24G RTX3050,MSI,24.0,512.0,15.6,Intel,5.0,FreeDos,4,0,Économique,MSI::Économique::c0
https://www.mytek.tn/pc-portable-gamer-msi-thin-15-b13ucx-i7-13e-gen-24go-rtx-2050.html,2869.0,PC Portable Gamer MSI Thin 15 B13UCX i7 13è Gén 24Go RTX 2050,MSI,24.0,512.0,15.6,Intel,7.0,FreeDos,4,0,Économique,MSI::Économique::c1
https://www.mytek.tn/pc-portable-gamer-msi-thin-15-b13udx-i7-13e-gen-16g-rtx3050.html,2889.0,PC Portable Gamer MSI Thin 15 B13UDX i7 13è Gén 16G RTX3050,MSI,16.0,512.0,15.6,Intel,7.0,FreeDos,4,0,Économique,MSI::Économique::c1
https://www.mytek.tn/pc-portable-gamer-msi-thin-15-b13ucx-i7-13e-gen-24g-rtx-2050.html,2909.0,PC Portable Gamer MSI Thin 15 B13UCX i7 13è Gén 24G RTX 2050,MSI,24.0,512.0,15.6,Intel,7.0,Windows 11 Pro,4,0,Milieu de gamme,MSI::Milieu de gamme::c1
https://www.mytek.tn/pc-portable-gamer-msi-cyborg-15-a13u-i7-13e-gen-16go-rtx-3050.html,2989.0,PC Portable Gamer MSI CYBORG 15 A13U i7 13è Gén 16Go RTX 3050,MSI,16.0,512.0,15.6,Intel,7.0,FreeDos,4,0,Milieu de gamme,MSI::Milieu de gamme::c1
https://www.mytek.tn/pc-portable-gamer-msi-cyborg-15-a13u-i5-13e-gen-16g-rtx-3050.html,2989.0,PC Portable Gamer MSI CYBORG 15 A13U i5 13è Gén 16G RTX 3050,MSI,16.0,512.0,15.6,Intel,5.0,Windows 11 Pro,4,0,Milieu de gamme,MSI::Milieu de gamme::c2
https://www.mytek.tn/pc-portable-gamer-msi-cyborg-15-a13ve-i5-13e-gen-16g-rtx4050.html,2999.0,PC Portable Gamer MSI Cyborg 15 A13VE i5 13è Gén 16G RTX4050,MSI,16.0,512.0,15.6,Intel,5.0,FreeDos,4,0,Milieu de gamme,MSI::Milieu de gamme::c0
https://www.mytek.tn/pc-portable-gamer-msi-cyborg-15-a13u-i7-13e-gen-16g-rtx-3050.html,3039.0,PC Portable Gamer MSI CYBORG 15 A13U i7 13è Gén 16G RTX 3050,MSI,16.0,512.0,15.6,Intel,7.0,Windows 11 Pro,4,0,Milieu de gamme,MSI::Milieu de gamme::c1
https://www.mytek.tn/pc-portable-gamer-msi-thin-15-b13udx-i5-13e-gen-32g-rtx3050.html,3049.0,PC Portable Gamer MSI Thin 15 B13UDX i5 13è Gén 32G RTX3050,MSI,32.0,512.0,15.6,Intel,5.0,FreeDos,4,0,Milieu de gamme,MSI::Milieu de gamme::c0
https://www.mytek.tn/pc-portable-gamer-msi-thin-15-b13ucx-i7-13e-gen-32go-rtx-2050.html,3055.0,PC Portable Gamer MSI Thin 15 B13UCX i7 13è Gén 32Go RTX 2050,MSI,32.0,512.0,15.6,Intel,7.0,FreeDos,4,0,Milieu de gamme,MSI::Milieu de gamme::c1
https://www.mytek.tn/pc-portable-gamer-msi-thin-15-b13udx-i7-13e-gen-24g-rtx3050.html,3079.0,PC Portable Gamer MSI Thin 15 B13UDX i7 13è Gén 24G RTX3050,MSI,24.0,512.0,15.6,Intel,7.0,FreeDos,4,0,Milieu de gamme,MSI::Milieu de gamme::c1
https://www.mytek.tn/pc-portable-gamer-msi-thin-15-b13ucx-i7-13e-gen-32go-rtx-2050-gris.html,3095.0,PC Portable Gamer MSI Thin 15 B13UCX i7 13è Gén 32Go RTX 2050 - Gris,MSI,32.0,512.0,15.6,Intel,7.0,Windows 11 Pro,4,0,Milieu de gamme,MSI::Milieu de gamme::c1
https://www.mytek.tn/pc-portable-gamer-msi-cyborg-15-a13ve-i5-13e-gen-8go-rtx-4050.html,3099.0,PC Portable Gamer MSI Cyborg 15 A13VE i5 13è Gén 8Go RTX 4050,MSI,8.0,512.0,15.6,Intel,5.0,FreeDos,4,0,Milieu de gamme,MSI::Milieu de gamme::c0
https://www.mytek.tn/pc-portable-gamer-msi-cyborg-15-a13ve-i7-13e-gen-16go-rtx4050.html,3129.0,PC Portable Gamer MSI Cyborg 15 A13VE i7 13è Gén 16Go RTX4050,MSI,16.0,512.0,15.6,Intel,7.0,Windows 11 Pro,4,0,Milieu de gamme,MSI::Milieu de gamme::c1
https://www.mytek.tn/pc-portable-gamer-msi-cyborg-15-a13ve-i5-13e-gen-8go-rtx4050.html,3149.0,PC Portable Gamer MSI Cyborg 15 A13VE i5 13è Gén 8Go RTX4050,MSI,8.0,512.0,15.6,Intel,5.0,Windows 11 Pro,4,0,Milieu de gamme,MSI::Milieu de gamme::c2
https://www.mytek.tn/pc-portable-gamer-msi-cyborg-15-a13ve-i7-13e-gen-16g-rtx4050.html,3169.0,PC Portable Gamer MSI Cyborg 15 A13VE i7 13è Gén 16G RTX4050,MSI,16.0,512.0,15.6,Intel,7.0,FreeDos,4,0,Milieu de gamme,MSI::Milieu de gamme::c1
https://www.mytek.tn/pc-portable-gamer-msi-cyborg-15-a13ve-i5-13eme-gen-16go-rtx4050.html,3189.0,PC Portable Gamer MSI Cyborg 15 A13VE i5 13ème Gén 16Go RTX4050,MSI,16.0,512.0,15.6,Intel,5.0,Windows 11 Pro,4,0,Milieu de gamme,MSI::Milieu de gamme::c2
https://www.mytek.tn/pc-portable-gamer-msi-thin-15-b13udx-i7-13e-gen-32g-rtx3050.html,3265.0,PC Portable Gamer MSI Thin 15 B13UDX i7 13è Gén 32G RTX3050,MSI,32.0,512.0,15.6,Intel,7.0,FreeDos,4,0,Milieu de gamme,MSI::Milieu de gamme::c1
https://www.mytek.tn/pc-portable-gamer-msi-thin-15-b13udx-i7-13e-gen-32go-rtx-3050-gris.html,3305.0,PC Portable Gamer MSI Thin 15 B13UDX i7 13è Gén 32Go RTX 3050 - Gris,MSI,32.0,512.0,15.6,Intel,7.0,Windows 11 Pro,4,0,Milieu de gamme,MSI::Milieu de gamme::c1
https://www.mytek.tn/pc-portable-gamer-msi-cyborg-15-a13ve-i5-13e-gen-16go-rtx-4050.html,3499.0,PC Portable Gamer MSI Cyborg 15 A13VE i5 13è Gén 16Go RTX 4050,MSI,16.0,512.0,15.6,Intel,5.0,FreeDos,4,0,Milieu de gamme,MSI::Milieu de gamme::c0
https://www.mytek.tn/pc-portable-gamer-msi-cyborg-15-a13ve-i5-13e-gen-16go-rtx4050.html,3549.0,PC Portable Gamer MSI Cyborg 15 A13VE i5 13è Gén 16Go RTX4050,MSI,16.0,512.0,15.6,Intel,5.0,Windows 11 Pro,4,0,Milieu de gamme,MSI::Milieu de gamme::c2
https://www.mytek.tn/pc-portable-gamer-msi-cyborg-15-a13ve-i7-13e-gen-24g-rtx4050.html,3599.0,PC Portable Gamer MSI Cyborg 15 A13VE i7 13è Gén 24G RTX4050,MSI,24.0,512.0,15.6,Intel,7.0,FreeDos,4,0,,
https://www.mytek.tn/pc-portable-gamer-msi-cyborg-15-a13u-i5-13e-gen-32go-rtx-3050.html,3739.0,PC Portable Gamer MSI CYBORG 15 A13U i5 13è Gén 32Go RTX 3050,MSI,32.0,512.0,15.6,Intel,5.0,FreeDos,4,0,Premium,MSI::Premium::c0
https://www.mytek.tn/pc-portable-gamer-msi-cyborg-15-b2rw-intel-core-5-210h-8go-rtx-5060.html,3819.0,PC Portable Gamer MSI Cyborg 15 B2RW Intel Core 5 210H 8Go RTX 5060,MSI,8.0,512.0,15.6,Intel,5.0,FreeDos,4,0,Milieu de gamme,MSI::Milieu de gamme::c0
https://www.mytek.tn/pc-portable-gamer-msi-cyborg-15-a13u-i7-13e-gen-32go-rtx-3050.html,3919.0,PC Portable Gamer MSI CYBORG 15 A13U i7 13è Gén 32Go RTX 3050,MSI,32.0,512.0,15.6,Intel,7.0,FreeDos,4,0,Premium,MSI::Premium::c0
https://www.mytek.tn/pc-portable-gamer-msi-cyborg-15-a13ve-i5-13e-gen-32g-rtx4050.html,3939.0,PC Portable Gamer MSI Cyborg 15 A13VE i5 13è Gén 32G RTX4050,MSI,32.0,512.0,15.6,Intel,5.0,FreeDos,4,0,Premium,MSI::Premium::c0
https://www.mytek.tn/pc-portable-gamer-msi-cyborg-15-a13ve-i7-13e-gen-32g-rtx4050.html,4009.0,PC Portable Gamer MSI Cyborg 15 A13VE i7 13è Gén 32G RTX4050,MSI,32.0,512.0,15.6,Intel,7.0,FreeDos,4,0,,
https://www.mytek.tn/pc-portable-gamer-msi-cyborg-15-a13ve-i7-13e-gen-32go-rtx4050.html,4059.0,PC Portable Gamer MSI Cyborg 15 A13VE i7 13è Gén 32Go RTX4050,MSI,32.0,512.0,15.6,Intel,7.0,Windows 11 Pro,4,0,Premium,MSI::Premium::c0
https://www.mytek.tn/pc-portable-gamer-msi-cyborg-17-b2rw-intel-core-5-210h-8go-rtx-5050.html,4099.0,PC Portable Gamer MSI Cyborg 17 B2RW Intel Core 5 210H 8Go RTX 5050,MSI,8.0,512.0,17.3,Intel,5.0,FreeDos,4,0,Premium,MSI::Premium::c0
https://www.mytek.tn/pc-portable-gamer-msi-cyborg-15-b2rw-intel-core-7-240h-8go-rtx-5060.html,4099.0,PC Portable Gamer MSI Cyborg 15 B2RW Intel Core 7 240H 8Go RTX 5060,MSI,8.0,512.0,15.6,Intel,7.0,FreeDos,4,0,Premium,MSI::Premium::c0
https://www.mytek.tn/pc-portable-gamer-msi-cyborg-15-b2rw-intel-core-7-240h-8g-rtx-5060.html,4149.0,PC Portable Gamer MSI Cyborg 15 B2RW Intel Core 7 240H 8G RTX 5060,MSI,8.0,512.0,15.6,Intel,7.0,Windows 11 Pro,4,0,Premium,MSI::Premium::c0
https://www.mytek.tn/pc-portable-gamer-msi-cyborg-15-b2rw-intel-core-5-210h-16go-rtx-5060.html,4219.0,PC Portable Gamer MSI Cyborg 15 B2RW Intel Core 5 210H 16Go RTX 5060,MSI,16.0,512.0,15.6,Intel,5.0,FreeDos,4,0,Premium,MSI::Premium::c0
https://www.mytek.tn/pc-portable-gamer-msi-cyborg-17-b2rw-intel-core-7-240h-8go-rtx-5050.html,4299.0,PC Portable Gamer MSI Cyborg 17 B2RW Intel Core 7 240H 8Go RTX 5050,MSI,8.0,512.0,17.3,Intel,7.0,FreeDos,4,0,Premium,MSI::Premium::c0
https://www.mytek.tn/pc-portable-gamer-msi-cyborg-17-b2rw-intel-core-5-210h-8go-rtx-5060.html,4299.0,PC Portable Gamer MSI Cyborg 17 B2RW Intel Core 5 210H 8Go RTX 5060,MSI,8.0,512.0,17.3,Intel,5.0,FreeDos,4,0,Premium,MSI::Premium::c0
https://www.mytek.tn/pc-portable-gamer-msi-cyborg-15-a13ve-i5-13e-gen-32go-rtx-4050.html,4299.0,PC Portable Gamer MSI Cyborg 15 A13VE i5 13è Gén 32Go RTX 4050,MSI,32.0,512.0,15.6,Intel,5.0,FreeDos,4,0,Premium,MSI::Premium::c0
https://www.mytek.tn/pc-portable-gamer-msi-cyborg-17-b2rw-intel-core-7-240h-8go-rtx-5060.html,4499.0,PC Portable Gamer MSI Cyborg 17 B2RW Intel Core 7 240H 8Go RTX 5060,MSI,8.0,512.0,17.3,Intel,7.0,FreeDos,4,0,Premium,MSI::Premium::c0
https://www.mytek.tn/pc-portable-gamer-msi-cyborg-15-b2rw-intel-core-7-240h-16go-rtx-5060.html,4519.0,PC Portable Gamer MSI Cyborg 15 B2RW Intel Core 7 240H 16Go RTX 5060,MSI,16.0,512.0,15.6,Intel,7.0,FreeDos,4,0,Premium,MSI::Premium::c0
https://www.mytek.tn/pc-portable-gamer-msi-cyborg-17-b13w-i5-13e-gen-16g-rtx-5060.html,4735.0,PC Portable Gamer MSI Cyborg 17 B13W i5 13è Gén 16G RTX 5060,MSI,16.0,512.0,17.3,Intel,5.0,FreeDos,4,0,Premium,MSI::Premium::c0
https://www.mytek.tn/pc-portable-gamer-msi-cyborg-15-b13w-i7-13e-gen-16go-rtx-5060.html,4809.0,PC Portable Gamer MSI Cyborg 15 B13W i7 13è Gén 16Go RTX 5060,MSI,16.0,512.0,15.6,Intel,7.0,FreeDos,4,0,Premium,MSI::Premium::c0
https://www.mytek.tn/pc-portable-gamer-msi-cyborg-17-b2rw-intel-core-7-240h-16go-rtx-5060.html,4899.0,PC Portable Gamer MSI Cyborg 17 B2RW Intel Core 7 240H 16Go RTX 5060,MSI,16.0,512.0,17.3,Intel,7.0,FreeDos,4,0,Premium,MSI::Premium::c0
https://www.mytek.tn/pc-portable-gamer-msi-cyborg-15-b2rw-intel-core-5-210h-32go-rtx-5060.html,5039.0,PC Portable Gamer MSI Cyborg 15 B2RW Intel Core 5 210H 32Go RTX 5060,MSI,32.0,512.0,15.6,Intel,5.0,FreeDos,4,0,,
https://www.mytek.tn/pc-portable-gamer-msi-cyborg-17-b2rw-intel-core-5-210h-32go-rtx-5050.html,5299.0,PC Portable Gamer MSI Cyborg 17 B2RW Intel Core 5 210H 32Go RTX 5050,MSI,32.0,512.0,17.3,Intel,5.0,FreeDos,4,0,Premium,MSI::Premium::c0
https://www.mytek.tn/pc-portable-gamer-msi-cyborg-15-b2rw-intel-core-7-240h-32go-rtx-5060.html,5319.0,PC Portable Gamer MSI Cyborg 15 B2RW Intel Core 7 240H 32Go RTX 5060,MSI,32.0,512.0,15.6,Intel,7.0,FreeDos,4,0,Premium,MSI::Premium::c0
https://www.mytek.tn/pc-portable-gamer-msi-cyborg-17-b2rw-intel-core-5-210h-32go-rtx-5060.html,5499.0,PC Portable Gamer MSI Cyborg 17 B2RW Intel Core 5 210H 32Go RTX 5060,MSI,32.0,512.0,17.3,Intel,5.0,FreeDos,4,0,Premium,MSI::Premium::c0
https://www.mytek.tn/pc-portable-gamer-msi-cyborg-15-b13w-i7-13e-gen-16go-rtx-5070.html,5509.0,PC Portable Gamer MSI Cyborg 15 B13W i7 13è Gén 16Go RTX 5070,MSI,16.0,512.0,15.6,Intel,7.0,FreeDos,4,0,Premium,MSI::Premium::c0
https://www.mytek.tn/pc-portable-gamer-msi-cyborg-17-b2rw-intel-core-7-240h-32go-rtx-5060.html,5699.0,PC Portable Gamer MSI Cyborg 17 B2RW Intel Core 7 240H 32Go RTX 5060,MSI,32.0,512.0,17.3,Intel,7.0,FreeDos,4,0,Premium,MSI::Premium::c0
https://www.mytek.tn/pc-portable-gamer-msi-vector-16-hx-ai-a2xw-ultra-9-275hx-32go-rtx-5080.html,12359.0,PC Portable Gamer MSI Vector 16 HX AI A2XW Ultra 9 275HX 32Go RTX 5080,MSI,32.0,1024.0,16.0,Intel,0.0,Windows 11 Famille,4,0,Premium,MSI::Premium::c0
