categorie,marque,gamme,cluster_segmentation,cle_produit,semaine,prix_tnd
pc_bureau,ASUS,Milieu de gamme,profil_descriptif,https://www.mytek.tn/pc-de-bureau-asus-expertcenter-p500mv-i5-13e-gen-16g-512g-ssd-gris.html,1,2139.0
pc_bureau,ASUS,Milieu de gamme,profil_descriptif,https://www.mytek.tn/pc-de-bureau-asus-expertcenter-p500mv-i5-13e-gen-16g-512g-ssd-gris.html,2,2139.0
pc_bureau,ASUS,Milieu de gamme,profil_descriptif,https://www.mytek.tn/pc-de-bureau-asus-expertcenter-p500mv-i5-13e-gen-16g-512g-ssd-gris.html,3,2139.0
pc_bureau,ASUS,Milieu de gamme,profil_descriptif,https://www.mytek.tn/pc-de-bureau-asus-expertcenter-p500mv-i5-13e-gen-16g-512g-ssd-gris.html,4,2139.0
pc_bureau,ASUS,Milieu de gamme,profil_descriptif,https://www.mytek.tn/pc-de-bureau-asus-expertcenter-p500mv-i5-13e-gen-16go-512go-ssd-gris.html,1,2129.0
pc_bureau,ASUS,Milieu de gamme,profil_descriptif,https://www.mytek.tn/pc-de-bureau-asus-expertcenter-p500mv-i5-13e-gen-16go-512go-ssd-gris.html,2,2129.0
pc_bureau,ASUS,Milieu de gamme,profil_descriptif,https://www.mytek.tn/pc-de-bureau-asus-expertcenter-p500mv-i5-13e-gen-16go-512go-ssd-gris.html,3,2129.0
pc_bureau,ASUS,Milieu de gamme,profil_descriptif,https://www.mytek.tn/pc-de-bureau-asus-expertcenter-p500mv-i7-13e-gen-8g-512go-ssd-gris.html,1,2099.0
pc_bureau,ASUS,Milieu de gamme,profil_descriptif,https://www.mytek.tn/pc-de-bureau-asus-expertcenter-p500mv-i7-13e-gen-8g-512go-ssd-gris.html,2,2099.0
pc_bureau,ASUS,Milieu de gamme,profil_descriptif,https://www.mytek.tn/pc-de-bureau-asus-expertcenter-p500mv-i7-13e-gen-8g-512go-ssd-gris.html,3,2099.0
pc_bureau,ASUS,Milieu de gamme,profil_descriptif,https://www.mytek.tn/pc-de-bureau-asus-expertcenter-p500mv-i7-13e-gen-8g-512go-ssd-gris.html,4,2099.0
pc_bureau,ASUS,Milieu de gamme,profil_descriptif,https://www.mytek.tn/pc-de-bureau-asus-expertcenter-p500mv-i7-13e-gen-8go-512go-ssd-gris.html,1,1999.0
pc_bureau,ASUS,Milieu de gamme,profil_descriptif,https://www.mytek.tn/pc-de-bureau-asus-expertcenter-p500mv-i7-13e-gen-8go-512go-ssd-gris.html,2,1999.0
pc_bureau,ASUS,Milieu de gamme,profil_descriptif,https://www.mytek.tn/pc-de-bureau-asus-expertcenter-p500mv-i7-13e-gen-8go-512go-ssd-gris.html,3,1999.0
pc_bureau,ASUS,Milieu de gamme,profil_descriptif,https://www.mytek.tn/pc-de-bureau-asus-expertcenter-p500mv-i7-13e-gen-8go-512go-ssd-gris.html,4,1999.0
pc_bureau,ASUS,Milieu de gamme,profil_descriptif,https://www.mytek.tn/pc-de-bureau-asus-expertcenter-p500mv-i7-13eme-gen-8g-512go-ssd-noir.html,1,2059.0
pc_bureau,ASUS,Milieu de gamme,profil_descriptif,https://www.mytek.tn/pc-de-bureau-asus-expertcenter-p500mv-i7-13eme-gen-8g-512go-ssd-noir.html,2,2059.0
pc_bureau,ASUS,Milieu de gamme,profil_descriptif,https://www.mytek.tn/pc-de-bureau-asus-expertcenter-p500mv-i7-13eme-gen-8g-512go-ssd-noir.html,3,2059.0
pc_bureau,ASUS,Milieu de gamme,profil_descriptif,https://www.mytek.tn/pc-de-bureau-asus-expertcenter-p500mv-i7-13eme-gen-8g-512go-ssd-noir.html,4,2059.0
pc_bureau,ASUS,Milieu de gamme,profil_descriptif,https://www.mytek.tn/pc-de-bureau-asus-expertcenter-p500mv-intel-core-7-240h-8go-512go-ssd-gris.html,1,1939.0
pc_bureau,ASUS,Milieu de gamme,profil_descriptif,https://www.mytek.tn/pc-de-bureau-asus-expertcenter-p500mv-intel-core-7-240h-8go-512go-ssd-gris.html,2,1939.0
pc_bureau,ASUS,Milieu de gamme,profil_descriptif,https://www.mytek.tn/pc-de-bureau-asus-expertcenter-p500mv-intel-core-7-240h-8go-512go-ssd-gris.html,3,1939.0
pc_bureau,ASUS,Milieu de gamme,profil_descriptif,https://www.mytek.tn/pc-de-bureau-asus-expertcenter-p500mv-intel-core-7-240h-8go-512go-ssd-gris.html,4,1939.0
pc_bureau,ASUS,Premium,profil_descriptif,https://www.mytek.tn/pc-de-bureau-all-in-one-asus-p440vak-intel-core-5-210h-8go-512go-ssd.html,1,2269.0
pc_bureau,ASUS,Premium,profil_descriptif,https://www.mytek.tn/pc-de-bureau-all-in-one-asus-p440vak-intel-core-5-210h-8go-512go-ssd.html,2,2269.0
pc_bureau,ASUS,Premium,profil_descriptif,https://www.mytek.tn/pc-de-bureau-all-in-one-asus-p440vak-intel-core-5-210h-8go-512go-ssd.html,3,2269.0
pc_bureau,ASUS,Premium,profil_descriptif,https://www.mytek.tn/pc-de-bureau-all-in-one-asus-p440vak-intel-core-5-210h-8go-512go-ssd.html,4,2269.0
pc_bureau,ASUS,Premium,profil_descriptif,https://www.mytek.tn/pc-de-bureau-all-in-one-asus-p440vak-intel-core-7-240h-8go-512go-ssd-blanc.html,1,2599.0
pc_bureau,ASUS,Premium,profil_descriptif,https://www.mytek.tn/pc-de-bureau-all-in-one-asus-p440vak-intel-core-7-240h-8go-512go-ssd-blanc.html,2,2599.0
pc_bureau,ASUS,Premium,profil_descriptif,https://www.mytek.tn/pc-de-bureau-all-in-one-asus-p440vak-intel-core-7-240h-8go-512go-ssd-blanc.html,3,2599.0
pc_bureau,ASUS,Premium,profil_descriptif,https://www.mytek.tn/pc-de-bureau-all-in-one-asus-p440vak-intel-core-7-240h-8go-512go-ssd-blanc.html,4,2599.0
pc_bureau,ASUS,Premium,profil_descriptif,https://www.mytek.tn/pc-de-bureau-all-in-one-asus-p440vak-intel-core-7-240h-8go-512go-ssd.html,1,2599.0
pc_bureau,ASUS,Premium,profil_descriptif,https://www.mytek.tn/pc-de-bureau-all-in-one-asus-p440vak-intel-core-7-240h-8go-512go-ssd.html,2,2599.0
pc_bureau,ASUS,Premium,profil_descriptif,https://www.mytek.tn/pc-de-bureau-all-in-one-asus-p440vak-intel-core-7-240h-8go-512go-ssd.html,3,2599.0
pc_bureau,ASUS,Premium,profil_descriptif,https://www.mytek.tn/pc-de-bureau-all-in-one-asus-p440vak-intel-core-7-240h-8go-512go-ssd.html,4,2599.0
pc_bureau,ASUS,Premium,profil_descriptif,https://www.mytek.tn/pc-de-bureau-asus-expertcenter-p500mv-i5-13e-gen-24g-512g-ssd-gris.html,1,2569.0
pc_bureau,ASUS,Premium,profil_descriptif,https://www.mytek.tn/pc-de-bureau-asus-expertcenter-p500mv-i5-13e-gen-24g-512g-ssd-gris.html,2,2569.0
pc_bureau,ASUS,Premium,profil_descriptif,https://www.mytek.tn/pc-de-bureau-asus-expertcenter-p500mv-i5-13e-gen-24g-512g-ssd-gris.html,3,2569.0
pc_bureau,ASUS,Premium,profil_descriptif,https://www.mytek.tn/pc-de-bureau-asus-expertcenter-p500mv-i5-13e-gen-24g-512g-ssd-gris.html,4,2569.0
pc_bureau,ASUS,Premium,profil_descriptif,https://www.mytek.tn/pc-de-bureau-asus-expertcenter-p500mv-i5-13e-gen-24go-512go-ssd-gris.html,1,2529.0
pc_bureau,ASUS,Premium,profil_descriptif,https://www.mytek.tn/pc-de-bureau-asus-expertcenter-p500mv-i5-13e-gen-24go-512go-ssd-gris.html,2,2529.0
pc_bureau,ASUS,Premium,profil_descriptif,https://www.mytek.tn/pc-de-bureau-asus-expertcenter-p500mv-i5-13e-gen-24go-512go-ssd-gris.html,3,2529.0
pc_bureau,ASUS,Premium,profil_descriptif,https://www.mytek.tn/pc-de-bureau-asus-expertcenter-p500mv-i7-13e-gen-16go-512go-ssd-gris.html,1,2399.0
pc_bureau,ASUS,Premium,profil_descriptif,https://www.mytek.tn/pc-de-bureau-asus-expertcenter-p500mv-i7-13e-gen-16go-512go-ssd-gris.html,2,2399.0
pc_bureau,ASUS,Premium,profil_descriptif,https://www.mytek.tn/pc-de-bureau-asus-expertcenter-p500mv-i7-13e-gen-16go-512go-ssd-gris.html,3,2399.0
pc_bureau,ASUS,Premium,profil_descriptif,https://www.mytek.tn/pc-de-bureau-asus-expertcenter-p500mv-i7-13e-gen-16go-512go-ssd-gris.html,4,2399.0
pc_bureau,ASUS,Économique,profil_descriptif,https://www.mytek.tn/pc-de-bureau-asus-expertcenter-p500mv-i3-13e-gen-16g-256g-ssd-gris.html,1,1799.0
pc_bureau,ASUS,Économique,profil_descriptif,https://www.mytek.tn/pc-de-bureau-asus-expertcenter-p500mv-i3-13e-gen-16g-256g-ssd-gris.html,2,1799.0
pc_bureau,ASUS,Économique,profil_descriptif,https://www.mytek.tn/pc-de-bureau-asus-expertcenter-p500mv-i3-13e-gen-16g-256g-ssd-gris.html,3,1799.0
pc_bureau,ASUS,Économique,profil_descriptif,https://www.mytek.tn/pc-de-bureau-asus-expertcenter-p500mv-i3-13e-gen-16g-256g-ssd-gris.html,4,1799.0
pc_bureau,ASUS,Économique,profil_descriptif,https://www.mytek.tn/pc-de-bureau-asus-expertcenter-p500mv-i3-13e-gen-8g-256g-ssd-gris.html,1,1399.0
pc_bureau,ASUS,Économique,profil_descriptif,https://www.mytek.tn/pc-de-bureau-asus-expertcenter-p500mv-i3-13e-gen-8g-256g-ssd-gris.html,2,1399.0
pc_bureau,ASUS,Économique,profil_descriptif,https://www.mytek.tn/pc-de-bureau-asus-expertcenter-p500mv-i3-13e-gen-8g-256g-ssd-gris.html,3,1399.0
pc_bureau,ASUS,Économique,profil_descriptif,https://www.mytek.tn/pc-de-bureau-asus-expertcenter-p500mv-i5-13e-gen-8g-512-ssd-gris.html,1,1789.0
pc_bureau,ASUS,Économique,profil_descriptif,https://www.mytek.tn/pc-de-bureau-asus-expertcenter-p500mv-i5-13e-gen-8g-512-ssd-gris.html,2,1789.0
pc_bureau,ASUS,Économique,profil_descriptif,https://www.mytek.tn/pc-de-bureau-asus-expertcenter-p500mv-i5-13e-gen-8g-512-ssd-gris.html,3,1789.0
pc_bureau,ASUS,Économique,profil_descriptif,https://www.mytek.tn/pc-de-bureau-asus-expertcenter-p500mv-i5-13e-gen-8g-512g-ssd-gris.html,1,1689.0
pc_bureau,ASUS,Économique,profil_descriptif,https://www.mytek.tn/pc-de-bureau-asus-expertcenter-p500mv-i5-13e-gen-8g-512g-ssd-gris.html,2,1689.0
pc_bureau,ASUS,Économique,profil_descriptif,https://www.mytek.tn/pc-de-bureau-asus-expertcenter-p500mv-i5-13e-gen-8g-512g-ssd-gris.html,3,1689.0
pc_bureau,ASUS,Économique,profil_descriptif,https://www.mytek.tn/pc-de-bureau-asus-expertcenter-p500mv-i5-13e-gen-8g-512g-ssd-gris.html,4,1689.0
pc_bureau,ASUS,Économique,profil_descriptif,https://www.mytek.tn/pc-de-bureau-asus-expertcenter-p500mv-intel-core-3-100u-8go-256go-ssd-gris.html,1,1399.0
pc_bureau,ASUS,Économique,profil_descriptif,https://www.mytek.tn/pc-de-bureau-asus-expertcenter-p500mv-intel-core-3-100u-8go-256go-ssd-gris.html,2,1399.0
pc_bureau,ASUS,Économique,profil_descriptif,https://www.mytek.tn/pc-de-bureau-asus-expertcenter-p500mv-intel-core-3-100u-8go-256go-ssd-gris.html,3,1399.0
pc_bureau,ASUS,Économique,profil_descriptif,https://www.mytek.tn/pc-de-bureau-asus-expertcenter-p500mv-intel-core-3-100u-8go-256go-ssd-gris.html,4,1399.0
pc_bureau,ASUS,Économique,profil_descriptif,https://www.mytek.tn/pc-de-bureau-asus-expertcenter-p500mv-intel-core-5-210h-8g-512g-ssd-gris.html,1,1729.0
pc_bureau,ASUS,Économique,profil_descriptif,https://www.mytek.tn/pc-de-bureau-asus-expertcenter-p500mv-intel-core-5-210h-8g-512g-ssd-gris.html,2,1729.0
pc_bureau,ASUS,Économique,profil_descriptif,https://www.mytek.tn/pc-de-bureau-asus-expertcenter-p500mv-intel-core-5-210h-8g-512g-ssd-gris.html,3,1729.0
pc_bureau,ASUS,Économique,profil_descriptif,https://www.mytek.tn/pc-de-bureau-asus-expertcenter-p500mv-intel-core-5-210h-8g-512g-ssd-gris.html,4,1729.0
pc_bureau,DELL,Milieu de gamme,profil_descriptif,https://www.mytek.tn/pc-de-bureau-dell-pro-tower-essential-qvt1260-i5-14e-gen-8g-512go-ssd-noir.html,1,1899.0
pc_bureau,DELL,Milieu de gamme,profil_descriptif,https://www.mytek.tn/pc-de-bureau-dell-pro-tower-essential-qvt1260-i5-14e-gen-8g-512go-ssd-noir.html,2,1899.0
pc_bureau,DELL,Milieu de gamme,profil_descriptif,https://www.mytek.tn/pc-de-bureau-dell-pro-tower-essential-qvt1260-i5-14e-gen-8g-512go-ssd-noir.html,3,1899.0
pc_bureau,DELL,Milieu de gamme,profil_descriptif,https://www.mytek.tn/pc-de-bureau-dell-pro-tower-essential-qvt1260-i5-14e-gen-8g-512go-ssd-noir.html,4,1899.0
pc_bureau,DELL,Milieu de gamme,profil_descriptif,https://www.mytek.tn/pc-de-bureau-dell-pro-tower-essential-qvt1260-ultra-5-8go-512go-ssd-noir.html,1,2229.0
pc_bureau,DELL,Milieu de gamme,profil_descriptif,https://www.mytek.tn/pc-de-bureau-dell-pro-tower-plus-qbt1250-ultra-5-235-8go-512go-ssd-noir.html,1,2199.0
pc_bureau,DELL,Milieu de gamme,profil_descriptif,https://www.mytek.tn/pc-de-bureau-dell-pro-tower-plus-qbt1250-ultra-5-235-8go-512go-ssd-noir.html,2,2199.0
pc_bureau,DELL,Milieu de gamme,profil_descriptif,https://www.mytek.tn/pc-de-bureau-dell-pro-tower-plus-qbt1250-ultra-5-235-8go-512go-ssd-noir.html,3,2199.0
pc_bureau,DELL,Milieu de gamme,profil_descriptif,https://www.mytek.tn/pc-de-bureau-dell-pro-tower-plus-qbt1250-ultra-5-235-8go-512go-ssd-noir.html,4,2199.0
pc_bureau,DELL,Milieu de gamme,profil_descriptif,https://www.mytek.tn/pc-de-bureau-dell-pro-tower-qct1250-i3-14e-gen-16g-512go-ssd-noir.html,1,2109.0
pc_bureau,DELL,Milieu de gamme,profil_descriptif,https://www.mytek.tn/pc-de-bureau-dell-pro-tower-qct1250-i3-14e-gen-16g-512go-ssd-noir.html,2,2109.0
pc_bureau,DELL,Milieu de gamme,profil_descriptif,https://www.mytek.tn/pc-de-bureau-dell-pro-tower-qct1250-i3-14e-gen-16g-512go-ssd-noir.html,3,2109.0
pc_bureau,DELL,Milieu de gamme,profil_descriptif,https://www.mytek.tn/pc-de-bureau-dell-pro-tower-qct1250-i3-14e-gen-16g-512go-ssd-noir.html,4,2109.0
pc_bureau,DELL,Milieu de gamme,profil_descriptif,https://www.mytek.tn/pc-de-bureau-dell-pro-tower-qct1250-i3-14e-gen-16go-512go-ssd-noir.html,1,2019.0
pc_bureau,DELL,Milieu de gamme,profil_descriptif,https://www.mytek.tn/pc-de-bureau-dell-pro-tower-qct1250-i3-14e-gen-16go-512go-ssd-noir.html,2,2019.0
pc_bureau,DELL,Milieu de gamme,profil_descriptif,https://www.mytek.tn/pc-de-bureau-dell-pro-tower-qct1250-i3-14e-gen-16go-512go-ssd-noir.html,4,2019.0
pc_bureau,DELL,Milieu de gamme,profil_descriptif,https://www.mytek.tn/pc-de-bureau-dell-pro-tower-qct1250-i5-14e-gen-8go-512go-ssd-noir.html,1,2039.0
pc_bureau,DELL,Milieu de gamme,profil_descriptif,https://www.mytek.tn/pc-de-bureau-dell-pro-tower-qct1250-i5-14e-gen-8go-512go-ssd-noir.html,4,2039.0
pc_bureau,DELL,Milieu de gamme,profil_descriptif,https://www.mytek.tn/pc-de-bureau-dell-tower-ect1250-i5-14e-gen-16go-512go-ssd-noir.html,1,2289.0
pc_bureau,DELL,Milieu de gamme,profil_descriptif,https://www.mytek.tn/pc-de-bureau-dell-tower-ect1250-i5-14e-gen-16go-512go-ssd-noir.html,2,2289.0
pc_bureau,DELL,Milieu de gamme,profil_descriptif,https://www.mytek.tn/pc-de-bureau-dell-tower-ect1250-i5-14e-gen-16go-512go-ssd-noir.html,3,2289.0
pc_bureau,DELL,Milieu de gamme,profil_descriptif,https://www.mytek.tn/pc-de-bureau-dell-tower-ect1250-i5-14e-gen-16go-512go-ssd-noir.html,4,2289.0
pc_bureau,DELL,Premium,profil_descriptif,https://www.mytek.tn/pc-de-bureau-all-in-one-dell-pro-24-i5-14e-gen-8go-512go-ssd.html,1,2779.0
pc_bureau,DELL,Premium,profil_descriptif,https://www.mytek.tn/pc-de-bureau-all-in-one-dell-pro-24-i5-14e-gen-8go-512go-ssd.html,2,2779.0
pc_bureau,DELL,Premium,profil_descriptif,https://www.mytek.tn/pc-de-bureau-all-in-one-dell-pro-24-i5-14e-gen-8go-512go-ssd.html,3,2779.0
pc_bureau,DELL,Premium,profil_descriptif,https://www.mytek.tn/pc-de-bureau-all-in-one-dell-pro-24-i5-14e-gen-8go-512go-ssd.html,4,2779.0
pc_bureau,DELL,Premium,profil_descriptif,https://www.mytek.tn/pc-de-bureau-all-in-one-dell-pro-24-plus-ultra-5-245-16go-512go-ssd.html,1,3385.0
pc_bureau,DELL,Premium,profil_descriptif,https://www.mytek.tn/pc-de-bureau-all-in-one-dell-pro-24-plus-ultra-5-245-16go-512go-ssd.html,2,3385.0
pc_bureau,DELL,Premium,profil_descriptif,https://www.mytek.tn/pc-de-bureau-all-in-one-dell-pro-24-plus-ultra-5-245-16go-512go-ssd.html,3,3385.0
pc_bureau,DELL,Premium,profil_descriptif,https://www.mytek.tn/pc-de-bureau-all-in-one-dell-pro-24-plus-ultra-7-265-16go-512go-ssd.html,1,3929.0
pc_bureau,DELL,Premium,profil_descriptif,https://www.mytek.tn/pc-de-bureau-all-in-one-dell-pro-24-plus-ultra-7-265-16go-512go-ssd.html,2,3929.0
pc_bureau,DELL,Premium,profil_descriptif,https://www.mytek.tn/pc-de-bureau-all-in-one-dell-pro-24-plus-ultra-7-265-16go-512go-ssd.html,3,3929.0
pc_bureau,DELL,Premium,profil_descriptif,https://www.mytek.tn/pc-de-bureau-all-in-one-dell-pro-24-plus-ultra-7-265-16go-512go-ssd.html,4,3929.0
pc_bureau,DELL,Premium,profil_descriptif,https://www.mytek.tn/pc-de-bureau-dell-pro-tower-plus-qbt1250-ultra-7-265-32go-512go-ssd-noir.html,1,4059.0
pc_bureau,DELL,Premium,profil_descriptif,https://www.mytek.tn/pc-de-bureau-dell-pro-tower-plus-qbt1250-ultra-7-265-32go-512go-ssd-noir.html,2,4059.0
pc_bureau,DELL,Premium,profil_descriptif,https://www.mytek.tn/pc-de-bureau-dell-pro-tower-plus-qbt1250-ultra-7-265-32go-512go-ssd-noir.html,3,4059.0
pc_bureau,DELL,Premium,profil_descriptif,https://www.mytek.tn/pc-de-bureau-dell-pro-tower-plus-qbt1250-ultra-7-265-32go-512go-ssd-noir.html,4,4059.0
pc_bureau,DELL,Premium,profil_descriptif,https://www.mytek.tn/pc-de-bureau-dell-pro-tower-plus-qbt1250-ultra-7-265-8go-512go-ssd-noir.html,1,2899.0
pc_bureau,DELL,Premium,profil_descriptif,https://www.mytek.tn/pc-de-bureau-dell-pro-tower-plus-qbt1250-ultra-7-265-8go-512go-ssd-noir.html,2,2899.0
pc_bureau,DELL,Premium,profil_descriptif,https://www.mytek.tn/pc-de-bureau-dell-pro-tower-plus-qbt1250-ultra-7-265-8go-512go-ssd-noir.html,3,2899.0
pc_bureau,DELL,Premium,profil_descriptif,https://www.mytek.tn/pc-de-bureau-dell-pro-tower-plus-qbt1250-ultra-7-265-8go-512go-ssd-noir.html,4,2899.0
pc_bureau,DELL,Premium,profil_descriptif,https://www.mytek.tn/pc-de-bureau-dell-tower-ect1250-i5-14e-gen-24go-512go-ssd-noir.html,1,2689.0
pc_bureau,DELL,Premium,profil_descriptif,https://www.mytek.tn/pc-de-bureau-dell-tower-ect1250-i5-14e-gen-24go-512go-ssd-noir.html,2,2689.0
pc_bureau,DELL,Premium,profil_descriptif,https://www.mytek.tn/pc-de-bureau-dell-tower-ect1250-i5-14e-gen-24go-512go-ssd-noir.html,3,2689.0
pc_bureau,DELL,Premium,profil_descriptif,https://www.mytek.tn/pc-de-bureau-dell-tower-ect1250-i5-14e-gen-24go-512go-ssd-noir.html,4,2689.0
pc_bureau,DELL,Premium,profil_descriptif,https://www.mytek.tn/pc-de-bureau-dell-tower-ect1250-i5-14e-gen-32go-512go-ssd-noir.html,1,3119.0
pc_bureau,DELL,Premium,profil_descriptif,https://www.mytek.tn/pc-de-bureau-dell-tower-ect1250-i5-14e-gen-32go-512go-ssd-noir.html,2,3119.0
pc_bureau,DELL,Premium,profil_descriptif,https://www.mytek.tn/pc-de-bureau-dell-tower-ect1250-i5-14e-gen-32go-512go-ssd-noir.html,3,3119.0
pc_bureau,DELL,Premium,profil_descriptif,https://www.mytek.tn/pc-de-bureau-dell-tower-ect1250-i5-14e-gen-32go-512go-ssd-noir.html,4,3119.0
pc_bureau,DELL,Économique,profil_descriptif,https://www.mytek.tn/pc-de-bureau-dell-pro-tower-essential-qvt1260-i3-14e-gen-8g-512go-ssd-noir.html,1,1569.0
pc_bureau,DELL,Économique,profil_descriptif,https://www.mytek.tn/pc-de-bureau-dell-pro-tower-essential-qvt1260-i3-14e-gen-8g-512go-ssd-noir.html,2,1569.0
pc_bureau,DELL,Économique,profil_descriptif,https://www.mytek.tn/pc-de-bureau-dell-pro-tower-essential-qvt1260-i3-14e-gen-8g-512go-ssd-noir.html,3,1569.0
pc_bureau,DELL,Économique,profil_descriptif,https://www.mytek.tn/pc-de-bureau-dell-pro-tower-essential-qvt1260-i3-14e-gen-8g-512go-ssd-noir.html,4,1569.0
pc_bureau,DELL,Économique,profil_descriptif,https://www.mytek.tn/pc-de-bureau-dell-pro-tower-qct1250-i3-14e-gen-8g-512go-ssd-noir.html,1,1699.0
pc_bureau,DELL,Économique,profil_descriptif,https://www.mytek.tn/pc-de-bureau-dell-pro-tower-qct1250-i3-14e-gen-8g-512go-ssd-noir.html,2,1699.0
pc_bureau,DELL,Économique,profil_descriptif,https://www.mytek.tn/pc-de-bureau-dell-pro-tower-qct1250-i3-14e-gen-8g-512go-ssd-noir.html,3,1699.0
pc_bureau,DELL,Économique,profil_descriptif,https://www.mytek.tn/pc-de-bureau-dell-pro-tower-qct1250-i3-14e-gen-8g-512go-ssd-noir.html,4,1699.0
pc_bureau,DELL,Économique,profil_descriptif,https://www.mytek.tn/pc-de-bureau-dell-pro-tower-qct1250-i3-14e-gen-8go-512go-ssd-noir.html,1,1625.0
pc_bureau,DELL,Économique,profil_descriptif,https://www.mytek.tn/pc-de-bureau-dell-pro-tower-qct1250-i3-14e-gen-8go-512go-ssd-noir.html,2,1625.0
pc_bureau,DELL,Économique,profil_descriptif,https://www.mytek.tn/pc-de-bureau-dell-pro-tower-qct1250-i3-14e-gen-8go-512go-ssd-noir.html,3,1625.0
pc_bureau,DELL,Économique,profil_descriptif,https://www.mytek.tn/pc-de-bureau-dell-pro-tower-qct1250-i3-14e-gen-8go-512go-ssd-noir.html,4,1625.0
pc_bureau,DELL,Économique,profil_descriptif,https://www.mytek.tn/pc-de-bureau-dell-tower-ect1250-i3-14e-gen-8g-512go-ssd-noir.html,1,1599.0
pc_bureau,DELL,Économique,profil_descriptif,https://www.mytek.tn/pc-de-bureau-dell-tower-ect1250-i3-14e-gen-8g-512go-ssd-noir.html,2,1599.0
pc_bureau,DELL,Économique,profil_descriptif,https://www.mytek.tn/pc-de-bureau-dell-tower-ect1250-i3-14e-gen-8g-512go-ssd-noir.html,3,1599.0
pc_bureau,DELL,Économique,profil_descriptif,https://www.mytek.tn/pc-de-bureau-dell-tower-ect1250-i3-14e-gen-8g-512go-ssd-noir.html,4,1599.0
pc_bureau,DELL,Économique,profil_descriptif,https://www.mytek.tn/pc-de-bureau-dell-tower-ect1250-i3-14e-gen-8go-512go-ssd-noir.html,1,1549.0
pc_bureau,DELL,Économique,profil_descriptif,https://www.mytek.tn/pc-de-bureau-dell-tower-ect1250-i3-14e-gen-8go-512go-ssd-noir.html,2,1549.0
pc_bureau,DELL,Économique,profil_descriptif,https://www.mytek.tn/pc-de-bureau-dell-tower-ect1250-i3-14e-gen-8go-512go-ssd-noir.html,3,1549.0
pc_bureau,DELL,Économique,profil_descriptif,https://www.mytek.tn/pc-de-bureau-dell-tower-ect1250-i3-14e-gen-8go-512go-ssd-noir.html,4,1549.0
pc_bureau,DELL,Économique,profil_descriptif,https://www.mytek.tn/pc-de-bureau-dell-tower-ect1250-i5-14e-gen-8go-512go-ssd-noir.html,1,1855.0
pc_bureau,DELL,Économique,profil_descriptif,https://www.mytek.tn/pc-de-bureau-dell-tower-ect1250-i5-14e-gen-8go-512go-ssd-noir.html,2,1855.0
pc_bureau,DELL,Économique,profil_descriptif,https://www.mytek.tn/pc-de-bureau-dell-tower-ect1250-i5-14e-gen-8go-512go-ssd-noir.html,3,1855.0
pc_bureau,DELL,Économique,profil_descriptif,https://www.mytek.tn/pc-de-bureau-dell-tower-ect1250-i5-14e-gen-8go-512go-ssd-noir.html,4,1855.0
pc_bureau,DELL,Économique,profil_descriptif,https://www.mytek.tn/pc-de-bureau-dell-vostro-3030-i3-12e-gen-16g-512go-ssd-noir.html,1,1635.0
pc_bureau,HP,Milieu de gamme,profil_descriptif,https://www.mytek.tn/pc-de-bureau-all-in-one-hp-ai-24-cr2004nk-ultra-5-225u-16go-1to-ssd-noir.html,1,3209.0
pc_bureau,HP,Milieu de gamme,profil_descriptif,https://www.mytek.tn/pc-de-bureau-all-in-one-hp-ai-24-cr2004nk-ultra-5-225u-16go-1to-ssd-noir.html,2,3209.0
pc_bureau,HP,Milieu de gamme,profil_descriptif,https://www.mytek.tn/pc-de-bureau-all-in-one-hp-ai-24-cr2004nk-ultra-5-225u-16go-1to-ssd-noir.html,3,3209.0
pc_bureau,HP,Milieu de gamme,profil_descriptif,https://www.mytek.tn/pc-de-bureau-all-in-one-hp-ai-24-cr2004nk-ultra-5-225u-16go-1to-ssd-noir.html,4,3209.0
pc_bureau,HP,Milieu de gamme,profil_descriptif,https://www.mytek.tn/pc-de-bureau-all-in-one-hp-ai-24-cr2012nk-ultra-5-225u-8go-512go-ssd-noir.html,1,2799.0
pc_bureau,HP,Milieu de gamme,profil_descriptif,https://www.mytek.tn/pc-de-bureau-all-in-one-hp-ai-24-cr2012nk-ultra-5-225u-8go-512go-ssd-noir.html,2,2799.0
pc_bureau,HP,Milieu de gamme,profil_descriptif,https://www.mytek.tn/pc-de-bureau-all-in-one-hp-ai-24-cr2012nk-ultra-5-225u-8go-512go-ssd-noir.html,3,2799.0
pc_bureau,HP,Milieu de gamme,profil_descriptif,https://www.mytek.tn/pc-de-bureau-all-in-one-hp-ai-24-cr2012nk-ultra-5-225u-8go-512go-ssd-noir.html,4,2799.0
pc_bureau,HP,Milieu de gamme,profil_descriptif,https://www.mytek.tn/pc-de-bureau-all-in-one-hp-ai-24-cr2016nk-ultra-5-225u-16go-512go-ssd-blanc.html,1,3149.0
pc_bureau,HP,Milieu de gamme,profil_descriptif,https://www.mytek.tn/pc-de-bureau-all-in-one-hp-ai-24-cr2016nk-ultra-5-225u-16go-512go-ssd-blanc.html,2,3149.0
pc_bureau,HP,Milieu de gamme,profil_descriptif,https://www.mytek.tn/pc-de-bureau-all-in-one-hp-ai-24-cr2023nk-ultra-5-225u-8go-512go-ssd-blanc.html,1,2849.0
pc_bureau,HP,Milieu de gamme,profil_descriptif,https://www.mytek.tn/pc-de-bureau-all-in-one-hp-proone-240-g10-ultra-5-125u-16go-512go-ssd-noir.html,1,3169.0
pc_bureau,HP,Milieu de gamme,profil_descriptif,https://www.mytek.tn/pc-de-bureau-all-in-one-hp-proone-240-g10-ultra-5-125u-16go-512go-ssd-noir.html,2,3169.0
pc_bureau,HP,Milieu de gamme,profil_descriptif,https://www.mytek.tn/pc-de-bureau-all-in-one-hp-proone-240-g10-ultra-5-125u-16go-512go-ssd-noir.html,3,3169.0
pc_bureau,HP,Milieu de gamme,profil_descriptif,https://www.mytek.tn/pc-de-bureau-all-in-one-hp-proone-240-g10-ultra-5-125u-16go-512go-ssd-noir.html,4,3169.0
pc_bureau,HP,Premium,profil_descriptif,https://www.mytek.tn/pc-de-bureau-all-in-one-hp-ai-24-cr2013nk-ultra-7-255u-16go-512go-ssd-blanc.html,1,4019.0
pc_bureau,HP,Premium,profil_descriptif,https://www.mytek.tn/pc-de-bureau-all-in-one-hp-ai-24-cr2013nk-ultra-7-255u-16go-512go-ssd-blanc.html,2,4019.0
pc_bureau,HP,Premium,profil_descriptif,https://www.mytek.tn/pc-de-bureau-all-in-one-hp-ai-24-cr2013nk-ultra-7-255u-16go-512go-ssd-blanc.html,3,4019.0
pc_bureau,HP,Premium,profil_descriptif,https://www.mytek.tn/pc-de-bureau-all-in-one-hp-ai-24-cr2013nk-ultra-7-255u-16go-512go-ssd-blanc.html,4,4019.0
pc_bureau,HP,Premium,profil_descriptif,https://www.mytek.tn/pc-de-bureau-all-in-one-hp-ai-24-cr2020nk-ultra-7-255u-16go-1to-ssd-noir.html,1,4259.0
pc_bureau,HP,Premium,profil_descriptif,https://www.mytek.tn/pc-de-bureau-all-in-one-hp-ai-24-cr2020nk-ultra-7-255u-16go-1to-ssd-noir.html,2,4259.0
pc_bureau,HP,Premium,profil_descriptif,https://www.mytek.tn/pc-de-bureau-all-in-one-hp-ai-24-cr2020nk-ultra-7-255u-16go-1to-ssd-noir.html,3,4259.0
pc_bureau,HP,Premium,profil_descriptif,https://www.mytek.tn/pc-de-bureau-all-in-one-hp-ai-24-cr2020nk-ultra-7-255u-16go-1to-ssd-noir.html,4,4259.0
pc_bureau,HP,Premium,profil_descriptif,https://www.mytek.tn/pc-de-bureau-all-in-one-hp-proone-240-g10-i3-n300-16go-256go-ssd-noir.html,1,3619.0
pc_bureau,HP,Premium,profil_descriptif,https://www.mytek.tn/pc-de-bureau-all-in-one-hp-proone-240-g10-i3-n300-16go-256go-ssd-noir.html,2,3619.0
pc_bureau,HP,Premium,profil_descriptif,https://www.mytek.tn/pc-de-bureau-all-in-one-hp-proone-240-g10-i3-n300-16go-256go-ssd-noir.html,3,3619.0
pc_bureau,HP,Premium,profil_descriptif,https://www.mytek.tn/pc-de-bureau-all-in-one-hp-proone-240-g10-i3-n300-16go-256go-ssd-noir.html,4,3619.0
pc_bureau,HP,Premium,profil_descriptif,https://www.mytek.tn/pc-de-bureau-all-in-one-hp-proone-240-g10-i3-n300-8go-256go-ssd-noir.html,1,3385.0
pc_bureau,HP,Premium,profil_descriptif,https://www.mytek.tn/pc-de-bureau-all-in-one-hp-proone-240-g10-i3-n300-8go-256go-ssd-noir.html,2,3385.0
pc_bureau,HP,Premium,profil_descriptif,https://www.mytek.tn/pc-de-bureau-all-in-one-hp-proone-240-g10-i3-n300-8go-256go-ssd-noir.html,3,3385.0
pc_bureau,HP,Premium,profil_descriptif,https://www.mytek.tn/pc-de-bureau-all-in-one-hp-proone-240-g10-i3-n300-8go-256go-ssd-noir.html,4,3385.0
pc_bureau,HP,Premium,profil_descriptif,https://www.mytek.tn/pc-de-bureau-all-in-one-hp-proone-240-g10-ultra-7-155u-16g-512go-ssd-noir.html,1,3589.0
pc_bureau,HP,Premium,profil_descriptif,https://www.mytek.tn/pc-de-bureau-all-in-one-hp-proone-240-g10-ultra-7-155u-16g-512go-ssd-noir.html,2,3589.0
pc_bureau,HP,Premium,profil_descriptif,https://www.mytek.tn/pc-de-bureau-all-in-one-hp-proone-240-g10-ultra-7-155u-16g-512go-ssd-noir.html,3,3589.0
pc_bureau,HP,Premium,profil_descriptif,https://www.mytek.tn/pc-de-bureau-all-in-one-hp-proone-240-g10-ultra-7-155u-16g-512go-ssd-noir.html,4,3589.0
pc_bureau,HP,Premium,profil_descriptif,https://www.mytek.tn/pc-de-bureau-all-in-one-hp-proone-240-g10-ultra-7-155u-16go-512go-ssd-noir.html,1,3619.0
pc_bureau,HP,Premium,profil_descriptif,https://www.mytek.tn/pc-de-bureau-all-in-one-hp-proone-240-g10-ultra-7-155u-16go-512go-ssd-noir.html,2,3619.0
pc_bureau,HP,Premium,profil_descriptif,https://www.mytek.tn/pc-de-bureau-all-in-one-hp-proone-240-g10-ultra-7-155u-16go-512go-ssd-noir.html,3,3619.0
pc_bureau,HP,Premium,profil_descriptif,https://www.mytek.tn/pc-de-bureau-all-in-one-hp-proone-240-g10-ultra-7-155u-16go-512go-ssd-noir.html,4,3619.0
pc_bureau,HP,Économique,profil_descriptif,https://www.mytek.tn/pc-de-bureau-all-in-one-hp-24-cr0057nk-amd-ryzen-5-8go-512go-ssd-noir.html,1,2599.0
pc_bureau,HP,Économique,profil_descriptif,https://www.mytek.tn/pc-de-bureau-all-in-one-hp-24-cr0057nk-amd-ryzen-5-8go-512go-ssd-noir.html,2,2599.0
pc_bureau,HP,Économique,profil_descriptif,https://www.mytek.tn/pc-de-bureau-all-in-one-hp-24-cr0057nk-amd-ryzen-5-8go-512go-ssd-noir.html,3,2599.0
pc_bureau,HP,Économique,profil_descriptif,https://www.mytek.tn/pc-de-bureau-all-in-one-hp-24-cr0057nk-amd-ryzen-5-8go-512go-ssd-noir.html,4,2599.0
pc_bureau,HP,Économique,profil_descriptif,https://www.mytek.tn/pc-de-bureau-all-in-one-hp-proone-240-g10-ultra-5-125u-8g-512go-ssd-noir.html,1,2739.0
pc_bureau,HP,Économique,profil_descriptif,https://www.mytek.tn/pc-de-bureau-all-in-one-hp-proone-240-g10-ultra-5-125u-8g-512go-ssd-noir.html,2,2739.0
pc_bureau,HP,Économique,profil_descriptif,https://www.mytek.tn/pc-de-bureau-all-in-one-hp-proone-240-g10-ultra-5-125u-8g-512go-ssd-noir.html,3,2739.0
pc_bureau,HP,Économique,profil_descriptif,https://www.mytek.tn/pc-de-bureau-all-in-one-hp-proone-240-g10-ultra-5-125u-8g-512go-ssd-noir.html,4,2739.0
pc_bureau,HP,Économique,profil_descriptif,https://www.mytek.tn/pc-de-bureau-all-in-one-hp-proone-240-g10-ultra-5-125u-8go-512go-ssd-noir.html,1,2739.0
pc_bureau,HP,Économique,profil_descriptif,https://www.mytek.tn/pc-de-bureau-all-in-one-hp-proone-240-g10-ultra-5-125u-8go-512go-ssd-noir.html,2,2739.0
pc_bureau,HP,Économique,profil_descriptif,https://www.mytek.tn/pc-de-bureau-all-in-one-hp-proone-240-g10-ultra-5-125u-8go-512go-ssd-noir.html,3,2739.0
pc_bureau,HP,Économique,profil_descriptif,https://www.mytek.tn/pc-de-bureau-all-in-one-hp-proone-240-g10-ultra-5-125u-8go-512go-ssd-noir.html,4,2739.0
pc_bureau,HP,Économique,profil_descriptif,https://www.mytek.tn/pc-de-bureau-hp-pro-mini-260-g9-i3-13e-gen-16go-256go-ssd-noir.html,1,1685.0
pc_bureau,HP,Économique,profil_descriptif,https://www.mytek.tn/pc-de-bureau-hp-pro-mini-260-g9-i3-13e-gen-16go-256go-ssd-noir.html,2,1685.0
pc_bureau,HP,Économique,profil_descriptif,https://www.mytek.tn/pc-de-bureau-hp-pro-mini-260-g9-i3-13e-gen-16go-256go-ssd-noir.html,3,1685.0
pc_bureau,HP,Économique,profil_descriptif,https://www.mytek.tn/pc-de-bureau-hp-pro-mini-260-g9-i3-13e-gen-16go-256go-ssd-noir.html,4,1685.0
pc_bureau,HP,Économique,profil_descriptif,https://www.mytek.tn/pc-de-bureau-hp-pro-mini-260-g9-i3-13e-gen-8go-256go-ssd-noir.html,1,1469.0
pc_bureau,HP,Économique,profil_descriptif,https://www.mytek.tn/pc-de-bureau-hp-pro-mini-260-g9-i3-13e-gen-8go-256go-ssd-noir.html,2,1469.0
pc_bureau,HP,Économique,profil_descriptif,https://www.mytek.tn/pc-de-bureau-hp-pro-mini-260-g9-i3-13e-gen-8go-256go-ssd-noir.html,3,1469.0
pc_bureau,HP,Économique,profil_descriptif,https://www.mytek.tn/pc-de-bureau-hp-pro-mini-260-g9-i3-13e-gen-8go-256go-ssd-noir.html,4,1469.0
pc_bureau,HP,Économique,profil_descriptif,https://www.mytek.tn/pc-de-bureau-hp-pro-tower-290-g9-i5-14e-gen-8g-512go-ssd-noir.html,1,2449.0
pc_bureau,HP,Économique,profil_descriptif,https://www.mytek.tn/pc-de-bureau-hp-pro-tower-290-g9-i5-14e-gen-8g-512go-ssd-noir.html,2,2449.0
pc_bureau,HP,Économique,profil_descriptif,https://www.mytek.tn/pc-de-bureau-hp-pro-tower-290-g9-i5-14e-gen-8g-512go-ssd-noir.html,3,2449.0
pc_bureau,HP,Économique,profil_descriptif,https://www.mytek.tn/pc-de-bureau-hp-pro-tower-290-g9-i5-14e-gen-8g-512go-ssd-noir.html,4,2449.0
pc_bureau,HP,Économique,profil_descriptif,https://www.mytek.tn/pc-de-bureau-hp-pro-tower-290-g9-i5-14e-gen-8go-512go-ssd-noir.html,1,2299.0
pc_bureau,HP,Économique,profil_descriptif,https://www.mytek.tn/pc-de-bureau-hp-pro-tower-290-g9-i5-14e-gen-8go-512go-ssd-noir.html,2,2299.0
pc_bureau,HP,Économique,profil_descriptif,https://www.mytek.tn/pc-de-bureau-hp-pro-tower-290-g9-i5-14e-gen-8go-512go-ssd-noir.html,3,2299.0
pc_bureau,HP,Économique,profil_descriptif,https://www.mytek.tn/pc-de-bureau-hp-pro-tower-290-g9-i5-14e-gen-8go-512go-ssd-noir.html,4,2299.0
pc_bureau,LENOVO,Milieu de gamme,profil_descriptif,https://www.mytek.tn/pc-de-bureau-all-in-one-lenovo-ideacentre-aio-24irh9-i5-13e-gen-8g-512g-ssd-gris.html,1,2589.0
pc_bureau,LENOVO,Milieu de gamme,profil_descriptif,https://www.mytek.tn/pc-de-bureau-all-in-one-lenovo-ideacentre-aio-24irh9-i5-13e-gen-8g-512g-ssd-gris.html,2,2589.0
pc_bureau,LENOVO,Milieu de gamme,profil_descriptif,https://www.mytek.tn/pc-de-bureau-all-in-one-lenovo-ideacentre-aio-24irh9-i5-13e-gen-8g-512g-ssd-gris.html,3,2589.0
pc_bureau,LENOVO,Milieu de gamme,profil_descriptif,https://www.mytek.tn/pc-de-bureau-all-in-one-lenovo-ideacentre-aio-24irh9-i5-13e-gen-8g-512g-ssd-gris.html,4,2589.0
pc_bureau,LENOVO,Milieu de gamme,profil_descriptif,https://www.mytek.tn/pc-de-bureau-all-in-one-lenovo-thinkcentre-neo-50a-24-gen5-i3-13e-gen-8g-512g-ssd.html,1,2465.0
pc_bureau,LENOVO,Milieu de gamme,profil_descriptif,https://www.mytek.tn/pc-de-bureau-all-in-one-lenovo-thinkcentre-neo-50a-24-gen5-i3-13e-gen-8g-512g-ssd.html,2,2465.0
pc_bureau,LENOVO,Milieu de gamme,profil_descriptif,https://www.mytek.tn/pc-de-bureau-all-in-one-lenovo-thinkcentre-neo-50a-24-gen5-i3-13e-gen-8g-512g-ssd.html,3,2465.0
pc_bureau,LENOVO,Milieu de gamme,profil_descriptif,https://www.mytek.tn/pc-de-bureau-all-in-one-lenovo-thinkcentre-neo-50a-24-gen5-i3-13e-gen-8g-512g-ssd.html,4,2465.0
pc_bureau,LENOVO,Milieu de gamme,profil_descriptif,https://www.mytek.tn/pc-de-bureau-lenovo-thinkcentre-neo-50q-gen-5-intel-core-5-210h-8g-512g-ssd.html,1,1939.0
pc_bureau,LENOVO,Milieu de gamme,profil_descriptif,https://www.mytek.tn/pc-de-bureau-lenovo-thinkcentre-neo-50q-gen-5-intel-core-5-210h-8g-512g-ssd.html,2,1939.0
pc_bureau,LENOVO,Milieu de gamme,profil_descriptif,https://www.mytek.tn/pc-de-bureau-lenovo-thinkcentre-neo-50q-gen-5-intel-core-5-210h-8g-512g-ssd.html,3,1939.0
pc_bureau,LENOVO,Milieu de gamme,profil_descriptif,https://www.mytek.tn/pc-de-bureau-lenovo-thinkcentre-neo-50q-gen-5-intel-core-5-210h-8g-512g-ssd.html,4,1939.0
pc_bureau,LENOVO,Milieu de gamme,profil_descriptif,https://www.mytek.tn/pc-de-bureau-lenovo-thinkcentre-neo-50q-gen-6-ultra-5-226v-16g-512g-ssd.html,1,2109.0
pc_bureau,LENOVO,Milieu de gamme,profil_descriptif,https://www.mytek.tn/pc-de-bureau-lenovo-thinkcentre-neo-50q-gen-6-ultra-5-226v-16g-512g-ssd.html,2,2109.0
pc_bureau,LENOVO,Milieu de gamme,profil_descriptif,https://www.mytek.tn/pc-de-bureau-lenovo-thinkcentre-neo-50q-gen-6-ultra-5-226v-16g-512g-ssd.html,3,2109.0
pc_bureau,LENOVO,Milieu de gamme,profil_descriptif,https://www.mytek.tn/pc-de-bureau-lenovo-thinkcentre-neo-50q-gen-6-ultra-5-226v-16g-512g-ssd.html,4,2109.0
pc_bureau,LENOVO,Milieu de gamme,profil_descriptif,https://www.mytek.tn/pc-de-bureau-lenovo-thinkcentre-neo-50t-gen-5-i5-14e-gen-8g-512go-ssd.html,1,2159.0
pc_bureau,LENOVO,Milieu de gamme,profil_descriptif,https://www.mytek.tn/pc-de-bureau-lenovo-thinkcentre-neo-50t-gen-5-i5-14e-gen-8g-512go-ssd.html,2,2159.0
pc_bureau,LENOVO,Milieu de gamme,profil_descriptif,https://www.mytek.tn/pc-de-bureau-lenovo-thinkcentre-neo-50t-gen-5-i5-14e-gen-8g-512go-ssd.html,3,2159.0
pc_bureau,LENOVO,Milieu de gamme,profil_descriptif,https://www.mytek.tn/pc-de-bureau-lenovo-thinkcentre-neo-50t-gen-5-i5-14e-gen-8g-512go-ssd.html,4,2159.0
pc_bureau,LENOVO,Milieu de gamme,profil_descriptif,https://www.mytek.tn/pc-de-bureau-lenovo-thinkcentre-neo-50t-gen-5-i7-14e-gen-8go-512go-ssd.html,1,2519.0
pc_bureau,LENOVO,Milieu de gamme,profil_descriptif,https://www.mytek.tn/pc-de-bureau-lenovo-thinkcentre-neo-50t-gen-5-i7-14e-gen-8go-512go-ssd.html,2,2519.0
pc_bureau,LENOVO,Milieu de gamme,profil_descriptif,https://www.mytek.tn/pc-de-bureau-lenovo-thinkcentre-neo-50t-gen-5-i7-14e-gen-8go-512go-ssd.html,3,2519.0
pc_bureau,LENOVO,Milieu de gamme,profil_descriptif,https://www.mytek.tn/pc-de-bureau-lenovo-thinkcentre-neo-50t-gen-5-i7-14e-gen-8go-512go-ssd.html,4,2519.0
pc_bureau,LENOVO,Premium,profil_descriptif,https://www.mytek.tn/pc-de-bureau-all-in-one-lenovo-ideacentre-aio-24irh9-i7-13e-gen-8go-512go-ssd.html,1,3499.0
pc_bureau,LENOVO,Premium,profil_descriptif,https://www.mytek.tn/pc-de-bureau-all-in-one-lenovo-ideacentre-aio-24irh9-i7-13e-gen-8go-512go-ssd.html,2,3499.0
pc_bureau,LENOVO,Premium,profil_descriptif,https://www.mytek.tn/pc-de-bureau-all-in-one-lenovo-ideacentre-aio-24irh9-i7-13e-gen-8go-512go-ssd.html,3,3499.0
pc_bureau,LENOVO,Premium,profil_descriptif,https://www.mytek.tn/pc-de-bureau-all-in-one-lenovo-ideacentre-aio-24irh9-i7-13e-gen-8go-512go-ssd.html,4,3499.0
pc_bureau,LENOVO,Premium,profil_descriptif,https://www.mytek.tn/pc-de-bureau-all-in-one-lenovo-ideacentre-aio-27irh9-i5-13e-gen-8g-512g-ssd.html,1,2799.0
pc_bureau,LENOVO,Premium,profil_descriptif,https://www.mytek.tn/pc-de-bureau-all-in-one-lenovo-ideacentre-aio-27irh9-i5-13e-gen-8g-512g-ssd.html,2,2799.0
pc_bureau,LENOVO,Premium,profil_descriptif,https://www.mytek.tn/pc-de-bureau-all-in-one-lenovo-ideacentre-aio-27irh9-i5-13e-gen-8g-512g-ssd.html,3,2799.0
pc_bureau,LENOVO,Premium,profil_descriptif,https://www.mytek.tn/pc-de-bureau-all-in-one-lenovo-ideacentre-aio-27irh9-i5-13e-gen-8g-512g-ssd.html,4,2799.0
pc_bureau,LENOVO,Premium,profil_descriptif,https://www.mytek.tn/pc-de-bureau-all-in-one-lenovo-thinkcentre-neo-50a-27-gen5-i7-13e-gen-8g-512g-ssd.html,1,3649.0
pc_bureau,LENOVO,Premium,profil_descriptif,https://www.mytek.tn/pc-de-bureau-all-in-one-lenovo-thinkcentre-neo-50a-27-gen5-i7-13e-gen-8g-512g-ssd.html,2,3649.0
pc_bureau,LENOVO,Premium,profil_descriptif,https://www.mytek.tn/pc-de-bureau-all-in-one-lenovo-thinkcentre-neo-50a-27-gen5-i7-13e-gen-8g-512g-ssd.html,3,3649.0
pc_bureau,LENOVO,Premium,profil_descriptif,https://www.mytek.tn/pc-de-bureau-all-in-one-lenovo-thinkcentre-neo-50a-27-gen5-i7-13e-gen-8g-512g-ssd.html,4,3649.0
pc_bureau,LENOVO,Premium,profil_descriptif,https://www.mytek.tn/pc-de-bureau-lenovo-thinkcentre-neo-50q-gen-5-i3-13e-gen-32go-512go-ssd.html,1,2789.0
pc_bureau,LENOVO,Premium,profil_descriptif,https://www.mytek.tn/pc-de-bureau-lenovo-thinkcentre-neo-50q-gen-5-i3-13e-gen-32go-512go-ssd.html,2,2789.0
pc_bureau,LENOVO,Premium,profil_descriptif,https://www.mytek.tn/pc-de-bureau-lenovo-thinkcentre-neo-50q-gen-5-i3-13e-gen-32go-512go-ssd.html,3,2789.0
pc_bureau,LENOVO,Premium,profil_descriptif,https://www.mytek.tn/pc-de-bureau-lenovo-thinkcentre-neo-50q-gen-5-i3-13e-gen-32go-512go-ssd.html,4,2789.0
pc_bureau,LENOVO,Premium,profil_descriptif,https://www.mytek.tn/pc-de-bureau-lenovo-thinkcentre-neo-50t-gen-5-i7-14e-gen-16g-512go-ssd.html,1,2969.0
pc_bureau,LENOVO,Premium,profil_descriptif,https://www.mytek.tn/pc-de-bureau-lenovo-thinkcentre-neo-50t-gen-5-i7-14e-gen-16g-512go-ssd.html,2,2969.0
pc_bureau,LENOVO,Premium,profil_descriptif,https://www.mytek.tn/pc-de-bureau-lenovo-thinkcentre-neo-50t-gen-5-i7-14e-gen-16g-512go-ssd.html,3,2969.0
pc_bureau,LENOVO,Premium,profil_descriptif,https://www.mytek.tn/pc-de-bureau-lenovo-thinkcentre-neo-50t-gen-5-i7-14e-gen-16g-512go-ssd.html,4,2969.0
pc_bureau,LENOVO,Premium,profil_descriptif,https://www.mytek.tn/pc-de-bureau-lenovo-thinkcentre-neo-50t-gen-5-i7-14e-gen-16go-512go-ssd.html,1,2919.0
pc_bureau,LENOVO,Premium,profil_descriptif,https://www.mytek.tn/pc-de-bureau-lenovo-thinkcentre-neo-50t-gen-5-i7-14e-gen-16go-512go-ssd.html,2,2919.0
pc_bureau,LENOVO,Premium,profil_descriptif,https://www.mytek.tn/pc-de-bureau-lenovo-thinkcentre-neo-50t-gen-5-i7-14e-gen-16go-512go-ssd.html,3,2919.0
pc_bureau,LENOVO,Premium,profil_descriptif,https://www.mytek.tn/pc-de-bureau-lenovo-thinkcentre-neo-50t-gen-5-i7-14e-gen-16go-512go-ssd.html,4,2919.0
pc_bureau,LENOVO,Premium,profil_descriptif,https://www.mytek.tn/pc-de-bureau-lenovo-thinkcentre-neo-50t-gen-5-i7-14e-gen-32go-512go-ssd.html,1,3719.0
pc_bureau,LENOVO,Premium,profil_descriptif,https://www.mytek.tn/pc-de-bureau-lenovo-thinkcentre-neo-50t-gen-5-i7-14e-gen-32go-512go-ssd.html,2,3719.0
pc_bureau,LENOVO,Premium,profil_descriptif,https://www.mytek.tn/pc-de-bureau-lenovo-thinkcentre-neo-50t-gen-5-i7-14e-gen-32go-512go-ssd.html,3,3719.0
pc_bureau,LENOVO,Premium,profil_descriptif,https://www.mytek.tn/pc-de-bureau-lenovo-thinkcentre-neo-50t-gen-5-i7-14e-gen-32go-512go-ssd.html,4,3719.0
pc_bureau,LENOVO,Économique,profil_descriptif,https://www.mytek.tn/pc-de-bureau-all-in-one-lenovo-a100-intel-n100-16g-256g-ssd-gris.html,1,1749.0
pc_bureau,LENOVO,Économique,profil_descriptif,https://www.mytek.tn/pc-de-bureau-all-in-one-lenovo-a100-intel-n100-16g-256g-ssd-gris.html,2,1749.0
pc_bureau,LENOVO,Économique,profil_descriptif,https://www.mytek.tn/pc-de-bureau-all-in-one-lenovo-a100-intel-n100-16g-256g-ssd-gris.html,3,1749.0
pc_bureau,LENOVO,Économique,profil_descriptif,https://www.mytek.tn/pc-de-bureau-all-in-one-lenovo-a100-intel-n100-16g-256g-ssd-gris.html,4,1749.0
pc_bureau,LENOVO,Économique,profil_descriptif,https://www.mytek.tn/pc-de-bureau-all-in-one-lenovo-a100-intel-n100-8g-256g-ssd.html,1,1429.0
pc_bureau,LENOVO,Économique,profil_descriptif,https://www.mytek.tn/pc-de-bureau-all-in-one-lenovo-a100-intel-n100-8g-256g-ssd.html,2,1429.0
pc_bureau,LENOVO,Économique,profil_descriptif,https://www.mytek.tn/pc-de-bureau-all-in-one-lenovo-a100-intel-n100-8g-256g-ssd.html,3,1429.0
pc_bureau,LENOVO,Économique,profil_descriptif,https://www.mytek.tn/pc-de-bureau-all-in-one-lenovo-a100-intel-n100-8g-256g-ssd.html,4,1429.0
pc_bureau,LENOVO,Économique,profil_descriptif,https://www.mytek.tn/pc-de-bureau-all-in-one-lenovo-a100-intel-n100-8g-256go-ssd-gris.html,1,1469.0
pc_bureau,LENOVO,Économique,profil_descriptif,https://www.mytek.tn/pc-de-bureau-all-in-one-lenovo-a100-intel-n100-8g-256go-ssd-gris.html,2,1469.0
pc_bureau,LENOVO,Économique,profil_descriptif,https://www.mytek.tn/pc-de-bureau-all-in-one-lenovo-a100-intel-n100-8go-256g-ssd.html,1,1469.0
pc_bureau,LENOVO,Économique,profil_descriptif,https://www.mytek.tn/pc-de-bureau-all-in-one-lenovo-a100-intel-n100-8go-256g-ssd.html,2,1469.0
pc_bureau,LENOVO,Économique,profil_descriptif,https://www.mytek.tn/pc-de-bureau-all-in-one-lenovo-a100-intel-n100-8go-256g-ssd.html,3,1469.0
pc_bureau,LENOVO,Économique,profil_descriptif,https://www.mytek.tn/pc-de-bureau-all-in-one-lenovo-a100-intel-n100-8go-256g-ssd.html,4,1469.0
pc_bureau,LENOVO,Économique,profil_descriptif,https://www.mytek.tn/pc-de-bureau-lenovo-thinkcentre-neo-50q-gen-5-i3-13e-gen-8go-512go-ssd.html,1,1559.0
pc_bureau,LENOVO,Économique,profil_descriptif,https://www.mytek.tn/pc-de-bureau-lenovo-thinkcentre-neo-50q-gen-5-i3-13e-gen-8go-512go-ssd.html,2,1559.0
pc_bureau,LENOVO,Économique,profil_descriptif,https://www.mytek.tn/pc-de-bureau-lenovo-thinkcentre-neo-50q-gen-5-i3-13e-gen-8go-512go-ssd.html,3,1559.0
pc_bureau,LENOVO,Économique,profil_descriptif,https://www.mytek.tn/pc-de-bureau-lenovo-thinkcentre-neo-50q-gen-5-i3-13e-gen-8go-512go-ssd.html,4,1559.0
pc_bureau,LENOVO,Économique,profil_descriptif,https://www.mytek.tn/pc-de-bureau-lenovo-thinkcentre-neo-50t-gen-5-i3-13e-gen-8g-512g-ssd.html,1,1699.0
pc_bureau,LENOVO,Économique,profil_descriptif,https://www.mytek.tn/pc-de-bureau-lenovo-thinkcentre-neo-50t-gen-5-i3-13e-gen-8g-512g-ssd.html,2,1699.0
pc_bureau,LENOVO,Économique,profil_descriptif,https://www.mytek.tn/pc-de-bureau-lenovo-thinkcentre-neo-50t-gen-5-i3-13e-gen-8g-512g-ssd.html,3,1699.0
pc_bureau,LENOVO,Économique,profil_descriptif,https://www.mytek.tn/pc-de-bureau-lenovo-thinkcentre-neo-50t-gen-5-i3-13e-gen-8g-512g-ssd.html,4,1699.0
pc_bureau,LENOVO,Économique,profil_descriptif,https://www.mytek.tn/pc-de-bureau-lenovo-thinkcentre-neo-50t-gen-5-i3-13e-gen-8go-512g-ssd.html,1,1749.0
pc_bureau,LENOVO,Économique,profil_descriptif,https://www.mytek.tn/pc-de-bureau-lenovo-thinkcentre-neo-50t-gen-5-i3-13e-gen-8go-512g-ssd.html,2,1749.0
pc_bureau,LENOVO,Économique,profil_descriptif,https://www.mytek.tn/pc-de-bureau-lenovo-thinkcentre-neo-50t-gen-5-i3-13e-gen-8go-512g-ssd.html,3,1749.0
pc_bureau,LENOVO,Économique,profil_descriptif,https://www.mytek.tn/pc-de-bureau-lenovo-thinkcentre-neo-50t-gen-5-i3-13e-gen-8go-512g-ssd.html,4,1749.0
pc_bureau,MSI,Milieu de gamme,profil_descriptif,https://www.mytek.tn/pc-de-bureau-gamer-mytek-amd-ryzen-5-16go-rtx5060-8g.html,1,3949.0
pc_bureau,MSI,Milieu de gamme,profil_descriptif,https://www.mytek.tn/pc-de-bureau-gamer-mytek-amd-ryzen-5-16go-rtx5060-8g.html,2,3949.0
pc_bureau,MSI,Milieu de gamme,profil_descriptif,https://www.mytek.tn/pc-de-bureau-gamer-mytek-amd-ryzen-5-16go-rtx5060-8g.html,3,3949.0
pc_bureau,MSI,Milieu de gamme,profil_descriptif,https://www.mytek.tn/pc-de-bureau-gamer-mytek-amd-ryzen-5-16go-rtx5060-8g.html,4,3949.0
pc_bureau,MSI,Milieu de gamme,profil_descriptif,https://www.mytek.tn/pc-de-bureau-gamer-mytek-amd-ryzen-5-16go-rtx5060-8go.html,1,3669.0
pc_bureau,MSI,Milieu de gamme,profil_descriptif,https://www.mytek.tn/pc-de-bureau-gamer-mytek-amd-ryzen-5-16go-rtx5060-8go.html,2,3669.0
pc_bureau,MSI,Milieu de gamme,profil_descriptif,https://www.mytek.tn/pc-de-bureau-gamer-mytek-amd-ryzen-5-16go-rtx5060-8go.html,3,3669.0
pc_bureau,MSI,Milieu de gamme,profil_descriptif,https://www.mytek.tn/pc-de-bureau-gamer-mytek-amd-ryzen-5-16go-rtx5060-8go.html,4,3669.0
pc_bureau,MSI,Milieu de gamme,profil_descriptif,https://www.mytek.tn/pc-de-bureau-gamer-mytek-amd-ryzen-5-32go-rtx5060-8g.html,1,4749.0
pc_bureau,MSI,Milieu de gamme,profil_descriptif,https://www.mytek.tn/pc-de-bureau-gamer-mytek-amd-ryzen-5-32go-rtx5060-8g.html,2,4749.0
pc_bureau,MSI,Milieu de gamme,profil_descriptif,https://www.mytek.tn/pc-de-bureau-gamer-mytek-amd-ryzen-5-32go-rtx5060-8g.html,3,4749.0
pc_bureau,MSI,Milieu de gamme,profil_descriptif,https://www.mytek.tn/pc-de-bureau-gamer-mytek-amd-ryzen-5-32go-rtx5060-8g.html,4,4749.0
pc_bureau,MSI,Milieu de gamme,profil_descriptif,https://www.mytek.tn/pc-de-bureau-gamer-mytek-amd-ryzen-5-32go-rtx5060-8go.html,1,4409.0
pc_bureau,MSI,Milieu de gamme,profil_descriptif,https://www.mytek.tn/pc-de-bureau-gamer-mytek-amd-ryzen-5-32go-rtx5060-8go.html,2,4409.0
pc_bureau,MSI,Milieu de gamme,profil_descriptif,https://www.mytek.tn/pc-de-bureau-gamer-mytek-amd-ryzen-5-32go-rtx5060-8go.html,3,4409.0
pc_bureau,MSI,Milieu de gamme,profil_descriptif,https://www.mytek.tn/pc-de-bureau-gamer-mytek-amd-ryzen-5-32go-rtx5060-8go.html,4,4409.0
pc_bureau,MSI,Milieu de gamme,profil_descriptif,https://www.mytek.tn/pc-de-bureau-gamer-mytek-amd-ryzen5-32go-rtx-5060-8g.html,1,4379.0
pc_bureau,MSI,Milieu de gamme,profil_descriptif,https://www.mytek.tn/pc-de-bureau-gamer-mytek-amd-ryzen5-32go-rtx-5060-8g.html,2,4379.0
pc_bureau,MSI,Milieu de gamme,profil_descriptif,https://www.mytek.tn/pc-de-bureau-gamer-mytek-amd-ryzen5-32go-rtx-5060-8g.html,3,4379.0
pc_bureau,MSI,Milieu de gamme,profil_descriptif,https://www.mytek.tn/pc-de-bureau-gamer-mytek-amd-ryzen5-32go-rtx-5060-8g.html,4,4379.0
pc_bureau,MSI,Milieu de gamme,profil_descriptif,https://www.mytek.tn/pc-de-bureau-gamer-mytek-i5-12e-gen-16g-rtx-5060ti-8go.html,1,3819.0
pc_bureau,MSI,Milieu de gamme,profil_descriptif,https://www.mytek.tn/pc-de-bureau-gamer-mytek-i5-12e-gen-16g-rtx-5060ti-8go.html,2,3479.0
pc_bureau,MSI,Milieu de gamme,profil_descriptif,https://www.mytek.tn/pc-de-bureau-gamer-mytek-i5-12e-gen-16g-rtx-5060ti-8go.html,3,3479.0
pc_bureau,MSI,Milieu de gamme,profil_descriptif,https://www.mytek.tn/pc-de-bureau-gamer-mytek-i5-12e-gen-16g-rtx-5060ti-8go.html,4,3479.0
pc_bureau,MSI,Milieu de gamme,profil_descriptif,https://www.mytek.tn/pc-de-bureau-gamer-mytek-i5-12e-gen-16go-rtx-5060-ti-16g.html,1,3619.0
pc_bureau,MSI,Milieu de gamme,profil_descriptif,https://www.mytek.tn/pc-de-bureau-gamer-mytek-i5-12e-gen-16go-rtx-5060-ti-16g.html,2,3619.0
pc_bureau,MSI,Milieu de gamme,profil_descriptif,https://www.mytek.tn/pc-de-bureau-gamer-mytek-i5-12e-gen-16go-rtx-5060-ti-16g.html,3,3619.0
pc_bureau,MSI,Milieu de gamme,profil_descriptif,https://www.mytek.tn/pc-de-bureau-gamer-mytek-i5-12e-gen-16go-rtx-5060-ti-16g.html,4,3619.0
pc_bureau,MSI,Milieu de gamme,profil_descriptif,https://www.mytek.tn/pc-de-bureau-gamer-mytek-i5-12e-gen-16go-rtx-5060-ti-8g.html,1,3599.0
pc_bureau,MSI,Milieu de gamme,profil_descriptif,https://www.mytek.tn/pc-de-bureau-gamer-mytek-i5-12e-gen-16go-rtx-5060-ti-8g.html,2,3259.0
pc_bureau,MSI,Milieu de gamme,profil_descriptif,https://www.mytek.tn/pc-de-bureau-gamer-mytek-i5-12e-gen-16go-rtx-5060-ti-8g.html,3,3259.0
pc_bureau,MSI,Milieu de gamme,profil_descriptif,https://www.mytek.tn/pc-de-bureau-gamer-mytek-i5-12e-gen-16go-rtx-5060-ti-8g.html,4,3259.0
pc_bureau,MSI,Milieu de gamme,profil_descriptif,https://www.mytek.tn/pc-de-bureau-gamer-mytek-i5-12e-gen-16go-rtx-5070-12g.html,1,4379.0
pc_bureau,MSI,Milieu de gamme,profil_descriptif,https://www.mytek.tn/pc-de-bureau-gamer-mytek-i5-12e-gen-16go-rtx-5070-12g.html,2,4379.0
pc_bureau,MSI,Milieu de gamme,profil_descriptif,https://www.mytek.tn/pc-de-bureau-gamer-mytek-i5-12e-gen-16go-rtx-5070-12g.html,3,4379.0
pc_bureau,MSI,Milieu de gamme,profil_descriptif,https://www.mytek.tn/pc-de-bureau-gamer-mytek-i5-12e-gen-16go-rtx-5070-12g.html,4,4379.0
pc_bureau,MSI,Milieu de gamme,profil_descriptif,https://www.mytek.tn/pc-de-bureau-gamer-mytek-i5-12e-gen-32g-rtx-5060-8g-1to-ssd.html,1,3599.0
pc_bureau,MSI,Milieu de gamme,profil_descriptif,https://www.mytek.tn/pc-de-bureau-gamer-mytek-i5-12e-gen-32g-rtx-5060-8g-1to-ssd.html,2,3599.0
pc_bureau,MSI,Milieu de gamme,profil_descriptif,https://www.mytek.tn/pc-de-bureau-gamer-mytek-i5-12e-gen-32g-rtx-5060-8g-1to-ssd.html,3,3599.0
pc_bureau,MSI,Milieu de gamme,profil_descriptif,https://www.mytek.tn/pc-de-bureau-gamer-mytek-i5-12e-gen-32g-rtx-5060-8g-1to-ssd.html,4,3599.0
pc_bureau,MSI,Milieu de gamme,profil_descriptif,https://www.mytek.tn/pc-de-bureau-gamer-mytek-i5-12e-gen-32g-rtx-5060-8g.html,1,3539.0
pc_bureau,MSI,Milieu de gamme,profil_descriptif,https://www.mytek.tn/pc-de-bureau-gamer-mytek-i5-12e-gen-32g-rtx-5060-8g.html,2,3539.0
pc_bureau,MSI,Milieu de gamme,profil_descriptif,https://www.mytek.tn/pc-de-bureau-gamer-mytek-i5-12e-gen-32g-rtx-5060-8g.html,3,3539.0
pc_bureau,MSI,Milieu de gamme,profil_descriptif,https://www.mytek.tn/pc-de-bureau-gamer-mytek-i5-12e-gen-32g-rtx-5060-8g.html,4,3539.0
pc_bureau,MSI,Milieu de gamme,profil_descriptif,https://www.mytek.tn/pc-de-bureau-gamer-mytek-i5-12e-gen-32go-rtx-5060-ti-16g.html,1,4089.0
pc_bureau,MSI,Milieu de gamme,profil_descriptif,https://www.mytek.tn/pc-de-bureau-gamer-mytek-i5-12e-gen-32go-rtx-5060-ti-16g.html,2,4089.0
pc_bureau,MSI,Milieu de gamme,profil_descriptif,https://www.mytek.tn/pc-de-bureau-gamer-mytek-i5-12e-gen-32go-rtx-5060-ti-16g.html,3,4089.0
pc_bureau,MSI,Milieu de gamme,profil_descriptif,https://www.mytek.tn/pc-de-bureau-gamer-mytek-i5-12e-gen-32go-rtx-5060-ti-16g.html,4,4089.0
pc_bureau,MSI,Milieu de gamme,profil_descriptif,https://www.mytek.tn/pc-de-bureau-gamer-mytek-i5-14e-gen-16go-rtx-5060-ti-16g.html,1,3769.0
pc_bureau,MSI,Milieu de gamme,profil_descriptif,https://www.mytek.tn/pc-de-bureau-gamer-mytek-i5-14e-gen-16go-rtx-5060-ti-16g.html,2,3769.0
pc_bureau,MSI,Milieu de gamme,profil_descriptif,https://www.mytek.tn/pc-de-bureau-gamer-mytek-i5-14e-gen-16go-rtx-5060-ti-16g.html,3,3769.0
pc_bureau,MSI,Milieu de gamme,profil_descriptif,https://www.mytek.tn/pc-de-bureau-gamer-mytek-i5-14e-gen-16go-rtx-5060-ti-16g.html,4,3769.0
pc_bureau,MSI,Milieu de gamme,profil_descriptif,https://www.mytek.tn/pc-de-bureau-gamer-mytek-i5-14e-gen-16go-rtx-5070-12g.html,1,4709.0
pc_bureau,MSI,Milieu de gamme,profil_descriptif,https://www.mytek.tn/pc-de-bureau-gamer-mytek-i5-14e-gen-16go-rtx-5070-12g.html,2,4709.0
pc_bureau,MSI,Milieu de gamme,profil_descriptif,https://www.mytek.tn/pc-de-bureau-gamer-mytek-i5-14e-gen-16go-rtx-5070-12g.html,3,4709.0
pc_bureau,MSI,Milieu de gamme,profil_descriptif,https://www.mytek.tn/pc-de-bureau-gamer-mytek-i5-14e-gen-16go-rtx-5070-12g.html,4,4709.0
pc_bureau,MSI,Milieu de gamme,profil_descriptif,https://www.mytek.tn/pc-de-bureau-gamer-mytek-i5-14e-gen-32go-rtx-5060-8g.html,1,3679.0
pc_bureau,MSI,Milieu de gamme,profil_descriptif,https://www.mytek.tn/pc-de-bureau-gamer-mytek-i5-14e-gen-32go-rtx-5060-8g.html,2,3679.0
pc_bureau,MSI,Milieu de gamme,profil_descriptif,https://www.mytek.tn/pc-de-bureau-gamer-mytek-i5-14e-gen-32go-rtx-5060-8g.html,3,3679.0
pc_bureau,MSI,Milieu de gamme,profil_descriptif,https://www.mytek.tn/pc-de-bureau-gamer-mytek-i5-14e-gen-32go-rtx-5060-8g.html,4,3679.0
pc_bureau,MSI,Milieu de gamme,profil_descriptif,https://www.mytek.tn/pc-de-bureau-gamer-mytek-i5-14e-gen-32go-rtx-5060-ti-16g.html,1,4199.0
pc_bureau,MSI,Milieu de gamme,profil_descriptif,https://www.mytek.tn/pc-de-bureau-gamer-mytek-i5-14e-gen-32go-rtx-5060-ti-16g.html,2,4199.0
pc_bureau,MSI,Milieu de gamme,profil_descriptif,https://www.mytek.tn/pc-de-bureau-gamer-mytek-i5-14e-gen-32go-rtx-5060-ti-16g.html,3,4199.0
pc_bureau,MSI,Milieu de gamme,profil_descriptif,https://www.mytek.tn/pc-de-bureau-gamer-mytek-i5-14e-gen-32go-rtx-5060-ti-16g.html,4,4199.0
pc_bureau,MSI,Milieu de gamme,profil_descriptif,https://www.mytek.tn/pc-de-bureau-gamer-mytek-i5-14e-gen-32go-rtx-5060-ti-8g.html,1,3889.0
pc_bureau,MSI,Milieu de gamme,profil_descriptif,https://www.mytek.tn/pc-de-bureau-gamer-mytek-i5-14e-gen-32go-rtx-5060-ti-8g.html,2,3889.0
pc_bureau,MSI,Milieu de gamme,profil_descriptif,https://www.mytek.tn/pc-de-bureau-gamer-mytek-i5-14e-gen-32go-rtx-5060-ti-8g.html,3,3889.0
pc_bureau,MSI,Milieu de gamme,profil_descriptif,https://www.mytek.tn/pc-de-bureau-gamer-mytek-i5-14e-gen-32go-rtx-5060-ti-8g.html,4,3889.0
pc_bureau,MSI,Milieu de gamme,profil_descriptif,https://www.mytek.tn/pc-de-bureau-gamer-mytek-i7-12e-gen-16g-rtx-5060-8g.html,1,4369.0
pc_bureau,MSI,Milieu de gamme,profil_descriptif,https://www.mytek.tn/pc-de-bureau-gamer-mytek-i7-12e-gen-16g-rtx-5060-8g.html,2,4369.0
pc_bureau,MSI,Milieu de gamme,profil_descriptif,https://www.mytek.tn/pc-de-bureau-gamer-mytek-i7-12e-gen-16g-rtx-5060-8g.html,3,4369.0
pc_bureau,MSI,Milieu de gamme,profil_descriptif,https://www.mytek.tn/pc-de-bureau-gamer-mytek-i7-12e-gen-16g-rtx-5060-8g.html,4,3749.0
pc_bureau,MSI,Milieu de gamme,profil_descriptif,https://www.mytek.tn/pc-de-bureau-gamer-mytek-i7-12e-gen-16g-rtx-5060-ti-16g.html,1,4699.0
pc_bureau,MSI,Milieu de gamme,profil_descriptif,https://www.mytek.tn/pc-de-bureau-gamer-mytek-i7-12e-gen-16g-rtx-5060-ti-16g.html,2,4699.0
pc_bureau,MSI,Milieu de gamme,profil_descriptif,https://www.mytek.tn/pc-de-bureau-gamer-mytek-i7-12e-gen-16g-rtx-5060-ti-16g.html,3,4699.0
pc_bureau,MSI,Milieu de gamme,profil_descriptif,https://www.mytek.tn/pc-de-bureau-gamer-mytek-i7-12e-gen-16g-rtx-5060-ti-16g.html,4,4699.0
pc_bureau,MSI,Milieu de gamme,profil_descriptif,https://www.mytek.tn/pc-de-bureau-gamer-mytek-i7-12e-gen-16go-rtx-5060-8g.html,1,3859.0
pc_bureau,MSI,Milieu de gamme,profil_descriptif,https://www.mytek.tn/pc-de-bureau-gamer-mytek-i7-12e-gen-16go-rtx-5060-8g.html,2,3859.0
pc_bureau,MSI,Milieu de gamme,profil_descriptif,https://www.mytek.tn/pc-de-bureau-gamer-mytek-i7-12e-gen-16go-rtx-5060-8g.html,3,3859.0
pc_bureau,MSI,Milieu de gamme,profil_descriptif,https://www.mytek.tn/pc-de-bureau-gamer-mytek-i7-12e-gen-16go-rtx-5060-8g.html,4,3859.0
pc_bureau,MSI,Milieu de gamme,profil_descriptif,https://www.mytek.tn/pc-de-bureau-gamer-mytek-i7-12e-gen-16go-rtx-5060-ti-16g.html,1,4339.0
pc_bureau,MSI,Milieu de gamme,profil_descriptif,https://www.mytek.tn/pc-de-bureau-gamer-mytek-i7-12e-gen-16go-rtx-5060-ti-16g.html,2,4339.0
pc_bureau,MSI,Milieu de gamme,profil_descriptif,https://www.mytek.tn/pc-de-bureau-gamer-mytek-i7-12e-gen-16go-rtx-5060-ti-16g.html,3,4339.0
pc_bureau,MSI,Milieu de gamme,profil_descriptif,https://www.mytek.tn/pc-de-bureau-gamer-mytek-i7-12e-gen-16go-rtx-5060-ti-16g.html,4,4339.0
pc_bureau,MSI,Milieu de gamme,profil_descriptif,https://www.mytek.tn/pc-de-bureau-gamer-mytek-i7-12e-gen-32go-rtx-5060-8g.html,1,4289.0
pc_bureau,MSI,Milieu de gamme,profil_descriptif,https://www.mytek.tn/pc-de-bureau-gamer-mytek-i7-12e-gen-32go-rtx-5060-8g.html,2,4289.0
pc_bureau,MSI,Milieu de gamme,profil_descriptif,https://www.mytek.tn/pc-de-bureau-gamer-mytek-i7-12e-gen-32go-rtx-5060-8g.html,3,4289.0
pc_bureau,MSI,Milieu de gamme,profil_descriptif,https://www.mytek.tn/pc-de-bureau-gamer-mytek-i7-12e-gen-32go-rtx-5060-8g.html,4,4289.0
pc_bureau,MSI,Milieu de gamme,profil_descriptif,https://www.mytek.tn/pc-de-bureau-gamer-mytek-i7-14e-gen-16go-rtx-5060-8g.html,1,4149.0
pc_bureau,MSI,Milieu de gamme,profil_descriptif,https://www.mytek.tn/pc-de-bureau-gamer-mytek-i7-14e-gen-16go-rtx-5060-8g.html,2,4149.0
pc_bureau,MSI,Milieu de gamme,profil_descriptif,https://www.mytek.tn/pc-de-bureau-gamer-mytek-i7-14e-gen-16go-rtx-5060-8g.html,3,4149.0
pc_bureau,MSI,Milieu de gamme,profil_descriptif,https://www.mytek.tn/pc-de-bureau-gamer-mytek-i7-14e-gen-16go-rtx-5060-8g.html,4,4149.0
pc_bureau,MSI,Milieu de gamme,profil_descriptif,https://www.mytek.tn/pc-de-bureau-gamer-mytek-i7-14e-gen-16go-rtx-5060-ti-16g.html,1,4649.0
pc_bureau,MSI,Milieu de gamme,profil_descriptif,https://www.mytek.tn/pc-de-bureau-gamer-mytek-i7-14e-gen-16go-rtx-5060-ti-16g.html,2,4649.0
pc_bureau,MSI,Milieu de gamme,profil_descriptif,https://www.mytek.tn/pc-de-bureau-gamer-mytek-i7-14e-gen-16go-rtx-5060-ti-16g.html,3,4649.0
pc_bureau,MSI,Milieu de gamme,profil_descriptif,https://www.mytek.tn/pc-de-bureau-gamer-mytek-i7-14e-gen-16go-rtx-5060-ti-16g.html,4,4649.0
pc_bureau,MSI,Milieu de gamme,profil_descriptif,https://www.mytek.tn/pc-de-bureau-gamer-mytek-i7-14e-gen-32go-rtx-5060-8g.html,1,4569.0
pc_bureau,MSI,Milieu de gamme,profil_descriptif,https://www.mytek.tn/pc-de-bureau-gamer-mytek-i7-14e-gen-32go-rtx-5060-8g.html,2,4569.0
pc_bureau,MSI,Milieu de gamme,profil_descriptif,https://www.mytek.tn/pc-de-bureau-gamer-mytek-i7-14e-gen-32go-rtx-5060-8g.html,3,4569.0
pc_bureau,MSI,Milieu de gamme,profil_descriptif,https://www.mytek.tn/pc-de-bureau-gamer-mytek-i7-14e-gen-32go-rtx-5060-8g.html,4,4569.0
pc_bureau,MSI,Premium,0,https://www.mytek.tn/pc-de-bureau-gamer-mytek-amd-ryzen-5-16g-rtx-5070-12g.html,1,4929.0
pc_bureau,MSI,Premium,0,https://www.mytek.tn/pc-de-bureau-gamer-mytek-amd-ryzen-5-16g-rtx-5070-12g.html,2,4929.0
pc_bureau,MSI,Premium,0,https://www.mytek.tn/pc-de-bureau-gamer-mytek-amd-ryzen-5-16g-rtx-5070-12g.html,3,4929.0
pc_bureau,MSI,Premium,0,https://www.mytek.tn/pc-de-bureau-gamer-mytek-amd-ryzen-5-16g-rtx-5070-12g.html,4,4929.0
pc_bureau,MSI,Premium,0,https://www.mytek.tn/pc-de-bureau-gamer-mytek-amd-ryzen-5-32g-rtx-5070-12g.html,1,5729.0
pc_bureau,MSI,Premium,0,https://www.mytek.tn/pc-de-bureau-gamer-mytek-amd-ryzen-5-32g-rtx-5070-12g.html,2,5729.0
pc_bureau,MSI,Premium,0,https://www.mytek.tn/pc-de-bureau-gamer-mytek-amd-ryzen-5-32g-rtx-5070-12g.html,3,5729.0
pc_bureau,MSI,Premium,0,https://www.mytek.tn/pc-de-bureau-gamer-mytek-amd-ryzen-5-32g-rtx-5070-12g.html,4,5729.0
pc_bureau,MSI,Premium,0,https://www.mytek.tn/pc-de-bureau-gamer-mytek-amd-ryzen-7-32g-rtx-5070ti-16go.html,1,8999.0
pc_bureau,MSI,Premium,0,https://www.mytek.tn/pc-de-bureau-gamer-mytek-amd-ryzen-7-32g-rtx-5070ti-16go.html,2,8999.0
pc_bureau,MSI,Premium,0,https://www.mytek.tn/pc-de-bureau-gamer-mytek-amd-ryzen-7-32g-rtx-5070ti-16go.html,3,8999.0
pc_bureau,MSI,Premium,0,https://www.mytek.tn/pc-de-bureau-gamer-mytek-amd-ryzen-7-32g-rtx-5070ti-16go.html,4,8999.0
pc_bureau,MSI,Premium,0,https://www.mytek.tn/pc-de-bureau-gamer-mytek-amd-ryzen-7-32g-rtx5070-ti-16g.html,1,8699.0
pc_bureau,MSI,Premium,0,https://www.mytek.tn/pc-de-bureau-gamer-mytek-amd-ryzen-7-32g-rtx5070-ti-16g.html,2,8699.0
pc_bureau,MSI,Premium,0,https://www.mytek.tn/pc-de-bureau-gamer-mytek-amd-ryzen-7-32g-rtx5070-ti-16g.html,3,8699.0
pc_bureau,MSI,Premium,0,https://www.mytek.tn/pc-de-bureau-gamer-mytek-amd-ryzen-7-32g-rtx5070-ti-16g.html,4,8699.0
pc_bureau,MSI,Premium,0,https://www.mytek.tn/pc-de-bureau-gamer-mytek-amd-ryzen-7-32go-rtx5070-12g.html,1,6599.0
pc_bureau,MSI,Premium,0,https://www.mytek.tn/pc-de-bureau-gamer-mytek-amd-ryzen-7-32go-rtx5070-12g.html,2,6599.0
pc_bureau,MSI,Premium,0,https://www.mytek.tn/pc-de-bureau-gamer-mytek-amd-ryzen-7-32go-rtx5070-12g.html,3,6599.0
pc_bureau,MSI,Premium,0,https://www.mytek.tn/pc-de-bureau-gamer-mytek-amd-ryzen-7-32go-rtx5070-12g.html,4,6599.0
pc_bureau,MSI,Premium,0,https://www.mytek.tn/pc-de-bureau-gamer-mytek-i7-14e-gen-32g-rtx5070-12g.html,1,7169.0
pc_bureau,MSI,Premium,0,https://www.mytek.tn/pc-de-bureau-gamer-mytek-i7-14e-gen-32g-rtx5070-12g.html,2,7169.0
pc_bureau,MSI,Premium,0,https://www.mytek.tn/pc-de-bureau-gamer-mytek-i7-14e-gen-32g-rtx5070-12g.html,3,7169.0
pc_bureau,MSI,Premium,0,https://www.mytek.tn/pc-de-bureau-gamer-mytek-i7-14e-gen-32g-rtx5070-12g.html,4,7169.0
pc_bureau,MSI,Premium,0,https://www.mytek.tn/pc-de-bureau-gamer-mytek-ultra-5-245kf-32go-rtx-5060-ti-16g.html,1,5419.0
pc_bureau,MSI,Premium,0,https://www.mytek.tn/pc-de-bureau-gamer-mytek-ultra-5-245kf-32go-rtx-5060-ti-16g.html,2,5419.0
pc_bureau,MSI,Premium,0,https://www.mytek.tn/pc-de-bureau-gamer-mytek-ultra-5-245kf-32go-rtx-5060-ti-16g.html,3,5419.0
pc_bureau,MSI,Premium,0,https://www.mytek.tn/pc-de-bureau-gamer-mytek-ultra-5-245kf-32go-rtx-5060-ti-16g.html,4,5419.0
pc_bureau,MSI,Premium,0,https://www.mytek.tn/pc-de-bureau-gamer-mytek-ultra-7-265k-64go-msi-rtx-5070-ti-16g.html,1,10659.0
pc_bureau,MSI,Premium,0,https://www.mytek.tn/pc-de-bureau-gamer-mytek-ultra-7-265k-64go-msi-rtx-5070-ti-16g.html,2,10659.0
pc_bureau,MSI,Premium,0,https://www.mytek.tn/pc-de-bureau-gamer-mytek-ultra-7-265k-64go-msi-rtx-5070-ti-16g.html,3,10659.0
pc_bureau,MSI,Premium,0,https://www.mytek.tn/pc-de-bureau-gamer-mytek-ultra-7-265k-64go-msi-rtx-5070-ti-16g.html,4,10659.0
pc_bureau,MSI,Premium,1,https://www.mytek.tn/pc-de-bureau-gamer-mytek-amd-ryzen-7-16go-rtx-5070-12go.html,1,5359.0
pc_bureau,MSI,Premium,1,https://www.mytek.tn/pc-de-bureau-gamer-mytek-amd-ryzen-7-16go-rtx-5070-12go.html,2,5359.0
pc_bureau,MSI,Premium,1,https://www.mytek.tn/pc-de-bureau-gamer-mytek-amd-ryzen-7-16go-rtx-5070-12go.html,3,5359.0
pc_bureau,MSI,Premium,1,https://www.mytek.tn/pc-de-bureau-gamer-mytek-amd-ryzen-7-16go-rtx-5070-12go.html,4,5359.0
pc_bureau,MSI,Premium,1,https://www.mytek.tn/pc-de-bureau-gamer-mytek-amd-ryzen-7-32go-rtx-5070-12g.html,1,6049.0
pc_bureau,MSI,Premium,1,https://www.mytek.tn/pc-de-bureau-gamer-mytek-amd-ryzen-7-32go-rtx-5070-12g.html,2,6049.0
pc_bureau,MSI,Premium,1,https://www.mytek.tn/pc-de-bureau-gamer-mytek-amd-ryzen-7-32go-rtx-5070-12g.html,3,6049.0
pc_bureau,MSI,Premium,1,https://www.mytek.tn/pc-de-bureau-gamer-mytek-amd-ryzen-7-32go-rtx-5070-12g.html,4,6049.0
pc_bureau,MSI,Premium,1,https://www.mytek.tn/pc-de-bureau-gamer-mytek-amd-ryzen-7-32go-rtx-5070-12go.html,1,5859.0
pc_bureau,MSI,Premium,1,https://www.mytek.tn/pc-de-bureau-gamer-mytek-amd-ryzen-7-32go-rtx-5070-12go.html,2,5859.0
pc_bureau,MSI,Premium,1,https://www.mytek.tn/pc-de-bureau-gamer-mytek-amd-ryzen-7-32go-rtx-5070-12go.html,3,5859.0
pc_bureau,MSI,Premium,1,https://www.mytek.tn/pc-de-bureau-gamer-mytek-amd-ryzen-7-32go-rtx-5070-12go.html,4,5859.0
pc_bureau,MSI,Premium,1,https://www.mytek.tn/pc-de-bureau-gamer-mytek-i5-12e-gen-32go-rtx-5070-12g.html,1,4799.0
pc_bureau,MSI,Premium,1,https://www.mytek.tn/pc-de-bureau-gamer-mytek-i5-12e-gen-32go-rtx-5070-12g.html,2,4799.0
pc_bureau,MSI,Premium,1,https://www.mytek.tn/pc-de-bureau-gamer-mytek-i5-12e-gen-32go-rtx-5070-12g.html,3,4799.0
pc_bureau,MSI,Premium,1,https://www.mytek.tn/pc-de-bureau-gamer-mytek-i5-12e-gen-32go-rtx-5070-12g.html,4,4799.0
pc_bureau,MSI,Premium,1,https://www.mytek.tn/pc-de-bureau-gamer-mytek-i5-14e-gen-32go-rtx-5070-12g.html,1,5139.0
pc_bureau,MSI,Premium,1,https://www.mytek.tn/pc-de-bureau-gamer-mytek-i5-14e-gen-32go-rtx-5070-12g.html,2,5139.0
pc_bureau,MSI,Premium,1,https://www.mytek.tn/pc-de-bureau-gamer-mytek-i5-14e-gen-32go-rtx-5070-12g.html,3,5139.0
pc_bureau,MSI,Premium,1,https://www.mytek.tn/pc-de-bureau-gamer-mytek-i5-14e-gen-32go-rtx-5070-12g.html,4,5139.0
pc_bureau,MSI,Premium,1,https://www.mytek.tn/pc-de-bureau-gamer-mytek-i5-14e-gen-32go-rtx-5070-12go.html,1,5049.0
pc_bureau,MSI,Premium,1,https://www.mytek.tn/pc-de-bureau-gamer-mytek-i5-14e-gen-32go-rtx-5070-12go.html,2,5049.0
pc_bureau,MSI,Premium,1,https://www.mytek.tn/pc-de-bureau-gamer-mytek-i5-14e-gen-32go-rtx-5070-12go.html,3,5049.0
pc_bureau,MSI,Premium,1,https://www.mytek.tn/pc-de-bureau-gamer-mytek-i5-14e-gen-32go-rtx-5070-12go.html,4,5049.0
pc_bureau,MSI,Premium,1,https://www.mytek.tn/pc-de-bureau-gamer-mytek-i5-14e-gen-32go-rtx5070-12g.html,1,5239.0
pc_bureau,MSI,Premium,1,https://www.mytek.tn/pc-de-bureau-gamer-mytek-i5-14e-gen-32go-rtx5070-12g.html,2,5239.0
pc_bureau,MSI,Premium,1,https://www.mytek.tn/pc-de-bureau-gamer-mytek-i5-14e-gen-32go-rtx5070-12g.html,3,5239.0
pc_bureau,MSI,Premium,1,https://www.mytek.tn/pc-de-bureau-gamer-mytek-i5-14e-gen-32go-rtx5070-12g.html,4,5239.0
pc_bureau,MSI,Premium,1,https://www.mytek.tn/pc-de-bureau-gamer-mytek-i7-12e-gen-16g-rtx-5070-12g.html,1,5169.0
pc_bureau,MSI,Premium,1,https://www.mytek.tn/pc-de-bureau-gamer-mytek-i7-12e-gen-16g-rtx-5070-12g.html,2,5169.0
pc_bureau,MSI,Premium,1,https://www.mytek.tn/pc-de-bureau-gamer-mytek-i7-12e-gen-16g-rtx-5070-12g.html,3,5169.0
pc_bureau,MSI,Premium,1,https://www.mytek.tn/pc-de-bureau-gamer-mytek-i7-12e-gen-16g-rtx-5070-12g.html,4,5169.0
pc_bureau,MSI,Premium,1,https://www.mytek.tn/pc-de-bureau-gamer-mytek-i7-12e-gen-32g-rtx-5060-8g.html,1,4799.0
pc_bureau,MSI,Premium,1,https://www.mytek.tn/pc-de-bureau-gamer-mytek-i7-12e-gen-32g-rtx-5060-8g.html,2,4799.0
pc_bureau,MSI,Premium,1,https://www.mytek.tn/pc-de-bureau-gamer-mytek-i7-12e-gen-32g-rtx-5060-8g.html,3,4799.0
pc_bureau,MSI,Premium,1,https://www.mytek.tn/pc-de-bureau-gamer-mytek-i7-12e-gen-32g-rtx-5060-8g.html,4,4159.0
pc_bureau,MSI,Premium,1,https://www.mytek.tn/pc-de-bureau-gamer-mytek-i7-12e-gen-32g-rtx-5060ti-16g.html,1,5119.0
pc_bureau,MSI,Premium,1,https://www.mytek.tn/pc-de-bureau-gamer-mytek-i7-12e-gen-32g-rtx-5060ti-16g.html,2,5119.0
pc_bureau,MSI,Premium,1,https://www.mytek.tn/pc-de-bureau-gamer-mytek-i7-12e-gen-32g-rtx-5060ti-16g.html,3,5119.0
pc_bureau,MSI,Premium,1,https://www.mytek.tn/pc-de-bureau-gamer-mytek-i7-12e-gen-32g-rtx-5060ti-16g.html,4,5119.0
pc_bureau,MSI,Premium,1,https://www.mytek.tn/pc-de-bureau-gamer-mytek-i7-12e-gen-32g-rtx-5070-12g.html,1,5599.0
pc_bureau,MSI,Premium,1,https://www.mytek.tn/pc-de-bureau-gamer-mytek-i7-12e-gen-32g-rtx-5070-12g.html,2,5599.0
pc_bureau,MSI,Premium,1,https://www.mytek.tn/pc-de-bureau-gamer-mytek-i7-12e-gen-32g-rtx-5070-12g.html,3,5599.0
pc_bureau,MSI,Premium,1,https://www.mytek.tn/pc-de-bureau-gamer-mytek-i7-12e-gen-32g-rtx-5070-12g.html,4,5599.0
pc_bureau,MSI,Premium,1,https://www.mytek.tn/pc-de-bureau-gamer-mytek-i7-12e-gen-32go-rtx-5060-ti-16g.html,1,4759.0
pc_bureau,MSI,Premium,1,https://www.mytek.tn/pc-de-bureau-gamer-mytek-i7-12e-gen-32go-rtx-5060-ti-16g.html,2,4759.0
pc_bureau,MSI,Premium,1,https://www.mytek.tn/pc-de-bureau-gamer-mytek-i7-12e-gen-32go-rtx-5060-ti-16g.html,3,4759.0
pc_bureau,MSI,Premium,1,https://www.mytek.tn/pc-de-bureau-gamer-mytek-i7-12e-gen-32go-rtx-5060-ti-16g.html,4,4759.0
pc_bureau,MSI,Premium,1,https://www.mytek.tn/pc-de-bureau-gamer-mytek-i7-12e-gen-32go-rtx5070-12g.html,1,5299.0
pc_bureau,MSI,Premium,1,https://www.mytek.tn/pc-de-bureau-gamer-mytek-i7-12e-gen-32go-rtx5070-12g.html,2,5299.0
pc_bureau,MSI,Premium,1,https://www.mytek.tn/pc-de-bureau-gamer-mytek-i7-12e-gen-32go-rtx5070-12g.html,3,5299.0
pc_bureau,MSI,Premium,1,https://www.mytek.tn/pc-de-bureau-gamer-mytek-i7-12e-gen-32go-rtx5070-12g.html,4,5299.0
pc_bureau,MSI,Premium,1,https://www.mytek.tn/pc-de-bureau-gamer-mytek-i7-13e-gen-32go-rtx5060-ti-16g.html,1,5129.0
pc_bureau,MSI,Premium,1,https://www.mytek.tn/pc-de-bureau-gamer-mytek-i7-13e-gen-32go-rtx5060-ti-16g.html,2,5129.0
pc_bureau,MSI,Premium,1,https://www.mytek.tn/pc-de-bureau-gamer-mytek-i7-13e-gen-32go-rtx5060-ti-16g.html,3,5129.0
pc_bureau,MSI,Premium,1,https://www.mytek.tn/pc-de-bureau-gamer-mytek-i7-13e-gen-32go-rtx5060-ti-16g.html,4,5129.0
pc_bureau,MSI,Premium,1,https://www.mytek.tn/pc-de-bureau-gamer-mytek-i7-13e-gen-32go-rtx5070-12g.html,1,5389.0
pc_bureau,MSI,Premium,1,https://www.mytek.tn/pc-de-bureau-gamer-mytek-i7-13e-gen-32go-rtx5070-12g.html,2,5389.0
pc_bureau,MSI,Premium,1,https://www.mytek.tn/pc-de-bureau-gamer-mytek-i7-13e-gen-32go-rtx5070-12g.html,3,5389.0
pc_bureau,MSI,Premium,1,https://www.mytek.tn/pc-de-bureau-gamer-mytek-i7-13e-gen-32go-rtx5070-12g.html,4,5389.0
pc_bureau,MSI,Premium,1,https://www.mytek.tn/pc-de-bureau-gamer-mytek-i7-14e-gen-16go-rtx-5070-12go.html,1,5289.0
pc_bureau,MSI,Premium,1,https://www.mytek.tn/pc-de-bureau-gamer-mytek-i7-14e-gen-16go-rtx-5070-12go.html,2,5289.0
pc_bureau,MSI,Premium,1,https://www.mytek.tn/pc-de-bureau-gamer-mytek-i7-14e-gen-16go-rtx-5070-12go.html,3,5289.0
pc_bureau,MSI,Premium,1,https://www.mytek.tn/pc-de-bureau-gamer-mytek-i7-14e-gen-16go-rtx-5070-12go.html,4,5289.0
pc_bureau,MSI,Premium,1,https://www.mytek.tn/pc-de-bureau-gamer-mytek-i7-14e-gen-32go-rtx-5060-ti-16g.html,1,5079.0
pc_bureau,MSI,Premium,1,https://www.mytek.tn/pc-de-bureau-gamer-mytek-i7-14e-gen-32go-rtx-5060-ti-16g.html,2,5079.0
pc_bureau,MSI,Premium,1,https://www.mytek.tn/pc-de-bureau-gamer-mytek-i7-14e-gen-32go-rtx-5060-ti-16g.html,3,5079.0
pc_bureau,MSI,Premium,1,https://www.mytek.tn/pc-de-bureau-gamer-mytek-i7-14e-gen-32go-rtx-5060-ti-16g.html,4,5079.0
pc_bureau,MSI,Premium,1,https://www.mytek.tn/pc-de-bureau-gamer-mytek-i7-14e-gen-32go-rtx-5070-12go.html,1,5709.0
pc_bureau,MSI,Premium,1,https://www.mytek.tn/pc-de-bureau-gamer-mytek-i7-14e-gen-32go-rtx-5070-12go.html,2,5709.0
pc_bureau,MSI,Premium,1,https://www.mytek.tn/pc-de-bureau-gamer-mytek-i7-14e-gen-32go-rtx-5070-12go.html,3,5709.0
pc_bureau,MSI,Premium,1,https://www.mytek.tn/pc-de-bureau-gamer-mytek-i7-14e-gen-32go-rtx-5070-12go.html,4,5709.0
pc_bureau,MSI,Premium,1,https://www.mytek.tn/pc-de-bureau-gamer-mytek-i7-14e-gen-32go-rtx5070-12g.html,1,5899.0
pc_bureau,MSI,Premium,1,https://www.mytek.tn/pc-de-bureau-gamer-mytek-i7-14e-gen-32go-rtx5070-12g.html,2,5899.0
pc_bureau,MSI,Premium,1,https://www.mytek.tn/pc-de-bureau-gamer-mytek-i7-14e-gen-32go-rtx5070-12g.html,3,5899.0
pc_bureau,MSI,Premium,1,https://www.mytek.tn/pc-de-bureau-gamer-mytek-i7-14e-gen-32go-rtx5070-12g.html,4,5899.0
pc_bureau,MSI,Économique,0,https://www.mytek.tn/pc-de-bureau-gamer-mytek-amd-ryzen-5-16g-rtx5060-8go.html,1,3059.0
pc_bureau,MSI,Économique,0,https://www.mytek.tn/pc-de-bureau-gamer-mytek-amd-ryzen-5-16g-rtx5060-8go.html,2,3059.0
pc_bureau,MSI,Économique,0,https://www.mytek.tn/pc-de-bureau-gamer-mytek-amd-ryzen-5-16g-rtx5060-8go.html,3,2799.0
pc_bureau,MSI,Économique,0,https://www.mytek.tn/pc-de-bureau-gamer-mytek-amd-ryzen-5-16g-rtx5060-8go.html,4,2799.0
pc_bureau,MSI,Économique,0,https://www.mytek.tn/pc-de-bureau-gamer-mytek-i5-12e-gen-16g-rtx-5050-8g.html,1,2659.0
pc_bureau,MSI,Économique,0,https://www.mytek.tn/pc-de-bureau-gamer-mytek-i5-12e-gen-16g-rtx-5050-8g.html,2,2659.0
pc_bureau,MSI,Économique,0,https://www.mytek.tn/pc-de-bureau-gamer-mytek-i5-12e-gen-16g-rtx-5050-8g.html,3,2659.0
pc_bureau,MSI,Économique,0,https://www.mytek.tn/pc-de-bureau-gamer-mytek-i5-12e-gen-16g-rtx-5050-8g.html,4,2659.0
pc_bureau,MSI,Économique,0,https://www.mytek.tn/pc-de-bureau-gamer-mytek-i5-12e-gen-16g-rtx-5060-8g-1to-ssd.html,1,3199.0
pc_bureau,MSI,Économique,0,https://www.mytek.tn/pc-de-bureau-gamer-mytek-i5-12e-gen-16g-rtx-5060-8g-1to-ssd.html,2,3199.0
pc_bureau,MSI,Économique,0,https://www.mytek.tn/pc-de-bureau-gamer-mytek-i5-12e-gen-16g-rtx-5060-8g-1to-ssd.html,3,3199.0
pc_bureau,MSI,Économique,0,https://www.mytek.tn/pc-de-bureau-gamer-mytek-i5-12e-gen-16g-rtx-5060-8g-1to-ssd.html,4,3199.0
pc_bureau,MSI,Économique,0,https://www.mytek.tn/pc-de-bureau-gamer-mytek-i5-12e-gen-16g-rtx-5060-8g.html,1,3129.0
pc_bureau,MSI,Économique,0,https://www.mytek.tn/pc-de-bureau-gamer-mytek-i5-12e-gen-16g-rtx-5060-8g.html,2,3129.0
pc_bureau,MSI,Économique,0,https://www.mytek.tn/pc-de-bureau-gamer-mytek-i5-12e-gen-16g-rtx-5060-8g.html,3,3129.0
pc_bureau,MSI,Économique,0,https://www.mytek.tn/pc-de-bureau-gamer-mytek-i5-12e-gen-16g-rtx-5060-8g.html,4,3129.0
pc_bureau,MSI,Économique,0,https://www.mytek.tn/pc-de-bureau-gamer-mytek-i5-12e-gen-16g-rtx-5060-ti-8g.html,1,3299.0
pc_bureau,MSI,Économique,0,https://www.mytek.tn/pc-de-bureau-gamer-mytek-i5-12e-gen-16g-rtx-5060-ti-8g.html,2,3299.0
pc_bureau,MSI,Économique,0,https://www.mytek.tn/pc-de-bureau-gamer-mytek-i5-12e-gen-16g-rtx-5060-ti-8g.html,3,3299.0
pc_bureau,MSI,Économique,0,https://www.mytek.tn/pc-de-bureau-gamer-mytek-i5-12e-gen-16g-rtx-5060-ti-8g.html,4,3299.0
pc_bureau,MSI,Économique,0,https://www.mytek.tn/pc-de-bureau-gamer-mytek-i5-12e-gen-16go-rtx-5050-8g.html,1,2959.0
pc_bureau,MSI,Économique,0,https://www.mytek.tn/pc-de-bureau-gamer-mytek-i5-12e-gen-16go-rtx-5050-8g.html,2,2959.0
pc_bureau,MSI,Économique,0,https://www.mytek.tn/pc-de-bureau-gamer-mytek-i5-12e-gen-16go-rtx-5050-8g.html,3,2959.0
pc_bureau,MSI,Économique,0,https://www.mytek.tn/pc-de-bureau-gamer-mytek-i5-12e-gen-16go-rtx-5050-8g.html,4,2959.0
pc_bureau,MSI,Économique,0,https://www.mytek.tn/pc-de-bureau-gamer-mytek-i5-12e-gen-16go-rtx-5060-8g.html,1,3059.0
pc_bureau,MSI,Économique,0,https://www.mytek.tn/pc-de-bureau-gamer-mytek-i5-12e-gen-16go-rtx-5060-8g.html,2,3059.0
pc_bureau,MSI,Économique,0,https://www.mytek.tn/pc-de-bureau-gamer-mytek-i5-12e-gen-16go-rtx-5060-8g.html,3,3059.0
pc_bureau,MSI,Économique,0,https://www.mytek.tn/pc-de-bureau-gamer-mytek-i5-12e-gen-16go-rtx-5060-8g.html,4,3059.0
pc_bureau,MSI,Économique,0,https://www.mytek.tn/pc-de-bureau-gamer-mytek-i5-12e-gen-16go-rtx-5060-8go.html,1,2899.0
pc_bureau,MSI,Économique,0,https://www.mytek.tn/pc-de-bureau-gamer-mytek-i5-12e-gen-16go-rtx-5060-8go.html,2,2899.0
pc_bureau,MSI,Économique,0,https://www.mytek.tn/pc-de-bureau-gamer-mytek-i5-12e-gen-16go-rtx-5060-8go.html,3,2899.0
pc_bureau,MSI,Économique,0,https://www.mytek.tn/pc-de-bureau-gamer-mytek-i5-12e-gen-16go-rtx-5060-8go.html,4,2899.0
pc_bureau,MSI,Économique,0,https://www.mytek.tn/pc-de-bureau-gamer-mytek-i5-12e-gen-16go-rtx-5060-ti-8go.html,1,3079.0
pc_bureau,MSI,Économique,0,https://www.mytek.tn/pc-de-bureau-gamer-mytek-i5-12e-gen-16go-rtx-5060-ti-8go.html,2,3079.0
pc_bureau,MSI,Économique,0,https://www.mytek.tn/pc-de-bureau-gamer-mytek-i5-12e-gen-16go-rtx-5060-ti-8go.html,3,3079.0
pc_bureau,MSI,Économique,0,https://www.mytek.tn/pc-de-bureau-gamer-mytek-i5-12e-gen-16go-rtx-5060-ti-8go.html,4,3079.0
pc_bureau,MSI,Économique,0,https://www.mytek.tn/pc-de-bureau-gamer-mytek-i5-12e-gen-32go-rtx-5060-8g.html,1,3489.0
pc_bureau,MSI,Économique,0,https://www.mytek.tn/pc-de-bureau-gamer-mytek-i5-12e-gen-32go-rtx-5060-8g.html,2,3489.0
pc_bureau,MSI,Économique,0,https://www.mytek.tn/pc-de-bureau-gamer-mytek-i5-12e-gen-32go-rtx-5060-8g.html,3,3489.0
pc_bureau,MSI,Économique,0,https://www.mytek.tn/pc-de-bureau-gamer-mytek-i5-12e-gen-32go-rtx-5060-8g.html,4,3489.0
pc_bureau,MSI,Économique,0,https://www.mytek.tn/pc-de-bureau-gamer-mytek-i5-12e-gen-32go-rtx-5060-8go.html,1,3299.0
pc_bureau,MSI,Économique,0,https://www.mytek.tn/pc-de-bureau-gamer-mytek-i5-12e-gen-32go-rtx-5060-8go.html,2,3299.0
pc_bureau,MSI,Économique,0,https://www.mytek.tn/pc-de-bureau-gamer-mytek-i5-12e-gen-32go-rtx-5060-8go.html,3,3299.0
pc_bureau,MSI,Économique,0,https://www.mytek.tn/pc-de-bureau-gamer-mytek-i5-12e-gen-32go-rtx-5060-8go.html,4,3299.0
pc_bureau,MSI,Économique,0,https://www.mytek.tn/pc-de-bureau-gamer-mytek-i5-12eme-gen-32g-rtx-5060-8g.html,1,3499.0
pc_bureau,MSI,Économique,0,https://www.mytek.tn/pc-de-bureau-gamer-mytek-i5-12eme-gen-32g-rtx-5060-8g.html,2,3499.0
pc_bureau,MSI,Économique,0,https://www.mytek.tn/pc-de-bureau-gamer-mytek-i5-12eme-gen-32g-rtx-5060-8g.html,3,3499.0
pc_bureau,MSI,Économique,0,https://www.mytek.tn/pc-de-bureau-gamer-mytek-i5-12eme-gen-32g-rtx-5060-8g.html,4,3499.0
pc_bureau,MSI,Économique,0,https://www.mytek.tn/pc-de-bureau-gamer-mytek-i5-13e-gen-16go-rtx-5060-8g.html,1,3079.0
pc_bureau,MSI,Économique,0,https://www.mytek.tn/pc-de-bureau-gamer-mytek-i5-13e-gen-16go-rtx-5060-8g.html,2,3079.0
pc_bureau,MSI,Économique,0,https://www.mytek.tn/pc-de-bureau-gamer-mytek-i5-13e-gen-16go-rtx-5060-8g.html,3,3079.0
pc_bureau,MSI,Économique,0,https://www.mytek.tn/pc-de-bureau-gamer-mytek-i5-13e-gen-16go-rtx-5060-8g.html,4,3079.0
pc_bureau,MSI,Économique,0,https://www.mytek.tn/pc-de-bureau-gamer-mytek-i5-14e-gen-16go-rtx-5060-8g.html,1,3209.0
pc_bureau,MSI,Économique,0,https://www.mytek.tn/pc-de-bureau-gamer-mytek-i5-14e-gen-16go-rtx-5060-8g.html,2,3209.0
pc_bureau,MSI,Économique,0,https://www.mytek.tn/pc-de-bureau-gamer-mytek-i5-14e-gen-16go-rtx-5060-8g.html,3,3209.0
pc_bureau,MSI,Économique,0,https://www.mytek.tn/pc-de-bureau-gamer-mytek-i5-14e-gen-16go-rtx-5060-8g.html,4,3209.0
pc_bureau,MSI,Économique,0,https://www.mytek.tn/pc-de-bureau-gamer-mytek-i5-14e-gen-16go-rtx-5060-ti-8g.html,1,3469.0
pc_bureau,MSI,Économique,0,https://www.mytek.tn/pc-de-bureau-gamer-mytek-i5-14e-gen-16go-rtx-5060-ti-8g.html,2,3469.0
pc_bureau,MSI,Économique,0,https://www.mytek.tn/pc-de-bureau-gamer-mytek-i5-14e-gen-16go-rtx-5060-ti-8g.html,3,3469.0
pc_bureau,MSI,Économique,0,https://www.mytek.tn/pc-de-bureau-gamer-mytek-i5-14e-gen-16go-rtx-5060-ti-8g.html,4,3469.0
pc_bureau,MSI,Économique,1,https://www.mytek.tn/pc-de-bureau-gamer-mytek-amd-ryzen-5-16g-rtx-5050-8g.html,1,2849.0
pc_bureau,MSI,Économique,1,https://www.mytek.tn/pc-de-bureau-gamer-mytek-amd-ryzen-5-16g-rtx-5050-8g.html,2,2849.0
pc_bureau,MSI,Économique,1,https://www.mytek.tn/pc-de-bureau-gamer-mytek-amd-ryzen-5-16g-rtx-5050-8g.html,3,2849.0
pc_bureau,MSI,Économique,1,https://www.mytek.tn/pc-de-bureau-gamer-mytek-amd-ryzen-5-16g-rtx-5050-8g.html,4,2849.0
pc_bureau,MSI,Économique,1,https://www.mytek.tn/pc-de-bureau-gamer-mytek-amd-ryzen-5-16g-rtx-5060-8g.html,1,3069.0
pc_bureau,MSI,Économique,1,https://www.mytek.tn/pc-de-bureau-gamer-mytek-amd-ryzen-5-16g-rtx-5060-8g.html,2,3069.0
pc_bureau,MSI,Économique,1,https://www.mytek.tn/pc-de-bureau-gamer-mytek-amd-ryzen-5-16g-rtx-5060-8g.html,3,3069.0
pc_bureau,MSI,Économique,1,https://www.mytek.tn/pc-de-bureau-gamer-mytek-amd-ryzen-5-16g-rtx-5060-8g.html,4,3069.0
pc_bureau,MSI,Économique,1,https://www.mytek.tn/pc-de-bureau-gamer-mytek-amd-ryzen-5-16g-rtx3050-6g.html,1,2339.0
pc_bureau,MSI,Économique,1,https://www.mytek.tn/pc-de-bureau-gamer-mytek-amd-ryzen-5-16g-rtx3050-6g.html,2,2339.0
pc_bureau,MSI,Économique,1,https://www.mytek.tn/pc-de-bureau-gamer-mytek-amd-ryzen-5-16g-rtx5060-8g.html,1,2559.0
pc_bureau,MSI,Économique,1,https://www.mytek.tn/pc-de-bureau-gamer-mytek-amd-ryzen-5-16g-rtx5060-8g.html,2,2559.0
pc_bureau,MSI,Économique,1,https://www.mytek.tn/pc-de-bureau-gamer-mytek-amd-ryzen-5-16g-rtx5060-8g.html,3,2559.0
pc_bureau,MSI,Économique,1,https://www.mytek.tn/pc-de-bureau-gamer-mytek-amd-ryzen-5-16g-rtx5060-8g.html,4,2559.0
pc_bureau,MSI,Économique,1,https://www.mytek.tn/pc-de-bureau-gamer-mytek-amd-ryzen-5-16go-rtx-3050-6g.html,1,1999.0
pc_bureau,MSI,Économique,1,https://www.mytek.tn/pc-de-bureau-gamer-mytek-amd-ryzen-5-16go-rtx-3050-6g.html,2,1999.0
pc_bureau,MSI,Économique,1,https://www.mytek.tn/pc-de-bureau-gamer-mytek-amd-ryzen-5-16go-rtx-5050-8go.html,1,2419.0
pc_bureau,MSI,Économique,1,https://www.mytek.tn/pc-de-bureau-gamer-mytek-amd-ryzen-5-16go-rtx-5060-8g.html,1,2959.0
pc_bureau,MSI,Économique,1,https://www.mytek.tn/pc-de-bureau-gamer-mytek-amd-ryzen-5-16go-rtx-5060-8g.html,2,2959.0
pc_bureau,MSI,Économique,1,https://www.mytek.tn/pc-de-bureau-gamer-mytek-amd-ryzen-5-16go-rtx-5060-8g.html,3,2959.0
pc_bureau,MSI,Économique,1,https://www.mytek.tn/pc-de-bureau-gamer-mytek-amd-ryzen-5-16go-rtx-5060-8g.html,4,2959.0
pc_bureau,MSI,Économique,1,https://www.mytek.tn/pc-de-bureau-gamer-mytek-amd-ryzen-5-32g-rtx-5060-8g.html,1,3499.0
pc_bureau,MSI,Économique,1,https://www.mytek.tn/pc-de-bureau-gamer-mytek-amd-ryzen-5-32g-rtx-5060-8g.html,2,3499.0
pc_bureau,MSI,Économique,1,https://www.mytek.tn/pc-de-bureau-gamer-mytek-amd-ryzen-5-32g-rtx-5060-8g.html,3,3499.0
pc_bureau,MSI,Économique,1,https://www.mytek.tn/pc-de-bureau-gamer-mytek-amd-ryzen-5-32g-rtx-5060-8g.html,4,3499.0
pc_bureau,MSI,Économique,1,https://www.mytek.tn/pc-de-bureau-gamer-mytek-amd-ryzen-5-32g-rtx3050-6g.html,1,2719.0
pc_bureau,MSI,Économique,1,https://www.mytek.tn/pc-de-bureau-gamer-mytek-amd-ryzen-5-32g-rtx3050-6g.html,2,2719.0
pc_bureau,MSI,Économique,1,https://www.mytek.tn/pc-de-bureau-gamer-mytek-amd-ryzen-5-32g-rtx3050-6g.html,3,2719.0
pc_bureau,MSI,Économique,1,https://www.mytek.tn/pc-de-bureau-gamer-mytek-amd-ryzen-5-32g-rtx3050-6g.html,4,2719.0
pc_bureau,MSI,Économique,1,https://www.mytek.tn/pc-de-bureau-gamer-mytek-amd-ryzen-5-32g-rtx5060-8g.html,1,2999.0
pc_bureau,MSI,Économique,1,https://www.mytek.tn/pc-de-bureau-gamer-mytek-amd-ryzen-5-32g-rtx5060-8g.html,2,2999.0
pc_bureau,MSI,Économique,1,https://www.mytek.tn/pc-de-bureau-gamer-mytek-amd-ryzen-5-32g-rtx5060-8g.html,3,2999.0
pc_bureau,MSI,Économique,1,https://www.mytek.tn/pc-de-bureau-gamer-mytek-amd-ryzen-5-32g-rtx5060-8g.html,4,2999.0
pc_bureau,MSI,Économique,1,https://www.mytek.tn/pc-de-bureau-gamer-mytek-amd-ryzen-5-32g-rtx5060-8go.html,1,3499.0
pc_bureau,MSI,Économique,1,https://www.mytek.tn/pc-de-bureau-gamer-mytek-amd-ryzen-5-32g-rtx5060-8go.html,2,3199.0
pc_bureau,MSI,Économique,1,https://www.mytek.tn/pc-de-bureau-gamer-mytek-amd-ryzen-5-32g-rtx5060-8go.html,3,3199.0
pc_bureau,MSI,Économique,1,https://www.mytek.tn/pc-de-bureau-gamer-mytek-amd-ryzen-5-32g-rtx5060-8go.html,4,3199.0
pc_bureau,MSI,Économique,1,https://www.mytek.tn/pc-de-bureau-gamer-mytek-amd-ryzen-5-32go-rtx-3050-6g.html,1,2399.0
pc_bureau,MSI,Économique,1,https://www.mytek.tn/pc-de-bureau-gamer-mytek-amd-ryzen-5-32go-rtx-3050-6g.html,2,2399.0
pc_bureau,MSI,Économique,1,https://www.mytek.tn/pc-de-bureau-gamer-mytek-amd-ryzen-5-32go-rtx-3050-6g.html,3,2399.0
pc_bureau,MSI,Économique,1,https://www.mytek.tn/pc-de-bureau-gamer-mytek-amd-ryzen-5-32go-rtx-3050-6g.html,4,2399.0
pc_bureau,MSI,Économique,1,https://www.mytek.tn/pc-de-bureau-gamer-mytek-amd-ryzen-5-32go-rtx-5060-8g.html,1,3379.0
pc_bureau,MSI,Économique,1,https://www.mytek.tn/pc-de-bureau-gamer-mytek-amd-ryzen-5-32go-rtx-5060-8g.html,2,3379.0
pc_bureau,MSI,Économique,1,https://www.mytek.tn/pc-de-bureau-gamer-mytek-amd-ryzen-5-32go-rtx-5060-8g.html,3,3379.0
pc_bureau,MSI,Économique,1,https://www.mytek.tn/pc-de-bureau-gamer-mytek-amd-ryzen-5-32go-rtx-5060-8g.html,4,3379.0
pc_bureau,MSI,Économique,1,https://www.mytek.tn/pc-de-bureau-gamer-mytek-i3-12e-gen-16go-rtx-5060-8g.html,1,2699.0
pc_bureau,MSI,Économique,1,https://www.mytek.tn/pc-de-bureau-gamer-mytek-i3-12e-gen-16go-rtx-5060-8g.html,2,2699.0
pc_bureau,MSI,Économique,1,https://www.mytek.tn/pc-de-bureau-gamer-mytek-i3-12e-gen-16go-rtx-5060-8g.html,3,2699.0
pc_bureau,MSI,Économique,1,https://www.mytek.tn/pc-de-bureau-gamer-mytek-i3-12e-gen-16go-rtx-5060-8g.html,4,2699.0
pc_bureau,MSI,Économique,1,https://www.mytek.tn/pc-de-bureau-gamer-mytek-i3-12e-gen-32go-rtx-5060-8g.html,1,2899.0
pc_bureau,MSI,Économique,1,https://www.mytek.tn/pc-de-bureau-gamer-mytek-i3-12e-gen-32go-rtx-5060-8g.html,2,2899.0
pc_bureau,MSI,Économique,1,https://www.mytek.tn/pc-de-bureau-gamer-mytek-i3-12e-gen-32go-rtx-5060-8g.html,3,2899.0
pc_bureau,MSI,Économique,1,https://www.mytek.tn/pc-de-bureau-gamer-mytek-i3-12e-gen-32go-rtx-5060-8g.html,4,2899.0
pc_bureau,MYTEK,Milieu de gamme,profil_descriptif,https://www.mytek.tn/pc-de-bureau-gamer-mytek-amd-ryzen-5-16go-rtx-5050-8g.html,1,2549.0
pc_bureau,MYTEK,Milieu de gamme,profil_descriptif,https://www.mytek.tn/pc-de-bureau-gamer-mytek-amd-ryzen-5-16go-rtx-5050-8g.html,2,2549.0
pc_bureau,MYTEK,Milieu de gamme,profil_descriptif,https://www.mytek.tn/pc-de-bureau-gamer-mytek-amd-ryzen-5-16go-rtx-5050-8g.html,3,2549.0
pc_bureau,MYTEK,Milieu de gamme,profil_descriptif,https://www.mytek.tn/pc-de-bureau-gamer-mytek-amd-ryzen-5-16go-rtx-5050-8g.html,4,2549.0
pc_bureau,MYTEK,Milieu de gamme,profil_descriptif,https://www.mytek.tn/pc-de-bureau-gamer-mytek-amd-ryzen-5-32g-rtx-3050-6g.html,1,2459.0
pc_bureau,MYTEK,Milieu de gamme,profil_descriptif,https://www.mytek.tn/pc-de-bureau-gamer-mytek-amd-ryzen-5-32g-rtx-3050-6g.html,2,2459.0
pc_bureau,MYTEK,Milieu de gamme,profil_descriptif,https://www.mytek.tn/pc-de-bureau-gamer-mytek-amd-ryzen-5-32g-rtx-3050-6g.html,3,2459.0
pc_bureau,MYTEK,Milieu de gamme,profil_descriptif,https://www.mytek.tn/pc-de-bureau-gamer-mytek-amd-ryzen-5-32g-rtx-3050-6g.html,4,2459.0
pc_bureau,MYTEK,Milieu de gamme,profil_descriptif,https://www.mytek.tn/pc-de-bureau-gamer-mytek-amd-ryzen-5-32go-rtx-5050-8go.html,1,2819.0
pc_bureau,MYTEK,Milieu de gamme,profil_descriptif,https://www.mytek.tn/pc-de-bureau-gamer-mytek-amd-ryzen-7-16go-rtx5060-8g.html,1,2919.0
pc_bureau,MYTEK,Milieu de gamme,profil_descriptif,https://www.mytek.tn/pc-de-bureau-gamer-mytek-amd-ryzen-7-16go-rtx5060-8g.html,2,2919.0
pc_bureau,MYTEK,Milieu de gamme,profil_descriptif,https://www.mytek.tn/pc-de-bureau-gamer-mytek-amd-ryzen-7-16go-rtx5060-8g.html,3,2919.0
pc_bureau,MYTEK,Milieu de gamme,profil_descriptif,https://www.mytek.tn/pc-de-bureau-gamer-mytek-amd-ryzen-7-16go-rtx5060-8g.html,4,2919.0
pc_bureau,MYTEK,Milieu de gamme,profil_descriptif,https://www.mytek.tn/pc-de-bureau-gamer-mytek-amd-ryzen-7-32go-rtx5060-8g.html,1,3399.0
pc_bureau,MYTEK,Milieu de gamme,profil_descriptif,https://www.mytek.tn/pc-de-bureau-gamer-mytek-amd-ryzen-7-32go-rtx5060-8g.html,2,3399.0
pc_bureau,MYTEK,Milieu de gamme,profil_descriptif,https://www.mytek.tn/pc-de-bureau-gamer-mytek-amd-ryzen-7-32go-rtx5060-8g.html,3,3399.0
pc_bureau,MYTEK,Milieu de gamme,profil_descriptif,https://www.mytek.tn/pc-de-bureau-gamer-mytek-amd-ryzen-7-32go-rtx5060-8g.html,4,3399.0
pc_bureau,MYTEK,Milieu de gamme,profil_descriptif,https://www.mytek.tn/pc-de-bureau-gamer-mytek-amd-ryzen5-16g-rtx-5050-8g.html,1,3029.0
pc_bureau,MYTEK,Milieu de gamme,profil_descriptif,https://www.mytek.tn/pc-de-bureau-gamer-mytek-amd-ryzen5-16g-rtx-5050-8g.html,2,3029.0
pc_bureau,MYTEK,Milieu de gamme,profil_descriptif,https://www.mytek.tn/pc-de-bureau-gamer-mytek-amd-ryzen5-16g-rtx-5050-8g.html,3,3029.0
pc_bureau,MYTEK,Milieu de gamme,profil_descriptif,https://www.mytek.tn/pc-de-bureau-gamer-mytek-amd-ryzen5-16g-rtx-5050-8g.html,4,3029.0
pc_bureau,MYTEK,Milieu de gamme,profil_descriptif,https://www.mytek.tn/pc-de-bureau-gamer-mytek-amd-ryzen5-16go-rtx-5050-8g.html,1,2729.0
pc_bureau,MYTEK,Milieu de gamme,profil_descriptif,https://www.mytek.tn/pc-de-bureau-gamer-mytek-amd-ryzen5-16go-rtx-5050-8g.html,2,2729.0
pc_bureau,MYTEK,Milieu de gamme,profil_descriptif,https://www.mytek.tn/pc-de-bureau-gamer-mytek-amd-ryzen5-16go-rtx-5050-8g.html,3,2729.0
pc_bureau,MYTEK,Milieu de gamme,profil_descriptif,https://www.mytek.tn/pc-de-bureau-gamer-mytek-amd-ryzen5-16go-rtx-5050-8g.html,4,2729.0
pc_bureau,MYTEK,Milieu de gamme,profil_descriptif,https://www.mytek.tn/pc-de-bureau-gamer-mytek-i3-14e-gen-16go-rtx-5060-8g.html,1,2829.0
pc_bureau,MYTEK,Milieu de gamme,profil_descriptif,https://www.mytek.tn/pc-de-bureau-gamer-mytek-i3-14e-gen-16go-rtx-5060-8g.html,2,2829.0
pc_bureau,MYTEK,Milieu de gamme,profil_descriptif,https://www.mytek.tn/pc-de-bureau-gamer-mytek-i3-14e-gen-16go-rtx-5060-8g.html,3,2829.0
pc_bureau,MYTEK,Milieu de gamme,profil_descriptif,https://www.mytek.tn/pc-de-bureau-gamer-mytek-i3-14e-gen-16go-rtx-5060-8g.html,4,2519.0
pc_bureau,MYTEK,Milieu de gamme,profil_descriptif,https://www.mytek.tn/pc-de-bureau-gamer-mytek-i5-12e-gen-16g-rtx-5060-8go.html,1,2899.0
pc_bureau,MYTEK,Milieu de gamme,profil_descriptif,https://www.mytek.tn/pc-de-bureau-gamer-mytek-i5-12e-gen-16g-rtx-5060-8go.html,2,2899.0
pc_bureau,MYTEK,Milieu de gamme,profil_descriptif,https://www.mytek.tn/pc-de-bureau-gamer-mytek-i5-12e-gen-16g-rtx-5060-8go.html,3,2899.0
pc_bureau,MYTEK,Milieu de gamme,profil_descriptif,https://www.mytek.tn/pc-de-bureau-gamer-mytek-i5-12e-gen-16g-rtx-5060-8go.html,4,2899.0
pc_bureau,MYTEK,Milieu de gamme,profil_descriptif,https://www.mytek.tn/pc-de-bureau-gamer-mytek-i5-12e-gen-16g-rtx-5060-ti-8go.html,1,3359.0
pc_bureau,MYTEK,Milieu de gamme,profil_descriptif,https://www.mytek.tn/pc-de-bureau-gamer-mytek-i5-12e-gen-16g-rtx-5060-ti-8go.html,2,3359.0
pc_bureau,MYTEK,Milieu de gamme,profil_descriptif,https://www.mytek.tn/pc-de-bureau-gamer-mytek-i5-12e-gen-16g-rtx-5060-ti-8go.html,3,3359.0
pc_bureau,MYTEK,Milieu de gamme,profil_descriptif,https://www.mytek.tn/pc-de-bureau-gamer-mytek-i5-12e-gen-16g-rtx-5060-ti-8go.html,4,3359.0
pc_bureau,MYTEK,Milieu de gamme,profil_descriptif,https://www.mytek.tn/pc-de-bureau-gamer-mytek-i5-12e-gen-16go-rtx-5060ti-8go.html,1,3079.0
pc_bureau,MYTEK,Milieu de gamme,profil_descriptif,https://www.mytek.tn/pc-de-bureau-gamer-mytek-i5-12e-gen-16go-rtx-5060ti-8go.html,2,3079.0
pc_bureau,MYTEK,Milieu de gamme,profil_descriptif,https://www.mytek.tn/pc-de-bureau-gamer-mytek-i5-12e-gen-16go-rtx-5060ti-8go.html,3,3079.0
pc_bureau,MYTEK,Milieu de gamme,profil_descriptif,https://www.mytek.tn/pc-de-bureau-gamer-mytek-i5-12e-gen-16go-rtx-5060ti-8go.html,4,3079.0
pc_bureau,MYTEK,Milieu de gamme,profil_descriptif,https://www.mytek.tn/pc-de-bureau-gamer-mytek-i5-12e-gen-16go-rtx5060-8g.html,1,2819.0
pc_bureau,MYTEK,Milieu de gamme,profil_descriptif,https://www.mytek.tn/pc-de-bureau-gamer-mytek-i5-12e-gen-16go-rtx5060-8g.html,2,2819.0
pc_bureau,MYTEK,Milieu de gamme,profil_descriptif,https://www.mytek.tn/pc-de-bureau-gamer-mytek-i5-12e-gen-16go-rtx5060-8g.html,3,2819.0
pc_bureau,MYTEK,Milieu de gamme,profil_descriptif,https://www.mytek.tn/pc-de-bureau-gamer-mytek-i5-12e-gen-16go-rtx5060-8g.html,4,2819.0
pc_bureau,MYTEK,Milieu de gamme,profil_descriptif,https://www.mytek.tn/pc-de-bureau-gamer-mytek-i5-12e-gen-32g-rtx5060-8g.html,1,3519.0
pc_bureau,MYTEK,Milieu de gamme,profil_descriptif,https://www.mytek.tn/pc-de-bureau-gamer-mytek-i5-12e-gen-32g-rtx5060-8g.html,2,3519.0
pc_bureau,MYTEK,Milieu de gamme,profil_descriptif,https://www.mytek.tn/pc-de-bureau-gamer-mytek-i5-12e-gen-32g-rtx5060-8g.html,3,3519.0
pc_bureau,MYTEK,Milieu de gamme,profil_descriptif,https://www.mytek.tn/pc-de-bureau-gamer-mytek-i5-12e-gen-32g-rtx5060-8g.html,4,3519.0
pc_bureau,MYTEK,Milieu de gamme,profil_descriptif,https://www.mytek.tn/pc-de-bureau-gamer-mytek-i5-12e-gen-32go-rtx-5050-8g.html,1,3379.0
pc_bureau,MYTEK,Milieu de gamme,profil_descriptif,https://www.mytek.tn/pc-de-bureau-gamer-mytek-i5-12e-gen-32go-rtx-5050-8g.html,2,3379.0
pc_bureau,MYTEK,Milieu de gamme,profil_descriptif,https://www.mytek.tn/pc-de-bureau-gamer-mytek-i5-12e-gen-32go-rtx-5050-8g.html,3,3379.0
pc_bureau,MYTEK,Milieu de gamme,profil_descriptif,https://www.mytek.tn/pc-de-bureau-gamer-mytek-i5-12e-gen-32go-rtx-5050-8g.html,4,3379.0
pc_bureau,MYTEK,Milieu de gamme,profil_descriptif,https://www.mytek.tn/pc-de-bureau-gamer-mytek-i5-12e-gen-32go-rtx-5060ti-8go.html,1,3379.0
pc_bureau,MYTEK,Milieu de gamme,profil_descriptif,https://www.mytek.tn/pc-de-bureau-gamer-mytek-i5-12e-gen-32go-rtx-5060ti-8go.html,2,3379.0
pc_bureau,MYTEK,Milieu de gamme,profil_descriptif,https://www.mytek.tn/pc-de-bureau-gamer-mytek-i5-12e-gen-32go-rtx-5060ti-8go.html,3,3379.0
pc_bureau,MYTEK,Milieu de gamme,profil_descriptif,https://www.mytek.tn/pc-de-bureau-gamer-mytek-i5-12e-gen-32go-rtx-5060ti-8go.html,4,3379.0
pc_bureau,MYTEK,Milieu de gamme,profil_descriptif,https://www.mytek.tn/pc-de-bureau-gamer-mytek-i5-12e-gen-32go-rtx5060-8g.html,1,3219.0
pc_bureau,MYTEK,Milieu de gamme,profil_descriptif,https://www.mytek.tn/pc-de-bureau-gamer-mytek-i5-12e-gen-32go-rtx5060-8g.html,2,3219.0
pc_bureau,MYTEK,Milieu de gamme,profil_descriptif,https://www.mytek.tn/pc-de-bureau-gamer-mytek-i5-12e-gen-32go-rtx5060-8g.html,3,3219.0
pc_bureau,MYTEK,Milieu de gamme,profil_descriptif,https://www.mytek.tn/pc-de-bureau-gamer-mytek-i5-12e-gen-32go-rtx5060-8g.html,4,3219.0
pc_bureau,MYTEK,Milieu de gamme,profil_descriptif,https://www.mytek.tn/pc-de-bureau-gamer-mytek-i7-12e-gen-16go-rtx-5050-8g.html,1,3319.0
pc_bureau,MYTEK,Milieu de gamme,profil_descriptif,https://www.mytek.tn/pc-de-bureau-gamer-mytek-i7-12e-gen-16go-rtx-5050-8g.html,2,3319.0
pc_bureau,MYTEK,Milieu de gamme,profil_descriptif,https://www.mytek.tn/pc-de-bureau-gamer-mytek-i7-12e-gen-16go-rtx-5050-8g.html,3,3319.0
pc_bureau,MYTEK,Milieu de gamme,profil_descriptif,https://www.mytek.tn/pc-de-bureau-gamer-mytek-i7-12e-gen-16go-rtx-5050-8g.html,4,3319.0
pc_bureau,MYTEK,Milieu de gamme,profil_descriptif,https://www.mytek.tn/pc-de-bureau-pro-mytek-i5-12eme-gen-32g-1to-ssd-noir.html,1,2329.0
pc_bureau,MYTEK,Milieu de gamme,profil_descriptif,https://www.mytek.tn/pc-de-bureau-pro-mytek-i5-12eme-gen-32g-1to-ssd-noir.html,2,2329.0
pc_bureau,MYTEK,Milieu de gamme,profil_descriptif,https://www.mytek.tn/pc-de-bureau-pro-mytek-i5-12eme-gen-32g-1to-ssd-noir.html,3,2329.0
pc_bureau,MYTEK,Milieu de gamme,profil_descriptif,https://www.mytek.tn/pc-de-bureau-pro-mytek-i5-12eme-gen-32g-1to-ssd-noir.html,4,2329.0
pc_bureau,MYTEK,Premium,0,https://www.mytek.tn/pc-de-bureau-gamer-mytek-amd-ryzen-7-32go-rtx5060-ti-16g.html,1,6149.0
pc_bureau,MYTEK,Premium,0,https://www.mytek.tn/pc-de-bureau-gamer-mytek-amd-ryzen-7-32go-rtx5060-ti-16g.html,2,6149.0
pc_bureau,MYTEK,Premium,0,https://www.mytek.tn/pc-de-bureau-gamer-mytek-amd-ryzen-7-32go-rtx5060-ti-16g.html,3,6149.0
pc_bureau,MYTEK,Premium,0,https://www.mytek.tn/pc-de-bureau-gamer-mytek-amd-ryzen-7-32go-rtx5060-ti-16g.html,4,6149.0
pc_bureau,MYTEK,Premium,0,https://www.mytek.tn/pc-de-bureau-gamer-mytek-i5-14e-gen-32g-rtx5060-ti-16g.html,1,5859.0
pc_bureau,MYTEK,Premium,0,https://www.mytek.tn/pc-de-bureau-gamer-mytek-i5-14e-gen-32g-rtx5060-ti-16g.html,2,5859.0
pc_bureau,MYTEK,Premium,0,https://www.mytek.tn/pc-de-bureau-gamer-mytek-i5-14e-gen-32g-rtx5060-ti-16g.html,3,5859.0
pc_bureau,MYTEK,Premium,0,https://www.mytek.tn/pc-de-bureau-gamer-mytek-i5-14e-gen-32g-rtx5060-ti-16g.html,4,5859.0
pc_bureau,MYTEK,Premium,0,https://www.mytek.tn/pc-de-bureau-gamer-mytek-i7-12e-gen-32go-zotac-rtx-5070-12go.html,1,5539.0
pc_bureau,MYTEK,Premium,0,https://www.mytek.tn/pc-de-bureau-gamer-mytek-i7-12e-gen-32go-zotac-rtx-5070-12go.html,2,5539.0
pc_bureau,MYTEK,Premium,0,https://www.mytek.tn/pc-de-bureau-gamer-mytek-i7-12e-gen-32go-zotac-rtx-5070-12go.html,3,5539.0
pc_bureau,MYTEK,Premium,0,https://www.mytek.tn/pc-de-bureau-gamer-mytek-i7-14e-gen-32g-rtx5060-ti-16g.html,1,6699.0
pc_bureau,MYTEK,Premium,0,https://www.mytek.tn/pc-de-bureau-gamer-mytek-i7-14e-gen-32g-rtx5060-ti-16g.html,2,6699.0
pc_bureau,MYTEK,Premium,0,https://www.mytek.tn/pc-de-bureau-gamer-mytek-i7-14e-gen-32g-rtx5060-ti-16g.html,3,6699.0
pc_bureau,MYTEK,Premium,0,https://www.mytek.tn/pc-de-bureau-gamer-mytek-i7-14e-gen-32g-rtx5060-ti-16g.html,4,6699.0
pc_bureau,MYTEK,Premium,0,https://www.mytek.tn/pc-de-bureau-gamer-mytek-i7-14e-gen-32go-rtx-5070-ti-16g.html,1,7699.0
pc_bureau,MYTEK,Premium,0,https://www.mytek.tn/pc-de-bureau-gamer-mytek-i7-14e-gen-32go-rtx-5070-ti-16g.html,2,7699.0
pc_bureau,MYTEK,Premium,0,https://www.mytek.tn/pc-de-bureau-gamer-mytek-i7-14e-gen-32go-rtx-5070-ti-16g.html,3,7699.0
pc_bureau,MYTEK,Premium,0,https://www.mytek.tn/pc-de-bureau-gamer-mytek-i7-14e-gen-32go-rtx-5070-ti-16g.html,4,7699.0
pc_bureau,MYTEK,Premium,0,https://www.mytek.tn/pc-de-bureau-gamer-mytek-i9-12e-gen-32g-rtx5060-ti.html,1,6459.0
pc_bureau,MYTEK,Premium,0,https://www.mytek.tn/pc-de-bureau-gamer-mytek-i9-12e-gen-32g-rtx5060-ti.html,2,6459.0
pc_bureau,MYTEK,Premium,0,https://www.mytek.tn/pc-de-bureau-gamer-mytek-i9-12e-gen-32g-rtx5060-ti.html,3,6459.0
pc_bureau,MYTEK,Premium,0,https://www.mytek.tn/pc-de-bureau-gamer-mytek-i9-12e-gen-32g-rtx5060-ti.html,4,6459.0
pc_bureau,MYTEK,Premium,0,https://www.mytek.tn/pc-de-bureau-gamer-mytek-ultra-7-265k-32go-rtx-5080-16go.html,1,8499.0
pc_bureau,MYTEK,Premium,0,https://www.mytek.tn/pc-de-bureau-gamer-mytek-ultra-7-265k-32go-rtx-5080-16go.html,2,8499.0
pc_bureau,MYTEK,Premium,0,https://www.mytek.tn/pc-de-bureau-gamer-mytek-ultra-7-265k-32go-rtx-5080-16go.html,3,8499.0
pc_bureau,MYTEK,Premium,0,https://www.mytek.tn/pc-de-bureau-gamer-mytek-ultra-7-265k-32go-rtx-5080-16go.html,4,8499.0
pc_bureau,MYTEK,Premium,0,https://www.mytek.tn/pc-de-bureau-gamer-mytek-ultra-7-265kf-32go-rtx-5070-12go.html,1,6919.0
pc_bureau,MYTEK,Premium,0,https://www.mytek.tn/pc-de-bureau-gamer-mytek-ultra-7-265kf-32go-rtx-5070-12go.html,2,6919.0
pc_bureau,MYTEK,Premium,0,https://www.mytek.tn/pc-de-bureau-gamer-mytek-ultra-7-265kf-32go-rtx-5070-12go.html,3,6919.0
pc_bureau,MYTEK,Premium,0,https://www.mytek.tn/pc-de-bureau-gamer-mytek-ultra-7-265kf-32go-rtx-5070-12go.html,4,6919.0
pc_bureau,MYTEK,Premium,1,https://www.mytek.tn/pc-de-bureau-gamer-mytek-i5-14e-gen-32g-rtx-5060-8go.html,1,3699.0
pc_bureau,MYTEK,Premium,1,https://www.mytek.tn/pc-de-bureau-gamer-mytek-i5-14e-gen-32g-rtx-5060-8go.html,2,3699.0
pc_bureau,MYTEK,Premium,1,https://www.mytek.tn/pc-de-bureau-gamer-mytek-i5-14e-gen-32g-rtx-5060-8go.html,3,3699.0
pc_bureau,MYTEK,Premium,1,https://www.mytek.tn/pc-de-bureau-gamer-mytek-i5-14e-gen-32g-rtx-5060-8go.html,4,3699.0
pc_bureau,MYTEK,Premium,1,https://www.mytek.tn/pc-de-bureau-gamer-mytek-i5-14e-gen-32g-rtx-5060ti-16go.html,1,4399.0
pc_bureau,MYTEK,Premium,1,https://www.mytek.tn/pc-de-bureau-gamer-mytek-i5-14e-gen-32g-rtx-5060ti-16go.html,2,4399.0
pc_bureau,MYTEK,Premium,1,https://www.mytek.tn/pc-de-bureau-gamer-mytek-i5-14e-gen-32g-rtx-5060ti-16go.html,3,4399.0
pc_bureau,MYTEK,Premium,1,https://www.mytek.tn/pc-de-bureau-gamer-mytek-i5-14e-gen-32g-rtx-5060ti-16go.html,4,4399.0
pc_bureau,MYTEK,Premium,1,https://www.mytek.tn/pc-de-bureau-gamer-mytek-i5-14e-gen-32go-rtx-5060-ti-16go.html,1,4299.0
pc_bureau,MYTEK,Premium,1,https://www.mytek.tn/pc-de-bureau-gamer-mytek-i5-14e-gen-32go-rtx-5060-ti-16go.html,2,4299.0
pc_bureau,MYTEK,Premium,1,https://www.mytek.tn/pc-de-bureau-gamer-mytek-i5-14e-gen-32go-rtx-5060-ti-16go.html,3,4299.0
pc_bureau,MYTEK,Premium,1,https://www.mytek.tn/pc-de-bureau-gamer-mytek-i5-14e-gen-32go-rtx-5060-ti-16go.html,4,4299.0
pc_bureau,MYTEK,Premium,1,https://www.mytek.tn/pc-de-bureau-gamer-mytek-i5-14e-gen-32go-rtx5060-ti-16g.html,1,4779.0
pc_bureau,MYTEK,Premium,1,https://www.mytek.tn/pc-de-bureau-gamer-mytek-i5-14e-gen-32go-rtx5060-ti-16g.html,2,4779.0
pc_bureau,MYTEK,Premium,1,https://www.mytek.tn/pc-de-bureau-gamer-mytek-i5-14e-gen-32go-rtx5060-ti-16g.html,3,4779.0
pc_bureau,MYTEK,Premium,1,https://www.mytek.tn/pc-de-bureau-gamer-mytek-i5-14e-gen-32go-rtx5060-ti-16g.html,4,4779.0
pc_bureau,MYTEK,Premium,1,https://www.mytek.tn/pc-de-bureau-gamer-mytek-i7-12e-gen-16g-rtx-5050-8g.html,1,3619.0
pc_bureau,MYTEK,Premium,1,https://www.mytek.tn/pc-de-bureau-gamer-mytek-i7-12e-gen-16g-rtx-5050-8g.html,2,3619.0
pc_bureau,MYTEK,Premium,1,https://www.mytek.tn/pc-de-bureau-gamer-mytek-i7-12e-gen-16g-rtx-5050-8g.html,3,3619.0
pc_bureau,MYTEK,Premium,1,https://www.mytek.tn/pc-de-bureau-gamer-mytek-i7-12e-gen-16g-rtx-5050-8g.html,4,3619.0
pc_bureau,MYTEK,Premium,1,https://www.mytek.tn/pc-de-bureau-gamer-mytek-i7-12e-gen-32g-rtx-5070-12-go.html,1,5299.0
pc_bureau,MYTEK,Premium,1,https://www.mytek.tn/pc-de-bureau-gamer-mytek-i7-12e-gen-32g-rtx-5070-12-go.html,2,5299.0
pc_bureau,MYTEK,Premium,1,https://www.mytek.tn/pc-de-bureau-gamer-mytek-i7-12e-gen-32g-rtx-5070-12-go.html,3,5299.0
pc_bureau,MYTEK,Premium,1,https://www.mytek.tn/pc-de-bureau-gamer-mytek-i7-12e-gen-32g-rtx-5070-12-go.html,4,5299.0
pc_bureau,MYTEK,Premium,1,https://www.mytek.tn/pc-de-bureau-gamer-mytek-i7-12e-gen-32g-zotac-rtx-5070-12go.html,1,5449.0
pc_bureau,MYTEK,Premium,1,https://www.mytek.tn/pc-de-bureau-gamer-mytek-i7-12e-gen-32g-zotac-rtx-5070-12go.html,2,5449.0
pc_bureau,MYTEK,Premium,1,https://www.mytek.tn/pc-de-bureau-gamer-mytek-i7-12e-gen-32g-zotac-rtx-5070-12go.html,3,5449.0
pc_bureau,MYTEK,Premium,1,https://www.mytek.tn/pc-de-bureau-gamer-mytek-i7-12e-gen-32g-zotac-rtx-5070-12go.html,4,5449.0
pc_bureau,MYTEK,Premium,1,https://www.mytek.tn/pc-de-bureau-gamer-mytek-i7-12e-gen-32go-rtx5060-ti-16g.html,1,5099.0
pc_bureau,MYTEK,Premium,1,https://www.mytek.tn/pc-de-bureau-gamer-mytek-i7-12e-gen-32go-rtx5060-ti-16g.html,2,5099.0
pc_bureau,MYTEK,Premium,1,https://www.mytek.tn/pc-de-bureau-gamer-mytek-i7-12e-gen-32go-rtx5060-ti-16g.html,3,5099.0
pc_bureau,MYTEK,Premium,1,https://www.mytek.tn/pc-de-bureau-gamer-mytek-i7-12e-gen-32go-rtx5060-ti-16g.html,4,5099.0
pc_bureau,MYTEK,Premium,1,https://www.mytek.tn/pc-de-bureau-gamer-mytek-i7-13e-gen-32go-msi-rtx-5070-12g.html,1,7999.0
pc_bureau,MYTEK,Premium,1,https://www.mytek.tn/pc-de-bureau-gamer-mytek-i7-13e-gen-32go-msi-rtx-5070-12g.html,2,7999.0
pc_bureau,MYTEK,Premium,1,https://www.mytek.tn/pc-de-bureau-gamer-mytek-i7-13e-gen-32go-msi-rtx-5070-12g.html,3,7999.0
pc_bureau,MYTEK,Premium,1,https://www.mytek.tn/pc-de-bureau-gamer-mytek-i7-13e-gen-32go-msi-rtx-5070-12g.html,4,7999.0
pc_bureau,MYTEK,Premium,1,https://www.mytek.tn/pc-de-bureau-gamer-mytek-i7-14e-gen-32go-rtx5060-ti-16g.html,1,5449.0
pc_bureau,MYTEK,Premium,1,https://www.mytek.tn/pc-de-bureau-gamer-mytek-i7-14e-gen-32go-rtx5060-ti-16g.html,2,5449.0
pc_bureau,MYTEK,Premium,1,https://www.mytek.tn/pc-de-bureau-gamer-mytek-i7-14e-gen-32go-rtx5060-ti-16g.html,3,5449.0
pc_bureau,MYTEK,Premium,1,https://www.mytek.tn/pc-de-bureau-gamer-mytek-i7-14e-gen-32go-rtx5060-ti-16g.html,4,5449.0
pc_bureau,MYTEK,Économique,0,https://www.mytek.tn/pc-de-bureau-gamer-mytek-i5-11e-gen-16go-rtx-5050-8go.html,1,2249.0
pc_bureau,MYTEK,Économique,0,https://www.mytek.tn/pc-de-bureau-gamer-mytek-i5-11e-gen-16go-rtx-5050-8go.html,2,2249.0
pc_bureau,MYTEK,Économique,0,https://www.mytek.tn/pc-de-bureau-gamer-mytek-i5-11e-gen-16go-rtx-5050-8go.html,3,2249.0
pc_bureau,MYTEK,Économique,0,https://www.mytek.tn/pc-de-bureau-gamer-mytek-i5-11e-gen-16go-rtx-5050-8go.html,4,2249.0
pc_bureau,MYTEK,Économique,0,https://www.mytek.tn/pc-de-bureau-gamer-mytek-i5-12e-gen-16g-rtx-3050-6g.html,1,2299.0
pc_bureau,MYTEK,Économique,0,https://www.mytek.tn/pc-de-bureau-gamer-mytek-i5-12e-gen-16g-rtx-3050-6g.html,2,2299.0
pc_bureau,MYTEK,Économique,0,https://www.mytek.tn/pc-de-bureau-gamer-mytek-i5-12e-gen-16g-rtx-3050-6g.html,3,2299.0
pc_bureau,MYTEK,Économique,0,https://www.mytek.tn/pc-de-bureau-gamer-mytek-i5-12e-gen-16g-rtx-3050-6g.html,4,2299.0
pc_bureau,MYTEK,Économique,0,https://www.mytek.tn/pc-de-bureau-pro-mytek-i3-12eme-gen-16g-500go-ssd-noir.html,1,1579.0
pc_bureau,MYTEK,Économique,0,https://www.mytek.tn/pc-de-bureau-pro-mytek-i3-12eme-gen-16g-500go-ssd-noir.html,2,1579.0
pc_bureau,MYTEK,Économique,0,https://www.mytek.tn/pc-de-bureau-pro-mytek-i3-12eme-gen-16g-500go-ssd-noir.html,3,1579.0
pc_bureau,MYTEK,Économique,0,https://www.mytek.tn/pc-de-bureau-pro-mytek-i3-12eme-gen-16g-500go-ssd-noir.html,4,1579.0
pc_bureau,MYTEK,Économique,0,https://www.mytek.tn/pc-de-bureau-pro-mytek-i3-12eme-gen-32g-500go-ssd-noir.html,1,1999.0
pc_bureau,MYTEK,Économique,0,https://www.mytek.tn/pc-de-bureau-pro-mytek-i3-12eme-gen-32g-500go-ssd-noir.html,2,1999.0
pc_bureau,MYTEK,Économique,0,https://www.mytek.tn/pc-de-bureau-pro-mytek-i3-12eme-gen-32g-500go-ssd-noir.html,3,1999.0
pc_bureau,MYTEK,Économique,0,https://www.mytek.tn/pc-de-bureau-pro-mytek-i3-12eme-gen-32g-500go-ssd-noir.html,4,1999.0
pc_bureau,MYTEK,Économique,0,https://www.mytek.tn/pc-de-bureau-pro-mytek-i3-12eme-gen-8g-500go-ssd-noir.html,1,1379.0
pc_bureau,MYTEK,Économique,0,https://www.mytek.tn/pc-de-bureau-pro-mytek-i3-12eme-gen-8g-500go-ssd-noir.html,2,1379.0
pc_bureau,MYTEK,Économique,0,https://www.mytek.tn/pc-de-bureau-pro-mytek-i3-12eme-gen-8g-500go-ssd-noir.html,3,1379.0
pc_bureau,MYTEK,Économique,0,https://www.mytek.tn/pc-de-bureau-pro-mytek-i3-12eme-gen-8g-500go-ssd-noir.html,4,1379.0
pc_bureau,MYTEK,Économique,0,https://www.mytek.tn/pc-de-bureau-pro-mytek-i5-12eme-gen-16g-1to-ssd-noir.html,1,1849.0
pc_bureau,MYTEK,Économique,0,https://www.mytek.tn/pc-de-bureau-pro-mytek-i5-12eme-gen-16g-1to-ssd-noir.html,2,1849.0
pc_bureau,MYTEK,Économique,0,https://www.mytek.tn/pc-de-bureau-pro-mytek-i5-12eme-gen-16g-1to-ssd-noir.html,3,1849.0
pc_bureau,MYTEK,Économique,0,https://www.mytek.tn/pc-de-bureau-pro-mytek-i5-12eme-gen-16g-1to-ssd-noir.html,4,1849.0
pc_bureau,MYTEK,Économique,0,https://www.mytek.tn/pc-de-bureau-pro-mytek-i5-12eme-gen-16g-500go-ssd-noir.html,1,1699.0
pc_bureau,MYTEK,Économique,0,https://www.mytek.tn/pc-de-bureau-pro-mytek-i5-12eme-gen-16g-500go-ssd-noir.html,2,1699.0
pc_bureau,MYTEK,Économique,0,https://www.mytek.tn/pc-de-bureau-pro-mytek-i5-12eme-gen-16g-500go-ssd-noir.html,3,1699.0
pc_bureau,MYTEK,Économique,0,https://www.mytek.tn/pc-de-bureau-pro-mytek-i5-12eme-gen-16g-500go-ssd-noir.html,4,1699.0
pc_bureau,MYTEK,Économique,0,https://www.mytek.tn/pc-de-bureau-pro-mytek-i5-12eme-gen-32g-500go-ssd-noir.html,1,2169.0
pc_bureau,MYTEK,Économique,0,https://www.mytek.tn/pc-de-bureau-pro-mytek-i5-12eme-gen-32g-500go-ssd-noir.html,2,2169.0
pc_bureau,MYTEK,Économique,0,https://www.mytek.tn/pc-de-bureau-pro-mytek-i5-12eme-gen-32g-500go-ssd-noir.html,3,2169.0
pc_bureau,MYTEK,Économique,0,https://www.mytek.tn/pc-de-bureau-pro-mytek-i5-12eme-gen-32g-500go-ssd-noir.html,4,2169.0
pc_bureau,MYTEK,Économique,0,https://www.mytek.tn/pc-de-bureau-pro-mytek-i5-12eme-gen-8g-500go-ssd-noir.html,1,1499.0
pc_bureau,MYTEK,Économique,0,https://www.mytek.tn/pc-de-bureau-pro-mytek-i5-12eme-gen-8g-500go-ssd-noir.html,2,1499.0
pc_bureau,MYTEK,Économique,0,https://www.mytek.tn/pc-de-bureau-pro-mytek-i5-12eme-gen-8g-500go-ssd-noir.html,3,1499.0
pc_bureau,MYTEK,Économique,0,https://www.mytek.tn/pc-de-bureau-pro-mytek-i5-12eme-gen-8g-500go-ssd-noir.html,4,1499.0
pc_bureau,MYTEK,Économique,1,https://www.mytek.tn/pc-de-bureau-gamer-mytek-amd-ryzen-5-16g-rtx-3050-6g.html,1,2049.0
pc_bureau,MYTEK,Économique,1,https://www.mytek.tn/pc-de-bureau-gamer-mytek-amd-ryzen-5-16g-rtx-3050-6g.html,2,2049.0
pc_bureau,MYTEK,Économique,1,https://www.mytek.tn/pc-de-bureau-gamer-mytek-amd-ryzen-5-16g-rtx-3050-6g.html,3,2049.0
pc_bureau,MYTEK,Économique,1,https://www.mytek.tn/pc-de-bureau-gamer-mytek-amd-ryzen-5-16g-rtx-3050-6g.html,4,2049.0
pc_bureau,MYTEK,Économique,1,https://www.mytek.tn/pc-de-bureau-pro-mytek-amd-ryzen-3-16g-500g-ssd-noir.html,1,1189.0
pc_bureau,MYTEK,Économique,1,https://www.mytek.tn/pc-de-bureau-pro-mytek-amd-ryzen-3-16g-500g-ssd-noir.html,2,1189.0
pc_bureau,MYTEK,Économique,1,https://www.mytek.tn/pc-de-bureau-pro-mytek-amd-ryzen-3-16g-500g-ssd-noir.html,3,1189.0
pc_bureau,MYTEK,Économique,1,https://www.mytek.tn/pc-de-bureau-pro-mytek-amd-ryzen-3-16g-500g-ssd-noir.html,4,1189.0
pc_bureau,MYTEK,Économique,1,https://www.mytek.tn/pc-de-bureau-pro-mytek-amd-ryzen-3-32g-500g-ssd-noir.html,1,1619.0
pc_bureau,MYTEK,Économique,1,https://www.mytek.tn/pc-de-bureau-pro-mytek-amd-ryzen-3-32g-500g-ssd-noir.html,2,1619.0
pc_bureau,MYTEK,Économique,1,https://www.mytek.tn/pc-de-bureau-pro-mytek-amd-ryzen-3-32g-500g-ssd-noir.html,3,1619.0
pc_bureau,MYTEK,Économique,1,https://www.mytek.tn/pc-de-bureau-pro-mytek-amd-ryzen-3-32g-500g-ssd-noir.html,4,1619.0
pc_bureau,MYTEK,Économique,1,https://www.mytek.tn/pc-de-bureau-pro-mytek-amd-ryzen-3-8g-500g-ssd-noir.html,1,979.0
pc_bureau,MYTEK,Économique,1,https://www.mytek.tn/pc-de-bureau-pro-mytek-amd-ryzen-3-8g-500g-ssd-noir.html,2,979.0
pc_bureau,MYTEK,Économique,1,https://www.mytek.tn/pc-de-bureau-pro-mytek-amd-ryzen-3-8g-500g-ssd-noir.html,3,979.0
pc_bureau,MYTEK,Économique,1,https://www.mytek.tn/pc-de-bureau-pro-mytek-amd-ryzen-3-8g-500g-ssd-noir.html,4,979.0
pc_bureau,MYTEK,Économique,1,https://www.mytek.tn/pc-de-bureau-pro-mytek-amd-ryzen-5-16go-500go-ssd-noir.html,1,1499.0
pc_bureau,MYTEK,Économique,1,https://www.mytek.tn/pc-de-bureau-pro-mytek-amd-ryzen-5-16go-500go-ssd-noir.html,2,1499.0
pc_bureau,MYTEK,Économique,1,https://www.mytek.tn/pc-de-bureau-pro-mytek-amd-ryzen-5-16go-500go-ssd-noir.html,3,1499.0
pc_bureau,MYTEK,Économique,1,https://www.mytek.tn/pc-de-bureau-pro-mytek-amd-ryzen-5-16go-500go-ssd-noir.html,4,1499.0
pc_bureau,MYTEK,Économique,1,https://www.mytek.tn/pc-de-bureau-pro-mytek-amd-ryzen-5-16go-512go-ssd-noir.html,1,999.0
pc_bureau,MYTEK,Économique,1,https://www.mytek.tn/pc-de-bureau-pro-mytek-amd-ryzen-5-16go-512go-ssd-noir.html,2,999.0
pc_bureau,MYTEK,Économique,1,https://www.mytek.tn/pc-de-bureau-pro-mytek-amd-ryzen-5-16go-512go-ssd-noir.html,3,999.0
pc_bureau,MYTEK,Économique,1,https://www.mytek.tn/pc-de-bureau-pro-mytek-amd-ryzen5-16go-500go-ssd-noir.html,1,1469.0
pc_bureau,MYTEK,Économique,1,https://www.mytek.tn/pc-de-bureau-pro-mytek-amd-ryzen5-16go-500go-ssd-noir.html,2,1469.0
pc_bureau,MYTEK,Économique,1,https://www.mytek.tn/pc-de-bureau-pro-mytek-amd-ryzen5-16go-500go-ssd-noir.html,3,1469.0
pc_bureau,MYTEK,Économique,1,https://www.mytek.tn/pc-de-bureau-pro-mytek-amd-ryzen5-32go-500go-ssd-noir.html,1,1899.0
pc_bureau,MYTEK,Économique,1,https://www.mytek.tn/pc-de-bureau-pro-mytek-amd-ryzen5-32go-500go-ssd-noir.html,2,1899.0
pc_bureau,MYTEK,Économique,1,https://www.mytek.tn/pc-de-bureau-pro-mytek-amd-ryzen5-32go-500go-ssd-noir.html,3,1899.0
pc_bureau,MYTEK,Économique,1,https://www.mytek.tn/pc-de-bureau-pro-mytek-amd-ryzen5-8go-500go-ssd-noir.html,1,1259.0
pc_bureau,MYTEK,Économique,1,https://www.mytek.tn/pc-de-bureau-pro-mytek-amd-ryzen5-8go-500go-ssd-noir.html,2,1259.0
pc_bureau,MYTEK,Économique,1,https://www.mytek.tn/pc-de-bureau-pro-mytek-amd-ryzen5-8go-500go-ssd-noir.html,3,1259.0
pc_bureau,MYTEK,Économique,1,https://www.mytek.tn/pc-de-bureau-pro-mytek-intel-celeron-g5900-16go-240go-ssd-noir.html,1,829.0
pc_bureau,MYTEK,Économique,1,https://www.mytek.tn/pc-de-bureau-pro-mytek-intel-celeron-g5900-16go-240go-ssd-noir.html,2,829.0
pc_bureau,MYTEK,Économique,1,https://www.mytek.tn/pc-de-bureau-pro-mytek-intel-celeron-g5900-16go-240go-ssd-noir.html,3,829.0
pc_bureau,MYTEK,Économique,1,https://www.mytek.tn/pc-de-bureau-pro-mytek-intel-celeron-g5900-16go-240go-ssd-noir.html,4,829.0
