categorie,marque,gamme,cluster_segmentation,cle_produit,semaine,prix_tnd
smartphones,HONOR,Milieu de gamme,profil_descriptif,https://www.mytek.tn/smartphone-honor-400-lite-5g-8go-256go-gris.html,1,959.0
smartphones,HONOR,Milieu de gamme,profil_descriptif,https://www.mytek.tn/smartphone-honor-x7d-4g-8go-256go-desert-gold.html,1,799.0
smartphones,HONOR,Milieu de gamme,profil_descriptif,https://www.mytek.tn/smartphone-honor-x7d-4g-8go-256go-desert-gold.html,2,799.0
smartphones,HONOR,Milieu de gamme,profil_descriptif,https://www.mytek.tn/smartphone-honor-x7d-4g-8go-256go-desert-gold.html,3,799.0
smartphones,HONOR,Milieu de gamme,profil_descriptif,https://www.mytek.tn/smartphone-honor-x7d-4g-8go-256go-desert-gold.html,4,799.0
smartphones,HONOR,Milieu de gamme,profil_descriptif,https://www.mytek.tn/smartphone-honor-x7d-4g-8go-256go-meteor-silver.html,1,799.0
smartphones,HONOR,Milieu de gamme,profil_descriptif,https://www.mytek.tn/smartphone-honor-x7d-4g-8go-256go-meteor-silver.html,2,799.0
smartphones,HONOR,Milieu de gamme,profil_descriptif,https://www.mytek.tn/smartphone-honor-x7d-4g-8go-256go-meteor-silver.html,3,799.0
smartphones,HONOR,Milieu de gamme,profil_descriptif,https://www.mytek.tn/smartphone-honor-x7d-4g-8go-256go-meteor-silver.html,4,799.0
smartphones,HONOR,Milieu de gamme,profil_descriptif,https://www.mytek.tn/smartphone-honor-x7d-4g-8go-256go-velvet-black.html,1,799.0
smartphones,HONOR,Milieu de gamme,profil_descriptif,https://www.mytek.tn/smartphone-honor-x7d-4g-8go-256go-velvet-black.html,2,799.0
smartphones,HONOR,Milieu de gamme,profil_descriptif,https://www.mytek.tn/smartphone-honor-x7d-4g-8go-256go-velvet-black.html,3,799.0
smartphones,HONOR,Milieu de gamme,profil_descriptif,https://www.mytek.tn/smartphone-honor-x7d-4g-8go-256go-velvet-black.html,4,799.0
smartphones,HONOR,Milieu de gamme,profil_descriptif,https://www.mytek.tn/smartphone-honor-x7d-5g-8go-256go-desert-gold.html,1,799.0
smartphones,HONOR,Milieu de gamme,profil_descriptif,https://www.mytek.tn/smartphone-honor-x7d-5g-8go-256go-meteor-silver.html,1,799.0
smartphones,HONOR,Milieu de gamme,profil_descriptif,https://www.mytek.tn/smartphone-honor-x7d-5g-8go-256go-velvet-black.html,1,799.0
smartphones,HONOR,Milieu de gamme,profil_descriptif,https://www.mytek.tn/smartphone-honor-x7d-5g-8go-256go-velvet-black.html,2,799.0
smartphones,HONOR,Milieu de gamme,profil_descriptif,https://www.mytek.tn/smartphone-honor-x7d-5g-8go-256go-velvet-black.html,3,799.0
smartphones,HONOR,Milieu de gamme,profil_descriptif,https://www.mytek.tn/smartphone-honor-x8d-4g-8go-256go-bleu-clair.html,1,979.0
smartphones,HONOR,Milieu de gamme,profil_descriptif,https://www.mytek.tn/smartphone-honor-x8d-4g-8go-256go-bleu-clair.html,2,979.0
smartphones,HONOR,Milieu de gamme,profil_descriptif,https://www.mytek.tn/smartphone-honor-x8d-4g-8go-256go-bleu-clair.html,3,979.0
smartphones,HONOR,Milieu de gamme,profil_descriptif,https://www.mytek.tn/smartphone-honor-x8d-4g-8go-256go-bleu-clair.html,4,979.0
smartphones,HONOR,Milieu de gamme,profil_descriptif,https://www.mytek.tn/smartphone-honor-x8d-4g-8go-256go-velvet-noir.html,1,979.0
smartphones,HONOR,Milieu de gamme,profil_descriptif,https://www.mytek.tn/smartphone-honor-x8d-4g-8go-256go-velvet-noir.html,2,979.0
smartphones,HONOR,Milieu de gamme,profil_descriptif,https://www.mytek.tn/smartphone-honor-x8d-4g-8go-256go-velvet-noir.html,3,979.0
smartphones,HONOR,Milieu de gamme,profil_descriptif,https://www.mytek.tn/smartphone-honor-x8d-4g-8go-256go-velvet-noir.html,4,979.0
smartphones,HONOR,Milieu de gamme,profil_descriptif,https://www.mytek.tn/smartphone-honor-x8d-4g-8go-256go-velvet-vert.html,1,979.0
smartphones,HONOR,Milieu de gamme,profil_descriptif,https://www.mytek.tn/smartphone-honor-x8d-4g-8go-256go-velvet-vert.html,2,979.0
smartphones,HONOR,Milieu de gamme,profil_descriptif,https://www.mytek.tn/smartphone-honor-x8d-4g-8go-256go-velvet-vert.html,3,979.0
smartphones,HONOR,Milieu de gamme,profil_descriptif,https://www.mytek.tn/smartphone-honor-x8d-4g-8go-256go-velvet-vert.html,4,979.0
smartphones,HONOR,Premium,profil_descriptif,https://www.mytek.tn/smartphone-honor-600-5g-256go-12go-golden-white.html,1,1999.0
smartphones,HONOR,Premium,profil_descriptif,https://www.mytek.tn/smartphone-honor-600-5g-256go-12go-golden-white.html,2,1999.0
smartphones,HONOR,Premium,profil_descriptif,https://www.mytek.tn/smartphone-honor-600-5g-256go-12go-golden-white.html,3,1999.0
smartphones,HONOR,Premium,profil_descriptif,https://www.mytek.tn/smartphone-honor-600-5g-256go-12go-golden-white.html,4,1999.0
smartphones,HONOR,Premium,profil_descriptif,https://www.mytek.tn/smartphone-honor-600-5g-256go-12go-noir.html,1,1999.0
smartphones,HONOR,Premium,profil_descriptif,https://www.mytek.tn/smartphone-honor-600-5g-256go-12go-noir.html,2,1999.0
smartphones,HONOR,Premium,profil_descriptif,https://www.mytek.tn/smartphone-honor-600-5g-256go-12go-noir.html,3,1999.0
smartphones,HONOR,Premium,profil_descriptif,https://www.mytek.tn/smartphone-honor-600-5g-256go-12go-noir.html,4,1999.0
smartphones,HONOR,Premium,profil_descriptif,https://www.mytek.tn/smartphone-honor-600-5g-256go-12go-orange.html,1,1999.0
smartphones,HONOR,Premium,profil_descriptif,https://www.mytek.tn/smartphone-honor-600-5g-256go-12go-orange.html,2,1999.0
smartphones,HONOR,Premium,profil_descriptif,https://www.mytek.tn/smartphone-honor-600-5g-256go-12go-orange.html,3,1999.0
smartphones,HONOR,Premium,profil_descriptif,https://www.mytek.tn/smartphone-honor-600-5g-256go-12go-orange.html,4,1999.0
smartphones,HONOR,Premium,profil_descriptif,https://www.mytek.tn/smartphone-honor-600-lite-5g-8go-256go-gris.html,1,1399.0
smartphones,HONOR,Premium,profil_descriptif,https://www.mytek.tn/smartphone-honor-600-lite-5g-8go-256go-gris.html,2,1399.0
smartphones,HONOR,Premium,profil_descriptif,https://www.mytek.tn/smartphone-honor-600-lite-5g-8go-256go-gris.html,3,1399.0
smartphones,HONOR,Premium,profil_descriptif,https://www.mytek.tn/smartphone-honor-600-lite-5g-8go-256go-gris.html,4,1399.0
smartphones,HONOR,Premium,profil_descriptif,https://www.mytek.tn/smartphone-honor-600-lite-5g-8go-256go-noir.html,1,1399.0
smartphones,HONOR,Premium,profil_descriptif,https://www.mytek.tn/smartphone-honor-600-lite-5g-8go-256go-noir.html,2,1399.0
smartphones,HONOR,Premium,profil_descriptif,https://www.mytek.tn/smartphone-honor-600-lite-5g-8go-256go-noir.html,3,1399.0
smartphones,HONOR,Premium,profil_descriptif,https://www.mytek.tn/smartphone-honor-600-lite-5g-8go-256go-noir.html,4,1399.0
smartphones,HONOR,Premium,profil_descriptif,https://www.mytek.tn/smartphone-honor-600-lite-5g-8go-256go-vert.html,1,1399.0
smartphones,HONOR,Premium,profil_descriptif,https://www.mytek.tn/smartphone-honor-600-lite-5g-8go-256go-vert.html,2,1399.0
smartphones,HONOR,Premium,profil_descriptif,https://www.mytek.tn/smartphone-honor-600-lite-5g-8go-256go-vert.html,3,1399.0
smartphones,HONOR,Premium,profil_descriptif,https://www.mytek.tn/smartphone-honor-600-lite-5g-8go-256go-vert.html,4,1399.0
smartphones,HONOR,Premium,profil_descriptif,https://www.mytek.tn/smartphone-honor-x9b-5g-12go-256go-orange.html,1,1199.0
smartphones,HONOR,Premium,profil_descriptif,https://www.mytek.tn/smartphone-honor-x9b-5g-12go-256go-orange.html,2,1199.0
smartphones,HONOR,Premium,profil_descriptif,https://www.mytek.tn/smartphone-honor-x9b-5g-12go-256go-orange.html,3,1199.0
smartphones,HONOR,Premium,profil_descriptif,https://www.mytek.tn/smartphone-honor-x9b-5g-12go-256go-orange.html,4,1199.0
smartphones,HONOR,Premium,profil_descriptif,https://www.mytek.tn/smartphone-honor-x9d-5g-12go-256go-gold.html,1,1499.0
smartphones,HONOR,Premium,profil_descriptif,https://www.mytek.tn/smartphone-honor-x9d-5g-12go-256go-gold.html,2,1499.0
smartphones,HONOR,Premium,profil_descriptif,https://www.mytek.tn/smartphone-honor-x9d-5g-12go-256go-gold.html,3,1499.0
smartphones,HONOR,Premium,profil_descriptif,https://www.mytek.tn/smartphone-honor-x9d-5g-12go-256go-gold.html,4,1499.0
smartphones,HONOR,Premium,profil_descriptif,https://www.mytek.tn/smartphone-honor-x9d-5g-12go-256go-marron-rougeatre.html,1,1499.0
smartphones,HONOR,Premium,profil_descriptif,https://www.mytek.tn/smartphone-honor-x9d-5g-12go-256go-marron-rougeatre.html,2,1499.0
smartphones,HONOR,Premium,profil_descriptif,https://www.mytek.tn/smartphone-honor-x9d-5g-12go-256go-marron-rougeatre.html,3,1499.0
smartphones,HONOR,Premium,profil_descriptif,https://www.mytek.tn/smartphone-honor-x9d-5g-12go-256go-marron-rougeatre.html,4,1499.0
smartphones,HONOR,Premium,profil_descriptif,https://www.mytek.tn/smartphone-honor-x9d-5g-12go-256go-noir-de-minuit.html,1,1499.0
smartphones,HONOR,Premium,profil_descriptif,https://www.mytek.tn/smartphone-honor-x9d-5g-12go-256go-noir-de-minuit.html,2,1499.0
smartphones,HONOR,Premium,profil_descriptif,https://www.mytek.tn/smartphone-honor-x9d-5g-12go-256go-noir-de-minuit.html,3,1499.0
smartphones,HONOR,Premium,profil_descriptif,https://www.mytek.tn/smartphone-honor-x9d-5g-12go-256go-noir-de-minuit.html,4,1499.0
smartphones,HONOR,Économique,profil_descriptif,https://www.mytek.tn/smartphone-honor-x5b-plus-4go-128go-bleu.html,1,469.0
smartphones,HONOR,Économique,profil_descriptif,https://www.mytek.tn/smartphone-honor-x5b-plus-4go-128go-bleu.html,2,469.0
smartphones,HONOR,Économique,profil_descriptif,https://www.mytek.tn/smartphone-honor-x5b-plus-4go-128go-bleu.html,3,469.0
smartphones,HONOR,Économique,profil_descriptif,https://www.mytek.tn/smartphone-honor-x5b-plus-4go-128go-bleu.html,4,469.0
smartphones,HONOR,Économique,profil_descriptif,https://www.mytek.tn/smartphone-honor-x5c-4go-64go-bleu.html,1,379.0
smartphones,HONOR,Économique,profil_descriptif,https://www.mytek.tn/smartphone-honor-x5c-4go-64go-bleu.html,2,379.0
smartphones,HONOR,Économique,profil_descriptif,https://www.mytek.tn/smartphone-honor-x5c-4go-64go-bleu.html,3,379.0
smartphones,HONOR,Économique,profil_descriptif,https://www.mytek.tn/smartphone-honor-x5c-4go-64go-bleu.html,4,379.0
smartphones,HONOR,Économique,profil_descriptif,https://www.mytek.tn/smartphone-honor-x5c-plus-4g-128go-4go-midnight-black.html,1,479.0
smartphones,HONOR,Économique,profil_descriptif,https://www.mytek.tn/smartphone-honor-x5c-plus-4g-128go-4go-midnight-black.html,2,479.0
smartphones,HONOR,Économique,profil_descriptif,https://www.mytek.tn/smartphone-honor-x5c-plus-4g-128go-4go-midnight-black.html,3,479.0
smartphones,HONOR,Économique,profil_descriptif,https://www.mytek.tn/smartphone-honor-x5c-plus-4g-128go-4go-midnight-black.html,4,479.0
smartphones,HONOR,Économique,profil_descriptif,https://www.mytek.tn/smartphone-honor-x5c-plus-4g-4go-128go-ocean-cyan.html,1,479.0
smartphones,HONOR,Économique,profil_descriptif,https://www.mytek.tn/smartphone-honor-x5c-plus-4g-4go-128go-ocean-cyan.html,2,479.0
smartphones,HONOR,Économique,profil_descriptif,https://www.mytek.tn/smartphone-honor-x5c-plus-4g-4go-128go-ocean-cyan.html,3,479.0
smartphones,HONOR,Économique,profil_descriptif,https://www.mytek.tn/smartphone-honor-x5c-plus-4g-4go-128go-ocean-cyan.html,4,479.0
smartphones,HONOR,Économique,profil_descriptif,https://www.mytek.tn/smartphone-honor-x6c-12go-128go-4g-cyan.html,1,499.0
smartphones,HONOR,Économique,profil_descriptif,https://www.mytek.tn/smartphone-honor-x6c-12go-256go-4g-blanc.html,1,599.0
smartphones,HONOR,Économique,profil_descriptif,https://www.mytek.tn/smartphone-honor-x6c-12go-256go-4g-blanc.html,2,599.0
smartphones,HONOR,Économique,profil_descriptif,https://www.mytek.tn/smartphone-honor-x6c-12go-256go-4g-blanc.html,3,599.0
smartphones,HONOR,Économique,profil_descriptif,https://www.mytek.tn/smartphone-honor-x6c-12go-256go-4g-blanc.html,4,599.0
smartphones,HONOR,Économique,profil_descriptif,https://www.mytek.tn/smartphone-honor-x6c-12go-256go-4g-cyan.html,1,599.0
smartphones,HONOR,Économique,profil_descriptif,https://www.mytek.tn/smartphone-honor-x6c-12go-256go-4g-cyan.html,2,599.0
smartphones,HONOR,Économique,profil_descriptif,https://www.mytek.tn/smartphone-honor-x6c-12go-256go-4g-cyan.html,3,599.0
smartphones,HONOR,Économique,profil_descriptif,https://www.mytek.tn/smartphone-honor-x6c-12go-256go-4g-cyan.html,4,599.0
smartphones,HONOR,Économique,profil_descriptif,https://www.mytek.tn/smartphone-honor-x7d-5g-6go-128go-desert-gold.html,1,639.0
smartphones,HONOR,Économique,profil_descriptif,https://www.mytek.tn/smartphone-honor-x7d-5g-6go-128go-desert-gold.html,2,639.0
smartphones,HONOR,Économique,profil_descriptif,https://www.mytek.tn/smartphone-honor-x7d-5g-6go-128go-desert-gold.html,3,639.0
smartphones,HONOR,Économique,profil_descriptif,https://www.mytek.tn/smartphone-honor-x7d-5g-6go-128go-desert-gold.html,4,639.0
smartphones,HONOR,Économique,profil_descriptif,https://www.mytek.tn/smartphone-honor-x7d-5g-6go-128go-meteor-silver.html,1,639.0
smartphones,HONOR,Économique,profil_descriptif,https://www.mytek.tn/smartphone-honor-x7d-5g-6go-128go-meteor-silver.html,2,639.0
smartphones,HONOR,Économique,profil_descriptif,https://www.mytek.tn/smartphone-honor-x7d-5g-6go-128go-meteor-silver.html,3,639.0
smartphones,HONOR,Économique,profil_descriptif,https://www.mytek.tn/smartphone-honor-x7d-5g-6go-128go-meteor-silver.html,4,639.0
smartphones,HONOR,Économique,profil_descriptif,https://www.mytek.tn/smartphone-honor-x7d-5g-6go-128go-velvet-black.html,1,639.0
smartphones,HONOR,Économique,profil_descriptif,https://www.mytek.tn/smartphone-honor-x7d-5g-6go-128go-velvet-black.html,2,639.0
smartphones,HONOR,Économique,profil_descriptif,https://www.mytek.tn/smartphone-honor-x7d-5g-6go-128go-velvet-black.html,3,639.0
smartphones,HONOR,Économique,profil_descriptif,https://www.mytek.tn/smartphone-honor-x7d-5g-6go-128go-velvet-black.html,4,639.0
smartphones,INFINIX,Milieu de gamme,profil_descriptif,https://www.mytek.tn/smartphone-infinix-hot-60-pro-plus-4g-8-8go-256go-coral-tides.html,1,799.0
smartphones,INFINIX,Milieu de gamme,profil_descriptif,https://www.mytek.tn/smartphone-infinix-hot-60-pro-plus-4g-8-8go-256go-coral-tides.html,2,799.0
smartphones,INFINIX,Milieu de gamme,profil_descriptif,https://www.mytek.tn/smartphone-infinix-hot-60-pro-plus-4g-8-8go-256go-coral-tides.html,3,799.0
smartphones,INFINIX,Milieu de gamme,profil_descriptif,https://www.mytek.tn/smartphone-infinix-hot-60-pro-plus-4g-8-8go-256go-coral-tides.html,4,799.0
smartphones,INFINIX,Milieu de gamme,profil_descriptif,https://www.mytek.tn/smartphone-infinix-hot-60-pro-plus-4g-8-8go-256go-misty-violet.html,1,799.0
smartphones,INFINIX,Milieu de gamme,profil_descriptif,https://www.mytek.tn/smartphone-infinix-hot-60-pro-plus-4g-8-8go-256go-misty-violet.html,2,799.0
smartphones,INFINIX,Milieu de gamme,profil_descriptif,https://www.mytek.tn/smartphone-infinix-hot-60-pro-plus-4g-8-8go-256go-misty-violet.html,3,799.0
smartphones,INFINIX,Milieu de gamme,profil_descriptif,https://www.mytek.tn/smartphone-infinix-hot-60-pro-plus-4g-8-8go-256go-misty-violet.html,4,799.0
smartphones,INFINIX,Milieu de gamme,profil_descriptif,https://www.mytek.tn/smartphone-infinix-hot-60-pro-plus-4g-8-8go-256go-sleek-black.html,1,799.0
smartphones,INFINIX,Milieu de gamme,profil_descriptif,https://www.mytek.tn/smartphone-infinix-hot-60-pro-plus-4g-8-8go-256go-sleek-black.html,2,799.0
smartphones,INFINIX,Milieu de gamme,profil_descriptif,https://www.mytek.tn/smartphone-infinix-hot-60-pro-plus-4g-8-8go-256go-sleek-black.html,3,799.0
smartphones,INFINIX,Milieu de gamme,profil_descriptif,https://www.mytek.tn/smartphone-infinix-hot-60-pro-plus-4g-8-8go-256go-sleek-black.html,4,799.0
smartphones,INFINIX,Milieu de gamme,profil_descriptif,https://www.mytek.tn/smartphone-infinix-hot-60-pro-plus-4g-8-8go-256go-sonic-yellow.html,1,799.0
smartphones,INFINIX,Milieu de gamme,profil_descriptif,https://www.mytek.tn/smartphone-infinix-hot-60-pro-plus-4g-8-8go-256go-sonic-yellow.html,2,799.0
smartphones,INFINIX,Milieu de gamme,profil_descriptif,https://www.mytek.tn/smartphone-infinix-hot-60-pro-plus-4g-8-8go-256go-sonic-yellow.html,3,799.0
smartphones,INFINIX,Milieu de gamme,profil_descriptif,https://www.mytek.tn/smartphone-infinix-hot-60-pro-plus-4g-8-8go-256go-sonic-yellow.html,4,799.0
smartphones,INFINIX,Milieu de gamme,profil_descriptif,https://www.mytek.tn/smartphone-infinix-hot-60-pro-plus-4g-8-8go-256go-titanium-silver.html,1,799.0
smartphones,INFINIX,Milieu de gamme,profil_descriptif,https://www.mytek.tn/smartphone-infinix-hot-60-pro-plus-4g-8-8go-256go-titanium-silver.html,2,799.0
smartphones,INFINIX,Milieu de gamme,profil_descriptif,https://www.mytek.tn/smartphone-infinix-hot-60-pro-plus-4g-8-8go-256go-titanium-silver.html,3,799.0
smartphones,INFINIX,Milieu de gamme,profil_descriptif,https://www.mytek.tn/smartphone-infinix-hot-60-pro-plus-4g-8-8go-256go-titanium-silver.html,4,799.0
smartphones,INFINIX,Milieu de gamme,profil_descriptif,https://www.mytek.tn/smartphone-infinix-note-40-5g-pro-24go-256go-edition-racing-gris.html,1,999.0
smartphones,INFINIX,Milieu de gamme,profil_descriptif,https://www.mytek.tn/smartphone-infinix-note-60-edge-5g-16go-256go-lunar-titanium.html,1,1129.0
smartphones,INFINIX,Milieu de gamme,profil_descriptif,https://www.mytek.tn/smartphone-infinix-note-60-edge-5g-16go-256go-lunar-titanium.html,2,1129.0
smartphones,INFINIX,Milieu de gamme,profil_descriptif,https://www.mytek.tn/smartphone-infinix-note-60-edge-5g-16go-256go-lunar-titanium.html,3,1129.0
smartphones,INFINIX,Milieu de gamme,profil_descriptif,https://www.mytek.tn/smartphone-infinix-note-60-edge-5g-16go-256go-lunar-titanium.html,4,1129.0
smartphones,INFINIX,Milieu de gamme,profil_descriptif,https://www.mytek.tn/smartphone-infinix-note-60-edge-5g-16go-256go-shadow-black.html,1,1129.0
smartphones,INFINIX,Milieu de gamme,profil_descriptif,https://www.mytek.tn/smartphone-infinix-note-60-edge-5g-16go-256go-shadow-black.html,2,1129.0
smartphones,INFINIX,Milieu de gamme,profil_descriptif,https://www.mytek.tn/smartphone-infinix-note-60-edge-5g-16go-256go-shadow-black.html,3,1129.0
smartphones,INFINIX,Milieu de gamme,profil_descriptif,https://www.mytek.tn/smartphone-infinix-note-60-edge-5g-16go-256go-shadow-black.html,4,1129.0
smartphones,INFINIX,Milieu de gamme,profil_descriptif,https://www.mytek.tn/smartphone-infinix-note-60-edge-5g-16go-256go-silk-green.html,1,1129.0
smartphones,INFINIX,Milieu de gamme,profil_descriptif,https://www.mytek.tn/smartphone-infinix-note-60-edge-5g-16go-256go-silk-green.html,2,1129.0
smartphones,INFINIX,Milieu de gamme,profil_descriptif,https://www.mytek.tn/smartphone-infinix-note-60-edge-5g-16go-256go-silk-green.html,3,1129.0
smartphones,INFINIX,Milieu de gamme,profil_descriptif,https://www.mytek.tn/smartphone-infinix-note-60-edge-5g-16go-256go-silk-green.html,4,1129.0
smartphones,INFINIX,Premium,profil_descriptif,https://www.mytek.tn/smartphone-infinix-gt-50-pro-5g-12go-256go-noir.html,1,1869.0
smartphones,INFINIX,Premium,profil_descriptif,https://www.mytek.tn/smartphone-infinix-gt-50-pro-5g-12go-256go-noir.html,2,1869.0
smartphones,INFINIX,Premium,profil_descriptif,https://www.mytek.tn/smartphone-infinix-gt-50-pro-5g-12go-256go-noir.html,3,1869.0
smartphones,INFINIX,Premium,profil_descriptif,https://www.mytek.tn/smartphone-infinix-gt-50-pro-5g-12go-256go-noir.html,4,1869.0
smartphones,INFINIX,Premium,profil_descriptif,https://www.mytek.tn/smartphone-infinix-gt-50-pro-5g-12go-256go-rouge.html,1,1869.0
smartphones,INFINIX,Premium,profil_descriptif,https://www.mytek.tn/smartphone-infinix-gt-50-pro-5g-12go-256go-rouge.html,2,1869.0
smartphones,INFINIX,Premium,profil_descriptif,https://www.mytek.tn/smartphone-infinix-gt-50-pro-5g-12go-256go-rouge.html,3,1869.0
smartphones,INFINIX,Premium,profil_descriptif,https://www.mytek.tn/smartphone-infinix-gt-50-pro-5g-12go-256go-rouge.html,4,1869.0
smartphones,INFINIX,Premium,profil_descriptif,https://www.mytek.tn/smartphone-infinix-note-60-pro-5g-12go-256go-deep-ocean-blue.html,1,1569.0
smartphones,INFINIX,Premium,profil_descriptif,https://www.mytek.tn/smartphone-infinix-note-60-pro-5g-12go-256go-deep-ocean-blue.html,2,1569.0
smartphones,INFINIX,Premium,profil_descriptif,https://www.mytek.tn/smartphone-infinix-note-60-pro-5g-12go-256go-deep-ocean-blue.html,3,1569.0
smartphones,INFINIX,Premium,profil_descriptif,https://www.mytek.tn/smartphone-infinix-note-60-pro-5g-12go-256go-deep-ocean-blue.html,4,1569.0
smartphones,INFINIX,Premium,profil_descriptif,https://www.mytek.tn/smartphone-infinix-note-60-pro-5g-12go-256go-orange.html,1,1569.0
smartphones,INFINIX,Premium,profil_descriptif,https://www.mytek.tn/smartphone-infinix-note-60-pro-5g-12go-256go-orange.html,2,1569.0
smartphones,INFINIX,Premium,profil_descriptif,https://www.mytek.tn/smartphone-infinix-note-60-pro-5g-12go-256go-orange.html,3,1569.0
smartphones,INFINIX,Premium,profil_descriptif,https://www.mytek.tn/smartphone-infinix-note-60-pro-5g-12go-256go-orange.html,4,1569.0
smartphones,INFINIX,Premium,profil_descriptif,https://www.mytek.tn/smartphone-infinix-note-60-pro-5g-12go-256go-titanium.html,1,1569.0
smartphones,INFINIX,Premium,profil_descriptif,https://www.mytek.tn/smartphone-infinix-note-60-pro-5g-12go-256go-titanium.html,2,1569.0
smartphones,INFINIX,Premium,profil_descriptif,https://www.mytek.tn/smartphone-infinix-note-60-pro-5g-12go-256go-titanium.html,3,1569.0
smartphones,INFINIX,Premium,profil_descriptif,https://www.mytek.tn/smartphone-infinix-note-60-pro-5g-12go-256go-titanium.html,4,1569.0
smartphones,INFINIX,Économique,profil_descriptif,https://www.mytek.tn/smartphone-infinix-smart-20-4go-128go-cloudine-blue.html,1,429.0
smartphones,INFINIX,Économique,profil_descriptif,https://www.mytek.tn/smartphone-infinix-smart-20-4go-128go-cloudine-blue.html,2,439.0
smartphones,INFINIX,Économique,profil_descriptif,https://www.mytek.tn/smartphone-infinix-smart-20-4go-128go-cloudine-blue.html,3,439.0
smartphones,INFINIX,Économique,profil_descriptif,https://www.mytek.tn/smartphone-infinix-smart-20-4go-128go-cloudine-blue.html,4,439.0
smartphones,INFINIX,Économique,profil_descriptif,https://www.mytek.tn/smartphone-infinix-smart-20-4go-128go-polaris-titanium.html,1,429.0
smartphones,INFINIX,Économique,profil_descriptif,https://www.mytek.tn/smartphone-infinix-smart-20-4go-128go-polaris-titanium.html,2,439.0
smartphones,INFINIX,Économique,profil_descriptif,https://www.mytek.tn/smartphone-infinix-smart-20-4go-128go-polaris-titanium.html,3,439.0
smartphones,INFINIX,Économique,profil_descriptif,https://www.mytek.tn/smartphone-infinix-smart-20-4go-128go-polaris-titanium.html,4,439.0
smartphones,INFINIX,Économique,profil_descriptif,https://www.mytek.tn/smartphone-infinix-smart-20-4go-128go-shadow-black.html,1,429.0
smartphones,INFINIX,Économique,profil_descriptif,https://www.mytek.tn/smartphone-infinix-smart-20-4go-128go-shadow-black.html,2,439.0
smartphones,INFINIX,Économique,profil_descriptif,https://www.mytek.tn/smartphone-infinix-smart-20-4go-128go-shadow-black.html,3,439.0
smartphones,INFINIX,Économique,profil_descriptif,https://www.mytek.tn/smartphone-infinix-smart-20-4go-128go-shadow-black.html,4,439.0
smartphones,INFINIX,Économique,profil_descriptif,https://www.mytek.tn/smartphone-infinix-smart-20-4go-128go-sunlike-orange.html,1,429.0
smartphones,INFINIX,Économique,profil_descriptif,https://www.mytek.tn/smartphone-infinix-smart-20-4go-128go-sunlike-orange.html,2,439.0
smartphones,INFINIX,Économique,profil_descriptif,https://www.mytek.tn/smartphone-infinix-smart-20-4go-128go-sunlike-orange.html,3,439.0
smartphones,INFINIX,Économique,profil_descriptif,https://www.mytek.tn/smartphone-infinix-smart-20-4go-128go-sunlike-orange.html,4,439.0
smartphones,INFINIX,Économique,profil_descriptif,https://www.mytek.tn/smartphone-infinix-smart-20-4go-64go-cloudine-blue.html,1,399.0
smartphones,INFINIX,Économique,profil_descriptif,https://www.mytek.tn/smartphone-infinix-smart-20-4go-64go-cloudine-blue.html,2,399.0
smartphones,INFINIX,Économique,profil_descriptif,https://www.mytek.tn/smartphone-infinix-smart-20-4go-64go-cloudine-blue.html,3,399.0
smartphones,INFINIX,Économique,profil_descriptif,https://www.mytek.tn/smartphone-infinix-smart-20-4go-64go-cloudine-blue.html,4,399.0
smartphones,INFINIX,Économique,profil_descriptif,https://www.mytek.tn/smartphone-infinix-smart-20-4go-64go-polaris-titanium.html,1,399.0
smartphones,INFINIX,Économique,profil_descriptif,https://www.mytek.tn/smartphone-infinix-smart-20-4go-64go-polaris-titanium.html,2,399.0
smartphones,INFINIX,Économique,profil_descriptif,https://www.mytek.tn/smartphone-infinix-smart-20-4go-64go-polaris-titanium.html,3,399.0
smartphones,INFINIX,Économique,profil_descriptif,https://www.mytek.tn/smartphone-infinix-smart-20-4go-64go-polaris-titanium.html,4,399.0
smartphones,INFINIX,Économique,profil_descriptif,https://www.mytek.tn/smartphone-infinix-smart-20-4go-64go-shadow-black.html,1,399.0
smartphones,INFINIX,Économique,profil_descriptif,https://www.mytek.tn/smartphone-infinix-smart-20-4go-64go-shadow-black.html,2,399.0
smartphones,INFINIX,Économique,profil_descriptif,https://www.mytek.tn/smartphone-infinix-smart-20-4go-64go-shadow-black.html,3,399.0
smartphones,INFINIX,Économique,profil_descriptif,https://www.mytek.tn/smartphone-infinix-smart-20-4go-64go-shadow-black.html,4,399.0
smartphones,INFINIX,Économique,profil_descriptif,https://www.mytek.tn/smartphone-infinix-smart-20-4go-64go-sunlike-orange.html,1,399.0
smartphones,INFINIX,Économique,profil_descriptif,https://www.mytek.tn/smartphone-infinix-smart-20-4go-64go-sunlike-orange.html,2,399.0
smartphones,INFINIX,Économique,profil_descriptif,https://www.mytek.tn/smartphone-infinix-smart-20-4go-64go-sunlike-orange.html,3,399.0
smartphones,INFINIX,Économique,profil_descriptif,https://www.mytek.tn/smartphone-infinix-smart-20-4go-64go-sunlike-orange.html,4,399.0
smartphones,LESIA,Premium,profil_descriptif,https://www.mytek.tn/smartphone-lesia-young-2-4go-32go-dark-bleu.html,1,209.9
smartphones,LESIA,Premium,profil_descriptif,https://www.mytek.tn/smartphone-lesia-young-2-4go-32go-dark-bleu.html,2,209.9
smartphones,LESIA,Premium,profil_descriptif,https://www.mytek.tn/smartphone-lesia-young-2-4go-32go-dark-bleu.html,3,209.9
smartphones,LESIA,Premium,profil_descriptif,https://www.mytek.tn/smartphone-lesia-young-2-4go-32go-dark-bleu.html,4,209.9
smartphones,LESIA,Premium,profil_descriptif,https://www.mytek.tn/smartphone-lesia-young-2-4go-32go-purple.html,1,209.9
smartphones,LESIA,Premium,profil_descriptif,https://www.mytek.tn/smartphone-lesia-young-2-4go-32go-purple.html,2,209.9
smartphones,LESIA,Premium,profil_descriptif,https://www.mytek.tn/smartphone-lesia-young-2-4go-32go-purple.html,3,209.9
smartphones,LESIA,Premium,profil_descriptif,https://www.mytek.tn/smartphone-lesia-young-2-4go-32go-purple.html,4,209.9
smartphones,LESIA,Premium,profil_descriptif,https://www.mytek.tn/smartphone-lesia-young-2-4go-32go-vert.html,1,209.9
smartphones,LESIA,Premium,profil_descriptif,https://www.mytek.tn/smartphone-lesia-young-2-4go-32go-vert.html,2,209.9
smartphones,LESIA,Premium,profil_descriptif,https://www.mytek.tn/smartphone-lesia-young-2-4go-32go-vert.html,3,209.9
smartphones,LESIA,Premium,profil_descriptif,https://www.mytek.tn/smartphone-lesia-young-2-4go-32go-vert.html,4,209.9
smartphones,LESIA,Premium,profil_descriptif,https://www.mytek.tn/smartphone-lesia-young-3-2-2-go-32go-rose.html,1,229.9
smartphones,LESIA,Premium,profil_descriptif,https://www.mytek.tn/smartphone-lesia-young-3-2-2-go-32go-rose.html,2,229.9
smartphones,LESIA,Premium,profil_descriptif,https://www.mytek.tn/smartphone-lesia-young-3-2-2-go-32go-rose.html,3,229.9
smartphones,LESIA,Premium,profil_descriptif,https://www.mytek.tn/smartphone-lesia-young-3-2-2-go-32go-rose.html,4,229.9
smartphones,LESIA,Premium,profil_descriptif,https://www.mytek.tn/smartphone-lesia-young-3-2-2-go-32go-sky-blue.html,1,229.9
smartphones,LESIA,Premium,profil_descriptif,https://www.mytek.tn/smartphone-lesia-young-3-2-2-go-32go-sky-blue.html,2,229.9
smartphones,LESIA,Premium,profil_descriptif,https://www.mytek.tn/smartphone-lesia-young-3-2-2-go-32go-sky-blue.html,3,229.9
smartphones,LESIA,Premium,profil_descriptif,https://www.mytek.tn/smartphone-lesia-young-3-2-2-go-32go-sky-blue.html,4,229.9
smartphones,LESIA,Premium,profil_descriptif,https://www.mytek.tn/smartphone-lesia-young-3-4go-32go-dark-blue.html,1,229.9
smartphones,LESIA,Premium,profil_descriptif,https://www.mytek.tn/smartphone-lesia-young-3-4go-32go-dark-blue.html,2,229.9
smartphones,LESIA,Premium,profil_descriptif,https://www.mytek.tn/smartphone-lesia-young-3-4go-32go-dark-blue.html,3,229.9
smartphones,LESIA,Premium,profil_descriptif,https://www.mytek.tn/smartphone-lesia-young-3-4go-32go-dark-blue.html,4,229.9
smartphones,LESIA,Économique,profil_descriptif,https://www.mytek.tn/smartphone-lesia-young-1-2go-16go-bleu-ciel.html,1,169.9
smartphones,LESIA,Économique,profil_descriptif,https://www.mytek.tn/smartphone-lesia-young-1-2go-16go-bleu-ciel.html,2,169.9
smartphones,LESIA,Économique,profil_descriptif,https://www.mytek.tn/smartphone-lesia-young-1-2go-16go-bleu-ciel.html,3,169.9
smartphones,LESIA,Économique,profil_descriptif,https://www.mytek.tn/smartphone-lesia-young-1-2go-16go-bleu-ciel.html,4,169.9
smartphones,LESIA,Économique,profil_descriptif,https://www.mytek.tn/smartphone-lesia-young-1-2go-16go-bleu-fonce.html,1,169.9
smartphones,LESIA,Économique,profil_descriptif,https://www.mytek.tn/smartphone-lesia-young-1-2go-16go-bleu-fonce.html,2,169.9
smartphones,LESIA,Économique,profil_descriptif,https://www.mytek.tn/smartphone-lesia-young-1-2go-16go-bleu-fonce.html,3,169.9
smartphones,LESIA,Économique,profil_descriptif,https://www.mytek.tn/smartphone-lesia-young-1-2go-16go-bleu-fonce.html,4,169.9
smartphones,LESIA,Économique,profil_descriptif,https://www.mytek.tn/smartphone-lesia-young-1-2go-16go-violet.html,1,169.9
smartphones,LESIA,Économique,profil_descriptif,https://www.mytek.tn/smartphone-lesia-young-1-2go-16go-violet.html,2,169.9
smartphones,LESIA,Économique,profil_descriptif,https://www.mytek.tn/smartphone-lesia-young-1-2go-16go-violet.html,3,169.9
smartphones,LESIA,Économique,profil_descriptif,https://www.mytek.tn/smartphone-lesia-young-1-2go-16go-violet.html,4,169.9
smartphones,LESIA,Économique,profil_descriptif,https://www.mytek.tn/smartphone-lesia-young-6-2-2go-16go-silver.html,1,189.9
smartphones,LESIA,Économique,profil_descriptif,https://www.mytek.tn/smartphone-lesia-young-6-2-2go-16go-silver.html,2,189.9
smartphones,LESIA,Économique,profil_descriptif,https://www.mytek.tn/smartphone-lesia-young-6-2-2go-16go-silver.html,3,189.9
smartphones,LESIA,Économique,profil_descriptif,https://www.mytek.tn/smartphone-lesia-young-6-2-2go-16go-silver.html,4,189.9
smartphones,LESIA,Économique,profil_descriptif,https://www.mytek.tn/smartphone-lesia-young-6-2go-16go-gold.html,1,189.9
smartphones,LESIA,Économique,profil_descriptif,https://www.mytek.tn/smartphone-lesia-young-6-2go-16go-gold.html,2,189.9
smartphones,LESIA,Économique,profil_descriptif,https://www.mytek.tn/smartphone-lesia-young-6-2go-16go-gold.html,3,189.9
smartphones,LESIA,Économique,profil_descriptif,https://www.mytek.tn/smartphone-lesia-young-6-2go-16go-gold.html,4,189.9
smartphones,LESIA,Économique,profil_descriptif,https://www.mytek.tn/smartphone-lesia-young-6-2go-16go-noir.html,1,189.9
smartphones,LESIA,Économique,profil_descriptif,https://www.mytek.tn/smartphone-lesia-young-6-2go-16go-noir.html,2,189.9
smartphones,LESIA,Économique,profil_descriptif,https://www.mytek.tn/smartphone-lesia-young-6-2go-16go-noir.html,3,189.9
smartphones,LESIA,Économique,profil_descriptif,https://www.mytek.tn/smartphone-lesia-young-6-2go-16go-noir.html,4,189.9
smartphones,OPPO,Milieu de gamme,profil_descriptif,https://www.mytek.tn/smartphone-oppo-a5-4g-8go-256go-blanc-brumeux.html,1,899.0
smartphones,OPPO,Milieu de gamme,profil_descriptif,https://www.mytek.tn/smartphone-oppo-a5-4g-8go-256go-blanc-brumeux.html,2,899.0
smartphones,OPPO,Milieu de gamme,profil_descriptif,https://www.mytek.tn/smartphone-oppo-a5-4g-8go-256go-blanc-brumeux.html,3,899.0
smartphones,OPPO,Milieu de gamme,profil_descriptif,https://www.mytek.tn/smartphone-oppo-a5-4g-8go-256go-blanc-brumeux.html,4,899.0
smartphones,OPPO,Milieu de gamme,profil_descriptif,https://www.mytek.tn/smartphone-oppo-a5-4g-8go-256go-vert-aurore.html,1,899.0
smartphones,OPPO,Milieu de gamme,profil_descriptif,https://www.mytek.tn/smartphone-oppo-a5-4g-8go-256go-vert-aurore.html,2,899.0
smartphones,OPPO,Milieu de gamme,profil_descriptif,https://www.mytek.tn/smartphone-oppo-a5-4g-8go-256go-vert-aurore.html,3,899.0
smartphones,OPPO,Milieu de gamme,profil_descriptif,https://www.mytek.tn/smartphone-oppo-a5-4g-8go-256go-vert-aurore.html,4,899.0
smartphones,OPPO,Milieu de gamme,profil_descriptif,https://www.mytek.tn/smartphone-oppo-a5-5g-6go-128go-blanc.html,1,899.0
smartphones,OPPO,Milieu de gamme,profil_descriptif,https://www.mytek.tn/smartphone-oppo-a5-5g-6go-128go-blanc.html,2,899.0
smartphones,OPPO,Milieu de gamme,profil_descriptif,https://www.mytek.tn/smartphone-oppo-a5-5g-6go-128go-blanc.html,3,899.0
smartphones,OPPO,Milieu de gamme,profil_descriptif,https://www.mytek.tn/smartphone-oppo-a5-5g-6go-128go-blanc.html,4,899.0
smartphones,OPPO,Milieu de gamme,profil_descriptif,https://www.mytek.tn/smartphone-oppo-a5-5g-6go-128go-vert.html,1,899.0
smartphones,OPPO,Milieu de gamme,profil_descriptif,https://www.mytek.tn/smartphone-oppo-a5-5g-6go-128go-vert.html,2,899.0
smartphones,OPPO,Milieu de gamme,profil_descriptif,https://www.mytek.tn/smartphone-oppo-a5-5g-6go-128go-vert.html,3,899.0
smartphones,OPPO,Milieu de gamme,profil_descriptif,https://www.mytek.tn/smartphone-oppo-a5-5g-6go-128go-vert.html,4,899.0
smartphones,OPPO,Milieu de gamme,profil_descriptif,https://www.mytek.tn/smartphone-oppo-a6-pro-4g-8go-256go-bleu.html,1,999.0
smartphones,OPPO,Milieu de gamme,profil_descriptif,https://www.mytek.tn/smartphone-oppo-a6-pro-4g-8go-256go-bleu.html,2,999.0
smartphones,OPPO,Milieu de gamme,profil_descriptif,https://www.mytek.tn/smartphone-oppo-a6-pro-4g-8go-256go-bleu.html,3,999.0
smartphones,OPPO,Milieu de gamme,profil_descriptif,https://www.mytek.tn/smartphone-oppo-a6-pro-4g-8go-256go-bleu.html,4,999.0
smartphones,OPPO,Milieu de gamme,profil_descriptif,https://www.mytek.tn/smartphone-oppo-a6-pro-4g-8go-256go-rouge.html,1,999.0
smartphones,OPPO,Milieu de gamme,profil_descriptif,https://www.mytek.tn/smartphone-oppo-a6-pro-4g-8go-256go-rouge.html,2,999.0
smartphones,OPPO,Milieu de gamme,profil_descriptif,https://www.mytek.tn/smartphone-oppo-a6-pro-4g-8go-256go-rouge.html,3,999.0
smartphones,OPPO,Milieu de gamme,profil_descriptif,https://www.mytek.tn/smartphone-oppo-a6-pro-4g-8go-256go-rouge.html,4,999.0
smartphones,OPPO,Milieu de gamme,profil_descriptif,https://www.mytek.tn/smartphone-oppo-a76-6go-128go-bleu.html,1,869.0
smartphones,OPPO,Milieu de gamme,profil_descriptif,https://www.mytek.tn/smartphone-oppo-a76-6go-128go-bleu.html,2,869.0
smartphones,OPPO,Milieu de gamme,profil_descriptif,https://www.mytek.tn/smartphone-oppo-a76-6go-128go-bleu.html,3,869.0
smartphones,OPPO,Milieu de gamme,profil_descriptif,https://www.mytek.tn/smartphone-oppo-a76-6go-128go-bleu.html,4,869.0
smartphones,OPPO,Premium,profil_descriptif,https://www.mytek.tn/smartphone-oppo-a6-8go-256go-aurora-gold.html,1,1199.0
smartphones,OPPO,Premium,profil_descriptif,https://www.mytek.tn/smartphone-oppo-a6-8go-256go-aurora-gold.html,2,1199.0
smartphones,OPPO,Premium,profil_descriptif,https://www.mytek.tn/smartphone-oppo-a6-8go-256go-aurora-gold.html,3,1199.0
smartphones,OPPO,Premium,profil_descriptif,https://www.mytek.tn/smartphone-oppo-a6-8go-256go-aurora-gold.html,4,1199.0
smartphones,OPPO,Premium,profil_descriptif,https://www.mytek.tn/smartphone-oppo-a6-8go-256go-saphir-bleu.html,1,1199.0
smartphones,OPPO,Premium,profil_descriptif,https://www.mytek.tn/smartphone-oppo-a6-8go-256go-saphir-bleu.html,2,1199.0
smartphones,OPPO,Premium,profil_descriptif,https://www.mytek.tn/smartphone-oppo-a6-8go-256go-saphir-bleu.html,3,1199.0
smartphones,OPPO,Premium,profil_descriptif,https://www.mytek.tn/smartphone-oppo-a6-8go-256go-saphir-bleu.html,4,1199.0
smartphones,OPPO,Premium,profil_descriptif,https://www.mytek.tn/smartphone-oppo-a6-pro-5g-8go-256go-bleu.html,1,1399.0
smartphones,OPPO,Premium,profil_descriptif,https://www.mytek.tn/smartphone-oppo-a6-pro-5g-8go-256go-bleu.html,2,1399.0
smartphones,OPPO,Premium,profil_descriptif,https://www.mytek.tn/smartphone-oppo-a6-pro-5g-8go-256go-bleu.html,3,1399.0
smartphones,OPPO,Premium,profil_descriptif,https://www.mytek.tn/smartphone-oppo-a6-pro-5g-8go-256go-bleu.html,4,1399.0
smartphones,OPPO,Premium,profil_descriptif,https://www.mytek.tn/smartphone-oppo-a6-pro-5g-8go-256go-rouge.html,1,1399.0
smartphones,OPPO,Premium,profil_descriptif,https://www.mytek.tn/smartphone-oppo-a6-pro-5g-8go-256go-rouge.html,2,1399.0
smartphones,OPPO,Premium,profil_descriptif,https://www.mytek.tn/smartphone-oppo-a6-pro-5g-8go-256go-rouge.html,3,1399.0
smartphones,OPPO,Premium,profil_descriptif,https://www.mytek.tn/smartphone-oppo-a6-pro-5g-8go-256go-rouge.html,4,1399.0
smartphones,OPPO,Premium,profil_descriptif,https://www.mytek.tn/smartphone-oppo-reno-15f-5g-24go-512go-bleu-aurore.html,1,2099.0
smartphones,OPPO,Premium,profil_descriptif,https://www.mytek.tn/smartphone-oppo-reno-15f-5g-24go-512go-bleu-aurore.html,2,2099.0
smartphones,OPPO,Premium,profil_descriptif,https://www.mytek.tn/smartphone-oppo-reno-15f-5g-24go-512go-bleu-aurore.html,3,2099.0
smartphones,OPPO,Premium,profil_descriptif,https://www.mytek.tn/smartphone-oppo-reno-15f-5g-24go-512go-bleu-aurore.html,4,2099.0
smartphones,OPPO,Premium,profil_descriptif,https://www.mytek.tn/smartphone-oppo-reno-15f-5g-24go-512go-bleu-crepuscule.html,1,2099.0
smartphones,OPPO,Premium,profil_descriptif,https://www.mytek.tn/smartphone-oppo-reno-15f-5g-24go-512go-bleu-crepuscule.html,2,2099.0
smartphones,OPPO,Premium,profil_descriptif,https://www.mytek.tn/smartphone-oppo-reno-15f-5g-24go-512go-bleu-crepuscule.html,3,2099.0
smartphones,OPPO,Premium,profil_descriptif,https://www.mytek.tn/smartphone-oppo-reno-15f-5g-24go-512go-bleu-crepuscule.html,4,2099.0
smartphones,OPPO,Premium,profil_descriptif,https://www.mytek.tn/smartphone-oppo-reno14-f-5g-12go-256go-opal-blue.html,1,1999.0
smartphones,OPPO,Premium,profil_descriptif,https://www.mytek.tn/smartphone-oppo-reno14-f-5g-12go-256go-opal-blue.html,2,1999.0
smartphones,OPPO,Économique,profil_descriptif,https://www.mytek.tn/smartphone-oppo-a5-4g-6go-128go-blanc-brumeux.html,1,699.0
smartphones,OPPO,Économique,profil_descriptif,https://www.mytek.tn/smartphone-oppo-a5-4g-6go-128go-blanc-brumeux.html,2,699.0
smartphones,OPPO,Économique,profil_descriptif,https://www.mytek.tn/smartphone-oppo-a5-4g-6go-128go-blanc-brumeux.html,3,699.0
smartphones,OPPO,Économique,profil_descriptif,https://www.mytek.tn/smartphone-oppo-a5-4g-6go-128go-blanc-brumeux.html,4,699.0
smartphones,OPPO,Économique,profil_descriptif,https://www.mytek.tn/smartphone-oppo-a5-4g-6go-128go-vert-aurore.html,1,699.0
smartphones,OPPO,Économique,profil_descriptif,https://www.mytek.tn/smartphone-oppo-a5-4g-6go-128go-vert-aurore.html,2,699.0
smartphones,OPPO,Économique,profil_descriptif,https://www.mytek.tn/smartphone-oppo-a5-4g-6go-128go-vert-aurore.html,3,699.0
smartphones,OPPO,Économique,profil_descriptif,https://www.mytek.tn/smartphone-oppo-a5-4g-6go-128go-vert-aurore.html,4,699.0
smartphones,OPPO,Économique,profil_descriptif,https://www.mytek.tn/smartphone-oppo-a5x-4go-128go-laser-white.html,1,599.0
smartphones,OPPO,Économique,profil_descriptif,https://www.mytek.tn/smartphone-oppo-a5x-4go-128go-laser-white.html,2,599.0
smartphones,OPPO,Économique,profil_descriptif,https://www.mytek.tn/smartphone-oppo-a5x-4go-128go-laser-white.html,3,599.0
smartphones,OPPO,Économique,profil_descriptif,https://www.mytek.tn/smartphone-oppo-a5x-4go-128go-laser-white.html,4,599.0
smartphones,OPPO,Économique,profil_descriptif,https://www.mytek.tn/smartphone-oppo-a5x-4go-128go-midnight-blue.html,1,599.0
smartphones,OPPO,Économique,profil_descriptif,https://www.mytek.tn/smartphone-oppo-a6x-4go-128go-bleu.html,1,599.0
smartphones,OPPO,Économique,profil_descriptif,https://www.mytek.tn/smartphone-oppo-a6x-4go-128go-bleu.html,2,599.0
smartphones,OPPO,Économique,profil_descriptif,https://www.mytek.tn/smartphone-oppo-a6x-4go-128go-bleu.html,3,599.0
smartphones,OPPO,Économique,profil_descriptif,https://www.mytek.tn/smartphone-oppo-a6x-4go-128go-bleu.html,4,599.0
smartphones,OPPO,Économique,profil_descriptif,https://www.mytek.tn/smartphone-oppo-a6x-4go-128go-violet.html,1,599.0
smartphones,OPPO,Économique,profil_descriptif,https://www.mytek.tn/smartphone-oppo-a6x-4go-128go-violet.html,2,599.0
smartphones,OPPO,Économique,profil_descriptif,https://www.mytek.tn/smartphone-oppo-a6x-4go-128go-violet.html,3,599.0
smartphones,OPPO,Économique,profil_descriptif,https://www.mytek.tn/smartphone-oppo-a6x-4go-128go-violet.html,4,599.0
smartphones,OPPO,Économique,profil_descriptif,https://www.mytek.tn/smartphone-oppo-a6x-5g-8go-4go-4go-ram-extensible-128go-bleu-glacier.html,1,699.0
smartphones,OPPO,Économique,profil_descriptif,https://www.mytek.tn/smartphone-oppo-a6x-5g-8go-4go-4go-ram-extensible-128go-bleu-glacier.html,2,699.0
smartphones,OPPO,Économique,profil_descriptif,https://www.mytek.tn/smartphone-oppo-a6x-5g-8go-4go-4go-ram-extensible-128go-bleu-glacier.html,3,699.0
smartphones,OPPO,Économique,profil_descriptif,https://www.mytek.tn/smartphone-oppo-a6x-5g-8go-4go-4go-ram-extensible-128go-bleu-glacier.html,4,699.0
smartphones,OPPO,Économique,profil_descriptif,https://www.mytek.tn/smartphone-oppo-a6x-5g-8go-4go-4go-ram-extensible-128go-plum-purple.html,1,699.0
smartphones,OPPO,Économique,profil_descriptif,https://www.mytek.tn/smartphone-oppo-a6x-5g-8go-4go-4go-ram-extensible-128go-plum-purple.html,2,699.0
smartphones,OPPO,Économique,profil_descriptif,https://www.mytek.tn/smartphone-oppo-a6x-5g-8go-4go-4go-ram-extensible-128go-plum-purple.html,3,699.0
smartphones,OPPO,Économique,profil_descriptif,https://www.mytek.tn/smartphone-oppo-a6x-5g-8go-4go-4go-ram-extensible-128go-plum-purple.html,4,699.0
smartphones,OSCAL,Gamme unique,profil_descriptif,https://www.mytek.tn/smartphone-oscal-flat-2-12go-128go-noir.html,1,329.0
smartphones,OSCAL,Gamme unique,profil_descriptif,https://www.mytek.tn/smartphone-oscal-flat-2-12go-128go-noir.html,2,329.0
smartphones,OSCAL,Gamme unique,profil_descriptif,https://www.mytek.tn/smartphone-oscal-flat-2-12go-128go-noir.html,3,329.0
smartphones,OSCAL,Gamme unique,profil_descriptif,https://www.mytek.tn/smartphone-oscal-flat-2-12go-128go-noir.html,4,329.0
smartphones,OSCAL,Gamme unique,profil_descriptif,https://www.mytek.tn/smartphone-oscal-flat-2-4go-128go-bleu.html,1,329.0
smartphones,OSCAL,Gamme unique,profil_descriptif,https://www.mytek.tn/smartphone-oscal-flat-2-4go-128go-bleu.html,2,329.0
smartphones,OSCAL,Gamme unique,profil_descriptif,https://www.mytek.tn/smartphone-oscal-flat-2-4go-128go-bleu.html,3,329.0
smartphones,OSCAL,Gamme unique,profil_descriptif,https://www.mytek.tn/smartphone-oscal-flat-2-4go-128go-bleu.html,4,329.0
smartphones,OSCAL,Gamme unique,profil_descriptif,https://www.mytek.tn/smartphone-oscal-flat-2-6go-256go-bleu.html,1,399.0
smartphones,OSCAL,Gamme unique,profil_descriptif,https://www.mytek.tn/smartphone-oscal-flat-2-6go-256go-bleu.html,2,399.0
smartphones,OSCAL,Gamme unique,profil_descriptif,https://www.mytek.tn/smartphone-oscal-flat-2-6go-256go-bleu.html,3,399.0
smartphones,OSCAL,Gamme unique,profil_descriptif,https://www.mytek.tn/smartphone-oscal-flat-2-6go-256go-bleu.html,4,399.0
smartphones,OSCAL,Gamme unique,profil_descriptif,https://www.mytek.tn/smartphone-oscal-flat-2-6go-256go-noir.html,1,399.0
smartphones,OSCAL,Gamme unique,profil_descriptif,https://www.mytek.tn/smartphone-oscal-flat-2-6go-256go-noir.html,2,399.0
smartphones,OSCAL,Gamme unique,profil_descriptif,https://www.mytek.tn/smartphone-oscal-flat-2-6go-256go-noir.html,3,399.0
smartphones,OSCAL,Gamme unique,profil_descriptif,https://www.mytek.tn/smartphone-oscal-flat-2-6go-256go-noir.html,4,399.0
smartphones,OSCAL,Gamme unique,profil_descriptif,https://www.mytek.tn/smartphone-oscal-marine-2-12go-64go-noir.html,1,449.0
smartphones,OSCAL,Gamme unique,profil_descriptif,https://www.mytek.tn/smartphone-oscal-marine-2-12go-64go-noir.html,2,449.0
smartphones,OSCAL,Gamme unique,profil_descriptif,https://www.mytek.tn/smartphone-oscal-marine-2-12go-64go-noir.html,3,449.0
smartphones,OSCAL,Gamme unique,profil_descriptif,https://www.mytek.tn/smartphone-oscal-marine-2-12go-64go-noir.html,4,449.0
smartphones,OSCAL,Gamme unique,profil_descriptif,https://www.mytek.tn/smartphone-oscal-tiger-12-16go-128go-gris.html,1,499.0
smartphones,OSCAL,Gamme unique,profil_descriptif,https://www.mytek.tn/smartphone-oscal-tiger-12-16go-128go-gris.html,2,499.0
smartphones,OSCAL,Gamme unique,profil_descriptif,https://www.mytek.tn/smartphone-oscal-tiger-12-16go-128go-gris.html,3,499.0
smartphones,OSCAL,Gamme unique,profil_descriptif,https://www.mytek.tn/smartphone-oscal-tiger-12-16go-128go-gris.html,4,499.0
smartphones,OSCAL,Gamme unique,profil_descriptif,https://www.mytek.tn/smartphone-oscal-tiger-12-8go-128go-bleu.html,1,499.0
smartphones,OSCAL,Gamme unique,profil_descriptif,https://www.mytek.tn/smartphone-oscal-tiger-12-8go-128go-bleu.html,2,499.0
smartphones,OSCAL,Gamme unique,profil_descriptif,https://www.mytek.tn/smartphone-oscal-tiger-12-8go-128go-bleu.html,3,499.0
smartphones,OSCAL,Gamme unique,profil_descriptif,https://www.mytek.tn/smartphone-oscal-tiger-12-8go-128go-bleu.html,4,499.0
smartphones,SAMSUNG,Milieu de gamme,0,https://www.mytek.tn/smartphone-samsung-galaxy-a37-5g-8go-128go-awesome-charcoal.html,1,1799.0
smartphones,SAMSUNG,Milieu de gamme,0,https://www.mytek.tn/smartphone-samsung-galaxy-a37-5g-8go-128go-awesome-charcoal.html,2,1799.0
smartphones,SAMSUNG,Milieu de gamme,0,https://www.mytek.tn/smartphone-samsung-galaxy-a37-5g-8go-128go-awesome-charcoal.html,3,1799.0
smartphones,SAMSUNG,Milieu de gamme,0,https://www.mytek.tn/smartphone-samsung-galaxy-a37-5g-8go-128go-awesome-charcoal.html,4,1799.0
smartphones,SAMSUNG,Milieu de gamme,0,https://www.mytek.tn/smartphone-samsung-galaxy-a37-5g-8go-128go-blanc.html,1,1799.0
smartphones,SAMSUNG,Milieu de gamme,0,https://www.mytek.tn/smartphone-samsung-galaxy-a37-5g-8go-128go-blanc.html,2,1799.0
smartphones,SAMSUNG,Milieu de gamme,0,https://www.mytek.tn/smartphone-samsung-galaxy-a37-5g-8go-128go-blanc.html,3,1799.0
smartphones,SAMSUNG,Milieu de gamme,0,https://www.mytek.tn/smartphone-samsung-galaxy-a37-5g-8go-128go-blanc.html,4,1799.0
smartphones,SAMSUNG,Milieu de gamme,0,https://www.mytek.tn/smartphone-samsung-galaxy-a37-5g-8go-128go-gray-green.html,1,1799.0
smartphones,SAMSUNG,Milieu de gamme,0,https://www.mytek.tn/smartphone-samsung-galaxy-a37-5g-8go-128go-gray-green.html,2,1799.0
smartphones,SAMSUNG,Milieu de gamme,0,https://www.mytek.tn/smartphone-samsung-galaxy-a37-5g-8go-128go-gray-green.html,3,1799.0
smartphones,SAMSUNG,Milieu de gamme,0,https://www.mytek.tn/smartphone-samsung-galaxy-a37-5g-8go-128go-gray-green.html,4,1799.0
smartphones,SAMSUNG,Milieu de gamme,0,https://www.mytek.tn/smartphone-samsung-galaxy-a37-5g-8go-128go-lavender.html,1,1799.0
smartphones,SAMSUNG,Milieu de gamme,0,https://www.mytek.tn/smartphone-samsung-galaxy-a37-5g-8go-128go-lavender.html,2,1799.0
smartphones,SAMSUNG,Milieu de gamme,0,https://www.mytek.tn/smartphone-samsung-galaxy-a37-5g-8go-128go-lavender.html,3,1799.0
smartphones,SAMSUNG,Milieu de gamme,0,https://www.mytek.tn/smartphone-samsung-galaxy-a37-5g-8go-128go-lavender.html,4,1799.0
smartphones,SAMSUNG,Milieu de gamme,0,https://www.mytek.tn/smartphone-samsung-galaxy-a57-5g-8go-128go-gris.html,1,2099.0
smartphones,SAMSUNG,Milieu de gamme,0,https://www.mytek.tn/smartphone-samsung-galaxy-a57-5g-8go-128go-gris.html,2,2099.0
smartphones,SAMSUNG,Milieu de gamme,0,https://www.mytek.tn/smartphone-samsung-galaxy-a57-5g-8go-128go-gris.html,3,2099.0
smartphones,SAMSUNG,Milieu de gamme,0,https://www.mytek.tn/smartphone-samsung-galaxy-a57-5g-8go-128go-gris.html,4,2099.0
smartphones,SAMSUNG,Milieu de gamme,0,https://www.mytek.tn/smartphone-samsung-galaxy-a57-5g-8go-128go-light-blue.html,1,2099.0
smartphones,SAMSUNG,Milieu de gamme,0,https://www.mytek.tn/smartphone-samsung-galaxy-a57-5g-8go-128go-light-blue.html,2,2099.0
smartphones,SAMSUNG,Milieu de gamme,0,https://www.mytek.tn/smartphone-samsung-galaxy-a57-5g-8go-128go-light-blue.html,3,2099.0
smartphones,SAMSUNG,Milieu de gamme,0,https://www.mytek.tn/smartphone-samsung-galaxy-a57-5g-8go-128go-light-blue.html,4,2099.0
smartphones,SAMSUNG,Milieu de gamme,0,https://www.mytek.tn/smartphone-samsung-galaxy-a57-5g-8go-128go-lilas.html,1,2099.0
smartphones,SAMSUNG,Milieu de gamme,0,https://www.mytek.tn/smartphone-samsung-galaxy-a57-5g-8go-128go-lilas.html,2,2099.0
smartphones,SAMSUNG,Milieu de gamme,0,https://www.mytek.tn/smartphone-samsung-galaxy-a57-5g-8go-128go-lilas.html,3,2099.0
smartphones,SAMSUNG,Milieu de gamme,0,https://www.mytek.tn/smartphone-samsung-galaxy-a57-5g-8go-128go-lilas.html,4,2099.0
smartphones,SAMSUNG,Milieu de gamme,0,https://www.mytek.tn/smartphone-samsung-galaxy-a57-5g-8go-128go-navy.html,1,2099.0
smartphones,SAMSUNG,Milieu de gamme,0,https://www.mytek.tn/smartphone-samsung-galaxy-a57-5g-8go-128go-navy.html,2,2099.0
smartphones,SAMSUNG,Milieu de gamme,0,https://www.mytek.tn/smartphone-samsung-galaxy-a57-5g-8go-128go-navy.html,3,2099.0
smartphones,SAMSUNG,Milieu de gamme,0,https://www.mytek.tn/smartphone-samsung-galaxy-a57-5g-8go-128go-navy.html,4,2099.0
smartphones,SAMSUNG,Milieu de gamme,0,https://www.mytek.tn/smartphone-samsung-galaxy-a57-5g-8go-256go-gris.html,1,2299.0
smartphones,SAMSUNG,Milieu de gamme,0,https://www.mytek.tn/smartphone-samsung-galaxy-a57-5g-8go-256go-gris.html,2,2299.0
smartphones,SAMSUNG,Milieu de gamme,0,https://www.mytek.tn/smartphone-samsung-galaxy-a57-5g-8go-256go-gris.html,3,2299.0
smartphones,SAMSUNG,Milieu de gamme,0,https://www.mytek.tn/smartphone-samsung-galaxy-a57-5g-8go-256go-gris.html,4,2299.0
smartphones,SAMSUNG,Milieu de gamme,0,https://www.mytek.tn/smartphone-samsung-galaxy-a57-5g-8go-256go-light-blue.html,1,2299.0
smartphones,SAMSUNG,Milieu de gamme,0,https://www.mytek.tn/smartphone-samsung-galaxy-a57-5g-8go-256go-light-blue.html,2,2299.0
smartphones,SAMSUNG,Milieu de gamme,0,https://www.mytek.tn/smartphone-samsung-galaxy-a57-5g-8go-256go-light-blue.html,3,2299.0
smartphones,SAMSUNG,Milieu de gamme,0,https://www.mytek.tn/smartphone-samsung-galaxy-a57-5g-8go-256go-light-blue.html,4,2299.0
smartphones,SAMSUNG,Milieu de gamme,0,https://www.mytek.tn/smartphone-samsung-galaxy-a57-5g-8go-256go-lilas.html,1,2299.0
smartphones,SAMSUNG,Milieu de gamme,0,https://www.mytek.tn/smartphone-samsung-galaxy-a57-5g-8go-256go-lilas.html,2,2299.0
smartphones,SAMSUNG,Milieu de gamme,0,https://www.mytek.tn/smartphone-samsung-galaxy-a57-5g-8go-256go-lilas.html,3,2299.0
smartphones,SAMSUNG,Milieu de gamme,0,https://www.mytek.tn/smartphone-samsung-galaxy-a57-5g-8go-256go-lilas.html,4,2299.0
smartphones,SAMSUNG,Milieu de gamme,0,https://www.mytek.tn/smartphone-samsung-galaxy-a57-5g-8go-256go-navy.html,1,2299.0
smartphones,SAMSUNG,Milieu de gamme,0,https://www.mytek.tn/smartphone-samsung-galaxy-a57-5g-8go-256go-navy.html,2,2299.0
smartphones,SAMSUNG,Milieu de gamme,0,https://www.mytek.tn/smartphone-samsung-galaxy-a57-5g-8go-256go-navy.html,3,2299.0
smartphones,SAMSUNG,Milieu de gamme,0,https://www.mytek.tn/smartphone-samsung-galaxy-a57-5g-8go-256go-navy.html,4,2299.0
smartphones,SAMSUNG,Milieu de gamme,1,https://www.mytek.tn/smartphone-samsung-galaxy-a36-5g-8go-128go-blanc.html,1,1359.0
smartphones,SAMSUNG,Milieu de gamme,1,https://www.mytek.tn/smartphone-samsung-galaxy-a36-5g-8go-128go-blanc.html,2,1359.0
smartphones,SAMSUNG,Milieu de gamme,1,https://www.mytek.tn/smartphone-samsung-galaxy-a36-5g-8go-128go-blanc.html,3,1359.0
smartphones,SAMSUNG,Milieu de gamme,1,https://www.mytek.tn/smartphone-samsung-galaxy-a36-5g-8go-128go-blanc.html,4,1359.0
smartphones,SAMSUNG,Milieu de gamme,1,https://www.mytek.tn/smartphone-samsung-galaxy-a36-5g-8go-128go-noir.html,1,1359.0
smartphones,SAMSUNG,Milieu de gamme,1,https://www.mytek.tn/smartphone-samsung-galaxy-a36-5g-8go-128go-noir.html,2,1359.0
smartphones,SAMSUNG,Milieu de gamme,1,https://www.mytek.tn/smartphone-samsung-galaxy-a36-5g-8go-128go-noir.html,3,1359.0
smartphones,SAMSUNG,Milieu de gamme,1,https://www.mytek.tn/smartphone-samsung-galaxy-a36-5g-8go-128go-noir.html,4,1359.0
smartphones,SAMSUNG,Milieu de gamme,1,https://www.mytek.tn/smartphone-samsung-galaxy-a36-5g-8go-256go-blanc.html,1,1549.0
smartphones,SAMSUNG,Milieu de gamme,1,https://www.mytek.tn/smartphone-samsung-galaxy-a36-5g-8go-256go-blanc.html,2,1549.0
smartphones,SAMSUNG,Milieu de gamme,1,https://www.mytek.tn/smartphone-samsung-galaxy-a36-5g-8go-256go-blanc.html,3,1549.0
smartphones,SAMSUNG,Milieu de gamme,1,https://www.mytek.tn/smartphone-samsung-galaxy-a36-5g-8go-256go-blanc.html,4,1549.0
smartphones,SAMSUNG,Milieu de gamme,1,https://www.mytek.tn/smartphone-samsung-galaxy-a36-5g-8go-256go-lavender.html,1,1549.0
smartphones,SAMSUNG,Milieu de gamme,1,https://www.mytek.tn/smartphone-samsung-galaxy-a36-5g-8go-256go-lavender.html,2,1549.0
smartphones,SAMSUNG,Milieu de gamme,1,https://www.mytek.tn/smartphone-samsung-galaxy-a36-5g-8go-256go-lavender.html,3,1549.0
smartphones,SAMSUNG,Milieu de gamme,1,https://www.mytek.tn/smartphone-samsung-galaxy-a36-5g-8go-256go-lavender.html,4,1549.0
smartphones,SAMSUNG,Milieu de gamme,1,https://www.mytek.tn/smartphone-samsung-galaxy-a36-5g-8go-256go-noir.html,1,1549.0
smartphones,SAMSUNG,Milieu de gamme,1,https://www.mytek.tn/smartphone-samsung-galaxy-a36-5g-8go-256go-noir.html,2,1549.0
smartphones,SAMSUNG,Milieu de gamme,1,https://www.mytek.tn/smartphone-samsung-galaxy-a36-5g-8go-256go-noir.html,3,1549.0
smartphones,SAMSUNG,Milieu de gamme,1,https://www.mytek.tn/smartphone-samsung-galaxy-a36-5g-8go-256go-noir.html,4,1549.0
smartphones,SAMSUNG,Milieu de gamme,1,https://www.mytek.tn/smartphone-samsung-galaxy-a56-5g-16go-256go-gris.html,1,1899.0
smartphones,SAMSUNG,Milieu de gamme,1,https://www.mytek.tn/smartphone-samsung-galaxy-a56-5g-16go-256go-gris.html,2,1899.0
smartphones,SAMSUNG,Milieu de gamme,1,https://www.mytek.tn/smartphone-samsung-galaxy-a56-5g-16go-256go-gris.html,3,1899.0
smartphones,SAMSUNG,Milieu de gamme,1,https://www.mytek.tn/smartphone-samsung-galaxy-a56-5g-16go-256go-gris.html,4,1899.0
smartphones,SAMSUNG,Milieu de gamme,1,https://www.mytek.tn/smartphone-samsung-galaxy-a56-5g-8go-128go-graphite.html,1,1699.0
smartphones,SAMSUNG,Milieu de gamme,1,https://www.mytek.tn/smartphone-samsung-galaxy-a56-5g-8go-128go-graphite.html,2,1699.0
smartphones,SAMSUNG,Milieu de gamme,1,https://www.mytek.tn/smartphone-samsung-galaxy-a56-5g-8go-128go-graphite.html,3,1699.0
smartphones,SAMSUNG,Milieu de gamme,1,https://www.mytek.tn/smartphone-samsung-galaxy-a56-5g-8go-128go-graphite.html,4,1699.0
smartphones,SAMSUNG,Milieu de gamme,1,https://www.mytek.tn/smartphone-samsung-galaxy-a56-5g-8go-128go-gris.html,1,1699.0
smartphones,SAMSUNG,Milieu de gamme,1,https://www.mytek.tn/smartphone-samsung-galaxy-a56-5g-8go-128go-gris.html,2,1699.0
smartphones,SAMSUNG,Milieu de gamme,1,https://www.mytek.tn/smartphone-samsung-galaxy-a56-5g-8go-128go-gris.html,3,1699.0
smartphones,SAMSUNG,Milieu de gamme,1,https://www.mytek.tn/smartphone-samsung-galaxy-a56-5g-8go-128go-gris.html,4,1699.0
smartphones,SAMSUNG,Milieu de gamme,1,https://www.mytek.tn/smartphone-samsung-galaxy-a56-5g-8go-256go-graphite.html,1,1899.0
smartphones,SAMSUNG,Milieu de gamme,1,https://www.mytek.tn/smartphone-samsung-galaxy-a56-5g-8go-256go-graphite.html,2,1899.0
smartphones,SAMSUNG,Milieu de gamme,1,https://www.mytek.tn/smartphone-samsung-galaxy-a56-5g-8go-256go-graphite.html,3,1899.0
smartphones,SAMSUNG,Milieu de gamme,1,https://www.mytek.tn/smartphone-samsung-galaxy-a56-5g-8go-256go-graphite.html,4,1899.0
smartphones,SAMSUNG,Milieu de gamme,2,https://www.mytek.tn/smartphone-samsung-galaxy-a37-5g-8go-256go-awesome-charcoal.html,1,1999.0
smartphones,SAMSUNG,Milieu de gamme,2,https://www.mytek.tn/smartphone-samsung-galaxy-a37-5g-8go-256go-awesome-charcoal.html,2,1999.0
smartphones,SAMSUNG,Milieu de gamme,2,https://www.mytek.tn/smartphone-samsung-galaxy-a37-5g-8go-256go-awesome-charcoal.html,3,1999.0
smartphones,SAMSUNG,Milieu de gamme,2,https://www.mytek.tn/smartphone-samsung-galaxy-a37-5g-8go-256go-awesome-charcoal.html,4,1999.0
smartphones,SAMSUNG,Milieu de gamme,2,https://www.mytek.tn/smartphone-samsung-galaxy-a37-5g-8go-256go-blanc.html,1,1999.0
smartphones,SAMSUNG,Milieu de gamme,2,https://www.mytek.tn/smartphone-samsung-galaxy-a37-5g-8go-256go-blanc.html,2,1999.0
smartphones,SAMSUNG,Milieu de gamme,2,https://www.mytek.tn/smartphone-samsung-galaxy-a37-5g-8go-256go-blanc.html,3,1999.0
smartphones,SAMSUNG,Milieu de gamme,2,https://www.mytek.tn/smartphone-samsung-galaxy-a37-5g-8go-256go-blanc.html,4,1999.0
smartphones,SAMSUNG,Milieu de gamme,2,https://www.mytek.tn/smartphone-samsung-galaxy-a37-5g-8go-256go-gray-green.html,1,1999.0
smartphones,SAMSUNG,Milieu de gamme,2,https://www.mytek.tn/smartphone-samsung-galaxy-a37-5g-8go-256go-gray-green.html,2,1999.0
smartphones,SAMSUNG,Milieu de gamme,2,https://www.mytek.tn/smartphone-samsung-galaxy-a37-5g-8go-256go-gray-green.html,3,1999.0
smartphones,SAMSUNG,Milieu de gamme,2,https://www.mytek.tn/smartphone-samsung-galaxy-a37-5g-8go-256go-gray-green.html,4,1999.0
smartphones,SAMSUNG,Milieu de gamme,2,https://www.mytek.tn/smartphone-samsung-galaxy-a37-5g-8go-256go-lavender.html,1,1999.0
smartphones,SAMSUNG,Milieu de gamme,2,https://www.mytek.tn/smartphone-samsung-galaxy-a37-5g-8go-256go-lavender.html,2,1999.0
smartphones,SAMSUNG,Milieu de gamme,2,https://www.mytek.tn/smartphone-samsung-galaxy-a37-5g-8go-256go-lavender.html,3,1999.0
smartphones,SAMSUNG,Milieu de gamme,2,https://www.mytek.tn/smartphone-samsung-galaxy-a37-5g-8go-256go-lavender.html,4,1999.0
smartphones,SAMSUNG,Milieu de gamme,2,https://www.mytek.tn/smartphone-samsung-galaxy-a55-5g-16go-256go-awesome-navy.html,1,1599.0
smartphones,SAMSUNG,Milieu de gamme,2,https://www.mytek.tn/smartphone-samsung-galaxy-a55-5g-16go-256go-awesome-navy.html,2,1599.0
smartphones,SAMSUNG,Milieu de gamme,2,https://www.mytek.tn/smartphone-samsung-galaxy-a55-5g-16go-256go-awesome-navy.html,3,1599.0
smartphones,SAMSUNG,Milieu de gamme,2,https://www.mytek.tn/smartphone-samsung-galaxy-a55-5g-16go-256go-awesome-navy.html,4,1599.0
smartphones,SAMSUNG,Milieu de gamme,2,https://www.mytek.tn/smartphone-samsung-galaxy-a55-5g-256go-16go-ice-blue.html,1,1599.0
smartphones,SAMSUNG,Milieu de gamme,2,https://www.mytek.tn/smartphone-samsung-galaxy-a55-5g-256go-16go-ice-blue.html,2,1599.0
smartphones,SAMSUNG,Milieu de gamme,2,https://www.mytek.tn/smartphone-samsung-galaxy-a55-5g-256go-16go-ice-blue.html,3,1599.0
smartphones,SAMSUNG,Milieu de gamme,2,https://www.mytek.tn/smartphone-samsung-galaxy-a55-5g-256go-16go-ice-blue.html,4,1599.0
smartphones,SAMSUNG,Premium,0,https://www.mytek.tn/smartphone-samsung-galaxy-s25-12go-256go-light-green.html,1,3899.0
smartphones,SAMSUNG,Premium,0,https://www.mytek.tn/smartphone-samsung-galaxy-s25-12go-256go-light-green.html,2,3899.0
smartphones,SAMSUNG,Premium,0,https://www.mytek.tn/smartphone-samsung-galaxy-s25-12go-256go-light-green.html,3,3899.0
smartphones,SAMSUNG,Premium,0,https://www.mytek.tn/smartphone-samsung-galaxy-s25-12go-256go-light-green.html,4,3899.0
smartphones,SAMSUNG,Premium,0,https://www.mytek.tn/smartphone-samsung-galaxy-s25-fe-8go-256go-blanc.html,1,2799.0
smartphones,SAMSUNG,Premium,0,https://www.mytek.tn/smartphone-samsung-galaxy-s25-fe-8go-256go-blanc.html,2,2799.0
smartphones,SAMSUNG,Premium,0,https://www.mytek.tn/smartphone-samsung-galaxy-s25-fe-8go-256go-blanc.html,3,2799.0
smartphones,SAMSUNG,Premium,0,https://www.mytek.tn/smartphone-samsung-galaxy-s25-fe-8go-256go-blanc.html,4,2799.0
smartphones,SAMSUNG,Premium,0,https://www.mytek.tn/smartphone-samsung-galaxy-s25-fe-8go-256go-bleu-clair.html,1,2799.0
smartphones,SAMSUNG,Premium,0,https://www.mytek.tn/smartphone-samsung-galaxy-s25-fe-8go-256go-bleu-clair.html,2,2799.0
smartphones,SAMSUNG,Premium,0,https://www.mytek.tn/smartphone-samsung-galaxy-s25-fe-8go-256go-bleu-clair.html,3,2799.0
smartphones,SAMSUNG,Premium,0,https://www.mytek.tn/smartphone-samsung-galaxy-s25-fe-8go-256go-bleu-clair.html,4,2799.0
smartphones,SAMSUNG,Premium,0,https://www.mytek.tn/smartphone-samsung-galaxy-s25-fe-8go-256go-bleu-marine.html,1,2799.0
smartphones,SAMSUNG,Premium,0,https://www.mytek.tn/smartphone-samsung-galaxy-s25-fe-8go-256go-bleu-marine.html,2,2799.0
smartphones,SAMSUNG,Premium,0,https://www.mytek.tn/smartphone-samsung-galaxy-s25-fe-8go-256go-bleu-marine.html,3,2799.0
smartphones,SAMSUNG,Premium,0,https://www.mytek.tn/smartphone-samsung-galaxy-s25-fe-8go-256go-bleu-marine.html,4,2799.0
smartphones,SAMSUNG,Premium,0,https://www.mytek.tn/smartphone-samsung-galaxy-s25-fe-8go-256go-noir.html,1,2799.0
smartphones,SAMSUNG,Premium,0,https://www.mytek.tn/smartphone-samsung-galaxy-s25-fe-8go-256go-noir.html,2,2799.0
smartphones,SAMSUNG,Premium,0,https://www.mytek.tn/smartphone-samsung-galaxy-s25-fe-8go-256go-noir.html,3,2799.0
smartphones,SAMSUNG,Premium,0,https://www.mytek.tn/smartphone-samsung-galaxy-s25-fe-8go-256go-noir.html,4,2799.0
smartphones,SAMSUNG,Premium,0,https://www.mytek.tn/smartphone-samsung-galaxy-s25-ultra-5g-12go-256go-bleu-titanium.html,1,4799.0
smartphones,SAMSUNG,Premium,0,https://www.mytek.tn/smartphone-samsung-galaxy-s25-ultra-5g-12go-256go-bleu-titanium.html,2,4799.0
smartphones,SAMSUNG,Premium,0,https://www.mytek.tn/smartphone-samsung-galaxy-s25-ultra-5g-12go-256go-bleu-titanium.html,3,4799.0
smartphones,SAMSUNG,Premium,0,https://www.mytek.tn/smartphone-samsung-galaxy-s25-ultra-5g-12go-256go-bleu-titanium.html,4,4799.0
smartphones,SAMSUNG,Premium,0,https://www.mytek.tn/smartphone-samsung-galaxy-s25-ultra-5g-12go-256go-gris-titanium.html,1,4799.0
smartphones,SAMSUNG,Premium,0,https://www.mytek.tn/smartphone-samsung-galaxy-s25-ultra-5g-12go-256go-noir-titanium.html,1,4799.0
smartphones,SAMSUNG,Premium,0,https://www.mytek.tn/smartphone-samsung-galaxy-s25-ultra-5g-12go-256go-noir-titanium.html,2,4799.0
smartphones,SAMSUNG,Premium,0,https://www.mytek.tn/smartphone-samsung-galaxy-s25-ultra-5g-12go-256go-noir-titanium.html,3,4799.0
smartphones,SAMSUNG,Premium,0,https://www.mytek.tn/smartphone-samsung-galaxy-s25-ultra-5g-12go-256go-noir-titanium.html,4,4799.0
smartphones,SAMSUNG,Premium,0,https://www.mytek.tn/smartphone-samsung-galaxy-s26-ultra-5g-12go-256go-blanc.html,1,5999.0
smartphones,SAMSUNG,Premium,0,https://www.mytek.tn/smartphone-samsung-galaxy-s26-ultra-5g-12go-256go-blanc.html,2,5999.0
smartphones,SAMSUNG,Premium,0,https://www.mytek.tn/smartphone-samsung-galaxy-s26-ultra-5g-12go-256go-blanc.html,3,5999.0
smartphones,SAMSUNG,Premium,0,https://www.mytek.tn/smartphone-samsung-galaxy-s26-ultra-5g-12go-256go-blanc.html,4,5999.0
smartphones,SAMSUNG,Premium,0,https://www.mytek.tn/smartphone-samsung-galaxy-s26-ultra-5g-12go-256go-bleu-ciel.html,1,5999.0
smartphones,SAMSUNG,Premium,0,https://www.mytek.tn/smartphone-samsung-galaxy-s26-ultra-5g-12go-256go-bleu-ciel.html,2,5999.0
smartphones,SAMSUNG,Premium,0,https://www.mytek.tn/smartphone-samsung-galaxy-s26-ultra-5g-12go-256go-bleu-ciel.html,3,5999.0
smartphones,SAMSUNG,Premium,0,https://www.mytek.tn/smartphone-samsung-galaxy-s26-ultra-5g-12go-256go-bleu-ciel.html,4,5999.0
smartphones,SAMSUNG,Premium,0,https://www.mytek.tn/smartphone-samsung-galaxy-s26-ultra-5g-12go-256go-noir.html,1,5999.0
smartphones,SAMSUNG,Premium,0,https://www.mytek.tn/smartphone-samsung-galaxy-s26-ultra-5g-12go-256go-noir.html,2,5999.0
smartphones,SAMSUNG,Premium,0,https://www.mytek.tn/smartphone-samsung-galaxy-s26-ultra-5g-12go-256go-noir.html,3,5999.0
smartphones,SAMSUNG,Premium,0,https://www.mytek.tn/smartphone-samsung-galaxy-s26-ultra-5g-12go-256go-noir.html,4,5999.0
smartphones,SAMSUNG,Premium,0,https://www.mytek.tn/smartphone-samsung-galaxy-s26-ultra-5g-12go-256go-violet-de-cobalt.html,1,5999.0
smartphones,SAMSUNG,Premium,0,https://www.mytek.tn/smartphone-samsung-galaxy-s26-ultra-5g-12go-256go-violet-de-cobalt.html,2,5999.0
smartphones,SAMSUNG,Premium,0,https://www.mytek.tn/smartphone-samsung-galaxy-s26-ultra-5g-12go-256go-violet-de-cobalt.html,3,5999.0
smartphones,SAMSUNG,Premium,0,https://www.mytek.tn/smartphone-samsung-galaxy-s26-ultra-5g-12go-256go-violet-de-cobalt.html,4,5999.0
smartphones,SAMSUNG,Premium,0,https://www.mytek.tn/smartphone-samsung-galaxy-s26-ultra-5g-12go-512go-blanc.html,1,6999.0
smartphones,SAMSUNG,Premium,0,https://www.mytek.tn/smartphone-samsung-galaxy-s26-ultra-5g-12go-512go-blanc.html,2,6999.0
smartphones,SAMSUNG,Premium,0,https://www.mytek.tn/smartphone-samsung-galaxy-s26-ultra-5g-12go-512go-blanc.html,3,6999.0
smartphones,SAMSUNG,Premium,0,https://www.mytek.tn/smartphone-samsung-galaxy-s26-ultra-5g-12go-512go-blanc.html,4,6999.0
smartphones,SAMSUNG,Premium,0,https://www.mytek.tn/smartphone-samsung-galaxy-s26-ultra-5g-12go-512go-bleu-ciel.html,1,6999.0
smartphones,SAMSUNG,Premium,0,https://www.mytek.tn/smartphone-samsung-galaxy-s26-ultra-5g-12go-512go-bleu-ciel.html,2,6999.0
smartphones,SAMSUNG,Premium,0,https://www.mytek.tn/smartphone-samsung-galaxy-s26-ultra-5g-12go-512go-bleu-ciel.html,3,6999.0
smartphones,SAMSUNG,Premium,0,https://www.mytek.tn/smartphone-samsung-galaxy-s26-ultra-5g-12go-512go-bleu-ciel.html,4,6999.0
smartphones,SAMSUNG,Premium,0,https://www.mytek.tn/smartphone-samsung-galaxy-s26-ultra-5g-12go-512go-noir.html,1,6999.0
smartphones,SAMSUNG,Premium,0,https://www.mytek.tn/smartphone-samsung-galaxy-s26-ultra-5g-12go-512go-noir.html,2,6999.0
smartphones,SAMSUNG,Premium,0,https://www.mytek.tn/smartphone-samsung-galaxy-s26-ultra-5g-12go-512go-noir.html,3,6999.0
smartphones,SAMSUNG,Premium,0,https://www.mytek.tn/smartphone-samsung-galaxy-s26-ultra-5g-12go-512go-noir.html,4,6999.0
smartphones,SAMSUNG,Premium,0,https://www.mytek.tn/smartphone-samsung-galaxy-s26-ultra-5g-12go-512go-violet-de-cobalt.html,1,6999.0
smartphones,SAMSUNG,Premium,0,https://www.mytek.tn/smartphone-samsung-galaxy-s26-ultra-5g-12go-512go-violet-de-cobalt.html,2,6999.0
smartphones,SAMSUNG,Premium,0,https://www.mytek.tn/smartphone-samsung-galaxy-s26-ultra-5g-12go-512go-violet-de-cobalt.html,3,6999.0
smartphones,SAMSUNG,Premium,0,https://www.mytek.tn/smartphone-samsung-galaxy-s26-ultra-5g-12go-512go-violet-de-cobalt.html,4,6999.0
smartphones,SAMSUNG,Premium,1,https://www.mytek.tn/smartphone-samsung-galaxy-s25-5g-12go-256go-ice-bleu.html,1,3399.0
smartphones,SAMSUNG,Premium,1,https://www.mytek.tn/smartphone-samsung-galaxy-s25-5g-12go-256go-ice-bleu.html,2,3399.0
smartphones,SAMSUNG,Premium,1,https://www.mytek.tn/smartphone-samsung-galaxy-s25-5g-12go-256go-ice-bleu.html,4,3399.0
smartphones,SAMSUNG,Premium,1,https://www.mytek.tn/smartphone-samsung-galaxy-s26-5g-12go-256g-bleu-ciel.html,1,3999.0
smartphones,SAMSUNG,Premium,1,https://www.mytek.tn/smartphone-samsung-galaxy-s26-5g-12go-256g-bleu-ciel.html,2,3999.0
smartphones,SAMSUNG,Premium,1,https://www.mytek.tn/smartphone-samsung-galaxy-s26-5g-12go-256g-bleu-ciel.html,3,3999.0
smartphones,SAMSUNG,Premium,1,https://www.mytek.tn/smartphone-samsung-galaxy-s26-5g-12go-256g-bleu-ciel.html,4,3999.0
smartphones,SAMSUNG,Premium,1,https://www.mytek.tn/smartphone-samsung-galaxy-s26-5g-12go-256go-blanc.html,1,3999.0
smartphones,SAMSUNG,Premium,1,https://www.mytek.tn/smartphone-samsung-galaxy-s26-5g-12go-256go-blanc.html,2,3999.0
smartphones,SAMSUNG,Premium,1,https://www.mytek.tn/smartphone-samsung-galaxy-s26-5g-12go-256go-blanc.html,3,3999.0
smartphones,SAMSUNG,Premium,1,https://www.mytek.tn/smartphone-samsung-galaxy-s26-5g-12go-256go-blanc.html,4,3999.0
smartphones,SAMSUNG,Premium,1,https://www.mytek.tn/smartphone-samsung-galaxy-s26-5g-12go-256go-noir.html,1,3999.0
smartphones,SAMSUNG,Premium,1,https://www.mytek.tn/smartphone-samsung-galaxy-s26-5g-12go-256go-noir.html,2,3999.0
smartphones,SAMSUNG,Premium,1,https://www.mytek.tn/smartphone-samsung-galaxy-s26-5g-12go-256go-noir.html,3,3999.0
smartphones,SAMSUNG,Premium,1,https://www.mytek.tn/smartphone-samsung-galaxy-s26-5g-12go-256go-noir.html,4,3999.0
smartphones,SAMSUNG,Premium,1,https://www.mytek.tn/smartphone-samsung-galaxy-s26-5g-12go-256go-violet-de-cobalt.html,1,3999.0
smartphones,SAMSUNG,Premium,1,https://www.mytek.tn/smartphone-samsung-galaxy-s26-5g-12go-256go-violet-de-cobalt.html,2,3999.0
smartphones,SAMSUNG,Premium,1,https://www.mytek.tn/smartphone-samsung-galaxy-s26-5g-12go-256go-violet-de-cobalt.html,3,3999.0
smartphones,SAMSUNG,Premium,1,https://www.mytek.tn/smartphone-samsung-galaxy-s26-5g-12go-256go-violet-de-cobalt.html,4,3999.0
smartphones,SAMSUNG,Premium,1,https://www.mytek.tn/smartphone-samsung-galaxy-s26-5g-12go-512go-blanc.html,1,4999.0
smartphones,SAMSUNG,Premium,1,https://www.mytek.tn/smartphone-samsung-galaxy-s26-5g-12go-512go-blanc.html,2,4999.0
smartphones,SAMSUNG,Premium,1,https://www.mytek.tn/smartphone-samsung-galaxy-s26-5g-12go-512go-blanc.html,3,4999.0
smartphones,SAMSUNG,Premium,1,https://www.mytek.tn/smartphone-samsung-galaxy-s26-5g-12go-512go-blanc.html,4,4999.0
smartphones,SAMSUNG,Premium,1,https://www.mytek.tn/smartphone-samsung-galaxy-s26-5g-12go-512go-bleu-ciel.html,1,4999.0
smartphones,SAMSUNG,Premium,1,https://www.mytek.tn/smartphone-samsung-galaxy-s26-5g-12go-512go-bleu-ciel.html,2,4999.0
smartphones,SAMSUNG,Premium,1,https://www.mytek.tn/smartphone-samsung-galaxy-s26-5g-12go-512go-bleu-ciel.html,3,4999.0
smartphones,SAMSUNG,Premium,1,https://www.mytek.tn/smartphone-samsung-galaxy-s26-5g-12go-512go-bleu-ciel.html,4,4999.0
smartphones,SAMSUNG,Premium,1,https://www.mytek.tn/smartphone-samsung-galaxy-s26-5g-12go-512go-noir.html,1,4999.0
smartphones,SAMSUNG,Premium,1,https://www.mytek.tn/smartphone-samsung-galaxy-s26-5g-12go-512go-noir.html,2,4999.0
smartphones,SAMSUNG,Premium,1,https://www.mytek.tn/smartphone-samsung-galaxy-s26-5g-12go-512go-noir.html,3,4999.0
smartphones,SAMSUNG,Premium,1,https://www.mytek.tn/smartphone-samsung-galaxy-s26-5g-12go-512go-noir.html,4,4999.0
smartphones,SAMSUNG,Premium,1,https://www.mytek.tn/smartphone-samsung-galaxy-s26-5g-12go-512go-violet-de-cobalt.html,1,4999.0
smartphones,SAMSUNG,Premium,1,https://www.mytek.tn/smartphone-samsung-galaxy-s26-5g-12go-512go-violet-de-cobalt.html,2,4999.0
smartphones,SAMSUNG,Premium,1,https://www.mytek.tn/smartphone-samsung-galaxy-s26-5g-12go-512go-violet-de-cobalt.html,3,4999.0
smartphones,SAMSUNG,Premium,1,https://www.mytek.tn/smartphone-samsung-galaxy-s26-5g-12go-512go-violet-de-cobalt.html,4,4999.0
smartphones,SAMSUNG,Économique,0,https://www.mytek.tn/samsung-galaxy-a17-4g-8go-128go-gris.html,1,699.0
smartphones,SAMSUNG,Économique,0,https://www.mytek.tn/samsung-galaxy-a17-4g-8go-128go-gris.html,2,699.0
smartphones,SAMSUNG,Économique,0,https://www.mytek.tn/samsung-galaxy-a17-4g-8go-128go-gris.html,3,699.0
smartphones,SAMSUNG,Économique,0,https://www.mytek.tn/samsung-galaxy-a17-4g-8go-128go-gris.html,4,699.0
smartphones,SAMSUNG,Économique,0,https://www.mytek.tn/samsung-galaxy-a17-4g-8go-128go-light-blue.html,1,699.0
smartphones,SAMSUNG,Économique,0,https://www.mytek.tn/samsung-galaxy-a17-4g-8go-128go-light-blue.html,2,699.0
smartphones,SAMSUNG,Économique,0,https://www.mytek.tn/samsung-galaxy-a17-4g-8go-128go-light-blue.html,3,699.0
smartphones,SAMSUNG,Économique,0,https://www.mytek.tn/samsung-galaxy-a17-4g-8go-128go-light-blue.html,4,699.0
smartphones,SAMSUNG,Économique,0,https://www.mytek.tn/samsung-galaxy-a17-4g-8go-128go-noir.html,1,699.0
smartphones,SAMSUNG,Économique,0,https://www.mytek.tn/samsung-galaxy-a17-4g-8go-128go-noir.html,2,699.0
smartphones,SAMSUNG,Économique,0,https://www.mytek.tn/samsung-galaxy-a17-4g-8go-128go-noir.html,3,699.0
smartphones,SAMSUNG,Économique,0,https://www.mytek.tn/samsung-galaxy-a17-4g-8go-128go-noir.html,4,699.0
smartphones,SAMSUNG,Économique,0,https://www.mytek.tn/smartphone-samsung-galaxy-a07-12go-128go-vert.html,1,569.0
smartphones,SAMSUNG,Économique,0,https://www.mytek.tn/smartphone-samsung-galaxy-a07-12go-128go-vert.html,2,569.0
smartphones,SAMSUNG,Économique,0,https://www.mytek.tn/smartphone-samsung-galaxy-a07-12go-128go-vert.html,3,569.0
smartphones,SAMSUNG,Économique,0,https://www.mytek.tn/smartphone-samsung-galaxy-a07-12go-128go-vert.html,4,569.0
smartphones,SAMSUNG,Économique,0,https://www.mytek.tn/smartphone-samsung-galaxy-a07-12go-128go-violet-clair.html,1,569.0
smartphones,SAMSUNG,Économique,0,https://www.mytek.tn/smartphone-samsung-galaxy-a07-12go-128go-violet-clair.html,2,569.0
smartphones,SAMSUNG,Économique,0,https://www.mytek.tn/smartphone-samsung-galaxy-a07-12go-128go-violet-clair.html,3,569.0
smartphones,SAMSUNG,Économique,0,https://www.mytek.tn/smartphone-samsung-galaxy-a07-12go-128go-violet-clair.html,4,569.0
smartphones,SAMSUNG,Économique,0,https://www.mytek.tn/smartphone-samsung-galaxy-a07-4g-8go-128go-violet-clair.html,1,479.0
smartphones,SAMSUNG,Économique,0,https://www.mytek.tn/smartphone-samsung-galaxy-a07-4g-8go-128go-violet-clair.html,2,479.0
smartphones,SAMSUNG,Économique,0,https://www.mytek.tn/smartphone-samsung-galaxy-a07-4g-8go-128go-violet-clair.html,3,479.0
smartphones,SAMSUNG,Économique,0,https://www.mytek.tn/smartphone-samsung-galaxy-a07-4g-8go-128go-violet-clair.html,4,479.0
smartphones,SAMSUNG,Économique,0,https://www.mytek.tn/smartphone-samsung-galaxy-a07-4go-128go-4g-green.html,1,479.0
smartphones,SAMSUNG,Économique,0,https://www.mytek.tn/smartphone-samsung-galaxy-a07-4go-128go-4g-green.html,2,479.0
smartphones,SAMSUNG,Économique,0,https://www.mytek.tn/smartphone-samsung-galaxy-a07-4go-128go-4g-green.html,3,479.0
smartphones,SAMSUNG,Économique,0,https://www.mytek.tn/smartphone-samsung-galaxy-a07-4go-128go-4g-green.html,4,479.0
smartphones,SAMSUNG,Économique,0,https://www.mytek.tn/smartphone-samsung-galaxy-a07-4go-128go-4g-noir.html,1,479.0
smartphones,SAMSUNG,Économique,0,https://www.mytek.tn/smartphone-samsung-galaxy-a07-4go-128go-4g-noir.html,2,479.0
smartphones,SAMSUNG,Économique,0,https://www.mytek.tn/smartphone-samsung-galaxy-a07-4go-128go-4g-noir.html,3,479.0
smartphones,SAMSUNG,Économique,0,https://www.mytek.tn/smartphone-samsung-galaxy-a07-4go-128go-4g-noir.html,4,479.0
smartphones,SAMSUNG,Économique,0,https://www.mytek.tn/smartphone-samsung-galaxy-a07-4go-64go-couleur-noir.html,1,399.0
smartphones,SAMSUNG,Économique,0,https://www.mytek.tn/smartphone-samsung-galaxy-a07-4go-64go-couleur-noir.html,2,399.0
smartphones,SAMSUNG,Économique,0,https://www.mytek.tn/smartphone-samsung-galaxy-a07-4go-64go-couleur-noir.html,3,399.0
smartphones,SAMSUNG,Économique,0,https://www.mytek.tn/smartphone-samsung-galaxy-a07-4go-64go-couleur-noir.html,4,399.0
smartphones,SAMSUNG,Économique,0,https://www.mytek.tn/smartphone-samsung-galaxy-a07-4go-64go-light-violet.html,1,399.0
smartphones,SAMSUNG,Économique,0,https://www.mytek.tn/smartphone-samsung-galaxy-a07-4go-64go-light-violet.html,2,399.0
smartphones,SAMSUNG,Économique,0,https://www.mytek.tn/smartphone-samsung-galaxy-a07-4go-64go-light-violet.html,3,399.0
smartphones,SAMSUNG,Économique,0,https://www.mytek.tn/smartphone-samsung-galaxy-a07-4go-64go-light-violet.html,4,399.0
smartphones,SAMSUNG,Économique,0,https://www.mytek.tn/smartphone-samsung-galaxy-a07-64go-4go-vert.html,1,399.0
smartphones,SAMSUNG,Économique,0,https://www.mytek.tn/smartphone-samsung-galaxy-a07-64go-4go-vert.html,2,399.0
smartphones,SAMSUNG,Économique,0,https://www.mytek.tn/smartphone-samsung-galaxy-a07-64go-4go-vert.html,3,399.0
smartphones,SAMSUNG,Économique,0,https://www.mytek.tn/smartphone-samsung-galaxy-a07-64go-4go-vert.html,4,399.0
smartphones,SAMSUNG,Économique,0,https://www.mytek.tn/smartphone-samsung-galaxy-a07-6go-128go-couleur-noir.html,1,569.0
smartphones,SAMSUNG,Économique,0,https://www.mytek.tn/smartphone-samsung-galaxy-a07-6go-128go-couleur-noir.html,2,569.0
smartphones,SAMSUNG,Économique,0,https://www.mytek.tn/smartphone-samsung-galaxy-a07-6go-128go-couleur-noir.html,3,569.0
smartphones,SAMSUNG,Économique,0,https://www.mytek.tn/smartphone-samsung-galaxy-a07-6go-128go-couleur-noir.html,4,569.0
smartphones,SAMSUNG,Économique,0,https://www.mytek.tn/smartphone-samsung-galaxy-a07-ta-12go-128go-couleur-vert.html,1,499.0
smartphones,SAMSUNG,Économique,0,https://www.mytek.tn/smartphone-samsung-galaxy-a07-ta-12go-128go-couleur-vert.html,2,499.0
smartphones,SAMSUNG,Économique,0,https://www.mytek.tn/smartphone-samsung-galaxy-a07-ta-12go-128go-couleur-vert.html,3,499.0
smartphones,SAMSUNG,Économique,0,https://www.mytek.tn/smartphone-samsung-galaxy-a07-ta-12go-128go-couleur-vert.html,4,499.0
smartphones,SAMSUNG,Économique,0,https://www.mytek.tn/smartphone-samsung-galaxy-a17-4g-6go-128go-bleu-clair.html,1,799.0
smartphones,SAMSUNG,Économique,0,https://www.mytek.tn/smartphone-samsung-galaxy-a17-4g-6go-128go-bleu-clair.html,2,799.0
smartphones,SAMSUNG,Économique,0,https://www.mytek.tn/smartphone-samsung-galaxy-a17-4g-6go-128go-bleu-clair.html,3,799.0
smartphones,SAMSUNG,Économique,0,https://www.mytek.tn/smartphone-samsung-galaxy-a17-4g-6go-128go-bleu-clair.html,4,799.0
smartphones,SAMSUNG,Économique,0,https://www.mytek.tn/smartphone-samsung-galaxy-a17-4g-6go-128go-noir.html,1,799.0
smartphones,SAMSUNG,Économique,0,https://www.mytek.tn/smartphone-samsung-galaxy-a17-4g-6go-128go-noir.html,2,799.0
smartphones,SAMSUNG,Économique,0,https://www.mytek.tn/smartphone-samsung-galaxy-a17-4g-6go-128go-noir.html,3,799.0
smartphones,SAMSUNG,Économique,0,https://www.mytek.tn/smartphone-samsung-galaxy-a17-4g-6go-128go-noir.html,4,799.0
smartphones,SAMSUNG,Économique,1,https://www.mytek.tn/smartphone-samsung-galaxy-a06-5g-4go-64go-noir.html,1,499.0
smartphones,SAMSUNG,Économique,1,https://www.mytek.tn/smartphone-samsung-galaxy-a06-5g-4go-64go-noir.html,2,499.0
smartphones,SAMSUNG,Économique,1,https://www.mytek.tn/smartphone-samsung-galaxy-a06-5g-4go-64go-noir.html,3,499.0
smartphones,SAMSUNG,Économique,1,https://www.mytek.tn/smartphone-samsung-galaxy-a06-5g-4go-64go-noir.html,4,499.0
smartphones,SAMSUNG,Économique,1,https://www.mytek.tn/smartphone-samsung-galaxy-a16-5g-8go-256go-noir.html,1,979.0
smartphones,SAMSUNG,Économique,1,https://www.mytek.tn/smartphone-samsung-galaxy-a26-5g-6go-128go-noir.html,1,1069.0
smartphones,SAMSUNG,Économique,1,https://www.mytek.tn/smartphone-samsung-galaxy-a26-5g-6go-128go-noir.html,2,1069.0
smartphones,SAMSUNG,Économique,1,https://www.mytek.tn/smartphone-samsung-galaxy-a26-5g-6go-128go-noir.html,3,1069.0
smartphones,SAMSUNG,Économique,1,https://www.mytek.tn/smartphone-samsung-galaxy-a26-5g-6go-128go-noir.html,4,1069.0
smartphones,SAMSUNG,Économique,1,https://www.mytek.tn/smartphone-samsung-galaxy-a26-5g-6go-128go-rose.html,1,1069.0
smartphones,SAMSUNG,Économique,1,https://www.mytek.tn/smartphone-samsung-galaxy-a26-5g-6go-128go-rose.html,2,1069.0
smartphones,SAMSUNG,Économique,1,https://www.mytek.tn/smartphone-samsung-galaxy-a26-5g-6go-128go-rose.html,3,1069.0
smartphones,SAMSUNG,Économique,1,https://www.mytek.tn/smartphone-samsung-galaxy-a26-5g-6go-128go-rose.html,4,1069.0
smartphones,SAMSUNG,Économique,1,https://www.mytek.tn/smartphone-samsung-galaxy-a26-5g-8go-256go-blanc.html,1,1269.0
smartphones,SAMSUNG,Économique,1,https://www.mytek.tn/smartphone-samsung-galaxy-a26-5g-8go-256go-blanc.html,2,1269.0
smartphones,SAMSUNG,Économique,1,https://www.mytek.tn/smartphone-samsung-galaxy-a26-5g-8go-256go-blanc.html,3,1269.0
smartphones,SAMSUNG,Économique,1,https://www.mytek.tn/smartphone-samsung-galaxy-a26-5g-8go-256go-blanc.html,4,1269.0
smartphones,SAMSUNG,Économique,1,https://www.mytek.tn/smartphone-samsung-galaxy-a26-5g-8go-256go-noir.html,1,1269.0
smartphones,SAMSUNG,Économique,1,https://www.mytek.tn/smartphone-samsung-galaxy-a26-5g-8go-256go-noir.html,2,1269.0
smartphones,SAMSUNG,Économique,1,https://www.mytek.tn/smartphone-samsung-galaxy-a26-5g-8go-256go-noir.html,3,1269.0
smartphones,SAMSUNG,Économique,1,https://www.mytek.tn/smartphone-samsung-galaxy-a26-5g-8go-256go-noir.html,4,1269.0
smartphones,SAMSUNG,Économique,2,https://www.mytek.tn/smartphone-samsung-galaxy-a17-5g-6go-128go-bleu.html,1,899.0
smartphones,SAMSUNG,Économique,2,https://www.mytek.tn/smartphone-samsung-galaxy-a17-5g-6go-128go-bleu.html,2,899.0
smartphones,SAMSUNG,Économique,2,https://www.mytek.tn/smartphone-samsung-galaxy-a17-5g-6go-128go-bleu.html,3,899.0
smartphones,SAMSUNG,Économique,2,https://www.mytek.tn/smartphone-samsung-galaxy-a17-5g-6go-128go-bleu.html,4,899.0
smartphones,SAMSUNG,Économique,2,https://www.mytek.tn/smartphone-samsung-galaxy-a17-5g-6go-128go-gris.html,1,899.0
smartphones,SAMSUNG,Économique,2,https://www.mytek.tn/smartphone-samsung-galaxy-a17-5g-6go-128go-gris.html,2,899.0
smartphones,SAMSUNG,Économique,2,https://www.mytek.tn/smartphone-samsung-galaxy-a17-5g-6go-128go-gris.html,3,899.0
smartphones,SAMSUNG,Économique,2,https://www.mytek.tn/smartphone-samsung-galaxy-a17-5g-6go-128go-gris.html,4,899.0
smartphones,SAMSUNG,Économique,2,https://www.mytek.tn/smartphone-samsung-galaxy-a17-5g-6go-128go-noir.html,1,899.0
smartphones,SAMSUNG,Économique,2,https://www.mytek.tn/smartphone-samsung-galaxy-a17-5g-6go-128go-noir.html,2,899.0
smartphones,SAMSUNG,Économique,2,https://www.mytek.tn/smartphone-samsung-galaxy-a17-5g-6go-128go-noir.html,3,899.0
smartphones,SAMSUNG,Économique,2,https://www.mytek.tn/smartphone-samsung-galaxy-a17-5g-6go-128go-noir.html,4,899.0
smartphones,SAMSUNG,Économique,2,https://www.mytek.tn/smartphone-samsung-galaxy-a17-5g-8go-256go-bleu.html,1,1199.0
smartphones,SAMSUNG,Économique,2,https://www.mytek.tn/smartphone-samsung-galaxy-a17-5g-8go-256go-bleu.html,2,1199.0
smartphones,SAMSUNG,Économique,2,https://www.mytek.tn/smartphone-samsung-galaxy-a17-5g-8go-256go-bleu.html,3,1199.0
smartphones,SAMSUNG,Économique,2,https://www.mytek.tn/smartphone-samsung-galaxy-a17-5g-8go-256go-bleu.html,4,1199.0
smartphones,SAMSUNG,Économique,2,https://www.mytek.tn/smartphone-samsung-galaxy-a17-5g-8go-256go-gris.html,1,1199.0
smartphones,SAMSUNG,Économique,2,https://www.mytek.tn/smartphone-samsung-galaxy-a17-5g-8go-256go-gris.html,2,1199.0
smartphones,SAMSUNG,Économique,2,https://www.mytek.tn/smartphone-samsung-galaxy-a17-5g-8go-256go-gris.html,3,1199.0
smartphones,SAMSUNG,Économique,2,https://www.mytek.tn/smartphone-samsung-galaxy-a17-5g-8go-256go-gris.html,4,1199.0
smartphones,SAMSUNG,Économique,2,https://www.mytek.tn/smartphone-samsung-galaxy-a17-5g-8go-256go-noir.html,1,1199.0
smartphones,SAMSUNG,Économique,2,https://www.mytek.tn/smartphone-samsung-galaxy-a17-5g-8go-256go-noir.html,2,1199.0
smartphones,SAMSUNG,Économique,2,https://www.mytek.tn/smartphone-samsung-galaxy-a17-5g-8go-256go-noir.html,3,1199.0
smartphones,SAMSUNG,Économique,2,https://www.mytek.tn/smartphone-samsung-galaxy-a17-5g-8go-256go-noir.html,4,1199.0
smartphones,TECNO,Gamme unique,profil_descriptif,https://www.mytek.tn/smartphone-tecno-spark-30-5g-4-go-128-go-aurora-cloud.html,1,559.0
smartphones,TECNO,Gamme unique,profil_descriptif,https://www.mytek.tn/smartphone-tecno-spark-30-5g-4-go-128-go-aurora-cloud.html,2,559.0
smartphones,TECNO,Gamme unique,profil_descriptif,https://www.mytek.tn/smartphone-tecno-spark-30-5g-4-go-128-go-aurora-cloud.html,3,559.0
smartphones,TECNO,Gamme unique,profil_descriptif,https://www.mytek.tn/smartphone-tecno-spark-30-5g-4-go-128-go-aurora-cloud.html,4,559.0
smartphones,TECNO,Gamme unique,profil_descriptif,https://www.mytek.tn/smartphone-tecno-spark-30-5g-4-go-128-go-azure-sky.html,1,559.0
smartphones,TECNO,Gamme unique,profil_descriptif,https://www.mytek.tn/smartphone-tecno-spark-30-5g-4-go-128-go-azure-sky.html,2,559.0
smartphones,TECNO,Gamme unique,profil_descriptif,https://www.mytek.tn/smartphone-tecno-spark-30-5g-4-go-128-go-azure-sky.html,3,559.0
smartphones,TECNO,Gamme unique,profil_descriptif,https://www.mytek.tn/smartphone-tecno-spark-30-5g-4-go-128-go-azure-sky.html,4,559.0
smartphones,TECNO,Gamme unique,profil_descriptif,https://www.mytek.tn/smartphone-tecno-spark-30-5g-4-go-128-go-midnight-shadow.html,1,559.0
smartphones,TECNO,Gamme unique,profil_descriptif,https://www.mytek.tn/smartphone-tecno-spark-30-5g-4-go-128-go-midnight-shadow.html,2,559.0
smartphones,TECNO,Gamme unique,profil_descriptif,https://www.mytek.tn/smartphone-tecno-spark-30-5g-4-go-128-go-midnight-shadow.html,3,559.0
smartphones,TECNO,Gamme unique,profil_descriptif,https://www.mytek.tn/smartphone-tecno-spark-30-5g-4-go-128-go-midnight-shadow.html,4,559.0
smartphones,TECNO,Gamme unique,profil_descriptif,https://www.mytek.tn/smartphone-tecno-spark-30-5g-6go-128-go-aurora-gold.html,1,599.0
smartphones,TECNO,Gamme unique,profil_descriptif,https://www.mytek.tn/smartphone-tecno-spark-30-5g-6go-128-go-aurora-gold.html,2,599.0
smartphones,TECNO,Gamme unique,profil_descriptif,https://www.mytek.tn/smartphone-tecno-spark-30-5g-6go-128-go-aurora-gold.html,3,599.0
smartphones,TECNO,Gamme unique,profil_descriptif,https://www.mytek.tn/smartphone-tecno-spark-30-5g-6go-128-go-aurora-gold.html,4,599.0
smartphones,TECNO,Gamme unique,profil_descriptif,https://www.mytek.tn/smartphone-tecno-spark-30-5g-6go-128-go-azure-sky.html,1,599.0
smartphones,TECNO,Gamme unique,profil_descriptif,https://www.mytek.tn/smartphone-tecno-spark-30c-5g-4go-64go-midnight-shadow.html,1,549.0
smartphones,VIVO,Milieu de gamme,profil_descriptif,https://www.mytek.tn/smartphone-vivo-v40-lite-8go-256go-silver-titane.html,1,699.0
smartphones,VIVO,Milieu de gamme,profil_descriptif,https://www.mytek.tn/smartphone-vivo-v40-lite-8go-256go-silver-titane.html,2,699.0
smartphones,VIVO,Milieu de gamme,profil_descriptif,https://www.mytek.tn/smartphone-vivo-v40-lite-8go-256go-silver-titane.html,3,699.0
smartphones,VIVO,Milieu de gamme,profil_descriptif,https://www.mytek.tn/smartphone-vivo-v40-lite-8go-256go-silver-titane.html,4,699.0
smartphones,VIVO,Milieu de gamme,profil_descriptif,https://www.mytek.tn/smartphone-vivo-y31-5g-16go-256go-noir.html,1,1169.0
smartphones,VIVO,Milieu de gamme,profil_descriptif,https://www.mytek.tn/smartphone-vivo-y31-5g-16go-256go-noir.html,2,1169.0
smartphones,VIVO,Milieu de gamme,profil_descriptif,https://www.mytek.tn/smartphone-vivo-y31-5g-16go-256go-noir.html,3,1169.0
smartphones,VIVO,Milieu de gamme,profil_descriptif,https://www.mytek.tn/smartphone-vivo-y31-5g-16go-256go-noir.html,4,1169.0
smartphones,VIVO,Milieu de gamme,profil_descriptif,https://www.mytek.tn/smartphone-vivo-y31-5g-16go-256go-violet.html,1,1169.0
smartphones,VIVO,Milieu de gamme,profil_descriptif,https://www.mytek.tn/smartphone-vivo-y31-5g-16go-256go-violet.html,2,1169.0
smartphones,VIVO,Milieu de gamme,profil_descriptif,https://www.mytek.tn/smartphone-vivo-y31-5g-16go-256go-violet.html,3,1169.0
smartphones,VIVO,Milieu de gamme,profil_descriptif,https://www.mytek.tn/smartphone-vivo-y31-5g-16go-256go-violet.html,4,1169.0
smartphones,VIVO,Milieu de gamme,profil_descriptif,https://www.mytek.tn/smartphone-vivo-y31d-4g-6go-128go-6-75-120hz-gold.html,1,839.0
smartphones,VIVO,Milieu de gamme,profil_descriptif,https://www.mytek.tn/smartphone-vivo-y31d-4g-6go-128go-6-75-120hz-gold.html,2,839.0
smartphones,VIVO,Milieu de gamme,profil_descriptif,https://www.mytek.tn/smartphone-vivo-y31d-4g-6go-128go-6-75-120hz-gold.html,3,839.0
smartphones,VIVO,Milieu de gamme,profil_descriptif,https://www.mytek.tn/smartphone-vivo-y31d-4g-6go-128go-6-75-120hz-gold.html,4,839.0
smartphones,VIVO,Milieu de gamme,profil_descriptif,https://www.mytek.tn/smartphone-vivo-y31d-4g-6go-128go-gris.html,1,839.0
smartphones,VIVO,Milieu de gamme,profil_descriptif,https://www.mytek.tn/smartphone-vivo-y31d-4g-6go-128go-gris.html,2,839.0
smartphones,VIVO,Milieu de gamme,profil_descriptif,https://www.mytek.tn/smartphone-vivo-y31d-4g-6go-128go-gris.html,3,839.0
smartphones,VIVO,Milieu de gamme,profil_descriptif,https://www.mytek.tn/smartphone-vivo-y31d-4g-6go-128go-gris.html,4,839.0
smartphones,VIVO,Milieu de gamme,profil_descriptif,https://www.mytek.tn/smartphone-vivo-y31d-4g-8go-128go-120hz-7200mah-gold.html,1,949.0
smartphones,VIVO,Milieu de gamme,profil_descriptif,https://www.mytek.tn/smartphone-vivo-y31d-4g-8go-128go-120hz-7200mah-gold.html,2,949.0
smartphones,VIVO,Milieu de gamme,profil_descriptif,https://www.mytek.tn/smartphone-vivo-y31d-4g-8go-128go-120hz-7200mah-gold.html,3,949.0
smartphones,VIVO,Milieu de gamme,profil_descriptif,https://www.mytek.tn/smartphone-vivo-y31d-4g-8go-128go-120hz-7200mah-gold.html,4,949.0
smartphones,VIVO,Milieu de gamme,profil_descriptif,https://www.mytek.tn/smartphone-vivo-y31d-4g-8go-128go-6-75-7200-mah-gris.html,1,949.0
smartphones,VIVO,Milieu de gamme,profil_descriptif,https://www.mytek.tn/smartphone-vivo-y31d-4g-8go-128go-6-75-7200-mah-gris.html,2,949.0
smartphones,VIVO,Milieu de gamme,profil_descriptif,https://www.mytek.tn/smartphone-vivo-y31d-4g-8go-128go-6-75-7200-mah-gris.html,3,949.0
smartphones,VIVO,Milieu de gamme,profil_descriptif,https://www.mytek.tn/smartphone-vivo-y31d-4g-8go-128go-6-75-7200-mah-gris.html,4,949.0
smartphones,VIVO,Milieu de gamme,profil_descriptif,https://www.mytek.tn/smartphone-vivo-y31d-4g-8go-256go-120hz-7200mah-gold.html,1,1069.0
smartphones,VIVO,Milieu de gamme,profil_descriptif,https://www.mytek.tn/smartphone-vivo-y31d-4g-8go-256go-120hz-7200mah-gold.html,2,1069.0
smartphones,VIVO,Milieu de gamme,profil_descriptif,https://www.mytek.tn/smartphone-vivo-y31d-4g-8go-256go-120hz-7200mah-gold.html,3,1069.0
smartphones,VIVO,Milieu de gamme,profil_descriptif,https://www.mytek.tn/smartphone-vivo-y31d-4g-8go-256go-120hz-7200mah-gold.html,4,1069.0
smartphones,VIVO,Milieu de gamme,profil_descriptif,https://www.mytek.tn/smartphone-vivo-y31d-4g-8go-256go-7200mah-gris.html,1,1069.0
smartphones,VIVO,Milieu de gamme,profil_descriptif,https://www.mytek.tn/smartphone-vivo-y31d-4g-8go-256go-7200mah-gris.html,2,1069.0
smartphones,VIVO,Milieu de gamme,profil_descriptif,https://www.mytek.tn/smartphone-vivo-y31d-4g-8go-256go-7200mah-gris.html,3,1069.0
smartphones,VIVO,Milieu de gamme,profil_descriptif,https://www.mytek.tn/smartphone-vivo-y31d-4g-8go-256go-7200mah-gris.html,4,1069.0
smartphones,VIVO,Premium,profil_descriptif,https://www.mytek.tn/smartphone-vivo-v50-5g-12go-256go-bleu.html,1,1599.0
smartphones,VIVO,Premium,profil_descriptif,https://www.mytek.tn/smartphone-vivo-v50-5g-12go-256go-bleu.html,2,1599.0
smartphones,VIVO,Premium,profil_descriptif,https://www.mytek.tn/smartphone-vivo-v50-5g-12go-256go-bleu.html,3,1599.0
smartphones,VIVO,Premium,profil_descriptif,https://www.mytek.tn/smartphone-vivo-v50-5g-12go-256go-bleu.html,4,1599.0
smartphones,VIVO,Premium,profil_descriptif,https://www.mytek.tn/smartphone-vivo-v70-5g-12go-512go-brun-mat.html,1,2199.0
smartphones,VIVO,Premium,profil_descriptif,https://www.mytek.tn/smartphone-vivo-v70-5g-12go-512go-brun-mat.html,2,2199.0
smartphones,VIVO,Premium,profil_descriptif,https://www.mytek.tn/smartphone-vivo-v70-5g-12go-512go-brun-mat.html,3,2199.0
smartphones,VIVO,Premium,profil_descriptif,https://www.mytek.tn/smartphone-vivo-v70-5g-12go-512go-brun-mat.html,4,2199.0
smartphones,VIVO,Premium,profil_descriptif,https://www.mytek.tn/smartphone-vivo-v70-5g-12go-512go-grey-dunes.html,1,2199.0
smartphones,VIVO,Premium,profil_descriptif,https://www.mytek.tn/smartphone-vivo-v70-5g-12go-512go-grey-dunes.html,2,2199.0
smartphones,VIVO,Premium,profil_descriptif,https://www.mytek.tn/smartphone-vivo-v70-5g-12go-512go-grey-dunes.html,3,2199.0
smartphones,VIVO,Premium,profil_descriptif,https://www.mytek.tn/smartphone-vivo-v70-5g-12go-512go-grey-dunes.html,4,2199.0
smartphones,VIVO,Premium,profil_descriptif,https://www.mytek.tn/smartphone-vivo-v70-fe-5g-12go-256go-ocean-blue.html,1,1699.0
smartphones,VIVO,Premium,profil_descriptif,https://www.mytek.tn/smartphone-vivo-v70-fe-5g-12go-256go-ocean-blue.html,2,1699.0
smartphones,VIVO,Premium,profil_descriptif,https://www.mytek.tn/smartphone-vivo-v70-fe-5g-12go-256go-ocean-blue.html,3,1699.0
smartphones,VIVO,Premium,profil_descriptif,https://www.mytek.tn/smartphone-vivo-v70-fe-5g-12go-256go-ocean-blue.html,4,1699.0
smartphones,VIVO,Premium,profil_descriptif,https://www.mytek.tn/smartphone-vivo-v70-fe-5g-12go-256go-titanium-silver.html,1,1699.0
smartphones,VIVO,Premium,profil_descriptif,https://www.mytek.tn/smartphone-vivo-v70-fe-5g-12go-256go-titanium-silver.html,2,1699.0
smartphones,VIVO,Premium,profil_descriptif,https://www.mytek.tn/smartphone-vivo-v70-fe-5g-12go-256go-titanium-silver.html,3,1699.0
smartphones,VIVO,Premium,profil_descriptif,https://www.mytek.tn/smartphone-vivo-v70-fe-5g-12go-256go-titanium-silver.html,4,1699.0
smartphones,VIVO,Premium,profil_descriptif,https://www.mytek.tn/smartphone-vivo-v70-fe-5g-8go-256go-ocean-blue.html,1,1499.0
smartphones,VIVO,Premium,profil_descriptif,https://www.mytek.tn/smartphone-vivo-v70-fe-5g-8go-256go-ocean-blue.html,2,1499.0
smartphones,VIVO,Premium,profil_descriptif,https://www.mytek.tn/smartphone-vivo-v70-fe-5g-8go-256go-ocean-blue.html,3,1499.0
smartphones,VIVO,Premium,profil_descriptif,https://www.mytek.tn/smartphone-vivo-v70-fe-5g-8go-256go-ocean-blue.html,4,1499.0
smartphones,VIVO,Premium,profil_descriptif,https://www.mytek.tn/smartphone-vivo-v70-fe-5g-8go-256go-titanium-silver.html,1,1499.0
smartphones,VIVO,Premium,profil_descriptif,https://www.mytek.tn/smartphone-vivo-v70-fe-5g-8go-256go-titanium-silver.html,2,1499.0
smartphones,VIVO,Premium,profil_descriptif,https://www.mytek.tn/smartphone-vivo-v70-fe-5g-8go-256go-titanium-silver.html,3,1499.0
smartphones,VIVO,Premium,profil_descriptif,https://www.mytek.tn/smartphone-vivo-v70-fe-5g-8go-256go-titanium-silver.html,4,1499.0
smartphones,VIVO,Économique,profil_descriptif,https://www.mytek.tn/smartphone-vivo-y04-4go-128go-or-titane.html,1,409.0
smartphones,VIVO,Économique,profil_descriptif,https://www.mytek.tn/smartphone-vivo-y04-4go-128go-or-titane.html,2,409.0
smartphones,VIVO,Économique,profil_descriptif,https://www.mytek.tn/smartphone-vivo-y04-4go-128go-or-titane.html,3,409.0
smartphones,VIVO,Économique,profil_descriptif,https://www.mytek.tn/smartphone-vivo-y04-4go-128go-or-titane.html,4,409.0
smartphones,VIVO,Économique,profil_descriptif,https://www.mytek.tn/smartphone-vivo-y04-4go-128go-vert-jade.html,1,409.0
smartphones,VIVO,Économique,profil_descriptif,https://www.mytek.tn/smartphone-vivo-y04-4go-128go-vert-jade.html,2,409.0
smartphones,VIVO,Économique,profil_descriptif,https://www.mytek.tn/smartphone-vivo-y04-4go-128go-vert-jade.html,3,409.0
smartphones,VIVO,Économique,profil_descriptif,https://www.mytek.tn/smartphone-vivo-y04-4go-128go-vert-jade.html,4,409.0
smartphones,VIVO,Économique,profil_descriptif,https://www.mytek.tn/smartphone-vivo-y04-4go-64go-or-titane.html,1,379.0
smartphones,VIVO,Économique,profil_descriptif,https://www.mytek.tn/smartphone-vivo-y04-4go-64go-or-titane.html,2,379.0
smartphones,VIVO,Économique,profil_descriptif,https://www.mytek.tn/smartphone-vivo-y04-4go-64go-or-titane.html,3,379.0
smartphones,VIVO,Économique,profil_descriptif,https://www.mytek.tn/smartphone-vivo-y04-4go-64go-or-titane.html,4,379.0
smartphones,VIVO,Économique,profil_descriptif,https://www.mytek.tn/smartphone-vivo-y04-4go-64go-vert-jade.html,1,379.0
smartphones,VIVO,Économique,profil_descriptif,https://www.mytek.tn/smartphone-vivo-y04-4go-64go-vert-jade.html,2,379.0
smartphones,VIVO,Économique,profil_descriptif,https://www.mytek.tn/smartphone-vivo-y04-4go-64go-vert-jade.html,3,379.0
smartphones,VIVO,Économique,profil_descriptif,https://www.mytek.tn/smartphone-vivo-y04-4go-64go-vert-jade.html,4,379.0
smartphones,VIVO,Économique,profil_descriptif,https://www.mytek.tn/smartphone-vivo-y19s-12gb-128gb-silver.html,1,459.0
smartphones,VIVO,Économique,profil_descriptif,https://www.mytek.tn/smartphone-vivo-y19s-12go-128go-noir.html,1,459.0
smartphones,VIVO,Économique,profil_descriptif,https://www.mytek.tn/smartphone-vivo-y19s-12go-128go-noir.html,2,459.0
smartphones,VIVO,Économique,profil_descriptif,https://www.mytek.tn/smartphone-vivo-y19s-12go-128go-noir.html,3,459.0
smartphones,VIVO,Économique,profil_descriptif,https://www.mytek.tn/smartphone-vivo-y19s-12go-128go-noir.html,4,459.0
smartphones,VIVO,Économique,profil_descriptif,https://www.mytek.tn/smartphone-vivo-y21d-6go-128go-rouge-corail.html,1,479.0
smartphones,VIVO,Économique,profil_descriptif,https://www.mytek.tn/smartphone-vivo-y21d-6go-256go-rouge-corail.html,1,529.0
smartphones,XIAOMI,Milieu de gamme,profil_descriptif,https://www.mytek.tn/smartphone-xiaomi-redmi-15c-8go-256go-5g-noir-de-minuit.html,1,839.0
smartphones,XIAOMI,Milieu de gamme,profil_descriptif,https://www.mytek.tn/smartphone-xiaomi-redmi-15c-8go-256go-5g-noir-de-minuit.html,2,839.0
smartphones,XIAOMI,Milieu de gamme,profil_descriptif,https://www.mytek.tn/smartphone-xiaomi-redmi-15c-8go-256go-5g-noir-de-minuit.html,3,839.0
smartphones,XIAOMI,Milieu de gamme,profil_descriptif,https://www.mytek.tn/smartphone-xiaomi-redmi-15c-8go-256go-5g-noir-de-minuit.html,4,839.0
smartphones,XIAOMI,Milieu de gamme,profil_descriptif,https://www.mytek.tn/smartphone-xiaomi-redmi-15c-8go-256go-5g-vert-menthe.html,1,839.0
smartphones,XIAOMI,Milieu de gamme,profil_descriptif,https://www.mytek.tn/smartphone-xiaomi-redmi-15c-8go-256go-5g-vert-menthe.html,2,839.0
smartphones,XIAOMI,Milieu de gamme,profil_descriptif,https://www.mytek.tn/smartphone-xiaomi-redmi-15c-8go-256go-5g-vert-menthe.html,3,839.0
smartphones,XIAOMI,Milieu de gamme,profil_descriptif,https://www.mytek.tn/smartphone-xiaomi-redmi-15c-8go-256go-5g-vert-menthe.html,4,839.0
smartphones,XIAOMI,Milieu de gamme,profil_descriptif,https://www.mytek.tn/smartphone-xiaomi-redmi-note-14-4g-8go-128go-midnight-black.html,1,749.0
smartphones,XIAOMI,Milieu de gamme,profil_descriptif,https://www.mytek.tn/smartphone-xiaomi-redmi-note-14-4g-8go-128go-midnight-black.html,2,749.0
smartphones,XIAOMI,Milieu de gamme,profil_descriptif,https://www.mytek.tn/smartphone-xiaomi-redmi-note-14-4g-8go-128go-midnight-black.html,3,749.0
smartphones,XIAOMI,Milieu de gamme,profil_descriptif,https://www.mytek.tn/smartphone-xiaomi-redmi-note-14-4g-8go-128go-midnight-black.html,4,749.0
smartphones,XIAOMI,Milieu de gamme,profil_descriptif,https://www.mytek.tn/smartphone-xiaomi-redmi-note-14-4g-8go-128go-purple.html,1,749.0
smartphones,XIAOMI,Milieu de gamme,profil_descriptif,https://www.mytek.tn/smartphone-xiaomi-redmi-note-14-4g-8go-128go-purple.html,2,749.0
smartphones,XIAOMI,Milieu de gamme,profil_descriptif,https://www.mytek.tn/smartphone-xiaomi-redmi-note-14-4g-8go-128go-purple.html,3,749.0
smartphones,XIAOMI,Milieu de gamme,profil_descriptif,https://www.mytek.tn/smartphone-xiaomi-redmi-note-14-4g-8go-128go-purple.html,4,749.0
smartphones,XIAOMI,Milieu de gamme,profil_descriptif,https://www.mytek.tn/smartphone-xiaomi-redmi-note-14-8go-128go-lime-vert.html,1,749.0
smartphones,XIAOMI,Milieu de gamme,profil_descriptif,https://www.mytek.tn/smartphone-xiaomi-redmi-note-14-8go-128go-lime-vert.html,2,749.0
smartphones,XIAOMI,Milieu de gamme,profil_descriptif,https://www.mytek.tn/smartphone-xiaomi-redmi-note-14-8go-128go-lime-vert.html,3,749.0
smartphones,XIAOMI,Milieu de gamme,profil_descriptif,https://www.mytek.tn/smartphone-xiaomi-redmi-note-14-8go-128go-lime-vert.html,4,749.0
smartphones,XIAOMI,Milieu de gamme,profil_descriptif,https://www.mytek.tn/smartphone-xiaomi-redmi-note-14-8go-128go-ocean-blue.html,1,749.0
smartphones,XIAOMI,Milieu de gamme,profil_descriptif,https://www.mytek.tn/smartphone-xiaomi-redmi-note-14-8go-128go-ocean-blue.html,2,749.0
smartphones,XIAOMI,Milieu de gamme,profil_descriptif,https://www.mytek.tn/smartphone-xiaomi-redmi-note-14-8go-128go-ocean-blue.html,3,749.0
smartphones,XIAOMI,Milieu de gamme,profil_descriptif,https://www.mytek.tn/smartphone-xiaomi-redmi-note-14-8go-128go-ocean-blue.html,4,749.0
smartphones,XIAOMI,Milieu de gamme,profil_descriptif,https://www.mytek.tn/smartphone-xiaomi-redmi-note-15-4g-8go-256go-forest-green.html,1,899.0
smartphones,XIAOMI,Milieu de gamme,profil_descriptif,https://www.mytek.tn/smartphone-xiaomi-redmi-note-15-4g-8go-256go-forest-green.html,2,899.0
smartphones,XIAOMI,Milieu de gamme,profil_descriptif,https://www.mytek.tn/smartphone-xiaomi-redmi-note-15-4g-8go-256go-forest-green.html,3,899.0
smartphones,XIAOMI,Milieu de gamme,profil_descriptif,https://www.mytek.tn/smartphone-xiaomi-redmi-note-15-4g-8go-256go-forest-green.html,4,899.0
smartphones,XIAOMI,Milieu de gamme,profil_descriptif,https://www.mytek.tn/smartphone-xiaomi-redmi-note-15-4g-8go-256go-glacier-blue.html,1,899.0
smartphones,XIAOMI,Milieu de gamme,profil_descriptif,https://www.mytek.tn/smartphone-xiaomi-redmi-note-15-4g-8go-256go-glacier-blue.html,2,899.0
smartphones,XIAOMI,Milieu de gamme,profil_descriptif,https://www.mytek.tn/smartphone-xiaomi-redmi-note-15-4g-8go-256go-glacier-blue.html,3,899.0
smartphones,XIAOMI,Milieu de gamme,profil_descriptif,https://www.mytek.tn/smartphone-xiaomi-redmi-note-15-4g-8go-256go-glacier-blue.html,4,899.0
smartphones,XIAOMI,Milieu de gamme,profil_descriptif,https://www.mytek.tn/smartphone-xiaomi-redmi-note-15-4g-8go-256go-noir.html,1,899.0
smartphones,XIAOMI,Milieu de gamme,profil_descriptif,https://www.mytek.tn/smartphone-xiaomi-redmi-note-15-4g-8go-256go-noir.html,2,899.0
smartphones,XIAOMI,Milieu de gamme,profil_descriptif,https://www.mytek.tn/smartphone-xiaomi-redmi-note-15-4g-8go-256go-noir.html,3,899.0
smartphones,XIAOMI,Milieu de gamme,profil_descriptif,https://www.mytek.tn/smartphone-xiaomi-redmi-note-15-4g-8go-256go-noir.html,4,899.0
smartphones,XIAOMI,Milieu de gamme,profil_descriptif,https://www.mytek.tn/smartphone-xiaomi-redmi-note-15-4g-8go-256go-violet.html,1,899.0
smartphones,XIAOMI,Milieu de gamme,profil_descriptif,https://www.mytek.tn/smartphone-xiaomi-redmi-note-15-4g-8go-256go-violet.html,2,899.0
smartphones,XIAOMI,Milieu de gamme,profil_descriptif,https://www.mytek.tn/smartphone-xiaomi-redmi-note-15-4g-8go-256go-violet.html,3,899.0
smartphones,XIAOMI,Milieu de gamme,profil_descriptif,https://www.mytek.tn/smartphone-xiaomi-redmi-note-15-4g-8go-256go-violet.html,4,899.0
smartphones,XIAOMI,Milieu de gamme,profil_descriptif,https://www.mytek.tn/smartphone-xiaomi-redmi-note-15-5g-6go-128go-forest-green.html,1,799.0
smartphones,XIAOMI,Milieu de gamme,profil_descriptif,https://www.mytek.tn/smartphone-xiaomi-redmi-note-15-5g-6go-128go-forest-green.html,2,799.0
smartphones,XIAOMI,Milieu de gamme,profil_descriptif,https://www.mytek.tn/smartphone-xiaomi-redmi-note-15-5g-6go-128go-forest-green.html,3,799.0
smartphones,XIAOMI,Milieu de gamme,profil_descriptif,https://www.mytek.tn/smartphone-xiaomi-redmi-note-15-5g-6go-128go-forest-green.html,4,799.0
smartphones,XIAOMI,Milieu de gamme,profil_descriptif,https://www.mytek.tn/smartphone-xiaomi-redmi-note-15-5g-6go-128go-glacier-blue.html,1,799.0
smartphones,XIAOMI,Milieu de gamme,profil_descriptif,https://www.mytek.tn/smartphone-xiaomi-redmi-note-15-5g-6go-128go-glacier-blue.html,2,799.0
smartphones,XIAOMI,Milieu de gamme,profil_descriptif,https://www.mytek.tn/smartphone-xiaomi-redmi-note-15-5g-6go-128go-glacier-blue.html,3,799.0
smartphones,XIAOMI,Milieu de gamme,profil_descriptif,https://www.mytek.tn/smartphone-xiaomi-redmi-note-15-5g-6go-128go-glacier-blue.html,4,799.0
smartphones,XIAOMI,Milieu de gamme,profil_descriptif,https://www.mytek.tn/smartphone-xiaomi-redmi-note-15-5g-6go-128go-noir.html,1,799.0
smartphones,XIAOMI,Milieu de gamme,profil_descriptif,https://www.mytek.tn/smartphone-xiaomi-redmi-note-15-5g-6go-128go-noir.html,2,799.0
smartphones,XIAOMI,Milieu de gamme,profil_descriptif,https://www.mytek.tn/smartphone-xiaomi-redmi-note-15-5g-6go-128go-noir.html,3,799.0
smartphones,XIAOMI,Milieu de gamme,profil_descriptif,https://www.mytek.tn/smartphone-xiaomi-redmi-note-15-5g-6go-128go-noir.html,4,799.0
smartphones,XIAOMI,Milieu de gamme,profil_descriptif,https://www.mytek.tn/smartphone-xiaomi-redmi-note-15-5g-6go-128go-violet.html,1,799.0
smartphones,XIAOMI,Milieu de gamme,profil_descriptif,https://www.mytek.tn/smartphone-xiaomi-redmi-note-15-5g-6go-128go-violet.html,2,799.0
smartphones,XIAOMI,Milieu de gamme,profil_descriptif,https://www.mytek.tn/smartphone-xiaomi-redmi-note-15-5g-6go-128go-violet.html,3,799.0
smartphones,XIAOMI,Milieu de gamme,profil_descriptif,https://www.mytek.tn/smartphone-xiaomi-redmi-note-15-5g-6go-128go-violet.html,4,799.0
smartphones,XIAOMI,Premium,profil_descriptif,https://www.mytek.tn/smartphone-xiaomi-redmi-note-14-pro-plus-5g-8go-256go-bleu-givre.html,1,1699.0
smartphones,XIAOMI,Premium,profil_descriptif,https://www.mytek.tn/smartphone-xiaomi-redmi-note-14-pro-plus-5g-8go-256go-bleu-givre.html,2,1699.0
smartphones,XIAOMI,Premium,profil_descriptif,https://www.mytek.tn/smartphone-xiaomi-redmi-note-14-pro-plus-5g-8go-256go-bleu-givre.html,3,1699.0
smartphones,XIAOMI,Premium,profil_descriptif,https://www.mytek.tn/smartphone-xiaomi-redmi-note-14-pro-plus-5g-8go-256go-bleu-givre.html,4,1699.0
smartphones,XIAOMI,Premium,profil_descriptif,https://www.mytek.tn/smartphone-xiaomi-redmi-note-15-5g-6go-128go-couleur-glacier-blue.html,1,1069.0
smartphones,XIAOMI,Premium,profil_descriptif,https://www.mytek.tn/smartphone-xiaomi-redmi-note-15-5g-6go-128go-couleur-glacier-blue.html,2,1069.0
smartphones,XIAOMI,Premium,profil_descriptif,https://www.mytek.tn/smartphone-xiaomi-redmi-note-15-5g-6go-128go-couleur-glacier-blue.html,3,1069.0
smartphones,XIAOMI,Premium,profil_descriptif,https://www.mytek.tn/smartphone-xiaomi-redmi-note-15-5g-6go-128go-couleur-glacier-blue.html,4,1069.0
smartphones,XIAOMI,Premium,profil_descriptif,https://www.mytek.tn/smartphone-xiaomi-redmi-note-15-5g-6go-128go-couleur-noir.html,1,1069.0
smartphones,XIAOMI,Premium,profil_descriptif,https://www.mytek.tn/smartphone-xiaomi-redmi-note-15-5g-6go-128go-couleur-noir.html,2,1069.0
smartphones,XIAOMI,Premium,profil_descriptif,https://www.mytek.tn/smartphone-xiaomi-redmi-note-15-5g-6go-128go-couleur-noir.html,3,1069.0
smartphones,XIAOMI,Premium,profil_descriptif,https://www.mytek.tn/smartphone-xiaomi-redmi-note-15-5g-6go-128go-couleur-noir.html,4,1069.0
smartphones,XIAOMI,Premium,profil_descriptif,https://www.mytek.tn/smartphone-xiaomi-redmi-note-15-5g-6go-128go-couleur-violet-lavande.html,1,1069.0
smartphones,XIAOMI,Premium,profil_descriptif,https://www.mytek.tn/smartphone-xiaomi-redmi-note-15-5g-6go-128go-couleur-violet-lavande.html,2,1069.0
smartphones,XIAOMI,Premium,profil_descriptif,https://www.mytek.tn/smartphone-xiaomi-redmi-note-15-5g-6go-128go-couleur-violet-lavande.html,3,1069.0
smartphones,XIAOMI,Premium,profil_descriptif,https://www.mytek.tn/smartphone-xiaomi-redmi-note-15-5g-6go-128go-couleur-violet-lavande.html,4,1069.0
smartphones,XIAOMI,Premium,profil_descriptif,https://www.mytek.tn/smartphone-xiaomi-redmi-note-15-5g-8go-256go-couleur-glacier-blue.html,1,1199.0
smartphones,XIAOMI,Premium,profil_descriptif,https://www.mytek.tn/smartphone-xiaomi-redmi-note-15-5g-8go-256go-couleur-glacier-blue.html,2,1199.0
smartphones,XIAOMI,Premium,profil_descriptif,https://www.mytek.tn/smartphone-xiaomi-redmi-note-15-5g-8go-256go-couleur-glacier-blue.html,3,1199.0
smartphones,XIAOMI,Premium,profil_descriptif,https://www.mytek.tn/smartphone-xiaomi-redmi-note-15-5g-8go-256go-couleur-glacier-blue.html,4,1199.0
smartphones,XIAOMI,Premium,profil_descriptif,https://www.mytek.tn/smartphone-xiaomi-redmi-note-15-5g-8go-256go-couleur-noir.html,1,1199.0
smartphones,XIAOMI,Premium,profil_descriptif,https://www.mytek.tn/smartphone-xiaomi-redmi-note-15-5g-8go-256go-couleur-noir.html,2,1199.0
smartphones,XIAOMI,Premium,profil_descriptif,https://www.mytek.tn/smartphone-xiaomi-redmi-note-15-5g-8go-256go-couleur-noir.html,3,1199.0
smartphones,XIAOMI,Premium,profil_descriptif,https://www.mytek.tn/smartphone-xiaomi-redmi-note-15-5g-8go-256go-couleur-noir.html,4,1199.0
smartphones,XIAOMI,Premium,profil_descriptif,https://www.mytek.tn/smartphone-xiaomi-redmi-note-15-5g-8go-256go-couleur-violet-lavande.html,1,1199.0
smartphones,XIAOMI,Premium,profil_descriptif,https://www.mytek.tn/smartphone-xiaomi-redmi-note-15-5g-8go-256go-couleur-violet-lavande.html,2,1199.0
smartphones,XIAOMI,Premium,profil_descriptif,https://www.mytek.tn/smartphone-xiaomi-redmi-note-15-5g-8go-256go-couleur-violet-lavande.html,3,1199.0
smartphones,XIAOMI,Premium,profil_descriptif,https://www.mytek.tn/smartphone-xiaomi-redmi-note-15-5g-8go-256go-couleur-violet-lavande.html,4,1199.0
smartphones,XIAOMI,Premium,profil_descriptif,https://www.mytek.tn/smartphone-xiaomi-redmi-note-15-pro-5g-8go-256go-glacier-blue.html,1,1319.0
smartphones,XIAOMI,Premium,profil_descriptif,https://www.mytek.tn/smartphone-xiaomi-redmi-note-15-pro-5g-8go-256go-glacier-blue.html,2,1319.0
smartphones,XIAOMI,Premium,profil_descriptif,https://www.mytek.tn/smartphone-xiaomi-redmi-note-15-pro-5g-8go-256go-glacier-blue.html,3,1319.0
smartphones,XIAOMI,Premium,profil_descriptif,https://www.mytek.tn/smartphone-xiaomi-redmi-note-15-pro-5g-8go-256go-glacier-blue.html,4,1319.0
smartphones,XIAOMI,Premium,profil_descriptif,https://www.mytek.tn/smartphone-xiaomi-redmi-note-15-pro-5g-8go-256go-noir.html,1,1319.0
smartphones,XIAOMI,Premium,profil_descriptif,https://www.mytek.tn/smartphone-xiaomi-redmi-note-15-pro-5g-8go-256go-noir.html,2,1319.0
smartphones,XIAOMI,Premium,profil_descriptif,https://www.mytek.tn/smartphone-xiaomi-redmi-note-15-pro-5g-8go-256go-noir.html,3,1319.0
smartphones,XIAOMI,Premium,profil_descriptif,https://www.mytek.tn/smartphone-xiaomi-redmi-note-15-pro-5g-8go-256go-noir.html,4,1319.0
smartphones,XIAOMI,Premium,profil_descriptif,https://www.mytek.tn/smartphone-xiaomi-redmi-note-15-pro-8go-256go-5g-noir.html,1,1849.0
smartphones,XIAOMI,Premium,profil_descriptif,https://www.mytek.tn/smartphone-xiaomi-redmi-note-15-pro-8go-256go-5g-noir.html,2,1849.0
smartphones,XIAOMI,Premium,profil_descriptif,https://www.mytek.tn/smartphone-xiaomi-redmi-note-15-pro-8go-256go-5g-noir.html,3,1849.0
smartphones,XIAOMI,Premium,profil_descriptif,https://www.mytek.tn/smartphone-xiaomi-redmi-note-15-pro-8go-256go-5g-noir.html,4,1849.0
smartphones,XIAOMI,Premium,profil_descriptif,https://www.mytek.tn/smartphone-xiaomi-redmi-note-15-pro-plus-5g-12go-512go-glacier-bleu.html,1,2099.0
smartphones,XIAOMI,Premium,profil_descriptif,https://www.mytek.tn/smartphone-xiaomi-redmi-note-15-pro-plus-5g-12go-512go-glacier-bleu.html,2,2099.0
smartphones,XIAOMI,Premium,profil_descriptif,https://www.mytek.tn/smartphone-xiaomi-redmi-note-15-pro-plus-5g-12go-512go-glacier-bleu.html,3,2099.0
smartphones,XIAOMI,Premium,profil_descriptif,https://www.mytek.tn/smartphone-xiaomi-redmi-note-15-pro-plus-5g-12go-512go-glacier-bleu.html,4,2099.0
smartphones,XIAOMI,Premium,profil_descriptif,https://www.mytek.tn/smartphone-xiaomi-redmi-note-15-pro-plus-5g-12go-512go-moka-brown.html,1,2099.0
smartphones,XIAOMI,Premium,profil_descriptif,https://www.mytek.tn/smartphone-xiaomi-redmi-note-15-pro-plus-5g-12go-512go-moka-brown.html,2,2099.0
smartphones,XIAOMI,Premium,profil_descriptif,https://www.mytek.tn/smartphone-xiaomi-redmi-note-15-pro-plus-5g-12go-512go-moka-brown.html,3,2099.0
smartphones,XIAOMI,Premium,profil_descriptif,https://www.mytek.tn/smartphone-xiaomi-redmi-note-15-pro-plus-5g-12go-512go-moka-brown.html,4,2099.0
smartphones,XIAOMI,Premium,profil_descriptif,https://www.mytek.tn/smartphone-xiaomi-redmi-note-15-pro-plus-5g-12go-512go-noir.html,1,2099.0
smartphones,XIAOMI,Premium,profil_descriptif,https://www.mytek.tn/smartphone-xiaomi-redmi-note-15-pro-plus-5g-12go-512go-noir.html,2,2099.0
smartphones,XIAOMI,Premium,profil_descriptif,https://www.mytek.tn/smartphone-xiaomi-redmi-note-15-pro-plus-5g-12go-512go-noir.html,3,2099.0
smartphones,XIAOMI,Premium,profil_descriptif,https://www.mytek.tn/smartphone-xiaomi-redmi-note-15-pro-plus-5g-12go-512go-noir.html,4,2099.0
smartphones,XIAOMI,Premium,profil_descriptif,https://www.mytek.tn/smartphone-xiaomi-redmi-note-15-pro-plus-5g-8go-256go-glacier-bleu.html,1,1849.0
smartphones,XIAOMI,Premium,profil_descriptif,https://www.mytek.tn/smartphone-xiaomi-redmi-note-15-pro-plus-5g-8go-256go-glacier-bleu.html,2,1849.0
smartphones,XIAOMI,Premium,profil_descriptif,https://www.mytek.tn/smartphone-xiaomi-redmi-note-15-pro-plus-5g-8go-256go-glacier-bleu.html,3,1849.0
smartphones,XIAOMI,Premium,profil_descriptif,https://www.mytek.tn/smartphone-xiaomi-redmi-note-15-pro-plus-5g-8go-256go-glacier-bleu.html,4,1849.0
smartphones,XIAOMI,Premium,profil_descriptif,https://www.mytek.tn/smartphone-xiaomi-redmi-note-15-pro-plus-5g-8go-256go-mocha-brown.html,1,1849.0
smartphones,XIAOMI,Premium,profil_descriptif,https://www.mytek.tn/smartphone-xiaomi-redmi-note-15-pro-plus-5g-8go-256go-mocha-brown.html,2,1849.0
smartphones,XIAOMI,Premium,profil_descriptif,https://www.mytek.tn/smartphone-xiaomi-redmi-note-15-pro-plus-5g-8go-256go-mocha-brown.html,3,1849.0
smartphones,XIAOMI,Premium,profil_descriptif,https://www.mytek.tn/smartphone-xiaomi-redmi-note-15-pro-plus-5g-8go-256go-mocha-brown.html,4,1849.0
smartphones,XIAOMI,Économique,profil_descriptif,https://www.mytek.tn/smartphone-xiaomi-redmi-15-8go-256go-gris-titane.html,1,699.0
smartphones,XIAOMI,Économique,profil_descriptif,https://www.mytek.tn/smartphone-xiaomi-redmi-15-8go-256go-gris-titane.html,2,699.0
smartphones,XIAOMI,Économique,profil_descriptif,https://www.mytek.tn/smartphone-xiaomi-redmi-15-8go-256go-gris-titane.html,3,699.0
smartphones,XIAOMI,Économique,profil_descriptif,https://www.mytek.tn/smartphone-xiaomi-redmi-15-8go-256go-gris-titane.html,4,699.0
smartphones,XIAOMI,Économique,profil_descriptif,https://www.mytek.tn/smartphone-xiaomi-redmi-15-8go-256go-noir-de-minuit.html,1,699.0
smartphones,XIAOMI,Économique,profil_descriptif,https://www.mytek.tn/smartphone-xiaomi-redmi-15-8go-256go-noir-de-minuit.html,2,699.0
smartphones,XIAOMI,Économique,profil_descriptif,https://www.mytek.tn/smartphone-xiaomi-redmi-15-8go-256go-noir-de-minuit.html,3,699.0
smartphones,XIAOMI,Économique,profil_descriptif,https://www.mytek.tn/smartphone-xiaomi-redmi-15-8go-256go-noir-de-minuit.html,4,699.0
smartphones,XIAOMI,Économique,profil_descriptif,https://www.mytek.tn/smartphone-xiaomi-redmi-15-8go-256go-violet-sableux.html,1,699.0
smartphones,XIAOMI,Économique,profil_descriptif,https://www.mytek.tn/smartphone-xiaomi-redmi-15-8go-256go-violet-sableux.html,2,699.0
smartphones,XIAOMI,Économique,profil_descriptif,https://www.mytek.tn/smartphone-xiaomi-redmi-15-8go-256go-violet-sableux.html,3,699.0
smartphones,XIAOMI,Économique,profil_descriptif,https://www.mytek.tn/smartphone-xiaomi-redmi-15-8go-256go-violet-sableux.html,4,699.0
smartphones,XIAOMI,Économique,profil_descriptif,https://www.mytek.tn/smartphone-xiaomi-redmi-15c-4go-128go-5g-noir-de-minuit.html,1,699.0
smartphones,XIAOMI,Économique,profil_descriptif,https://www.mytek.tn/smartphone-xiaomi-redmi-15c-4go-128go-5g-noir-de-minuit.html,2,699.0
smartphones,XIAOMI,Économique,profil_descriptif,https://www.mytek.tn/smartphone-xiaomi-redmi-15c-4go-128go-5g-noir-de-minuit.html,3,699.0
smartphones,XIAOMI,Économique,profil_descriptif,https://www.mytek.tn/smartphone-xiaomi-redmi-15c-4go-128go-5g-noir-de-minuit.html,4,699.0
smartphones,XIAOMI,Économique,profil_descriptif,https://www.mytek.tn/smartphone-xiaomi-redmi-15c-4go-128go-5g-vert-menthe.html,1,599.0
smartphones,XIAOMI,Économique,profil_descriptif,https://www.mytek.tn/smartphone-xiaomi-redmi-15c-4go-128go-5g-vert-menthe.html,2,699.0
smartphones,XIAOMI,Économique,profil_descriptif,https://www.mytek.tn/smartphone-xiaomi-redmi-15c-4go-128go-5g-vert-menthe.html,3,699.0
smartphones,XIAOMI,Économique,profil_descriptif,https://www.mytek.tn/smartphone-xiaomi-redmi-15c-4go-128go-5g-vert-menthe.html,4,699.0
smartphones,XIAOMI,Économique,profil_descriptif,https://www.mytek.tn/smartphone-xiaomi-redmi-15c-4go-128go-bleu-moonlight.html,1,529.0
smartphones,XIAOMI,Économique,profil_descriptif,https://www.mytek.tn/smartphone-xiaomi-redmi-15c-4go-128go-bleu-moonlight.html,2,529.0
smartphones,XIAOMI,Économique,profil_descriptif,https://www.mytek.tn/smartphone-xiaomi-redmi-15c-4go-128go-bleu-moonlight.html,3,529.0
smartphones,XIAOMI,Économique,profil_descriptif,https://www.mytek.tn/smartphone-xiaomi-redmi-15c-4go-128go-bleu-moonlight.html,4,529.0
smartphones,XIAOMI,Économique,profil_descriptif,https://www.mytek.tn/smartphone-xiaomi-redmi-15c-4go-128go-noir-de-minuit.html,1,529.0
smartphones,XIAOMI,Économique,profil_descriptif,https://www.mytek.tn/smartphone-xiaomi-redmi-15c-4go-128go-noir-de-minuit.html,2,529.0
smartphones,XIAOMI,Économique,profil_descriptif,https://www.mytek.tn/smartphone-xiaomi-redmi-15c-4go-128go-noir-de-minuit.html,3,529.0
smartphones,XIAOMI,Économique,profil_descriptif,https://www.mytek.tn/smartphone-xiaomi-redmi-15c-4go-128go-noir-de-minuit.html,4,529.0
smartphones,XIAOMI,Économique,profil_descriptif,https://www.mytek.tn/smartphone-xiaomi-redmi-15c-4go-128go-orange-twilight.html,1,529.0
smartphones,XIAOMI,Économique,profil_descriptif,https://www.mytek.tn/smartphone-xiaomi-redmi-15c-4go-128go-orange-twilight.html,2,529.0
smartphones,XIAOMI,Économique,profil_descriptif,https://www.mytek.tn/smartphone-xiaomi-redmi-15c-4go-128go-orange-twilight.html,3,529.0
smartphones,XIAOMI,Économique,profil_descriptif,https://www.mytek.tn/smartphone-xiaomi-redmi-15c-4go-128go-orange-twilight.html,4,529.0
smartphones,XIAOMI,Économique,profil_descriptif,https://www.mytek.tn/smartphone-xiaomi-redmi-15c-4go-128go-vert-menthe.html,1,529.0
smartphones,XIAOMI,Économique,profil_descriptif,https://www.mytek.tn/smartphone-xiaomi-redmi-15c-4go-128go-vert-menthe.html,2,529.0
smartphones,XIAOMI,Économique,profil_descriptif,https://www.mytek.tn/smartphone-xiaomi-redmi-15c-4go-128go-vert-menthe.html,3,529.0
smartphones,XIAOMI,Économique,profil_descriptif,https://www.mytek.tn/smartphone-xiaomi-redmi-15c-4go-128go-vert-menthe.html,4,529.0
smartphones,XIAOMI,Économique,profil_descriptif,https://www.mytek.tn/smartphone-xiaomi-redmi-15c-6go-128go-noir-de-minuit.html,1,599.0
smartphones,XIAOMI,Économique,profil_descriptif,https://www.mytek.tn/smartphone-xiaomi-redmi-15c-6go-128go-noir-de-minuit.html,2,599.0
smartphones,XIAOMI,Économique,profil_descriptif,https://www.mytek.tn/smartphone-xiaomi-redmi-15c-6go-128go-noir-de-minuit.html,3,599.0
smartphones,XIAOMI,Économique,profil_descriptif,https://www.mytek.tn/smartphone-xiaomi-redmi-15c-6go-128go-noir-de-minuit.html,4,599.0
smartphones,XIAOMI,Économique,profil_descriptif,https://www.mytek.tn/smartphone-xiaomi-redmi-15c-6go-128go-vert-menthe.html,1,599.0
smartphones,XIAOMI,Économique,profil_descriptif,https://www.mytek.tn/smartphone-xiaomi-redmi-15c-6go-128go-vert-menthe.html,2,599.0
smartphones,XIAOMI,Économique,profil_descriptif,https://www.mytek.tn/smartphone-xiaomi-redmi-15c-6go-128go-vert-menthe.html,3,599.0
smartphones,XIAOMI,Économique,profil_descriptif,https://www.mytek.tn/smartphone-xiaomi-redmi-15c-6go-128go-vert-menthe.html,4,599.0
smartphones,XIAOMI,Économique,profil_descriptif,https://www.mytek.tn/smartphone-xiaomi-redmi-15c-8go-256go-bleu-moonlight.html,1,679.0
smartphones,XIAOMI,Économique,profil_descriptif,https://www.mytek.tn/smartphone-xiaomi-redmi-15c-8go-256go-bleu-moonlight.html,2,679.0
smartphones,XIAOMI,Économique,profil_descriptif,https://www.mytek.tn/smartphone-xiaomi-redmi-15c-8go-256go-bleu-moonlight.html,3,679.0
smartphones,XIAOMI,Économique,profil_descriptif,https://www.mytek.tn/smartphone-xiaomi-redmi-15c-8go-256go-bleu-moonlight.html,4,679.0
smartphones,XIAOMI,Économique,profil_descriptif,https://www.mytek.tn/smartphone-xiaomi-redmi-15c-8go-256go-noir-de-minuit.html,1,679.0
smartphones,XIAOMI,Économique,profil_descriptif,https://www.mytek.tn/smartphone-xiaomi-redmi-15c-8go-256go-noir-de-minuit.html,2,679.0
smartphones,XIAOMI,Économique,profil_descriptif,https://www.mytek.tn/smartphone-xiaomi-redmi-15c-8go-256go-noir-de-minuit.html,3,679.0
smartphones,XIAOMI,Économique,profil_descriptif,https://www.mytek.tn/smartphone-xiaomi-redmi-15c-8go-256go-noir-de-minuit.html,4,679.0
smartphones,XIAOMI,Économique,profil_descriptif,https://www.mytek.tn/smartphone-xiaomi-redmi-15c-8go-256go-orange-twilight.html,1,679.0
smartphones,XIAOMI,Économique,profil_descriptif,https://www.mytek.tn/smartphone-xiaomi-redmi-15c-8go-256go-orange-twilight.html,2,679.0
smartphones,XIAOMI,Économique,profil_descriptif,https://www.mytek.tn/smartphone-xiaomi-redmi-15c-8go-256go-orange-twilight.html,3,679.0
smartphones,XIAOMI,Économique,profil_descriptif,https://www.mytek.tn/smartphone-xiaomi-redmi-15c-8go-256go-orange-twilight.html,4,679.0
smartphones,XIAOMI,Économique,profil_descriptif,https://www.mytek.tn/smartphone-xiaomi-redmi-15c-8go-256go-vert-menthe.html,1,679.0
smartphones,XIAOMI,Économique,profil_descriptif,https://www.mytek.tn/smartphone-xiaomi-redmi-15c-8go-256go-vert-menthe.html,2,679.0
smartphones,XIAOMI,Économique,profil_descriptif,https://www.mytek.tn/smartphone-xiaomi-redmi-15c-8go-256go-vert-menthe.html,3,679.0
smartphones,XIAOMI,Économique,profil_descriptif,https://www.mytek.tn/smartphone-xiaomi-redmi-15c-8go-256go-vert-menthe.html,4,679.0
smartphones,XIAOMI,Économique,profil_descriptif,https://www.mytek.tn/smartphone-xiaomi-redmi-note-14-4g-8go-256go-sand-gold.html,1,729.0
smartphones,XIAOMI,Économique,profil_descriptif,https://www.mytek.tn/smartphone-xiaomi-redmi-note-14-6go-128go-lime-vert.html,1,649.0
smartphones,XIAOMI,Économique,profil_descriptif,https://www.mytek.tn/smartphone-xiaomi-redmi-note-14-6go-128go-lime-vert.html,2,649.0
smartphones,XIAOMI,Économique,profil_descriptif,https://www.mytek.tn/smartphone-xiaomi-redmi-note-14-6go-128go-lime-vert.html,3,649.0
smartphones,XIAOMI,Économique,profil_descriptif,https://www.mytek.tn/smartphone-xiaomi-redmi-note-14-6go-128go-lime-vert.html,4,649.0
smartphones,XIAOMI,Économique,profil_descriptif,https://www.mytek.tn/smartphone-xiaomi-redmi-note-14-8go-256go-lime-vert.html,1,729.0
smartphones,XIAOMI,Économique,profil_descriptif,https://www.mytek.tn/smartphone-xiaomi-redmi-note-14-8go-256go-lime-vert.html,2,729.0
smartphones,XIAOMI,Économique,profil_descriptif,https://www.mytek.tn/smartphone-xiaomi-redmi-note-14-8go-256go-lime-vert.html,3,729.0
smartphones,XIAOMI,Économique,profil_descriptif,https://www.mytek.tn/smartphone-xiaomi-redmi-note-14-8go-256go-lime-vert.html,4,729.0
smartphones,XIAOMI,Économique,profil_descriptif,https://www.mytek.tn/smartphone-xiaomi-redmi-note-14-8go-256go-noir-de-minuit.html,1,729.0
smartphones,XIAOMI,Économique,profil_descriptif,https://www.mytek.tn/smartphone-xiaomi-redmi-note-14-8go-256go-ocean-blue.html,1,729.0
