categorie,marque,gamme,cluster_segmentation,cle_produit,semaine,prix_tnd
pc_portables,ASUS,Milieu de gamme,0,https://www.mytek.tn/pc-portable-asus-expertbook-p1503-i7-13e-gen-16go-512g-ssd-gris.html,1,2499.0
pc_portables,ASUS,Milieu de gamme,0,https://www.mytek.tn/pc-portable-asus-expertbook-p1503-i7-13e-gen-16go-512g-ssd-gris.html,2,2499.0
pc_portables,ASUS,Milieu de gamme,0,https://www.mytek.tn/pc-portable-asus-expertbook-p5-ultra-5-226v-16go-512go-ssd-gris.html,1,2969.0
pc_portables,ASUS,Milieu de gamme,0,https://www.mytek.tn/pc-portable-asus-expertbook-p5-ultra-5-226v-16go-512go-ssd-gris.html,2,2969.0
pc_portables,ASUS,Milieu de gamme,0,https://www.mytek.tn/pc-portable-asus-expertbook-p5-ultra-5-226v-16go-512go-ssd-gris.html,3,2969.0
pc_portables,ASUS,Milieu de gamme,0,https://www.mytek.tn/pc-portable-asus-expertbook-p5-ultra-5-226v-16go-512go-ssd-gris.html,4,2969.0
pc_portables,ASUS,Milieu de gamme,0,https://www.mytek.tn/pc-portable-asus-vivobook-15-oled-x1505va-i5-13e-gen-16g-512g-ssd-silver.html,1,2399.0
pc_portables,ASUS,Milieu de gamme,0,https://www.mytek.tn/pc-portable-asus-vivobook-15-oled-x1505va-i5-13e-gen-16g-512g-ssd-silver.html,2,2399.0
pc_portables,ASUS,Milieu de gamme,0,https://www.mytek.tn/pc-portable-asus-vivobook-15-oled-x1505va-i5-13e-gen-16g-512g-ssd-silver.html,3,2399.0
pc_portables,ASUS,Milieu de gamme,0,https://www.mytek.tn/pc-portable-asus-vivobook-15-oled-x1505va-i5-13e-gen-16g-512g-ssd-silver.html,4,2399.0
pc_portables,ASUS,Milieu de gamme,0,https://www.mytek.tn/pc-portable-asus-vivobook-15-oled-x1505va-i5-13e-gen-24g-512g-ssd-silver.html,1,2609.0
pc_portables,ASUS,Milieu de gamme,0,https://www.mytek.tn/pc-portable-asus-vivobook-15-oled-x1505va-i5-13e-gen-24g-512g-ssd-silver.html,2,2609.0
pc_portables,ASUS,Milieu de gamme,0,https://www.mytek.tn/pc-portable-asus-vivobook-15-oled-x1505va-i5-13e-gen-24g-512g-ssd-silver.html,3,2609.0
pc_portables,ASUS,Milieu de gamme,0,https://www.mytek.tn/pc-portable-asus-vivobook-15-oled-x1505va-i5-13e-gen-24g-512g-ssd-silver.html,4,2609.0
pc_portables,ASUS,Milieu de gamme,0,https://www.mytek.tn/pc-portable-asus-vivobook-15-x1502va-i7-13e-gen-24g-512g-ssd-bleu.html,1,2559.0
pc_portables,ASUS,Milieu de gamme,0,https://www.mytek.tn/pc-portable-asus-vivobook-15-x1502va-i7-13e-gen-24g-512g-ssd-bleu.html,2,2559.0
pc_portables,ASUS,Milieu de gamme,0,https://www.mytek.tn/pc-portable-asus-vivobook-15-x1502va-i7-13e-gen-24g-512g-ssd-bleu.html,3,2559.0
pc_portables,ASUS,Milieu de gamme,0,https://www.mytek.tn/pc-portable-asus-vivobook-15-x1502va-i7-13e-gen-24g-512g-ssd-bleu.html,4,2559.0
pc_portables,ASUS,Milieu de gamme,0,https://www.mytek.tn/pc-portable-asus-vivobook-15-x1502va-i7-13e-gen-24g-512g-ssd-silver.html,1,2559.0
pc_portables,ASUS,Milieu de gamme,0,https://www.mytek.tn/pc-portable-asus-vivobook-15-x1502va-i7-13e-gen-24g-512g-ssd-silver.html,2,2559.0
pc_portables,ASUS,Milieu de gamme,0,https://www.mytek.tn/pc-portable-asus-vivobook-15-x1502va-i7-13e-gen-24g-512g-ssd-silver.html,3,2559.0
pc_portables,ASUS,Milieu de gamme,0,https://www.mytek.tn/pc-portable-asus-vivobook-15-x1502va-i7-13e-gen-24g-512g-ssd-silver.html,4,2559.0
pc_portables,ASUS,Milieu de gamme,0,https://www.mytek.tn/pc-portable-asus-vivobook-15-x1502va-i7-13e-gen-8g-512go-ssd-silver.html,1,2399.0
pc_portables,ASUS,Milieu de gamme,0,https://www.mytek.tn/pc-portable-asus-vivobook-15-x1502va-i7-13e-gen-8g-512go-ssd-silver.html,2,2399.0
pc_portables,ASUS,Milieu de gamme,0,https://www.mytek.tn/pc-portable-asus-vivobook-15-x1502va-i7-13e-gen-8g-512go-ssd-silver.html,3,2399.0
pc_portables,ASUS,Milieu de gamme,0,https://www.mytek.tn/pc-portable-asus-vivobook-15-x1502va-i7-13e-gen-8g-512go-ssd-silver.html,4,2399.0
pc_portables,ASUS,Milieu de gamme,0,https://www.mytek.tn/pc-portable-asus-vivobook-15-x1502va-i9-13e-gen-16g-512go-ssd-silver.html,1,2599.0
pc_portables,ASUS,Milieu de gamme,0,https://www.mytek.tn/pc-portable-asus-vivobook-15-x1502va-i9-13e-gen-16g-512go-ssd-silver.html,2,2599.0
pc_portables,ASUS,Milieu de gamme,0,https://www.mytek.tn/pc-portable-asus-vivobook-15-x1502va-i9-13e-gen-16g-512go-ssd-silver.html,3,2599.0
pc_portables,ASUS,Milieu de gamme,0,https://www.mytek.tn/pc-portable-asus-vivobook-15-x1502va-i9-13e-gen-16g-512go-ssd-silver.html,4,2599.0
pc_portables,ASUS,Milieu de gamme,0,https://www.mytek.tn/pc-portable-asus-vivobook-15-x1502va-i9-13e-gen-16go-512go-ssd-bleu.html,1,2599.0
pc_portables,ASUS,Milieu de gamme,0,https://www.mytek.tn/pc-portable-asus-vivobook-15-x1502va-i9-13e-gen-16go-512go-ssd-bleu.html,2,2599.0
pc_portables,ASUS,Milieu de gamme,0,https://www.mytek.tn/pc-portable-asus-vivobook-15-x1502va-i9-13e-gen-16go-512go-ssd-bleu.html,3,2599.0
pc_portables,ASUS,Milieu de gamme,0,https://www.mytek.tn/pc-portable-asus-vivobook-15-x1502va-i9-13e-gen-16go-512go-ssd-bleu.html,4,2599.0
pc_portables,ASUS,Milieu de gamme,0,https://www.mytek.tn/pc-portable-asus-vivobook-15-x1502va-i9-13e-gen-24g-512go-ssd-silver.html,1,2999.0
pc_portables,ASUS,Milieu de gamme,0,https://www.mytek.tn/pc-portable-asus-vivobook-15-x1502va-i9-13e-gen-24g-512go-ssd-silver.html,2,2999.0
pc_portables,ASUS,Milieu de gamme,0,https://www.mytek.tn/pc-portable-asus-vivobook-15-x1502va-i9-13e-gen-24g-512go-ssd-silver.html,3,2999.0
pc_portables,ASUS,Milieu de gamme,0,https://www.mytek.tn/pc-portable-asus-vivobook-15-x1502va-i9-13e-gen-24g-512go-ssd-silver.html,4,2999.0
pc_portables,ASUS,Milieu de gamme,0,https://www.mytek.tn/pc-portable-asus-vivobook-15-x1502va-i9-13e-gen-24go-512go-ssd-bleu.html,1,2999.0
pc_portables,ASUS,Milieu de gamme,0,https://www.mytek.tn/pc-portable-asus-vivobook-15-x1502va-i9-13e-gen-24go-512go-ssd-bleu.html,2,2999.0
pc_portables,ASUS,Milieu de gamme,0,https://www.mytek.tn/pc-portable-asus-vivobook-15-x1502va-i9-13e-gen-24go-512go-ssd-bleu.html,3,2999.0
pc_portables,ASUS,Milieu de gamme,0,https://www.mytek.tn/pc-portable-asus-vivobook-15-x1502va-i9-13e-gen-24go-512go-ssd-bleu.html,4,2999.0
pc_portables,ASUS,Milieu de gamme,0,https://www.mytek.tn/pc-portable-asus-vivobook-15-x1504va-intel-core-7-150u-16go-512go-ssd-silver.html,1,2599.0
pc_portables,ASUS,Milieu de gamme,0,https://www.mytek.tn/pc-portable-asus-vivobook-15-x1504va-intel-core-7-150u-16go-512go-ssd-silver.html,2,2599.0
pc_portables,ASUS,Milieu de gamme,0,https://www.mytek.tn/pc-portable-asus-vivobook-15-x1504va-intel-core-7-150u-16go-512go-ssd-silver.html,3,2599.0
pc_portables,ASUS,Milieu de gamme,0,https://www.mytek.tn/pc-portable-asus-vivobook-15-x1504va-intel-core-7-150u-16go-512go-ssd-silver.html,4,2599.0
pc_portables,ASUS,Milieu de gamme,0,https://www.mytek.tn/pc-portable-asus-vivobook-16-x1605va-intel-core-9-270h-16go-512go-ssd-noir.html,1,3059.0
pc_portables,ASUS,Milieu de gamme,0,https://www.mytek.tn/pc-portable-asus-vivobook-16-x1605va-intel-core-9-270h-16go-512go-ssd-noir.html,2,3059.0
pc_portables,ASUS,Milieu de gamme,0,https://www.mytek.tn/pc-portable-asus-vivobook-16-x1605va-intel-core-9-270h-16go-512go-ssd-noir.html,3,3059.0
pc_portables,ASUS,Milieu de gamme,0,https://www.mytek.tn/pc-portable-asus-vivobook-16-x1605va-intel-core-9-270h-16go-512go-ssd-noir.html,4,3059.0
pc_portables,ASUS,Milieu de gamme,0,https://www.mytek.tn/pc-portable-gamer-asus-tuf-gaming-f16-i7-13e-gen-8go-rtx-4050.html,1,3499.0
pc_portables,ASUS,Milieu de gamme,0,https://www.mytek.tn/pc-portable-gamer-asus-tuf-gaming-f16-i7-13e-gen-8go-rtx-4050.html,2,3499.0
pc_portables,ASUS,Milieu de gamme,0,https://www.mytek.tn/pc-portable-gamer-asus-tuf-gaming-f16-i7-13e-gen-8go-rtx-4050.html,3,3499.0
pc_portables,ASUS,Milieu de gamme,0,https://www.mytek.tn/pc-portable-gamer-asus-tuf-gaming-f16-i7-13e-gen-8go-rtx-4050.html,4,3499.0
pc_portables,ASUS,Milieu de gamme,0,https://www.mytek.tn/pc-portable-gamer-asus-tuf-gaming-f16-intel-core-5-210h-8g-rtx-3050.html,1,3299.0
pc_portables,ASUS,Milieu de gamme,0,https://www.mytek.tn/pc-portable-gamer-asus-tuf-gaming-f16-intel-core-5-210h-8g-rtx-3050.html,2,3299.0
pc_portables,ASUS,Milieu de gamme,0,https://www.mytek.tn/pc-portable-gamer-asus-tuf-gaming-f16-intel-core-5-210h-8g-rtx-3050.html,3,3299.0
pc_portables,ASUS,Milieu de gamme,0,https://www.mytek.tn/pc-portable-gamer-asus-tuf-gaming-f16-intel-core-5-210h-8g-rtx-3050.html,4,3299.0
pc_portables,ASUS,Milieu de gamme,0,https://www.mytek.tn/pc-portable-gamer-asus-tuf-gaming-f16-intel-core-5-210h-8go-rtx-3050.html,1,3529.0
pc_portables,ASUS,Milieu de gamme,0,https://www.mytek.tn/pc-portable-gamer-asus-tuf-gaming-f16-intel-core-5-210h-8go-rtx-3050.html,2,3529.0
pc_portables,ASUS,Milieu de gamme,0,https://www.mytek.tn/pc-portable-gamer-asus-tuf-gaming-f16-intel-core-5-210h-8go-rtx-3050.html,3,3529.0
pc_portables,ASUS,Milieu de gamme,0,https://www.mytek.tn/pc-portable-gamer-asus-tuf-gaming-f16-intel-core-5-210h-8go-rtx-3050.html,4,3529.0
pc_portables,ASUS,Milieu de gamme,0,https://www.mytek.tn/pc-portable-gamer-asus-v16-v3607vj-intel-core-5-210h-16g-rtx-3050.html,1,3139.0
pc_portables,ASUS,Milieu de gamme,0,https://www.mytek.tn/pc-portable-gamer-asus-v16-v3607vj-intel-core-5-210h-16g-rtx-3050.html,2,3139.0
pc_portables,ASUS,Milieu de gamme,0,https://www.mytek.tn/pc-portable-gamer-asus-v16-v3607vj-intel-core-5-210h-16g-rtx-3050.html,3,3139.0
pc_portables,ASUS,Milieu de gamme,0,https://www.mytek.tn/pc-portable-gamer-asus-v16-v3607vj-intel-core-5-210h-16g-rtx-3050.html,4,3139.0
pc_portables,ASUS,Milieu de gamme,0,https://www.mytek.tn/pc-portable-gamer-asus-v16-v3607vj-intel-core-5-210h-16go-rtx-3050.html,1,3139.0
pc_portables,ASUS,Milieu de gamme,0,https://www.mytek.tn/pc-portable-gamer-asus-v16-v3607vj-intel-core-5-210h-16go-rtx-3050.html,2,3139.0
pc_portables,ASUS,Milieu de gamme,0,https://www.mytek.tn/pc-portable-gamer-asus-v16-v3607vj-intel-core-5-210h-16go-rtx-3050.html,3,3139.0
pc_portables,ASUS,Milieu de gamme,0,https://www.mytek.tn/pc-portable-gamer-asus-v16-v3607vj-intel-core-5-210h-16go-rtx-3050.html,4,3139.0
pc_portables,ASUS,Milieu de gamme,0,https://www.mytek.tn/pc-portable-gamer-asus-v16-v3607vj-intel-core-5-210h-8g-rtx-3050.html,1,2739.0
pc_portables,ASUS,Milieu de gamme,0,https://www.mytek.tn/pc-portable-gamer-asus-v16-v3607vj-intel-core-5-210h-8g-rtx-3050.html,2,2739.0
pc_portables,ASUS,Milieu de gamme,0,https://www.mytek.tn/pc-portable-gamer-asus-v16-v3607vj-intel-core-5-210h-8g-rtx-3050.html,3,2739.0
pc_portables,ASUS,Milieu de gamme,0,https://www.mytek.tn/pc-portable-gamer-asus-v16-v3607vj-intel-core-5-210h-8g-rtx-3050.html,4,2739.0
pc_portables,ASUS,Milieu de gamme,0,https://www.mytek.tn/pc-portable-gamer-asus-v16-v3607vj-intel-core-5-210h-8go-rtx-3050.html,1,2739.0
pc_portables,ASUS,Milieu de gamme,0,https://www.mytek.tn/pc-portable-gamer-asus-v16-v3607vj-intel-core-5-210h-8go-rtx-3050.html,2,2739.0
pc_portables,ASUS,Milieu de gamme,0,https://www.mytek.tn/pc-portable-gamer-asus-v16-v3607vj-intel-core-5-210h-8go-rtx-3050.html,3,2739.0
pc_portables,ASUS,Milieu de gamme,0,https://www.mytek.tn/pc-portable-gamer-asus-v16-v3607vj-intel-core-5-210h-8go-rtx-3050.html,4,2739.0
pc_portables,ASUS,Milieu de gamme,0,https://www.mytek.tn/pc-portable-gamer-asus-v16-v3607vj-intel-core-7-240h-8g-rtx-3050.html,1,2829.0
pc_portables,ASUS,Milieu de gamme,0,https://www.mytek.tn/pc-portable-gamer-asus-v16-v3607vj-intel-core-7-240h-8g-rtx-3050.html,2,2829.0
pc_portables,ASUS,Milieu de gamme,0,https://www.mytek.tn/pc-portable-gamer-asus-v16-v3607vj-intel-core-7-240h-8g-rtx-3050.html,3,2829.0
pc_portables,ASUS,Milieu de gamme,0,https://www.mytek.tn/pc-portable-gamer-asus-v16-v3607vj-intel-core-7-240h-8g-rtx-3050.html,4,2829.0
pc_portables,ASUS,Milieu de gamme,0,https://www.mytek.tn/pc-portable-gamer-asus-v16-v3607vj-intel-core-7-240h-8go-rtx-3050.html,1,2829.0
pc_portables,ASUS,Milieu de gamme,0,https://www.mytek.tn/pc-portable-gamer-asus-v16-v3607vj-intel-core-7-240h-8go-rtx-3050.html,2,2829.0
pc_portables,ASUS,Milieu de gamme,0,https://www.mytek.tn/pc-portable-gamer-asus-v16-v3607vj-intel-core-7-240h-8go-rtx-3050.html,3,2829.0
pc_portables,ASUS,Milieu de gamme,0,https://www.mytek.tn/pc-portable-gamer-asus-v16-v3607vj-intel-core-7-240h-8go-rtx-3050.html,4,2829.0
pc_portables,ASUS,Milieu de gamme,0,https://www.mytek.tn/pc-portable-gamer-asus-v16-v3607vu-intel-core-5-210h-16g-rtx4050.html,1,3499.0
pc_portables,ASUS,Milieu de gamme,0,https://www.mytek.tn/pc-portable-gamer-asus-v16-v3607vu-intel-core-5-210h-16g-rtx4050.html,2,3499.0
pc_portables,ASUS,Milieu de gamme,0,https://www.mytek.tn/pc-portable-gamer-asus-v16-v3607vu-intel-core-5-210h-16g-rtx4050.html,3,3499.0
pc_portables,ASUS,Milieu de gamme,0,https://www.mytek.tn/pc-portable-gamer-asus-v16-v3607vu-intel-core-5-210h-16g-rtx4050.html,4,3499.0
pc_portables,ASUS,Milieu de gamme,0,https://www.mytek.tn/pc-portable-gamer-asus-v16-v3607vu-intel-core-5-210h-16go-rtx4050.html,1,3499.0
pc_portables,ASUS,Milieu de gamme,0,https://www.mytek.tn/pc-portable-gamer-asus-v16-v3607vu-intel-core-5-210h-16go-rtx4050.html,2,3499.0
pc_portables,ASUS,Milieu de gamme,0,https://www.mytek.tn/pc-portable-gamer-asus-v16-v3607vu-intel-core-5-210h-16go-rtx4050.html,3,3499.0
pc_portables,ASUS,Milieu de gamme,0,https://www.mytek.tn/pc-portable-gamer-asus-v16-v3607vu-intel-core-5-210h-16go-rtx4050.html,4,3499.0
pc_portables,ASUS,Milieu de gamme,0,https://www.mytek.tn/pc-portable-gamer-asus-v16-v3607vu-intel-core-5-210h-8g-rtx4050.html,1,3099.0
pc_portables,ASUS,Milieu de gamme,0,https://www.mytek.tn/pc-portable-gamer-asus-v16-v3607vu-intel-core-5-210h-8g-rtx4050.html,2,3099.0
pc_portables,ASUS,Milieu de gamme,0,https://www.mytek.tn/pc-portable-gamer-asus-v16-v3607vu-intel-core-5-210h-8g-rtx4050.html,3,3099.0
pc_portables,ASUS,Milieu de gamme,0,https://www.mytek.tn/pc-portable-gamer-asus-v16-v3607vu-intel-core-5-210h-8g-rtx4050.html,4,3099.0
pc_portables,ASUS,Milieu de gamme,0,https://www.mytek.tn/pc-portable-gamer-asus-v16-v3607vu-intel-core-7-240h-8g-rtx-4050.html,1,3299.0
pc_portables,ASUS,Milieu de gamme,0,https://www.mytek.tn/pc-portable-gamer-asus-v16-v3607vu-intel-core-7-240h-8g-rtx-4050.html,2,3299.0
pc_portables,ASUS,Milieu de gamme,0,https://www.mytek.tn/pc-portable-gamer-asus-v16-v3607vu-intel-core-7-240h-8g-rtx-4050.html,3,3299.0
pc_portables,ASUS,Milieu de gamme,0,https://www.mytek.tn/pc-portable-gamer-asus-v16-v3607vu-intel-core-7-240h-8g-rtx-4050.html,4,3299.0
pc_portables,ASUS,Milieu de gamme,0,https://www.mytek.tn/pc-portable-gamer-asus-v16-v3607vu-intel-core-7-240h-8go-rtx4050.html,1,3299.0
pc_portables,ASUS,Milieu de gamme,0,https://www.mytek.tn/pc-portable-gamer-asus-v16-v3607vu-intel-core-7-240h-8go-rtx4050.html,2,3299.0
pc_portables,ASUS,Milieu de gamme,0,https://www.mytek.tn/pc-portable-gamer-asus-v16-v3607vu-intel-core-7-240h-8go-rtx4050.html,3,3299.0
pc_portables,ASUS,Milieu de gamme,0,https://www.mytek.tn/pc-portable-gamer-asus-v16-v3607vu-intel-core-7-240h-8go-rtx4050.html,4,3299.0
pc_portables,ASUS,Milieu de gamme,0,https://www.mytek.tn/pc-portable-gamer-asus-vivobook-16x-i5-13e-gen-12go-rtx-3050.html,1,2445.0
pc_portables,ASUS,Milieu de gamme,0,https://www.mytek.tn/pc-portable-gamer-asus-vivobook-16x-i5-13e-gen-12go-rtx-3050.html,2,2445.0
pc_portables,ASUS,Milieu de gamme,0,https://www.mytek.tn/pc-portable-gamer-asus-vivobook-16x-i5-13e-gen-12go-rtx-3050.html,3,2445.0
pc_portables,ASUS,Milieu de gamme,0,https://www.mytek.tn/pc-portable-gamer-asus-vivobook-16x-i5-13e-gen-12go-rtx-3050.html,4,2445.0
pc_portables,ASUS,Milieu de gamme,0,https://www.mytek.tn/pc-portable-gamer-asus-vivobook-16x-i5-13e-gen-16g-rtx-3050.html,1,2599.0
pc_portables,ASUS,Milieu de gamme,0,https://www.mytek.tn/pc-portable-gamer-asus-vivobook-16x-i5-13e-gen-16g-rtx-3050.html,2,2599.0
pc_portables,ASUS,Milieu de gamme,0,https://www.mytek.tn/pc-portable-gamer-asus-vivobook-16x-i5-13e-gen-16g-rtx-3050.html,3,2599.0
pc_portables,ASUS,Milieu de gamme,0,https://www.mytek.tn/pc-portable-gamer-asus-vivobook-16x-i5-13e-gen-16g-rtx-3050.html,4,2599.0
pc_portables,ASUS,Milieu de gamme,0,https://www.mytek.tn/pc-portable-gamer-asus-vivobook-16x-i5-13e-gen-16g-rtx3050.html,1,2599.0
pc_portables,ASUS,Milieu de gamme,0,https://www.mytek.tn/pc-portable-gamer-asus-vivobook-16x-i5-13e-gen-16g-rtx3050.html,2,2599.0
pc_portables,ASUS,Milieu de gamme,0,https://www.mytek.tn/pc-portable-gamer-asus-vivobook-16x-i5-13e-gen-16g-rtx3050.html,3,2599.0
pc_portables,ASUS,Milieu de gamme,0,https://www.mytek.tn/pc-portable-gamer-asus-vivobook-16x-i5-13e-gen-16g-rtx3050.html,4,2599.0
pc_portables,ASUS,Milieu de gamme,0,https://www.mytek.tn/pc-portable-gamer-asus-vivobook-16x-i5-13e-gen-16go-rtx-3050.html,1,2549.0
pc_portables,ASUS,Milieu de gamme,0,https://www.mytek.tn/pc-portable-gamer-asus-vivobook-16x-i5-13e-gen-16go-rtx-3050.html,2,2549.0
pc_portables,ASUS,Milieu de gamme,0,https://www.mytek.tn/pc-portable-gamer-asus-vivobook-16x-i5-13e-gen-16go-rtx-3050.html,3,2549.0
pc_portables,ASUS,Milieu de gamme,0,https://www.mytek.tn/pc-portable-gamer-asus-vivobook-16x-i5-13e-gen-16go-rtx-3050.html,4,2549.0
pc_portables,ASUS,Milieu de gamme,0,https://www.mytek.tn/pc-portable-gamer-asus-vivobook-16x-i5-13e-gen-16go-rtx3050.html,1,2549.0
pc_portables,ASUS,Milieu de gamme,0,https://www.mytek.tn/pc-portable-gamer-asus-vivobook-16x-i5-13e-gen-16go-rtx3050.html,2,2549.0
pc_portables,ASUS,Milieu de gamme,0,https://www.mytek.tn/pc-portable-gamer-asus-vivobook-16x-i5-13e-gen-16go-rtx3050.html,3,2549.0
pc_portables,ASUS,Milieu de gamme,0,https://www.mytek.tn/pc-portable-gamer-asus-vivobook-16x-i5-13e-gen-16go-rtx3050.html,4,2549.0
pc_portables,ASUS,Milieu de gamme,0,https://www.mytek.tn/pc-portable-gamer-asus-vivobook-16x-i5-13e-gen-24g-rtx-3050.html,1,2799.0
pc_portables,ASUS,Milieu de gamme,0,https://www.mytek.tn/pc-portable-gamer-asus-vivobook-16x-i5-13e-gen-24g-rtx-3050.html,2,2799.0
pc_portables,ASUS,Milieu de gamme,0,https://www.mytek.tn/pc-portable-gamer-asus-vivobook-16x-i5-13e-gen-24g-rtx-3050.html,3,2799.0
pc_portables,ASUS,Milieu de gamme,0,https://www.mytek.tn/pc-portable-gamer-asus-vivobook-16x-i5-13e-gen-24g-rtx-3050.html,4,2799.0
pc_portables,ASUS,Milieu de gamme,0,https://www.mytek.tn/pc-portable-gamer-asus-vivobook-16x-i5-13e-gen-24g-rtx3050.html,1,2799.0
pc_portables,ASUS,Milieu de gamme,0,https://www.mytek.tn/pc-portable-gamer-asus-vivobook-16x-i5-13e-gen-24g-rtx3050.html,2,2799.0
pc_portables,ASUS,Milieu de gamme,0,https://www.mytek.tn/pc-portable-gamer-asus-vivobook-16x-i5-13e-gen-24g-rtx3050.html,3,2799.0
pc_portables,ASUS,Milieu de gamme,0,https://www.mytek.tn/pc-portable-gamer-asus-vivobook-16x-i5-13e-gen-24g-rtx3050.html,4,2799.0
pc_portables,ASUS,Milieu de gamme,0,https://www.mytek.tn/pc-portable-gamer-asus-vivobook-16x-i5-13e-gen-24go-rtx-3050.html,1,2749.0
pc_portables,ASUS,Milieu de gamme,0,https://www.mytek.tn/pc-portable-gamer-asus-vivobook-16x-i5-13e-gen-24go-rtx-3050.html,2,2749.0
pc_portables,ASUS,Milieu de gamme,0,https://www.mytek.tn/pc-portable-gamer-asus-vivobook-16x-i5-13e-gen-24go-rtx-3050.html,3,2749.0
pc_portables,ASUS,Milieu de gamme,0,https://www.mytek.tn/pc-portable-gamer-asus-vivobook-16x-i5-13e-gen-24go-rtx-3050.html,4,2749.0
pc_portables,ASUS,Milieu de gamme,0,https://www.mytek.tn/pc-portable-gamer-asus-vivobook-16x-i5-13e-gen-24go-rtx3050.html,1,2749.0
pc_portables,ASUS,Milieu de gamme,0,https://www.mytek.tn/pc-portable-gamer-asus-vivobook-16x-i5-13e-gen-24go-rtx3050.html,2,2749.0
pc_portables,ASUS,Milieu de gamme,0,https://www.mytek.tn/pc-portable-gamer-asus-vivobook-16x-i5-13e-gen-24go-rtx3050.html,3,2749.0
pc_portables,ASUS,Milieu de gamme,0,https://www.mytek.tn/pc-portable-gamer-asus-vivobook-16x-i5-13e-gen-24go-rtx3050.html,4,2749.0
pc_portables,ASUS,Milieu de gamme,0,https://www.mytek.tn/pc-portable-gamer-asus-vivobook-16x-i5-13e-gen-8g-rtx-3050.html,1,2389.0
pc_portables,ASUS,Milieu de gamme,0,https://www.mytek.tn/pc-portable-gamer-asus-vivobook-16x-i5-13e-gen-8g-rtx-3050.html,2,2389.0
pc_portables,ASUS,Milieu de gamme,0,https://www.mytek.tn/pc-portable-gamer-asus-vivobook-16x-i5-13e-gen-8g-rtx-3050.html,3,2389.0
pc_portables,ASUS,Milieu de gamme,0,https://www.mytek.tn/pc-portable-gamer-asus-vivobook-16x-i5-13e-gen-8g-rtx-3050.html,4,2389.0
pc_portables,ASUS,Milieu de gamme,0,https://www.mytek.tn/pc-portable-gamer-asus-vivobook-16x-i5-13e-gen-8g-rtx3050.html,1,2389.0
pc_portables,ASUS,Milieu de gamme,0,https://www.mytek.tn/pc-portable-gamer-asus-vivobook-16x-i5-13e-gen-8g-rtx3050.html,2,2389.0
pc_portables,ASUS,Milieu de gamme,0,https://www.mytek.tn/pc-portable-gamer-asus-vivobook-16x-i5-13e-gen-8g-rtx3050.html,3,2389.0
pc_portables,ASUS,Milieu de gamme,0,https://www.mytek.tn/pc-portable-gamer-asus-vivobook-16x-i5-13e-gen-8g-rtx3050.html,4,2389.0
pc_portables,ASUS,Milieu de gamme,1,https://www.mytek.tn/pc-portable-asus-vivobook-16-snapdragonr-x-x1-26-100-16g-512g-ssd-silver.html,1,2439.0
pc_portables,ASUS,Milieu de gamme,1,https://www.mytek.tn/pc-portable-asus-vivobook-16-snapdragonr-x-x1-26-100-16g-512g-ssd-silver.html,2,2439.0
pc_portables,ASUS,Milieu de gamme,1,https://www.mytek.tn/pc-portable-asus-vivobook-16-snapdragonr-x-x1-26-100-16g-512g-ssd-silver.html,3,2439.0
pc_portables,ASUS,Milieu de gamme,1,https://www.mytek.tn/pc-portable-asus-vivobook-16-snapdragonr-x-x1-26-100-16g-512g-ssd-silver.html,4,2439.0
pc_portables,ASUS,Milieu de gamme,1,https://www.mytek.tn/pc-portable-asus-vivobook-s16-amd-ryzen-9-16go-512go-ssd-silver.html,1,3199.0
pc_portables,ASUS,Milieu de gamme,1,https://www.mytek.tn/pc-portable-asus-vivobook-s16-amd-ryzen-9-16go-512go-ssd-silver.html,2,3199.0
pc_portables,ASUS,Milieu de gamme,1,https://www.mytek.tn/pc-portable-asus-vivobook-s16-amd-ryzen-9-16go-512go-ssd-silver.html,3,3199.0
pc_portables,ASUS,Milieu de gamme,1,https://www.mytek.tn/pc-portable-asus-vivobook-s16-amd-ryzen-9-16go-512go-ssd-silver.html,4,3199.0
pc_portables,ASUS,Milieu de gamme,1,https://www.mytek.tn/pc-portable-gamer-asus-tuf-gaming-a15-amd-ryzen-5-8go-rtx-2050.html,1,2459.0
pc_portables,ASUS,Milieu de gamme,1,https://www.mytek.tn/pc-portable-gamer-asus-tuf-gaming-a15-amd-ryzen-5-8go-rtx-2050.html,2,2459.0
pc_portables,ASUS,Milieu de gamme,1,https://www.mytek.tn/pc-portable-gamer-asus-tuf-gaming-a15-amd-ryzen-5-8go-rtx-2050.html,3,2459.0
pc_portables,ASUS,Milieu de gamme,1,https://www.mytek.tn/pc-portable-gamer-asus-tuf-gaming-a15-amd-ryzen-5-8go-rtx-2050.html,4,2459.0
pc_portables,ASUS,Milieu de gamme,1,https://www.mytek.tn/pc-portable-gamer-asus-tuf-gaming-a15-amd-ryzen-7-16g-rtx3050.html,1,3179.0
pc_portables,ASUS,Milieu de gamme,1,https://www.mytek.tn/pc-portable-gamer-asus-tuf-gaming-a15-amd-ryzen-7-16g-rtx3050.html,2,3179.0
pc_portables,ASUS,Milieu de gamme,1,https://www.mytek.tn/pc-portable-gamer-asus-tuf-gaming-a15-amd-ryzen-7-16g-rtx3050.html,3,3179.0
pc_portables,ASUS,Milieu de gamme,1,https://www.mytek.tn/pc-portable-gamer-asus-tuf-gaming-a15-amd-ryzen-7-16g-rtx3050.html,4,3179.0
pc_portables,ASUS,Milieu de gamme,1,https://www.mytek.tn/pc-portable-gamer-asus-tuf-gaming-a15-amd-ryzen-7-16go-rtx3050.html,1,3499.0
pc_portables,ASUS,Milieu de gamme,1,https://www.mytek.tn/pc-portable-gamer-asus-tuf-gaming-a15-amd-ryzen-7-16go-rtx3050.html,2,3499.0
pc_portables,ASUS,Milieu de gamme,1,https://www.mytek.tn/pc-portable-gamer-asus-tuf-gaming-a15-amd-ryzen-7-16go-rtx3050.html,3,3499.0
pc_portables,ASUS,Milieu de gamme,1,https://www.mytek.tn/pc-portable-gamer-asus-tuf-gaming-a15-amd-ryzen-7-16go-rtx3050.html,4,3479.0
pc_portables,ASUS,Milieu de gamme,1,https://www.mytek.tn/pc-portable-gamer-asus-tuf-gaming-a15-amd-ryzen-7-8g-rtx-3050.html,1,3069.0
pc_portables,ASUS,Milieu de gamme,1,https://www.mytek.tn/pc-portable-gamer-asus-tuf-gaming-a15-amd-ryzen-7-8g-rtx-3050.html,2,3069.0
pc_portables,ASUS,Milieu de gamme,1,https://www.mytek.tn/pc-portable-gamer-asus-tuf-gaming-a15-amd-ryzen-7-8g-rtx-3050.html,3,3069.0
pc_portables,ASUS,Milieu de gamme,1,https://www.mytek.tn/pc-portable-gamer-asus-tuf-gaming-a15-amd-ryzen-7-8g-rtx-3050.html,4,3049.0
pc_portables,ASUS,Milieu de gamme,1,https://www.mytek.tn/pc-portable-gamer-asus-v16-v3607vj-intel-core-7-240h-16g-rtx-3050.html,1,3229.0
pc_portables,ASUS,Milieu de gamme,1,https://www.mytek.tn/pc-portable-gamer-asus-v16-v3607vj-intel-core-7-240h-16g-rtx-3050.html,2,3229.0
pc_portables,ASUS,Milieu de gamme,1,https://www.mytek.tn/pc-portable-gamer-asus-v16-v3607vj-intel-core-7-240h-16g-rtx-3050.html,3,3229.0
pc_portables,ASUS,Milieu de gamme,1,https://www.mytek.tn/pc-portable-gamer-asus-v16-v3607vj-intel-core-7-240h-16g-rtx-3050.html,4,3229.0
pc_portables,ASUS,Milieu de gamme,1,https://www.mytek.tn/pc-portable-gamer-asus-v16-v3607vj-intel-core-7-240h-16go-rtx-3050.html,1,3229.0
pc_portables,ASUS,Milieu de gamme,1,https://www.mytek.tn/pc-portable-gamer-asus-v16-v3607vj-intel-core-7-240h-16go-rtx-3050.html,2,3229.0
pc_portables,ASUS,Milieu de gamme,1,https://www.mytek.tn/pc-portable-gamer-asus-v16-v3607vj-intel-core-7-240h-16go-rtx-3050.html,3,3229.0
pc_portables,ASUS,Milieu de gamme,1,https://www.mytek.tn/pc-portable-gamer-asus-v16-v3607vj-intel-core-7-240h-16go-rtx-3050.html,4,3229.0
pc_portables,ASUS,Premium,0,https://www.mytek.tn/pc-portable-asus-vivobook-s16-amd-ryzen-9-32go-1to-ssd-gris.html,1,3689.0
pc_portables,ASUS,Premium,0,https://www.mytek.tn/pc-portable-asus-vivobook-s16-amd-ryzen-9-32go-1to-ssd-gris.html,2,3689.0
pc_portables,ASUS,Premium,0,https://www.mytek.tn/pc-portable-asus-vivobook-s16-amd-ryzen-9-32go-1to-ssd-gris.html,3,3689.0
pc_portables,ASUS,Premium,0,https://www.mytek.tn/pc-portable-asus-vivobook-s16-amd-ryzen-9-32go-1to-ssd-gris.html,4,3689.0
pc_portables,ASUS,Premium,0,https://www.mytek.tn/pc-portable-gamer-asus-tuf-gaming-a15-amd-ryzen-7-24g-rtx3050.html,1,3599.0
pc_portables,ASUS,Premium,0,https://www.mytek.tn/pc-portable-gamer-asus-tuf-gaming-a15-amd-ryzen-7-24g-rtx3050.html,2,3599.0
pc_portables,ASUS,Premium,0,https://www.mytek.tn/pc-portable-gamer-asus-tuf-gaming-a15-amd-ryzen-7-24g-rtx3050.html,3,3599.0
pc_portables,ASUS,Premium,0,https://www.mytek.tn/pc-portable-gamer-asus-tuf-gaming-a15-amd-ryzen-7-24g-rtx3050.html,4,3599.0
pc_portables,ASUS,Premium,0,https://www.mytek.tn/pc-portable-gamer-asus-tuf-gaming-a15-amd-ryzen-7-32g-rtx-3050.html,1,3969.0
pc_portables,ASUS,Premium,0,https://www.mytek.tn/pc-portable-gamer-asus-tuf-gaming-a15-amd-ryzen-7-32g-rtx-3050.html,2,3969.0
pc_portables,ASUS,Premium,0,https://www.mytek.tn/pc-portable-gamer-asus-tuf-gaming-a15-amd-ryzen-7-32g-rtx-3050.html,3,3969.0
pc_portables,ASUS,Premium,0,https://www.mytek.tn/pc-portable-gamer-asus-tuf-gaming-a15-amd-ryzen-7-32g-rtx-3050.html,4,3969.0
pc_portables,ASUS,Premium,0,https://www.mytek.tn/pc-portable-gamer-asus-tuf-gaming-a15-amd-ryzen-7-32g-rtx3050.html,1,3879.0
pc_portables,ASUS,Premium,0,https://www.mytek.tn/pc-portable-gamer-asus-tuf-gaming-a15-amd-ryzen-7-32g-rtx3050.html,2,3879.0
pc_portables,ASUS,Premium,0,https://www.mytek.tn/pc-portable-gamer-asus-tuf-gaming-a15-amd-ryzen-7-32g-rtx3050.html,3,3879.0
pc_portables,ASUS,Premium,0,https://www.mytek.tn/pc-portable-gamer-asus-tuf-gaming-a15-amd-ryzen-7-32g-rtx3050.html,4,3879.0
pc_portables,ASUS,Premium,0,https://www.mytek.tn/pc-portable-gamer-asus-tuf-gaming-a15-amd-ryzen-7-32go-rtx3050.html,1,4329.0
pc_portables,ASUS,Premium,0,https://www.mytek.tn/pc-portable-gamer-asus-tuf-gaming-a15-amd-ryzen-7-32go-rtx3050.html,2,4329.0
pc_portables,ASUS,Premium,0,https://www.mytek.tn/pc-portable-gamer-asus-tuf-gaming-a15-amd-ryzen-7-32go-rtx3050.html,3,4329.0
pc_portables,ASUS,Premium,0,https://www.mytek.tn/pc-portable-gamer-asus-tuf-gaming-a15-amd-ryzen-7-32go-rtx3050.html,4,4309.0
pc_portables,ASUS,Premium,0,https://www.mytek.tn/pc-portable-gamer-asus-tuf-gaming-a16-amd-ryzen-7-16g-rtx-5050.html,1,5769.0
pc_portables,ASUS,Premium,0,https://www.mytek.tn/pc-portable-gamer-asus-tuf-gaming-a16-amd-ryzen-7-16g-rtx-5050.html,2,5769.0
pc_portables,ASUS,Premium,0,https://www.mytek.tn/pc-portable-gamer-asus-tuf-gaming-a16-amd-ryzen-7-16g-rtx-5050.html,3,5769.0
pc_portables,ASUS,Premium,0,https://www.mytek.tn/pc-portable-gamer-asus-tuf-gaming-a16-amd-ryzen-7-16g-rtx-5050.html,4,5769.0
pc_portables,ASUS,Premium,0,https://www.mytek.tn/pc-portable-gamer-asus-tuf-gaming-a16-amd-ryzen-7-16go-rtx-5070.html,1,5089.0
pc_portables,ASUS,Premium,0,https://www.mytek.tn/pc-portable-gamer-asus-tuf-gaming-a16-amd-ryzen-7-16go-rtx-5070.html,2,5089.0
pc_portables,ASUS,Premium,0,https://www.mytek.tn/pc-portable-gamer-asus-tuf-gaming-a16-amd-ryzen-7-16go-rtx-5070.html,3,5089.0
pc_portables,ASUS,Premium,0,https://www.mytek.tn/pc-portable-gamer-asus-tuf-gaming-a16-amd-ryzen-7-16go-rtx-5070.html,4,5089.0
pc_portables,ASUS,Premium,0,https://www.mytek.tn/pc-portable-gamer-asus-tuf-gaming-a16-amd-ryzen-9-32go-rtx-5070.html,1,7649.0
pc_portables,ASUS,Premium,0,https://www.mytek.tn/pc-portable-gamer-asus-tuf-gaming-a16-amd-ryzen-9-32go-rtx-5070.html,2,7649.0
pc_portables,ASUS,Premium,0,https://www.mytek.tn/pc-portable-gamer-asus-tuf-gaming-a16-amd-ryzen-9-32go-rtx-5070.html,3,7449.0
pc_portables,ASUS,Premium,0,https://www.mytek.tn/pc-portable-gamer-asus-tuf-gaming-a16-amd-ryzen-9-32go-rtx-5070.html,4,7449.0
pc_portables,ASUS,Premium,1,https://www.mytek.tn/pc-portable-gamer-asus-v16-v3607vj-intel-core-5-210h-32g-rtx-3050.html,1,3945.0
pc_portables,ASUS,Premium,1,https://www.mytek.tn/pc-portable-gamer-asus-v16-v3607vj-intel-core-5-210h-32g-rtx-3050.html,2,3945.0
pc_portables,ASUS,Premium,1,https://www.mytek.tn/pc-portable-gamer-asus-v16-v3607vj-intel-core-5-210h-32g-rtx-3050.html,3,3945.0
pc_portables,ASUS,Premium,1,https://www.mytek.tn/pc-portable-gamer-asus-v16-v3607vj-intel-core-5-210h-32g-rtx-3050.html,4,3945.0
pc_portables,ASUS,Premium,1,https://www.mytek.tn/pc-portable-gamer-asus-v16-v3607vj-intel-core-5-210h-32go-rtx-3050.html,1,3945.0
pc_portables,ASUS,Premium,1,https://www.mytek.tn/pc-portable-gamer-asus-v16-v3607vj-intel-core-5-210h-32go-rtx-3050.html,2,3945.0
pc_portables,ASUS,Premium,1,https://www.mytek.tn/pc-portable-gamer-asus-v16-v3607vj-intel-core-5-210h-32go-rtx-3050.html,3,3945.0
pc_portables,ASUS,Premium,1,https://www.mytek.tn/pc-portable-gamer-asus-v16-v3607vj-intel-core-5-210h-32go-rtx-3050.html,4,3945.0
pc_portables,ASUS,Premium,1,https://www.mytek.tn/pc-portable-gamer-asus-v16-v3607vj-intel-core-7-240h-32g-rtx-3050.html,1,3969.0
pc_portables,ASUS,Premium,1,https://www.mytek.tn/pc-portable-gamer-asus-v16-v3607vj-intel-core-7-240h-32g-rtx-3050.html,2,3969.0
pc_portables,ASUS,Premium,1,https://www.mytek.tn/pc-portable-gamer-asus-v16-v3607vj-intel-core-7-240h-32g-rtx-3050.html,3,3969.0
pc_portables,ASUS,Premium,1,https://www.mytek.tn/pc-portable-gamer-asus-v16-v3607vj-intel-core-7-240h-32g-rtx-3050.html,4,3969.0
pc_portables,ASUS,Premium,1,https://www.mytek.tn/pc-portable-gamer-asus-v16-v3607vj-intel-core-7-240h-32go-rtx-3050.html,1,3969.0
pc_portables,ASUS,Premium,1,https://www.mytek.tn/pc-portable-gamer-asus-v16-v3607vj-intel-core-7-240h-32go-rtx-3050.html,2,3969.0
pc_portables,ASUS,Premium,1,https://www.mytek.tn/pc-portable-gamer-asus-v16-v3607vj-intel-core-7-240h-32go-rtx-3050.html,3,3969.0
pc_portables,ASUS,Premium,1,https://www.mytek.tn/pc-portable-gamer-asus-v16-v3607vj-intel-core-7-240h-32go-rtx-3050.html,4,3969.0
pc_portables,ASUS,Premium,1,https://www.mytek.tn/pc-portable-gamer-asus-v16-v3607vu-intel-core-5-210h-24g-rtx4050.html,1,3899.0
pc_portables,ASUS,Premium,1,https://www.mytek.tn/pc-portable-gamer-asus-v16-v3607vu-intel-core-5-210h-24g-rtx4050.html,2,3899.0
pc_portables,ASUS,Premium,1,https://www.mytek.tn/pc-portable-gamer-asus-v16-v3607vu-intel-core-5-210h-24g-rtx4050.html,3,3899.0
pc_portables,ASUS,Premium,1,https://www.mytek.tn/pc-portable-gamer-asus-v16-v3607vu-intel-core-5-210h-24g-rtx4050.html,4,3899.0
pc_portables,ASUS,Premium,1,https://www.mytek.tn/pc-portable-gamer-asus-v16-v3607vu-intel-core-5-210h-24go-rtx4050.html,1,3899.0
pc_portables,ASUS,Premium,1,https://www.mytek.tn/pc-portable-gamer-asus-v16-v3607vu-intel-core-5-210h-24go-rtx4050.html,2,3899.0
pc_portables,ASUS,Premium,1,https://www.mytek.tn/pc-portable-gamer-asus-v16-v3607vu-intel-core-5-210h-24go-rtx4050.html,3,3899.0
pc_portables,ASUS,Premium,1,https://www.mytek.tn/pc-portable-gamer-asus-v16-v3607vu-intel-core-5-210h-24go-rtx4050.html,4,3899.0
pc_portables,ASUS,Premium,1,https://www.mytek.tn/pc-portable-gamer-asus-v16-v3607vu-intel-core-7-240h-16go-rtx4050.html,1,3699.0
pc_portables,ASUS,Premium,1,https://www.mytek.tn/pc-portable-gamer-asus-v16-v3607vu-intel-core-7-240h-16go-rtx4050.html,2,3699.0
pc_portables,ASUS,Premium,1,https://www.mytek.tn/pc-portable-gamer-asus-v16-v3607vu-intel-core-7-240h-16go-rtx4050.html,3,3699.0
pc_portables,ASUS,Premium,1,https://www.mytek.tn/pc-portable-gamer-asus-v16-v3607vu-intel-core-7-240h-16go-rtx4050.html,4,3699.0
pc_portables,ASUS,Premium,1,https://www.mytek.tn/pc-portable-gamer-asus-v16-v3607vu-intel-core-7-240h-24g-rtx4050.html,1,4019.0
pc_portables,ASUS,Premium,1,https://www.mytek.tn/pc-portable-gamer-asus-v16-v3607vu-intel-core-7-240h-24g-rtx4050.html,2,4019.0
pc_portables,ASUS,Premium,1,https://www.mytek.tn/pc-portable-gamer-asus-v16-v3607vu-intel-core-7-240h-24g-rtx4050.html,3,4019.0
pc_portables,ASUS,Premium,1,https://www.mytek.tn/pc-portable-gamer-asus-v16-v3607vu-intel-core-7-240h-24g-rtx4050.html,4,4019.0
pc_portables,ASUS,Premium,1,https://www.mytek.tn/pc-portable-gamer-asus-v16-v3607vu-intel-core-7-240h-24go-rtx4050.html,1,4019.0
pc_portables,ASUS,Premium,1,https://www.mytek.tn/pc-portable-gamer-asus-v16-v3607vu-intel-core-7-240h-24go-rtx4050.html,2,4019.0
pc_portables,ASUS,Premium,1,https://www.mytek.tn/pc-portable-gamer-asus-v16-v3607vu-intel-core-7-240h-24go-rtx4050.html,3,4019.0
pc_portables,ASUS,Premium,2,https://www.mytek.tn/pc-portable-gamer-asus-tuf-gaming-f16-i5-13e-gen-16g-rtx-5050.html,1,4599.0
pc_portables,ASUS,Premium,2,https://www.mytek.tn/pc-portable-gamer-asus-tuf-gaming-f16-i5-13e-gen-16g-rtx-5050.html,2,4599.0
pc_portables,ASUS,Premium,2,https://www.mytek.tn/pc-portable-gamer-asus-tuf-gaming-f16-i5-13e-gen-16g-rtx-5050.html,3,4599.0
pc_portables,ASUS,Premium,2,https://www.mytek.tn/pc-portable-gamer-asus-tuf-gaming-f16-i5-13e-gen-16g-rtx-5050.html,4,4599.0
pc_portables,ASUS,Premium,2,https://www.mytek.tn/pc-portable-gamer-asus-tuf-gaming-f16-i5-13e-gen-16g-rtx-5060.html,1,4805.0
pc_portables,ASUS,Premium,2,https://www.mytek.tn/pc-portable-gamer-asus-tuf-gaming-f16-i5-13e-gen-16g-rtx-5060.html,2,4905.0
pc_portables,ASUS,Premium,2,https://www.mytek.tn/pc-portable-gamer-asus-tuf-gaming-f16-i5-13e-gen-16g-rtx-5060.html,3,4705.0
pc_portables,ASUS,Premium,2,https://www.mytek.tn/pc-portable-gamer-asus-tuf-gaming-f16-i5-13e-gen-16g-rtx-5060.html,4,4705.0
pc_portables,ASUS,Premium,2,https://www.mytek.tn/pc-portable-gamer-asus-tuf-gaming-f16-i5-13e-gen-16go-rtx-5050.html,1,3899.0
pc_portables,ASUS,Premium,2,https://www.mytek.tn/pc-portable-gamer-asus-tuf-gaming-f16-i5-13e-gen-16go-rtx-5050.html,2,3999.0
pc_portables,ASUS,Premium,2,https://www.mytek.tn/pc-portable-gamer-asus-tuf-gaming-f16-i5-13e-gen-16go-rtx-5060.html,1,4399.0
pc_portables,ASUS,Premium,2,https://www.mytek.tn/pc-portable-gamer-asus-tuf-gaming-f16-i5-13e-gen-16go-rtx-5060.html,2,4499.0
pc_portables,ASUS,Premium,2,https://www.mytek.tn/pc-portable-gamer-asus-tuf-gaming-f16-i5-13e-gen-16go-rtx-5060.html,3,4299.0
pc_portables,ASUS,Premium,2,https://www.mytek.tn/pc-portable-gamer-asus-tuf-gaming-f16-i5-13e-gen-16go-rtx-5060.html,4,4299.0
pc_portables,ASUS,Premium,2,https://www.mytek.tn/pc-portable-gamer-asus-tuf-gaming-f16-i5-13e-gen-24go-rtx-5050.html,1,4329.0
pc_portables,ASUS,Premium,2,https://www.mytek.tn/pc-portable-gamer-asus-tuf-gaming-f16-i5-13e-gen-24go-rtx-5050.html,2,4429.0
pc_portables,ASUS,Premium,2,https://www.mytek.tn/pc-portable-gamer-asus-tuf-gaming-f16-i5-13e-gen-24go-rtx-5060.html,1,4615.0
pc_portables,ASUS,Premium,2,https://www.mytek.tn/pc-portable-gamer-asus-tuf-gaming-f16-i5-13e-gen-24go-rtx-5060.html,2,4715.0
pc_portables,ASUS,Premium,2,https://www.mytek.tn/pc-portable-gamer-asus-tuf-gaming-f16-i5-13e-gen-24go-rtx-5060.html,3,4515.0
pc_portables,ASUS,Premium,2,https://www.mytek.tn/pc-portable-gamer-asus-tuf-gaming-f16-i5-13e-gen-24go-rtx-5060.html,4,4515.0
pc_portables,ASUS,Premium,2,https://www.mytek.tn/pc-portable-gamer-asus-tuf-gaming-f16-i5-13e-gen-32go-rtx-5050.html,1,4729.0
pc_portables,ASUS,Premium,2,https://www.mytek.tn/pc-portable-gamer-asus-tuf-gaming-f16-i5-13e-gen-32go-rtx-5050.html,2,4829.0
pc_portables,ASUS,Premium,2,https://www.mytek.tn/pc-portable-gamer-asus-tuf-gaming-f16-i5-13e-gen-32go-rtx-5050.html,3,4629.0
pc_portables,ASUS,Premium,2,https://www.mytek.tn/pc-portable-gamer-asus-tuf-gaming-f16-i5-13e-gen-32go-rtx-5050.html,4,4629.0
pc_portables,ASUS,Premium,2,https://www.mytek.tn/pc-portable-gamer-asus-tuf-gaming-f16-i5-13e-gen-32go-rtx-5060.html,1,4819.0
pc_portables,ASUS,Premium,2,https://www.mytek.tn/pc-portable-gamer-asus-tuf-gaming-f16-i5-13e-gen-32go-rtx-5060.html,2,4919.0
pc_portables,ASUS,Premium,2,https://www.mytek.tn/pc-portable-gamer-asus-tuf-gaming-f16-i5-13e-gen-32go-rtx-5060.html,3,4719.0
pc_portables,ASUS,Premium,2,https://www.mytek.tn/pc-portable-gamer-asus-tuf-gaming-f16-i5-13e-gen-32go-rtx-5060.html,4,4719.0
pc_portables,ASUS,Premium,2,https://www.mytek.tn/pc-portable-gamer-asus-tuf-gaming-f16-i5-14e-gen-16go-rtx-5050.html,1,4995.0
pc_portables,ASUS,Premium,2,https://www.mytek.tn/pc-portable-gamer-asus-tuf-gaming-f16-i5-14e-gen-16go-rtx-5050.html,2,5095.0
pc_portables,ASUS,Premium,2,https://www.mytek.tn/pc-portable-gamer-asus-tuf-gaming-f16-i5-14e-gen-16go-rtx-5050.html,3,4895.0
pc_portables,ASUS,Premium,2,https://www.mytek.tn/pc-portable-gamer-asus-tuf-gaming-f16-i5-14e-gen-16go-rtx-5050.html,4,4895.0
pc_portables,ASUS,Premium,2,https://www.mytek.tn/pc-portable-gamer-asus-tuf-gaming-f16-i7-13e-gen-16go-rtx-4050.html,1,3899.0
pc_portables,ASUS,Premium,2,https://www.mytek.tn/pc-portable-gamer-asus-tuf-gaming-f16-i7-13e-gen-16go-rtx-4050.html,2,3899.0
pc_portables,ASUS,Premium,2,https://www.mytek.tn/pc-portable-gamer-asus-tuf-gaming-f16-i7-13e-gen-16go-rtx-4050.html,3,3899.0
pc_portables,ASUS,Premium,2,https://www.mytek.tn/pc-portable-gamer-asus-tuf-gaming-f16-i7-13e-gen-16go-rtx-4050.html,4,3899.0
pc_portables,ASUS,Premium,2,https://www.mytek.tn/pc-portable-gamer-asus-tuf-gaming-f16-i7-13e-gen-24go-rtx-4050.html,1,4299.0
pc_portables,ASUS,Premium,2,https://www.mytek.tn/pc-portable-gamer-asus-tuf-gaming-f16-i7-13e-gen-24go-rtx-4050.html,2,4299.0
pc_portables,ASUS,Premium,2,https://www.mytek.tn/pc-portable-gamer-asus-tuf-gaming-f16-i7-13e-gen-24go-rtx-4050.html,3,4299.0
pc_portables,ASUS,Premium,2,https://www.mytek.tn/pc-portable-gamer-asus-tuf-gaming-f16-i7-13e-gen-24go-rtx-4050.html,4,4299.0
pc_portables,ASUS,Premium,2,https://www.mytek.tn/pc-portable-gamer-asus-tuf-gaming-f16-i7-14e-gen-16g-rtx-5050.html,1,5589.0
pc_portables,ASUS,Premium,2,https://www.mytek.tn/pc-portable-gamer-asus-tuf-gaming-f16-i7-14e-gen-16g-rtx-5050.html,2,5589.0
pc_portables,ASUS,Premium,2,https://www.mytek.tn/pc-portable-gamer-asus-tuf-gaming-f16-i7-14e-gen-16g-rtx-5050.html,3,5389.0
pc_portables,ASUS,Premium,2,https://www.mytek.tn/pc-portable-gamer-asus-tuf-gaming-f16-i7-14e-gen-16g-rtx-5050.html,4,5389.0
pc_portables,ASUS,Premium,2,https://www.mytek.tn/pc-portable-gamer-asus-tuf-gaming-f16-i7-14e-gen-16go-rtx-5050.html,1,5399.0
pc_portables,ASUS,Premium,2,https://www.mytek.tn/pc-portable-gamer-asus-tuf-gaming-f16-i7-14e-gen-16go-rtx-5050.html,2,5399.0
pc_portables,ASUS,Premium,2,https://www.mytek.tn/pc-portable-gamer-asus-tuf-gaming-f16-i7-14e-gen-16go-rtx-5050.html,3,5199.0
pc_portables,ASUS,Premium,2,https://www.mytek.tn/pc-portable-gamer-asus-tuf-gaming-f16-i7-14e-gen-16go-rtx-5050.html,4,5199.0
pc_portables,ASUS,Premium,2,https://www.mytek.tn/pc-portable-gamer-asus-tuf-gaming-f16-i7-14e-gen-16go-rtx-5060.html,1,5879.0
pc_portables,ASUS,Premium,2,https://www.mytek.tn/pc-portable-gamer-asus-tuf-gaming-f16-i7-14e-gen-16go-rtx-5060.html,2,5879.0
pc_portables,ASUS,Premium,2,https://www.mytek.tn/pc-portable-gamer-asus-tuf-gaming-f16-i7-14e-gen-16go-rtx-5060.html,3,5679.0
pc_portables,ASUS,Premium,2,https://www.mytek.tn/pc-portable-gamer-asus-tuf-gaming-f16-i7-14e-gen-16go-rtx-5060.html,4,5679.0
pc_portables,ASUS,Premium,2,https://www.mytek.tn/pc-portable-gamer-asus-tuf-gaming-f16-i7-14e-gen-16go-rtx-5070.html,1,6959.0
pc_portables,ASUS,Premium,2,https://www.mytek.tn/pc-portable-gamer-asus-tuf-gaming-f16-i7-14e-gen-16go-rtx-5070.html,2,6959.0
pc_portables,ASUS,Premium,2,https://www.mytek.tn/pc-portable-gamer-asus-tuf-gaming-f16-i7-14e-gen-16go-rtx-5070.html,3,6759.0
pc_portables,ASUS,Premium,2,https://www.mytek.tn/pc-portable-gamer-asus-tuf-gaming-f16-i7-14e-gen-16go-rtx-5070.html,4,6759.0
pc_portables,ASUS,Premium,2,https://www.mytek.tn/pc-portable-gamer-asus-tuf-gaming-f16-i7-14e-gen-32go-rtx-5060.html,1,6729.0
pc_portables,ASUS,Premium,2,https://www.mytek.tn/pc-portable-gamer-asus-tuf-gaming-f16-i7-14e-gen-32go-rtx-5060.html,2,6729.0
pc_portables,ASUS,Premium,2,https://www.mytek.tn/pc-portable-gamer-asus-tuf-gaming-f16-i7-14e-gen-32go-rtx-5060.html,3,6529.0
pc_portables,ASUS,Premium,2,https://www.mytek.tn/pc-portable-gamer-asus-tuf-gaming-f16-i7-14e-gen-32go-rtx-5060.html,4,6529.0
pc_portables,ASUS,Premium,2,https://www.mytek.tn/pc-portable-gamer-asus-tuf-gaming-f16-intel-core-5-210h-16go-rtx-3050.html,1,3929.0
pc_portables,ASUS,Premium,2,https://www.mytek.tn/pc-portable-gamer-asus-tuf-gaming-f16-intel-core-5-210h-16go-rtx-3050.html,2,3929.0
pc_portables,ASUS,Premium,2,https://www.mytek.tn/pc-portable-gamer-asus-tuf-gaming-f16-intel-core-5-210h-16go-rtx-3050.html,3,3929.0
pc_portables,ASUS,Premium,2,https://www.mytek.tn/pc-portable-gamer-asus-tuf-gaming-f16-intel-core-5-210h-16go-rtx-3050.html,4,3929.0
pc_portables,ASUS,Premium,2,https://www.mytek.tn/pc-portable-gamer-asus-tuf-gaming-f16-intel-core-5-210h-16go-rtx-4050.html,1,4009.0
pc_portables,ASUS,Premium,2,https://www.mytek.tn/pc-portable-gamer-asus-tuf-gaming-f16-intel-core-5-210h-16go-rtx-4050.html,2,4009.0
pc_portables,ASUS,Premium,2,https://www.mytek.tn/pc-portable-gamer-asus-tuf-gaming-f16-intel-core-5-210h-16go-rtx-4050.html,3,4009.0
pc_portables,ASUS,Premium,2,https://www.mytek.tn/pc-portable-gamer-asus-tuf-gaming-f16-intel-core-5-210h-16go-rtx-4050.html,4,4009.0
pc_portables,ASUS,Premium,2,https://www.mytek.tn/pc-portable-gamer-asus-tuf-gaming-f16-intel-core-5-210h-24go-rtx-4050.html,1,4539.0
pc_portables,ASUS,Premium,2,https://www.mytek.tn/pc-portable-gamer-asus-tuf-gaming-f16-intel-core-5-210h-24go-rtx-4050.html,2,4539.0
pc_portables,ASUS,Premium,2,https://www.mytek.tn/pc-portable-gamer-asus-tuf-gaming-f16-intel-core-5-210h-24go-rtx-4050.html,3,4539.0
pc_portables,ASUS,Premium,2,https://www.mytek.tn/pc-portable-gamer-asus-tuf-gaming-f16-intel-core-5-210h-24go-rtx-4050.html,4,4539.0
pc_portables,ASUS,Premium,2,https://www.mytek.tn/pc-portable-gamer-asus-tuf-gaming-f16-intel-core-5-210h-8go-rtx-4050.html,1,3599.0
pc_portables,ASUS,Premium,2,https://www.mytek.tn/pc-portable-gamer-asus-tuf-gaming-f16-intel-core-5-210h-8go-rtx-4050.html,2,3599.0
pc_portables,ASUS,Premium,2,https://www.mytek.tn/pc-portable-gamer-asus-tuf-gaming-f16-intel-core-5-210h-8go-rtx-4050.html,3,3599.0
pc_portables,ASUS,Premium,2,https://www.mytek.tn/pc-portable-gamer-asus-tuf-gaming-f16-intel-core-5-210h-8go-rtx-4050.html,4,3599.0
pc_portables,ASUS,Premium,3,https://www.mytek.tn/pc-portable-asus-tuf-gaming-a14-amd-ryzen-ai-7-16go-rtx-5050.html,1,4599.0
pc_portables,ASUS,Premium,3,https://www.mytek.tn/pc-portable-asus-tuf-gaming-a14-amd-ryzen-ai-7-16go-rtx-5050.html,2,4599.0
pc_portables,ASUS,Premium,3,https://www.mytek.tn/pc-portable-asus-tuf-gaming-a14-amd-ryzen-ai-7-16go-rtx-5050.html,3,4599.0
pc_portables,ASUS,Premium,3,https://www.mytek.tn/pc-portable-asus-tuf-gaming-a14-amd-ryzen-ai-7-16go-rtx-5050.html,4,4599.0
pc_portables,ASUS,Premium,3,https://www.mytek.tn/pc-portable-asus-tuf-gaming-a14-amd-ryzen-ai-7-16go-rtx-5060.html,1,5929.0
pc_portables,ASUS,Premium,3,https://www.mytek.tn/pc-portable-asus-tuf-gaming-a14-amd-ryzen-ai-7-16go-rtx-5060.html,2,5929.0
pc_portables,ASUS,Premium,3,https://www.mytek.tn/pc-portable-asus-tuf-gaming-a14-amd-ryzen-ai-7-16go-rtx-5060.html,3,5929.0
pc_portables,ASUS,Premium,3,https://www.mytek.tn/pc-portable-asus-tuf-gaming-a14-amd-ryzen-ai-7-16go-rtx-5060.html,4,5929.0
pc_portables,ASUS,Premium,3,https://www.mytek.tn/pc-portable-asus-tuf-gaming-a14-amd-ryzen-ai-9-16go-rtx-4060.html,1,5599.0
pc_portables,ASUS,Premium,3,https://www.mytek.tn/pc-portable-asus-tuf-gaming-a14-amd-ryzen-ai-9-16go-rtx-4060.html,2,5599.0
pc_portables,ASUS,Premium,3,https://www.mytek.tn/pc-portable-asus-tuf-gaming-a14-amd-ryzen-ai-9-16go-rtx-4060.html,3,5599.0
pc_portables,ASUS,Premium,3,https://www.mytek.tn/pc-portable-asus-tuf-gaming-a14-amd-ryzen-ai-9-16go-rtx-4060.html,4,5599.0
pc_portables,ASUS,Premium,3,https://www.mytek.tn/pc-portable-asus-vivobook-14-flip-ultra-7-256v-16go-512go-ssd-gris.html,1,3749.0
pc_portables,ASUS,Premium,3,https://www.mytek.tn/pc-portable-asus-vivobook-14-flip-ultra-7-256v-16go-512go-ssd-gris.html,2,3749.0
pc_portables,ASUS,Premium,3,https://www.mytek.tn/pc-portable-asus-vivobook-s14-ultra-7-256v-16go-1to-ssd-bleu.html,1,4379.0
pc_portables,ASUS,Premium,3,https://www.mytek.tn/pc-portable-asus-vivobook-s14-ultra-7-256v-16go-1to-ssd-bleu.html,2,4379.0
pc_portables,ASUS,Premium,3,https://www.mytek.tn/pc-portable-asus-vivobook-s14-ultra-7-256v-16go-1to-ssd-bleu.html,3,4379.0
pc_portables,ASUS,Premium,3,https://www.mytek.tn/pc-portable-asus-vivobook-s14-ultra-7-256v-16go-1to-ssd-bleu.html,4,4379.0
pc_portables,ASUS,Premium,3,https://www.mytek.tn/pc-portable-asus-zenbook-14-ultra-7-255h-16go-1to-ssd-silver.html,1,4369.0
pc_portables,ASUS,Premium,3,https://www.mytek.tn/pc-portable-asus-zenbook-14-ultra-7-255h-16go-1to-ssd-silver.html,2,4369.0
pc_portables,ASUS,Premium,3,https://www.mytek.tn/pc-portable-asus-zenbook-14-ultra-7-255h-16go-1to-ssd-silver.html,3,4369.0
pc_portables,ASUS,Premium,3,https://www.mytek.tn/pc-portable-asus-zenbook-14-ultra-7-255h-16go-1to-ssd-silver.html,4,4369.0
pc_portables,ASUS,Premium,3,https://www.mytek.tn/pc-portable-asus-zenbook-14-ultra-9-285h-32g-1to-ssd-silver.html,1,6259.0
pc_portables,ASUS,Premium,3,https://www.mytek.tn/pc-portable-asus-zenbook-14-ultra-9-285h-32g-1to-ssd-silver.html,2,6259.0
pc_portables,ASUS,Premium,3,https://www.mytek.tn/pc-portable-asus-zenbook-14-ultra-9-285h-32g-1to-ssd-silver.html,3,6259.0
pc_portables,ASUS,Premium,3,https://www.mytek.tn/pc-portable-asus-zenbook-14-ultra-9-285h-32g-1to-ssd-silver.html,4,6259.0
pc_portables,ASUS,Premium,3,https://www.mytek.tn/pc-portable-asus-zenbook-a14-snapdragonr-x-x1-26-100-32go-1to-ssd-beige.html,1,4119.0
pc_portables,ASUS,Premium,3,https://www.mytek.tn/pc-portable-asus-zenbook-a14-snapdragonr-x-x1-26-100-32go-1to-ssd-beige.html,2,4119.0
pc_portables,ASUS,Premium,3,https://www.mytek.tn/pc-portable-asus-zenbook-a14-snapdragonr-x-x1-26-100-32go-1to-ssd-beige.html,3,4119.0
pc_portables,ASUS,Premium,3,https://www.mytek.tn/pc-portable-asus-zenbook-a14-snapdragonr-x-x1-26-100-32go-1to-ssd-beige.html,4,4119.0
pc_portables,ASUS,Premium,3,https://www.mytek.tn/pc-portable-asus-zenbook-s-14-ultra-7-256v-16g-1to-ssd-blanc.html,1,5299.0
pc_portables,ASUS,Premium,3,https://www.mytek.tn/pc-portable-asus-zenbook-s-14-ultra-7-256v-16g-1to-ssd-blanc.html,2,5299.0
pc_portables,ASUS,Premium,3,https://www.mytek.tn/pc-portable-asus-zenbook-s-14-ultra-7-256v-16g-1to-ssd-blanc.html,3,5299.0
pc_portables,ASUS,Premium,3,https://www.mytek.tn/pc-portable-asus-zenbook-s-14-ultra-7-256v-16g-1to-ssd-blanc.html,4,5299.0
pc_portables,ASUS,Premium,3,https://www.mytek.tn/pc-portable-gamer-asus-rog-strix-g16-ultra-9-275hx-32go-rtx-5070.html,1,7999.0
pc_portables,ASUS,Premium,3,https://www.mytek.tn/pc-portable-gamer-asus-rog-strix-g16-ultra-9-275hx-32go-rtx-5070.html,2,7999.0
pc_portables,ASUS,Premium,3,https://www.mytek.tn/pc-portable-gamer-asus-rog-strix-g16-ultra-9-275hx-32go-rtx-5070.html,3,7999.0
pc_portables,ASUS,Premium,3,https://www.mytek.tn/pc-portable-gamer-asus-rog-strix-g16-ultra-9-275hx-32go-rtx-5070.html,4,7999.0
pc_portables,ASUS,Économique,0,https://www.mytek.tn/pc-portable-asus-vivobook-15-oled-x1505va-i5-13e-gen-8g-512g-ssd-silver.html,1,2239.0
pc_portables,ASUS,Économique,0,https://www.mytek.tn/pc-portable-asus-vivobook-15-oled-x1505va-i5-13e-gen-8g-512g-ssd-silver.html,2,2239.0
pc_portables,ASUS,Économique,0,https://www.mytek.tn/pc-portable-asus-vivobook-15-oled-x1505va-i5-13e-gen-8g-512g-ssd-silver.html,3,2239.0
pc_portables,ASUS,Économique,0,https://www.mytek.tn/pc-portable-asus-vivobook-15-oled-x1505va-i5-13e-gen-8g-512g-ssd-silver.html,4,2239.0
pc_portables,ASUS,Économique,0,https://www.mytek.tn/pc-portable-asus-vivobook-15-x1502va-i5-13e-gen-12g-512g-ssd-bleu.html,1,1925.0
pc_portables,ASUS,Économique,0,https://www.mytek.tn/pc-portable-asus-vivobook-15-x1502va-i5-13e-gen-12g-512go-ssd-silver.html,1,1925.0
pc_portables,ASUS,Économique,0,https://www.mytek.tn/pc-portable-asus-vivobook-15-x1502va-i5-13e-gen-16g-512g-ssd-bleu.html,1,2039.0
pc_portables,ASUS,Économique,0,https://www.mytek.tn/pc-portable-asus-vivobook-15-x1502va-i5-13e-gen-16g-512g-ssd-bleu.html,2,2039.0
pc_portables,ASUS,Économique,0,https://www.mytek.tn/pc-portable-asus-vivobook-15-x1502va-i5-13e-gen-16g-512g-ssd-bleu.html,3,2039.0
pc_portables,ASUS,Économique,0,https://www.mytek.tn/pc-portable-asus-vivobook-15-x1502va-i5-13e-gen-16g-512g-ssd-bleu.html,4,2039.0
pc_portables,ASUS,Économique,0,https://www.mytek.tn/pc-portable-asus-vivobook-15-x1502va-i5-13e-gen-16g-512g-ssd-silver.html,1,2039.0
pc_portables,ASUS,Économique,0,https://www.mytek.tn/pc-portable-asus-vivobook-15-x1502va-i5-13e-gen-16g-512g-ssd-silver.html,2,2039.0
pc_portables,ASUS,Économique,0,https://www.mytek.tn/pc-portable-asus-vivobook-15-x1502va-i5-13e-gen-16g-512g-ssd-silver.html,3,2039.0
pc_portables,ASUS,Économique,0,https://www.mytek.tn/pc-portable-asus-vivobook-15-x1502va-i5-13e-gen-16g-512g-ssd-silver.html,4,2039.0
pc_portables,ASUS,Économique,0,https://www.mytek.tn/pc-portable-asus-vivobook-15-x1502va-i5-13e-gen-24g-512g-ssd-bleu.html,1,2269.0
pc_portables,ASUS,Économique,0,https://www.mytek.tn/pc-portable-asus-vivobook-15-x1502va-i5-13e-gen-24g-512g-ssd-bleu.html,2,2269.0
pc_portables,ASUS,Économique,0,https://www.mytek.tn/pc-portable-asus-vivobook-15-x1502va-i5-13e-gen-24g-512g-ssd-bleu.html,3,2269.0
pc_portables,ASUS,Économique,0,https://www.mytek.tn/pc-portable-asus-vivobook-15-x1502va-i5-13e-gen-24g-512g-ssd-bleu.html,4,2269.0
pc_portables,ASUS,Économique,0,https://www.mytek.tn/pc-portable-asus-vivobook-15-x1502va-i5-13e-gen-24g-512g-ssd-silver.html,1,2269.0
pc_portables,ASUS,Économique,0,https://www.mytek.tn/pc-portable-asus-vivobook-15-x1502va-i5-13e-gen-24g-512g-ssd-silver.html,2,2269.0
pc_portables,ASUS,Économique,0,https://www.mytek.tn/pc-portable-asus-vivobook-15-x1502va-i5-13e-gen-24g-512g-ssd-silver.html,3,2269.0
pc_portables,ASUS,Économique,0,https://www.mytek.tn/pc-portable-asus-vivobook-15-x1502va-i5-13e-gen-24g-512g-ssd-silver.html,4,2269.0
pc_portables,ASUS,Économique,0,https://www.mytek.tn/pc-portable-asus-vivobook-15-x1502va-i5-13e-gen-8g-512g-ssd-bleu.html,1,1799.0
pc_portables,ASUS,Économique,0,https://www.mytek.tn/pc-portable-asus-vivobook-15-x1502va-i5-13e-gen-8g-512g-ssd-bleu.html,2,1799.0
pc_portables,ASUS,Économique,0,https://www.mytek.tn/pc-portable-asus-vivobook-15-x1502va-i5-13e-gen-8g-512g-ssd-bleu.html,3,1799.0
pc_portables,ASUS,Économique,0,https://www.mytek.tn/pc-portable-asus-vivobook-15-x1502va-i5-13e-gen-8g-512g-ssd-bleu.html,4,1799.0
pc_portables,ASUS,Économique,0,https://www.mytek.tn/pc-portable-asus-vivobook-15-x1502va-i5-13e-gen-8go-512go-ssd-silver.html,1,1799.0
pc_portables,ASUS,Économique,0,https://www.mytek.tn/pc-portable-asus-vivobook-15-x1502va-i5-13e-gen-8go-512go-ssd-silver.html,2,1799.0
pc_portables,ASUS,Économique,0,https://www.mytek.tn/pc-portable-asus-vivobook-15-x1502va-i5-13e-gen-8go-512go-ssd-silver.html,3,1799.0
pc_portables,ASUS,Économique,0,https://www.mytek.tn/pc-portable-asus-vivobook-15-x1502va-i5-13e-gen-8go-512go-ssd-silver.html,4,1799.0
pc_portables,ASUS,Économique,0,https://www.mytek.tn/pc-portable-asus-vivobook-15-x1504va-i3-13eme-gen-16go-512go-ssd-bleu.html,1,1705.0
pc_portables,ASUS,Économique,0,https://www.mytek.tn/pc-portable-asus-vivobook-15-x1504va-i3-13eme-gen-16go-512go-ssd-bleu.html,2,1705.0
pc_portables,ASUS,Économique,0,https://www.mytek.tn/pc-portable-asus-vivobook-15-x1504va-i3-13eme-gen-16go-512go-ssd-bleu.html,3,1705.0
pc_portables,ASUS,Économique,0,https://www.mytek.tn/pc-portable-asus-vivobook-15-x1504va-i3-13eme-gen-16go-512go-ssd-bleu.html,4,1705.0
pc_portables,ASUS,Économique,0,https://www.mytek.tn/pc-portable-asus-vivobook-15-x1504va-i3-13eme-gen-24g-512g-ssd-silver.html,1,1929.0
pc_portables,ASUS,Économique,0,https://www.mytek.tn/pc-portable-asus-vivobook-15-x1504va-i3-13eme-gen-24g-512g-ssd-silver.html,2,1929.0
pc_portables,ASUS,Économique,0,https://www.mytek.tn/pc-portable-asus-vivobook-15-x1504va-i3-13eme-gen-24g-512g-ssd-silver.html,3,1929.0
pc_portables,ASUS,Économique,0,https://www.mytek.tn/pc-portable-asus-vivobook-15-x1504va-i3-13eme-gen-24g-512g-ssd-silver.html,4,1929.0
pc_portables,ASUS,Économique,0,https://www.mytek.tn/pc-portable-asus-vivobook-15-x1504va-i3-13eme-gen-24go-512go-ssd-bleu.html,1,1929.0
pc_portables,ASUS,Économique,0,https://www.mytek.tn/pc-portable-asus-vivobook-15-x1504va-i3-13eme-gen-24go-512go-ssd-bleu.html,2,1929.0
pc_portables,ASUS,Économique,0,https://www.mytek.tn/pc-portable-asus-vivobook-15-x1504va-i3-13eme-gen-24go-512go-ssd-bleu.html,3,1929.0
pc_portables,ASUS,Économique,0,https://www.mytek.tn/pc-portable-asus-vivobook-15-x1504va-i3-13eme-gen-24go-512go-ssd-bleu.html,4,1929.0
pc_portables,ASUS,Économique,0,https://www.mytek.tn/pc-portable-asus-vivobook-15-x1504va-i3-13eme-gen-8go-512go-ssd-bleu.html,1,1499.0
pc_portables,ASUS,Économique,0,https://www.mytek.tn/pc-portable-asus-vivobook-15-x1504va-i3-13eme-gen-8go-512go-ssd-bleu.html,2,1499.0
pc_portables,ASUS,Économique,0,https://www.mytek.tn/pc-portable-asus-vivobook-15-x1504va-i3-13eme-gen-8go-512go-ssd-bleu.html,3,1499.0
pc_portables,ASUS,Économique,0,https://www.mytek.tn/pc-portable-asus-vivobook-15-x1504va-i3-13eme-gen-8go-512go-ssd-bleu.html,4,1499.0
pc_portables,ASUS,Économique,0,https://www.mytek.tn/pc-portable-asus-vivobook-15-x1504va-intel-core-5-120u-16g-512g-ssd-silver.html,1,2295.0
pc_portables,ASUS,Économique,0,https://www.mytek.tn/pc-portable-asus-vivobook-15-x1504va-intel-core-5-120u-16g-512g-ssd-silver.html,2,2295.0
pc_portables,ASUS,Économique,0,https://www.mytek.tn/pc-portable-asus-vivobook-15-x1504va-intel-core-5-120u-16g-512g-ssd-silver.html,3,2295.0
pc_portables,ASUS,Économique,0,https://www.mytek.tn/pc-portable-asus-vivobook-15-x1504va-intel-core-5-120u-16g-512g-ssd-silver.html,4,2295.0
pc_portables,ASUS,Économique,0,https://www.mytek.tn/pc-portable-asus-vivobook-15-x1504va-intel-core-5-120u-8g-512g-ssd-silver.html,1,1899.0
pc_portables,ASUS,Économique,0,https://www.mytek.tn/pc-portable-asus-vivobook-15-x1504va-intel-core-5-120u-8g-512g-ssd-silver.html,2,1899.0
pc_portables,ASUS,Économique,0,https://www.mytek.tn/pc-portable-asus-vivobook-15-x1504va-intel-core-5-120u-8g-512g-ssd-silver.html,3,1899.0
pc_portables,ASUS,Économique,0,https://www.mytek.tn/pc-portable-asus-vivobook-15-x1504va-intel-core-5-120u-8g-512g-ssd-silver.html,4,1899.0
pc_portables,ASUS,Économique,0,https://www.mytek.tn/pc-portable-gamer-asus-vivobook-16x-i5-13e-gen-8go-rtx-3050.html,1,2339.0
pc_portables,ASUS,Économique,0,https://www.mytek.tn/pc-portable-gamer-asus-vivobook-16x-i5-13e-gen-8go-rtx-3050.html,2,2339.0
pc_portables,ASUS,Économique,0,https://www.mytek.tn/pc-portable-gamer-asus-vivobook-16x-i5-13e-gen-8go-rtx-3050.html,3,2339.0
pc_portables,ASUS,Économique,0,https://www.mytek.tn/pc-portable-gamer-asus-vivobook-16x-i5-13e-gen-8go-rtx-3050.html,4,2339.0
pc_portables,ASUS,Économique,0,https://www.mytek.tn/pc-portable-gamer-asus-vivobook-16x-i5-13e-gen-8go-rtx3050.html,1,2339.0
pc_portables,ASUS,Économique,0,https://www.mytek.tn/pc-portable-gamer-asus-vivobook-16x-i5-13e-gen-8go-rtx3050.html,2,2339.0
pc_portables,ASUS,Économique,0,https://www.mytek.tn/pc-portable-gamer-asus-vivobook-16x-i5-13e-gen-8go-rtx3050.html,3,2339.0
pc_portables,ASUS,Économique,0,https://www.mytek.tn/pc-portable-gamer-asus-vivobook-16x-i5-13e-gen-8go-rtx3050.html,4,2339.0
pc_portables,ASUS,Économique,1,https://www.mytek.tn/pc-portable-asus-vivobook-15-m1502naq-amd-ryzen-5-8go-512go-ssd-bleu.html,1,1999.0
pc_portables,ASUS,Économique,1,https://www.mytek.tn/pc-portable-asus-vivobook-15-m1502naq-amd-ryzen-5-8go-512go-ssd-bleu.html,2,1999.0
pc_portables,ASUS,Économique,1,https://www.mytek.tn/pc-portable-asus-vivobook-15-m1502naq-amd-ryzen-5-8go-512go-ssd-bleu.html,3,1999.0
pc_portables,ASUS,Économique,1,https://www.mytek.tn/pc-portable-asus-vivobook-15-m1502naq-amd-ryzen-5-8go-512go-ssd-bleu.html,4,1999.0
pc_portables,ASUS,Économique,1,https://www.mytek.tn/pc-portable-asus-vivobook-15-m1502ya-amd-ryzen7-12go-512g-ssd-bleu.html,1,1819.0
pc_portables,ASUS,Économique,1,https://www.mytek.tn/pc-portable-asus-vivobook-15-m1502ya-amd-ryzen7-12go-512g-ssd-silver.html,1,1819.0
pc_portables,ASUS,Économique,1,https://www.mytek.tn/pc-portable-asus-vivobook-15-m1502ya-amd-ryzen7-12go-512g-ssd-silver.html,2,1819.0
pc_portables,ASUS,Économique,1,https://www.mytek.tn/pc-portable-asus-vivobook-15-m1502ya-amd-ryzen7-12go-512g-ssd-silver.html,3,1819.0
pc_portables,ASUS,Économique,1,https://www.mytek.tn/pc-portable-asus-vivobook-15-m1502ya-amd-ryzen7-12go-512g-ssd-silver.html,4,1819.0
pc_portables,ASUS,Économique,1,https://www.mytek.tn/pc-portable-asus-vivobook-15-m1502ya-amd-ryzen7-16go-512g-ssd-bleu.html,1,1929.0
pc_portables,ASUS,Économique,1,https://www.mytek.tn/pc-portable-asus-vivobook-15-m1502ya-amd-ryzen7-16go-512g-ssd-bleu.html,2,1929.0
pc_portables,ASUS,Économique,1,https://www.mytek.tn/pc-portable-asus-vivobook-15-m1502ya-amd-ryzen7-16go-512g-ssd-bleu.html,3,1929.0
pc_portables,ASUS,Économique,1,https://www.mytek.tn/pc-portable-asus-vivobook-15-m1502ya-amd-ryzen7-16go-512g-ssd-bleu.html,4,1929.0
pc_portables,ASUS,Économique,1,https://www.mytek.tn/pc-portable-asus-vivobook-15-m1502ya-amd-ryzen7-16go-512g-ssd-silver.html,1,1929.0
pc_portables,ASUS,Économique,1,https://www.mytek.tn/pc-portable-asus-vivobook-15-m1502ya-amd-ryzen7-16go-512g-ssd-silver.html,2,1929.0
pc_portables,ASUS,Économique,1,https://www.mytek.tn/pc-portable-asus-vivobook-15-m1502ya-amd-ryzen7-16go-512g-ssd-silver.html,3,1929.0
pc_portables,ASUS,Économique,1,https://www.mytek.tn/pc-portable-asus-vivobook-15-m1502ya-amd-ryzen7-16go-512g-ssd-silver.html,4,1929.0
pc_portables,ASUS,Économique,1,https://www.mytek.tn/pc-portable-asus-vivobook-15-m1502ya-amd-ryzen7-24go-512g-ssd-bleu.html,1,2159.0
pc_portables,ASUS,Économique,1,https://www.mytek.tn/pc-portable-asus-vivobook-15-m1502ya-amd-ryzen7-24go-512g-ssd-bleu.html,2,2159.0
pc_portables,ASUS,Économique,1,https://www.mytek.tn/pc-portable-asus-vivobook-15-m1502ya-amd-ryzen7-24go-512g-ssd-bleu.html,3,2159.0
pc_portables,ASUS,Économique,1,https://www.mytek.tn/pc-portable-asus-vivobook-15-m1502ya-amd-ryzen7-24go-512g-ssd-bleu.html,4,2159.0
pc_portables,ASUS,Économique,1,https://www.mytek.tn/pc-portable-asus-vivobook-15-m1502ya-amd-ryzen7-24go-512g-ssd-silver.html,1,2159.0
pc_portables,ASUS,Économique,1,https://www.mytek.tn/pc-portable-asus-vivobook-15-m1502ya-amd-ryzen7-24go-512g-ssd-silver.html,2,2159.0
pc_portables,ASUS,Économique,1,https://www.mytek.tn/pc-portable-asus-vivobook-15-m1502ya-amd-ryzen7-24go-512g-ssd-silver.html,3,2159.0
pc_portables,ASUS,Économique,1,https://www.mytek.tn/pc-portable-asus-vivobook-15-m1502ya-amd-ryzen7-24go-512g-ssd-silver.html,4,2159.0
pc_portables,ASUS,Économique,1,https://www.mytek.tn/pc-portable-asus-vivobook-15-m1502ya-amd-ryzen7-8go-512g-ssd-bleu.html,1,1699.0
pc_portables,ASUS,Économique,1,https://www.mytek.tn/pc-portable-asus-vivobook-15-m1502ya-amd-ryzen7-8go-512g-ssd-bleu.html,2,1699.0
pc_portables,ASUS,Économique,1,https://www.mytek.tn/pc-portable-asus-vivobook-15-m1502ya-amd-ryzen7-8go-512g-ssd-bleu.html,3,1699.0
pc_portables,ASUS,Économique,1,https://www.mytek.tn/pc-portable-asus-vivobook-15-m1502ya-amd-ryzen7-8go-512g-ssd-bleu.html,4,1699.0
pc_portables,ASUS,Économique,1,https://www.mytek.tn/pc-portable-asus-vivobook-15-m1502ya-amd-ryzen7-8go-512g-ssd-silver.html,1,1699.0
pc_portables,ASUS,Économique,1,https://www.mytek.tn/pc-portable-asus-vivobook-15-m1502ya-amd-ryzen7-8go-512g-ssd-silver.html,2,1699.0
pc_portables,ASUS,Économique,1,https://www.mytek.tn/pc-portable-asus-vivobook-15-m1502ya-amd-ryzen7-8go-512g-ssd-silver.html,3,1699.0
pc_portables,ASUS,Économique,1,https://www.mytek.tn/pc-portable-asus-vivobook-15-m1502ya-amd-ryzen7-8go-512g-ssd-silver.html,4,1699.0
pc_portables,ASUS,Économique,1,https://www.mytek.tn/pc-portable-asus-vivobook-go-15-amd-ryzen-5-16go-1to-ssd-gris-vert.html,1,1899.0
pc_portables,ASUS,Économique,1,https://www.mytek.tn/pc-portable-asus-vivobook-go-15-amd-ryzen-5-16go-1to-ssd-gris-vert.html,2,1899.0
pc_portables,ASUS,Économique,1,https://www.mytek.tn/pc-portable-asus-vivobook-go-15-amd-ryzen-5-16go-1to-ssd-gris-vert.html,3,1899.0
pc_portables,ASUS,Économique,1,https://www.mytek.tn/pc-portable-asus-vivobook-go-15-amd-ryzen-5-16go-1to-ssd-gris-vert.html,4,1899.0
pc_portables,ASUS,Économique,1,https://www.mytek.tn/pc-portable-asus-vivobook-go-15-amd-ryzen-5-16go-512go-ssd-noir.html,1,1899.0
pc_portables,ASUS,Économique,1,https://www.mytek.tn/pc-portable-asus-vivobook-go-15-amd-ryzen-5-16go-512go-ssd-noir.html,2,1899.0
pc_portables,ASUS,Économique,1,https://www.mytek.tn/pc-portable-asus-vivobook-go-15-amd-ryzen-5-8g-512go-ssd-noir.html,1,1599.0
pc_portables,ASUS,Économique,1,https://www.mytek.tn/pc-portable-asus-vivobook-go-15-amd-ryzen-5-8g-512go-ssd-noir.html,2,1599.0
pc_portables,ASUS,Économique,1,https://www.mytek.tn/pc-portable-asus-vivobook-go-15-amd-ryzen-5-8g-512go-ssd-noir.html,3,1599.0
pc_portables,ASUS,Économique,1,https://www.mytek.tn/pc-portable-asus-vivobook-go-15-amd-ryzen-5-8g-512go-ssd-noir.html,4,1599.0
pc_portables,ASUS,Économique,1,https://www.mytek.tn/pc-portable-asus-vivobook-go-15-amd-ryzen-5-8go-512g-ssd-noir.html,1,1599.0
pc_portables,ASUS,Économique,1,https://www.mytek.tn/pc-portable-asus-vivobook-go-15-amd-ryzen-5-8go-512g-ssd-noir.html,2,1599.0
pc_portables,ASUS,Économique,1,https://www.mytek.tn/pc-portable-asus-vivobook-go-15-amd-ryzen-5-8go-512g-ssd-noir.html,3,1599.0
pc_portables,ASUS,Économique,1,https://www.mytek.tn/pc-portable-asus-vivobook-go-15-amd-ryzen-5-8go-512g-ssd-noir.html,4,1599.0
pc_portables,ASUS,Économique,1,https://www.mytek.tn/pc-portable-asus-vivobook-go-15-amd-ryzen-5-8go-512go-ssd-silver.html,1,1599.0
pc_portables,ASUS,Économique,1,https://www.mytek.tn/pc-portable-asus-vivobook-go-15-amd-ryzen-5-8go-512go-ssd-silver.html,2,1599.0
pc_portables,ASUS,Économique,1,https://www.mytek.tn/pc-portable-asus-vivobook-go-15-amd-ryzen-5-8go-512go-ssd-silver.html,3,1599.0
pc_portables,ASUS,Économique,1,https://www.mytek.tn/pc-portable-asus-vivobook-go-15-amd-ryzen-5-8go-512go-ssd-silver.html,4,1599.0
pc_portables,ASUS,Économique,2,https://www.mytek.tn/pc-portable-asus-expertbook-p1503-i5-13e-gen-16g-512go-ssd-gris.html,1,2199.0
pc_portables,ASUS,Économique,2,https://www.mytek.tn/pc-portable-asus-expertbook-p1503-i5-13e-gen-16g-512go-ssd-gris.html,2,2199.0
pc_portables,ASUS,Économique,2,https://www.mytek.tn/pc-portable-asus-expertbook-p1503-i5-13e-gen-16g-512go-ssd-gris.html,3,2199.0
pc_portables,ASUS,Économique,2,https://www.mytek.tn/pc-portable-asus-expertbook-p1503-i5-13e-gen-16g-512go-ssd-gris.html,4,2199.0
pc_portables,ASUS,Économique,2,https://www.mytek.tn/pc-portable-asus-expertbook-p1503-i5-13e-gen-8g-512go-ssd-gris.html,1,1799.0
pc_portables,ASUS,Économique,2,https://www.mytek.tn/pc-portable-asus-expertbook-p1503-i5-13e-gen-8g-512go-ssd-gris.html,2,1799.0
pc_portables,ASUS,Économique,2,https://www.mytek.tn/pc-portable-asus-expertbook-p1503-i5-13e-gen-8g-512go-ssd-gris.html,3,1799.0
pc_portables,ASUS,Économique,2,https://www.mytek.tn/pc-portable-asus-expertbook-p1503-i5-13e-gen-8g-512go-ssd-gris.html,4,1799.0
pc_portables,ASUS,Économique,2,https://www.mytek.tn/pc-portable-asus-expertbook-p1503-i5-13eme-gen-16g-512go-ssd-gris.html,1,2259.0
pc_portables,ASUS,Économique,2,https://www.mytek.tn/pc-portable-asus-expertbook-p1503-i5-13eme-gen-16g-512go-ssd-gris.html,2,2259.0
pc_portables,ASUS,Économique,2,https://www.mytek.tn/pc-portable-asus-expertbook-p1503-i5-13eme-gen-16g-512go-ssd-gris.html,3,2259.0
pc_portables,ASUS,Économique,2,https://www.mytek.tn/pc-portable-asus-expertbook-p1503-i5-13eme-gen-16g-512go-ssd-gris.html,4,2259.0
pc_portables,ASUS,Économique,2,https://www.mytek.tn/pc-portable-asus-expertbook-p1503-i5-13eme-gen-8g-512go-ssd-gris.html,1,1859.0
pc_portables,ASUS,Économique,2,https://www.mytek.tn/pc-portable-asus-expertbook-p1503-i5-13eme-gen-8g-512go-ssd-gris.html,2,1859.0
pc_portables,ASUS,Économique,2,https://www.mytek.tn/pc-portable-asus-expertbook-p1503-i5-13eme-gen-8g-512go-ssd-gris.html,3,1859.0
pc_portables,ASUS,Économique,2,https://www.mytek.tn/pc-portable-asus-expertbook-p1503-i5-13eme-gen-8g-512go-ssd-gris.html,4,1859.0
pc_portables,ASUS,Économique,2,https://www.mytek.tn/pc-portable-asus-expertbook-p1503-i7-13e-gen-8go-512g-ssd-gris.html,1,2099.0
pc_portables,ASUS,Économique,2,https://www.mytek.tn/pc-portable-asus-expertbook-p1503-i7-13e-gen-8go-512g-ssd-gris.html,2,2099.0
pc_portables,ASUS,Économique,2,https://www.mytek.tn/pc-portable-asus-expertbook-p1503-i7-13e-gen-8go-512g-ssd-gris.html,3,2099.0
pc_portables,ASUS,Économique,2,https://www.mytek.tn/pc-portable-asus-expertbook-p1503-i7-13e-gen-8go-512g-ssd-gris.html,4,2099.0
pc_portables,ASUS,Économique,3,https://www.mytek.tn/pc-portable-asus-expertbook-p1503-i7-13e-gen-8g-512g-ssd-gris.html,1,2139.0
pc_portables,ASUS,Économique,3,https://www.mytek.tn/pc-portable-asus-expertbook-p1503-i7-13e-gen-8g-512g-ssd-gris.html,2,2139.0
pc_portables,ASUS,Économique,3,https://www.mytek.tn/pc-portable-asus-vivobook-15-x1502va-i7-13e-gen-16g-512g-ssd-bleu.html,1,2329.0
pc_portables,ASUS,Économique,3,https://www.mytek.tn/pc-portable-asus-vivobook-15-x1502va-i7-13e-gen-16g-512g-ssd-bleu.html,2,2329.0
pc_portables,ASUS,Économique,3,https://www.mytek.tn/pc-portable-asus-vivobook-15-x1502va-i7-13e-gen-16g-512g-ssd-bleu.html,3,2329.0
pc_portables,ASUS,Économique,3,https://www.mytek.tn/pc-portable-asus-vivobook-15-x1502va-i7-13e-gen-16g-512g-ssd-bleu.html,4,2329.0
pc_portables,ASUS,Économique,3,https://www.mytek.tn/pc-portable-asus-vivobook-15-x1502va-i7-13e-gen-16g-512g-ssd-silver.html,1,2329.0
pc_portables,ASUS,Économique,3,https://www.mytek.tn/pc-portable-asus-vivobook-15-x1502va-i7-13e-gen-16g-512g-ssd-silver.html,2,2329.0
pc_portables,ASUS,Économique,3,https://www.mytek.tn/pc-portable-asus-vivobook-15-x1502va-i7-13e-gen-16g-512g-ssd-silver.html,3,2329.0
pc_portables,ASUS,Économique,3,https://www.mytek.tn/pc-portable-asus-vivobook-15-x1502va-i7-13e-gen-16g-512g-ssd-silver.html,4,2329.0
pc_portables,ASUS,Économique,3,https://www.mytek.tn/pc-portable-asus-vivobook-15-x1502va-i7-13e-gen-8g-512g-ssd-bleu.html,1,2099.0
pc_portables,ASUS,Économique,3,https://www.mytek.tn/pc-portable-asus-vivobook-15-x1502va-i7-13e-gen-8g-512g-ssd-bleu.html,2,2099.0
pc_portables,ASUS,Économique,3,https://www.mytek.tn/pc-portable-asus-vivobook-15-x1502va-i7-13e-gen-8g-512g-ssd-bleu.html,3,2099.0
pc_portables,ASUS,Économique,3,https://www.mytek.tn/pc-portable-asus-vivobook-15-x1502va-i7-13e-gen-8g-512g-ssd-bleu.html,4,2099.0
pc_portables,ASUS,Économique,3,https://www.mytek.tn/pc-portable-asus-vivobook-15-x1502va-i7-13e-gen-8g-512g-ssd-silver.html,1,2099.0
pc_portables,ASUS,Économique,3,https://www.mytek.tn/pc-portable-asus-vivobook-15-x1502va-i7-13e-gen-8g-512g-ssd-silver.html,2,2099.0
pc_portables,ASUS,Économique,3,https://www.mytek.tn/pc-portable-asus-vivobook-15-x1502va-i7-13e-gen-8g-512g-ssd-silver.html,3,2099.0
pc_portables,ASUS,Économique,3,https://www.mytek.tn/pc-portable-asus-vivobook-15-x1502va-i7-13e-gen-8g-512g-ssd-silver.html,4,2099.0
pc_portables,ASUS,Économique,3,https://www.mytek.tn/pc-portable-asus-vivobook-15-x1502va-i9-13e-gen-8g-512go-ssd-silver.html,1,2199.0
pc_portables,ASUS,Économique,3,https://www.mytek.tn/pc-portable-asus-vivobook-15-x1502va-i9-13e-gen-8g-512go-ssd-silver.html,2,2199.0
pc_portables,ASUS,Économique,3,https://www.mytek.tn/pc-portable-asus-vivobook-15-x1502va-i9-13e-gen-8g-512go-ssd-silver.html,3,2199.0
pc_portables,ASUS,Économique,3,https://www.mytek.tn/pc-portable-asus-vivobook-15-x1502va-i9-13e-gen-8g-512go-ssd-silver.html,4,2199.0
pc_portables,ASUS,Économique,3,https://www.mytek.tn/pc-portable-asus-vivobook-15-x1502va-i9-13e-gen-8go-512go-ssd-bleu.html,1,2199.0
pc_portables,ASUS,Économique,3,https://www.mytek.tn/pc-portable-asus-vivobook-15-x1502va-i9-13e-gen-8go-512go-ssd-bleu.html,2,2199.0
pc_portables,ASUS,Économique,3,https://www.mytek.tn/pc-portable-asus-vivobook-15-x1502va-i9-13e-gen-8go-512go-ssd-bleu.html,3,2199.0
pc_portables,ASUS,Économique,3,https://www.mytek.tn/pc-portable-asus-vivobook-15-x1502va-i9-13e-gen-8go-512go-ssd-bleu.html,4,2199.0
pc_portables,ASUS,Économique,3,https://www.mytek.tn/pc-portable-asus-vivobook-15-x1504va-intel-core-7-150u-8go-512go-ssd-silver.html,1,2199.0
pc_portables,ASUS,Économique,3,https://www.mytek.tn/pc-portable-asus-vivobook-15-x1504va-intel-core-7-150u-8go-512go-ssd-silver.html,2,2199.0
pc_portables,ASUS,Économique,3,https://www.mytek.tn/pc-portable-asus-vivobook-15-x1504va-intel-core-7-150u-8go-512go-ssd-silver.html,3,2199.0
pc_portables,ASUS,Économique,3,https://www.mytek.tn/pc-portable-asus-vivobook-15-x1504va-intel-core-7-150u-8go-512go-ssd-silver.html,4,2199.0
pc_portables,ASUS,Économique,3,https://www.mytek.tn/pc-portable-asus-vivobook-go-14-i3-n305-8go-256go-ssd-noir.html,1,1399.0
pc_portables,ASUS,Économique,3,https://www.mytek.tn/pc-portable-asus-vivobook-go-14-i3-n305-8go-256go-ssd-noir.html,2,1399.0
pc_portables,ASUS,Économique,3,https://www.mytek.tn/pc-portable-asus-vivobook-go-14-i3-n305-8go-256go-ssd-noir.html,3,1399.0
pc_portables,ASUS,Économique,3,https://www.mytek.tn/pc-portable-asus-vivobook-go-14-i3-n305-8go-256go-ssd-noir.html,4,1399.0
pc_portables,ASUS,Économique,3,https://www.mytek.tn/pc-portable-asus-vivobook-go-15-intel-celeron-n4500-8g-256go-ssd-bleu.html,1,1339.0
pc_portables,ASUS,Économique,3,https://www.mytek.tn/pc-portable-asus-vivobook-go-15-intel-celeron-n4500-8g-256go-ssd-bleu.html,2,1339.0
pc_portables,ASUS,Économique,3,https://www.mytek.tn/pc-portable-asus-vivobook-go-15-intel-celeron-n4500-8g-256go-ssd-bleu.html,3,1339.0
pc_portables,ASUS,Économique,3,https://www.mytek.tn/pc-portable-asus-vivobook-go-15-intel-celeron-n4500-8g-256go-ssd-bleu.html,4,1339.0
pc_portables,ASUS,Économique,3,https://www.mytek.tn/pc-portable-asus-vivobook-go-15-intel-celeron-n4500-8go-256go-ssd-bleu.html,1,1299.0
pc_portables,ASUS,Économique,3,https://www.mytek.tn/pc-portable-asus-vivobook-go-15-intel-celeron-n4500-8go-256go-ssd-bleu.html,2,1299.0
pc_portables,ASUS,Économique,3,https://www.mytek.tn/pc-portable-asus-vivobook-go-15-intel-celeron-n4500-8go-256go-ssd-bleu.html,3,1299.0
pc_portables,ASUS,Économique,3,https://www.mytek.tn/pc-portable-asus-vivobook-go-15-intel-celeron-n4500-8go-256go-ssd-bleu.html,4,1299.0
pc_portables,CHUWI,Gamme unique,profil_descriptif,https://www.mytek.tn/pc-portable-chuwi-acer-gadget-e10-erbook-amd-ryzen-5-8go-512go-ssd.html,1,1549.0
pc_portables,CHUWI,Gamme unique,profil_descriptif,https://www.mytek.tn/pc-portable-chuwi-acer-gadget-e10-erbook-amd-ryzen-5-8go-512go-ssd.html,2,1549.0
pc_portables,CHUWI,Gamme unique,profil_descriptif,https://www.mytek.tn/pc-portable-chuwi-acer-gadget-e10-erbook-amd-ryzen-5-8go-512go-ssd.html,3,1549.0
pc_portables,CHUWI,Gamme unique,profil_descriptif,https://www.mytek.tn/pc-portable-chuwi-acer-gadget-e10-erbook-amd-ryzen-5-8go-512go-ssd.html,4,1549.0
pc_portables,CHUWI,Gamme unique,profil_descriptif,https://www.mytek.tn/pc-portable-chuwi-corebook-air-plus-amd-ryzen-5-16go-512go-ssd.html,1,1889.0
pc_portables,CHUWI,Gamme unique,profil_descriptif,https://www.mytek.tn/pc-portable-chuwi-corebook-air-plus-amd-ryzen-5-16go-512go-ssd.html,2,1889.0
pc_portables,CHUWI,Gamme unique,profil_descriptif,https://www.mytek.tn/pc-portable-chuwi-corebook-air-plus-amd-ryzen-5-16go-512go-ssd.html,3,1889.0
pc_portables,CHUWI,Gamme unique,profil_descriptif,https://www.mytek.tn/pc-portable-chuwi-corebook-air-plus-amd-ryzen-5-16go-512go-ssd.html,4,1889.0
pc_portables,CHUWI,Gamme unique,profil_descriptif,https://www.mytek.tn/pc-portable-chuwi-corebook-i3-10e-gen-8go-256go-ssd-gris.html,1,1179.0
pc_portables,CHUWI,Gamme unique,profil_descriptif,https://www.mytek.tn/pc-portable-chuwi-corebook-i3-10e-gen-8go-256go-ssd-gris.html,2,1179.0
pc_portables,CHUWI,Gamme unique,profil_descriptif,https://www.mytek.tn/pc-portable-chuwi-corebook-i3-10e-gen-8go-256go-ssd-gris.html,3,1179.0
pc_portables,CHUWI,Gamme unique,profil_descriptif,https://www.mytek.tn/pc-portable-chuwi-corebook-i3-10e-gen-8go-256go-ssd-gris.html,4,1179.0
pc_portables,CHUWI,Gamme unique,profil_descriptif,https://www.mytek.tn/pc-portable-chuwi-gtbook-x-i7-13e-gen-16go-512go-ssd-gris.html,1,1749.0
pc_portables,CHUWI,Gamme unique,profil_descriptif,https://www.mytek.tn/pc-portable-chuwi-gtbook-x-i7-13e-gen-16go-512go-ssd-gris.html,2,1749.0
pc_portables,CHUWI,Gamme unique,profil_descriptif,https://www.mytek.tn/pc-portable-chuwi-gtbook-x-i7-13e-gen-16go-512go-ssd-gris.html,3,1749.0
pc_portables,CHUWI,Gamme unique,profil_descriptif,https://www.mytek.tn/pc-portable-chuwi-gtbook-x-i7-13e-gen-16go-512go-ssd-gris.html,4,1749.0
pc_portables,CHUWI,Gamme unique,profil_descriptif,https://www.mytek.tn/pc-portable-chuwi-gtbook-xpro-i7-13e-gen-16go-rtx-3050.html,1,2999.0
pc_portables,CHUWI,Gamme unique,profil_descriptif,https://www.mytek.tn/pc-portable-chuwi-gtbook-xpro-i7-13e-gen-16go-rtx-3050.html,2,2999.0
pc_portables,CHUWI,Gamme unique,profil_descriptif,https://www.mytek.tn/pc-portable-chuwi-gtbook-xpro-i7-13e-gen-16go-rtx-3050.html,3,2999.0
pc_portables,CHUWI,Gamme unique,profil_descriptif,https://www.mytek.tn/pc-portable-chuwi-gtbook-xpro-i7-13e-gen-16go-rtx-3050.html,4,2999.0
pc_portables,CHUWI,Gamme unique,profil_descriptif,https://www.mytek.tn/pc-portable-chuwi-minibook-x-n150-16g-512go-ssd-gris.html,1,1349.0
pc_portables,CHUWI,Gamme unique,profil_descriptif,https://www.mytek.tn/pc-portable-chuwi-minibook-x-n150-16g-512go-ssd-gris.html,2,1349.0
pc_portables,CHUWI,Gamme unique,profil_descriptif,https://www.mytek.tn/pc-portable-chuwi-minibook-x-n150-16g-512go-ssd-gris.html,3,1349.0
pc_portables,CHUWI,Gamme unique,profil_descriptif,https://www.mytek.tn/pc-portable-chuwi-minibook-x-n150-16g-512go-ssd-gris.html,4,1349.0
pc_portables,DELL,Milieu de gamme,0,https://www.mytek.tn/pc-portable-dell-pro-15-essential-amd-ryzen-5-8g-512go-ssd-noir.html,1,2149.0
pc_portables,DELL,Milieu de gamme,0,https://www.mytek.tn/pc-portable-dell-pro-15-essential-amd-ryzen-5-8g-512go-ssd-noir.html,2,1639.0
pc_portables,DELL,Milieu de gamme,0,https://www.mytek.tn/pc-portable-dell-pro-15-essential-amd-ryzen-5-8g-512go-ssd-noir.html,3,1639.0
pc_portables,DELL,Milieu de gamme,0,https://www.mytek.tn/pc-portable-dell-pro-15-essential-amd-ryzen-5-8g-512go-ssd-noir.html,4,1639.0
pc_portables,DELL,Milieu de gamme,0,https://www.mytek.tn/pc-portable-dell-pro-15-essential-amd-ryzen-5-8go-512go-ssd-noir.html,1,2099.0
pc_portables,DELL,Milieu de gamme,0,https://www.mytek.tn/pc-portable-dell-pro-15-essential-amd-ryzen-5-8go-512go-ssd-noir.html,2,1599.0
pc_portables,DELL,Milieu de gamme,0,https://www.mytek.tn/pc-portable-dell-pro-15-essential-amd-ryzen-5-8go-512go-ssd-noir.html,3,1599.0
pc_portables,DELL,Milieu de gamme,0,https://www.mytek.tn/pc-portable-dell-pro-15-essential-amd-ryzen-5-8go-512go-ssd-noir.html,4,1599.0
pc_portables,DELL,Milieu de gamme,0,https://www.mytek.tn/pc-portable-dell-pro-16-amd-ryzen-5-16go-512go-ssd-gris.html,1,2395.0
pc_portables,DELL,Milieu de gamme,0,https://www.mytek.tn/pc-portable-dell-pro-16-amd-ryzen-5-16go-512go-ssd-gris.html,2,2395.0
pc_portables,DELL,Milieu de gamme,0,https://www.mytek.tn/pc-portable-dell-pro-16-amd-ryzen-5-16go-512go-ssd-gris.html,3,2395.0
pc_portables,DELL,Milieu de gamme,0,https://www.mytek.tn/pc-portable-dell-pro-16-amd-ryzen-5-16go-512go-ssd-gris.html,4,2395.0
pc_portables,DELL,Milieu de gamme,0,https://www.mytek.tn/pc-portable-dell-pro-16-amd-ryzen-5-32go-512go-ssd-gris.html,1,2745.0
pc_portables,DELL,Milieu de gamme,0,https://www.mytek.tn/pc-portable-dell-pro-16-amd-ryzen-5-32go-512go-ssd-gris.html,2,2745.0
pc_portables,DELL,Milieu de gamme,0,https://www.mytek.tn/pc-portable-dell-pro-16-amd-ryzen-5-32go-512go-ssd-gris.html,3,2745.0
pc_portables,DELL,Milieu de gamme,0,https://www.mytek.tn/pc-portable-dell-pro-16-amd-ryzen-5-32go-512go-ssd-gris.html,4,2745.0
pc_portables,DELL,Milieu de gamme,0,https://www.mytek.tn/pc-portable-dell-pro-16-ultra-5-225u-16go-512go-ssd-silver.html,1,2619.0
pc_portables,DELL,Milieu de gamme,0,https://www.mytek.tn/pc-portable-dell-pro-16-ultra-5-225u-16go-512go-ssd-silver.html,2,2619.0
pc_portables,DELL,Milieu de gamme,0,https://www.mytek.tn/pc-portable-dell-pro-16-ultra-5-225u-16go-512go-ssd-silver.html,3,2619.0
pc_portables,DELL,Milieu de gamme,0,https://www.mytek.tn/pc-portable-dell-pro-16-ultra-5-225u-16go-512go-ssd-silver.html,4,2619.0
pc_portables,DELL,Milieu de gamme,0,https://www.mytek.tn/pc-portable-dell-pro-16-ultra-5-225u-8go-512go-ssd-silver.html,1,2219.0
pc_portables,DELL,Milieu de gamme,0,https://www.mytek.tn/pc-portable-dell-pro-16-ultra-5-225u-8go-512go-ssd-silver.html,2,2219.0
pc_portables,DELL,Milieu de gamme,1,https://www.mytek.tn/pc-portable-dell-15-i5-13e-gen-24g-512go-ssd-noir.html,1,2209.0
pc_portables,DELL,Milieu de gamme,1,https://www.mytek.tn/pc-portable-dell-15-i5-13e-gen-24g-512go-ssd-noir.html,2,2209.0
pc_portables,DELL,Milieu de gamme,1,https://www.mytek.tn/pc-portable-dell-15-i5-13e-gen-24g-512go-ssd-noir.html,3,2209.0
pc_portables,DELL,Milieu de gamme,1,https://www.mytek.tn/pc-portable-dell-15-i5-13e-gen-24g-512go-ssd-noir.html,4,2209.0
pc_portables,DELL,Milieu de gamme,1,https://www.mytek.tn/pc-portable-dell-15-i5-13e-gen-24go-512go-ssd-noir.html,1,2159.0
pc_portables,DELL,Milieu de gamme,1,https://www.mytek.tn/pc-portable-dell-15-i5-13e-gen-24go-512go-ssd-noir.html,2,2159.0
pc_portables,DELL,Milieu de gamme,1,https://www.mytek.tn/pc-portable-dell-15-i5-13e-gen-24go-512go-ssd-noir.html,3,2159.0
pc_portables,DELL,Milieu de gamme,1,https://www.mytek.tn/pc-portable-dell-15-i5-13e-gen-24go-512go-ssd-noir.html,4,2159.0
pc_portables,DELL,Milieu de gamme,1,https://www.mytek.tn/pc-portable-dell-15-i5-13e-gen-32g-512go-ssd-noir.html,1,2439.0
pc_portables,DELL,Milieu de gamme,1,https://www.mytek.tn/pc-portable-dell-15-i5-13e-gen-32g-512go-ssd-noir.html,2,2439.0
pc_portables,DELL,Milieu de gamme,1,https://www.mytek.tn/pc-portable-dell-15-i5-13e-gen-32g-512go-ssd-noir.html,3,2439.0
pc_portables,DELL,Milieu de gamme,1,https://www.mytek.tn/pc-portable-dell-15-i5-13e-gen-32g-512go-ssd-noir.html,4,2439.0
pc_portables,DELL,Milieu de gamme,1,https://www.mytek.tn/pc-portable-dell-15-i5-13e-gen-32go-512go-ssd-noir.html,1,2389.0
pc_portables,DELL,Milieu de gamme,1,https://www.mytek.tn/pc-portable-dell-15-i5-13e-gen-32go-512go-ssd-noir.html,2,2389.0
pc_portables,DELL,Milieu de gamme,1,https://www.mytek.tn/pc-portable-dell-15-i5-13e-gen-32go-512go-ssd-noir.html,3,2389.0
pc_portables,DELL,Milieu de gamme,1,https://www.mytek.tn/pc-portable-dell-15-i5-13e-gen-32go-512go-ssd-noir.html,4,2389.0
pc_portables,DELL,Milieu de gamme,1,https://www.mytek.tn/pc-portable-dell-15-i7-13e-gen-16g-512go-ssd-noir.html,1,2549.0
pc_portables,DELL,Milieu de gamme,1,https://www.mytek.tn/pc-portable-dell-15-i7-13e-gen-16g-512go-ssd-noir.html,2,2549.0
pc_portables,DELL,Milieu de gamme,1,https://www.mytek.tn/pc-portable-dell-15-i7-13e-gen-16g-512go-ssd-noir.html,3,2549.0
pc_portables,DELL,Milieu de gamme,1,https://www.mytek.tn/pc-portable-dell-15-i7-13e-gen-16g-512go-ssd-noir.html,4,2549.0
pc_portables,DELL,Milieu de gamme,1,https://www.mytek.tn/pc-portable-dell-15-i7-13e-gen-16go-512go-ssd-noir.html,1,2499.0
pc_portables,DELL,Milieu de gamme,1,https://www.mytek.tn/pc-portable-dell-15-i7-13e-gen-16go-512go-ssd-noir.html,2,2499.0
pc_portables,DELL,Milieu de gamme,1,https://www.mytek.tn/pc-portable-dell-15-i7-13e-gen-16go-512go-ssd-noir.html,3,2499.0
pc_portables,DELL,Milieu de gamme,1,https://www.mytek.tn/pc-portable-dell-15-i7-13e-gen-16go-512go-ssd-noir.html,4,2499.0
pc_portables,DELL,Milieu de gamme,1,https://www.mytek.tn/pc-portable-dell-15-intel-core-3-100u-24go-512-ssd-noir.html,1,2009.0
pc_portables,DELL,Milieu de gamme,1,https://www.mytek.tn/pc-portable-dell-15-intel-core-3-100u-24go-512-ssd-noir.html,2,2009.0
pc_portables,DELL,Milieu de gamme,1,https://www.mytek.tn/pc-portable-dell-15-intel-core-3-100u-24go-512-ssd-noir.html,3,2009.0
pc_portables,DELL,Milieu de gamme,1,https://www.mytek.tn/pc-portable-dell-15-intel-core-3-100u-24go-512-ssd-noir.html,4,2009.0
pc_portables,DELL,Milieu de gamme,1,https://www.mytek.tn/pc-portable-dell-16-intel-core-5-120u-16g-512go-ssd-noir.html,1,2309.0
pc_portables,DELL,Milieu de gamme,1,https://www.mytek.tn/pc-portable-dell-16-intel-core-5-120u-16g-512go-ssd-noir.html,2,2309.0
pc_portables,DELL,Milieu de gamme,1,https://www.mytek.tn/pc-portable-dell-16-intel-core-5-120u-16g-512go-ssd-noir.html,3,2309.0
pc_portables,DELL,Milieu de gamme,1,https://www.mytek.tn/pc-portable-dell-16-intel-core-5-120u-16g-512go-ssd-noir.html,4,2309.0
pc_portables,DELL,Milieu de gamme,1,https://www.mytek.tn/pc-portable-dell-16-intel-core-5-120u-16go-512go-ssd-noir.html,1,2259.0
pc_portables,DELL,Milieu de gamme,1,https://www.mytek.tn/pc-portable-dell-16-intel-core-5-120u-16go-512go-ssd-noir.html,2,2259.0
pc_portables,DELL,Milieu de gamme,1,https://www.mytek.tn/pc-portable-dell-16-intel-core-5-120u-16go-512go-ssd-noir.html,3,2259.0
pc_portables,DELL,Milieu de gamme,1,https://www.mytek.tn/pc-portable-dell-16-intel-core-5-120u-16go-512go-ssd-noir.html,4,2259.0
pc_portables,DELL,Milieu de gamme,1,https://www.mytek.tn/pc-portable-dell-16-intel-core-5-120u-24go-512go-ssd-noir.html,1,2659.0
pc_portables,DELL,Milieu de gamme,1,https://www.mytek.tn/pc-portable-dell-16-intel-core-5-120u-24go-512go-ssd-noir.html,2,2659.0
pc_portables,DELL,Milieu de gamme,1,https://www.mytek.tn/pc-portable-dell-16-intel-core-5-120u-24go-512go-ssd-noir.html,3,2659.0
pc_portables,DELL,Milieu de gamme,1,https://www.mytek.tn/pc-portable-dell-16-intel-core-5-120u-24go-512go-ssd-noir.html,4,2659.0
pc_portables,DELL,Milieu de gamme,1,https://www.mytek.tn/pc-portable-dell-pro-15-essential-i5-13e-gen-24g-512go-ssd-noir.html,1,2599.0
pc_portables,DELL,Milieu de gamme,1,https://www.mytek.tn/pc-portable-dell-pro-15-essential-i5-13e-gen-24g-512go-ssd-noir.html,2,2599.0
pc_portables,DELL,Milieu de gamme,1,https://www.mytek.tn/pc-portable-dell-pro-15-essential-i5-13e-gen-24g-512go-ssd-noir.html,3,2599.0
pc_portables,DELL,Milieu de gamme,1,https://www.mytek.tn/pc-portable-dell-pro-15-essential-i5-13e-gen-24g-512go-ssd-noir.html,4,2599.0
pc_portables,DELL,Milieu de gamme,1,https://www.mytek.tn/pc-portable-dell-pro-15-essential-i5-13e-gen-24go-512go-ssd-noir.html,1,2549.0
pc_portables,DELL,Milieu de gamme,1,https://www.mytek.tn/pc-portable-dell-pro-15-essential-i5-13e-gen-24go-512go-ssd-noir.html,2,2549.0
pc_portables,DELL,Milieu de gamme,1,https://www.mytek.tn/pc-portable-dell-pro-15-essential-i5-13e-gen-24go-512go-ssd-noir.html,3,2549.0
pc_portables,DELL,Milieu de gamme,1,https://www.mytek.tn/pc-portable-dell-pro-15-essential-i5-13e-gen-24go-512go-ssd-noir.html,4,2549.0
pc_portables,DELL,Milieu de gamme,1,https://www.mytek.tn/pc-portable-dell-pro-15-essential-i7-13e-gen-16g-512go-ssd-noir.html,1,2915.0
pc_portables,DELL,Milieu de gamme,1,https://www.mytek.tn/pc-portable-dell-pro-15-essential-i7-13e-gen-16g-512go-ssd-noir.html,2,2915.0
pc_portables,DELL,Milieu de gamme,1,https://www.mytek.tn/pc-portable-dell-pro-15-essential-i7-13e-gen-16g-512go-ssd-noir.html,3,2915.0
pc_portables,DELL,Milieu de gamme,1,https://www.mytek.tn/pc-portable-dell-pro-15-essential-i7-13e-gen-16g-512go-ssd-noir.html,4,2915.0
pc_portables,DELL,Milieu de gamme,1,https://www.mytek.tn/pc-portable-dell-pro-15-essential-i7-13e-gen-16go-512go-ssd-noir.html,1,2915.0
pc_portables,DELL,Milieu de gamme,1,https://www.mytek.tn/pc-portable-dell-pro-15-essential-i7-13e-gen-16go-512go-ssd-noir.html,2,2915.0
pc_portables,DELL,Milieu de gamme,1,https://www.mytek.tn/pc-portable-dell-pro-15-essential-i7-13e-gen-16go-512go-ssd-noir.html,3,2915.0
pc_portables,DELL,Milieu de gamme,1,https://www.mytek.tn/pc-portable-dell-pro-15-essential-i7-13e-gen-16go-512go-ssd-noir.html,4,2915.0
pc_portables,DELL,Milieu de gamme,1,https://www.mytek.tn/pc-portable-dell-pro-15-essential-i7-13e-gen-8g-512go-ssd-noir.html,1,2065.0
pc_portables,DELL,Milieu de gamme,1,https://www.mytek.tn/pc-portable-dell-pro-15-essential-i7-13e-gen-8g-512go-ssd-noir.html,2,2065.0
pc_portables,DELL,Milieu de gamme,1,https://www.mytek.tn/pc-portable-dell-pro-15-essential-i7-13e-gen-8g-512go-ssd-noir.html,3,2065.0
pc_portables,DELL,Milieu de gamme,1,https://www.mytek.tn/pc-portable-dell-pro-15-essential-i7-13e-gen-8g-512go-ssd-noir.html,4,2065.0
pc_portables,DELL,Milieu de gamme,1,https://www.mytek.tn/pc-portable-dell-pro-15-essential-i7-13e-gen-8go-512go-ssd-noir.html,1,2015.0
pc_portables,DELL,Milieu de gamme,1,https://www.mytek.tn/pc-portable-dell-pro-15-essential-i7-13e-gen-8go-512go-ssd-noir.html,2,2015.0
pc_portables,DELL,Milieu de gamme,1,https://www.mytek.tn/pc-portable-dell-pro-15-essential-i7-13e-gen-8go-512go-ssd-noir.html,3,2015.0
pc_portables,DELL,Milieu de gamme,1,https://www.mytek.tn/pc-portable-dell-pro-15-essential-i7-13e-gen-8go-512go-ssd-noir.html,4,2015.0
pc_portables,DELL,Milieu de gamme,1,https://www.mytek.tn/pc-portable-dell-pro-16-intel-core-5-120u-8go-512go-ssd-silver.html,1,2099.0
pc_portables,DELL,Milieu de gamme,1,https://www.mytek.tn/pc-portable-dell-pro-16-intel-core-5-120u-8go-512go-ssd-silver.html,2,2099.0
pc_portables,DELL,Milieu de gamme,1,https://www.mytek.tn/pc-portable-dell-pro-16-intel-core-5-120u-8go-512go-ssd-silver.html,3,2099.0
pc_portables,DELL,Milieu de gamme,1,https://www.mytek.tn/pc-portable-dell-pro-16-intel-core-5-120u-8go-512go-ssd-silver.html,4,2099.0
pc_portables,DELL,Milieu de gamme,1,https://www.mytek.tn/pc-portable-dell-vostro-3530-i3-13e-gen-32go-512go-ssd-noir.html,1,2419.0
pc_portables,DELL,Milieu de gamme,1,https://www.mytek.tn/pc-portable-dell-vostro-3530-i3-13e-gen-32go-512go-ssd-noir.html,2,2419.0
pc_portables,DELL,Milieu de gamme,1,https://www.mytek.tn/pc-portable-dell-vostro-3530-i3-13e-gen-32go-512go-ssd-noir.html,3,2419.0
pc_portables,DELL,Milieu de gamme,1,https://www.mytek.tn/pc-portable-dell-vostro-3530-i3-13e-gen-32go-512go-ssd-noir.html,4,2419.0
pc_portables,DELL,Milieu de gamme,1,https://www.mytek.tn/pc-portable-dell-vostro-3530-i5-13e-gen-24g-512go-ssd-noir.html,1,2159.0
pc_portables,DELL,Milieu de gamme,1,https://www.mytek.tn/pc-portable-dell-vostro-3530-i5-13e-gen-24g-512go-ssd-noir.html,2,1949.0
pc_portables,DELL,Milieu de gamme,1,https://www.mytek.tn/pc-portable-dell-vostro-3530-i5-13e-gen-32go-512go-ssd-noir.html,1,2389.0
pc_portables,DELL,Premium,0,https://www.mytek.tn/pc-portable-dell-14-plus-2-en-1-ultra-5-226v-16go-512go-ssd-bleu.html,1,4099.0
pc_portables,DELL,Premium,0,https://www.mytek.tn/pc-portable-dell-14-plus-2-en-1-ultra-5-226v-16go-512go-ssd-bleu.html,2,4099.0
pc_portables,DELL,Premium,0,https://www.mytek.tn/pc-portable-dell-14-plus-2-en-1-ultra-5-226v-16go-512go-ssd-bleu.html,3,4099.0
pc_portables,DELL,Premium,0,https://www.mytek.tn/pc-portable-dell-14-plus-2-en-1-ultra-5-226v-16go-512go-ssd-bleu.html,4,4099.0
pc_portables,DELL,Premium,0,https://www.mytek.tn/pc-portable-dell-14-plus-2-en-1-ultra-7-256v-16go-1to-ssd-bleu.html,1,4699.0
pc_portables,DELL,Premium,0,https://www.mytek.tn/pc-portable-dell-14-plus-2-en-1-ultra-7-256v-16go-1to-ssd-bleu.html,2,4699.0
pc_portables,DELL,Premium,0,https://www.mytek.tn/pc-portable-dell-14-plus-2-en-1-ultra-7-256v-16go-1to-ssd-bleu.html,3,4699.0
pc_portables,DELL,Premium,0,https://www.mytek.tn/pc-portable-dell-14-plus-2-en-1-ultra-7-256v-16go-1to-ssd-bleu.html,4,4699.0
pc_portables,DELL,Premium,0,https://www.mytek.tn/pc-portable-dell-14-plus-2-en-1-ultra-9-288v-32go-1to-ssd-bleu.html,1,6089.0
pc_portables,DELL,Premium,0,https://www.mytek.tn/pc-portable-dell-14-plus-2-en-1-ultra-9-288v-32go-1to-ssd-bleu.html,2,6089.0
pc_portables,DELL,Premium,0,https://www.mytek.tn/pc-portable-dell-14-plus-2-en-1-ultra-9-288v-32go-1to-ssd-bleu.html,3,6089.0
pc_portables,DELL,Premium,0,https://www.mytek.tn/pc-portable-dell-14-plus-2-en-1-ultra-9-288v-32go-1to-ssd-bleu.html,4,6089.0
pc_portables,DELL,Premium,0,https://www.mytek.tn/pc-portable-dell-pro-14-plus-ultra-5-235u-8g-512go-ssd.html,1,3109.0
pc_portables,DELL,Premium,0,https://www.mytek.tn/pc-portable-dell-pro-14-plus-ultra-5-235u-8g-512go-ssd.html,2,3109.0
pc_portables,DELL,Premium,0,https://www.mytek.tn/pc-portable-dell-pro-14-plus-ultra-5-235u-8g-512go-ssd.html,3,3109.0
pc_portables,DELL,Premium,0,https://www.mytek.tn/pc-portable-dell-pro-14-plus-ultra-5-235u-8g-512go-ssd.html,4,3109.0
pc_portables,DELL,Premium,0,https://www.mytek.tn/pc-portable-dell-pro-14-plus-ultra-5-235u-8go-512go-ssd.html,1,3059.0
pc_portables,DELL,Premium,0,https://www.mytek.tn/pc-portable-dell-pro-14-plus-ultra-5-235u-8go-512go-ssd.html,2,3059.0
pc_portables,DELL,Premium,0,https://www.mytek.tn/pc-portable-dell-pro-14-plus-ultra-5-235u-8go-512go-ssd.html,3,3059.0
pc_portables,DELL,Premium,0,https://www.mytek.tn/pc-portable-dell-pro-14-plus-ultra-5-235u-8go-512go-ssd.html,4,3059.0
pc_portables,DELL,Premium,0,https://www.mytek.tn/pc-portable-dell-pro-14-plus-ultra-7-255u-8g-512go-ssd.html,1,3639.0
pc_portables,DELL,Premium,0,https://www.mytek.tn/pc-portable-dell-pro-14-plus-ultra-7-255u-8g-512go-ssd.html,2,3639.0
pc_portables,DELL,Premium,0,https://www.mytek.tn/pc-portable-dell-pro-14-plus-ultra-7-255u-8g-512go-ssd.html,3,3639.0
pc_portables,DELL,Premium,0,https://www.mytek.tn/pc-portable-dell-pro-14-plus-ultra-7-255u-8g-512go-ssd.html,4,3639.0
pc_portables,DELL,Premium,0,https://www.mytek.tn/pc-portable-dell-pro-14-plus-ultra-7-255u-8go-512go-ssd.html,1,3589.0
pc_portables,DELL,Premium,0,https://www.mytek.tn/pc-portable-dell-pro-14-plus-ultra-7-255u-8go-512go-ssd.html,2,3589.0
pc_portables,DELL,Premium,0,https://www.mytek.tn/pc-portable-dell-pro-14-plus-ultra-7-255u-8go-512go-ssd.html,3,3589.0
pc_portables,DELL,Premium,0,https://www.mytek.tn/pc-portable-dell-pro-14-plus-ultra-7-255u-8go-512go-ssd.html,4,3589.0
pc_portables,DELL,Premium,0,https://www.mytek.tn/pc-portable-dell-pro-14-ultra-7-255u-8go-512go-ssd-silver.html,1,3039.0
pc_portables,DELL,Premium,0,https://www.mytek.tn/pc-portable-dell-pro-14-ultra-7-255u-8go-512go-ssd-silver.html,2,3039.0
pc_portables,DELL,Premium,0,https://www.mytek.tn/pc-portable-dell-pro-14-ultra-7-255u-8go-512go-ssd-silver.html,3,3039.0
pc_portables,DELL,Premium,0,https://www.mytek.tn/pc-portable-dell-pro-14-ultra-7-255u-8go-512go-ssd-silver.html,4,3039.0
pc_portables,DELL,Premium,0,https://www.mytek.tn/pc-portable-dell-pro-16-plus-ultra-5-235u-16go-512go-ssd-gris.html,1,3499.0
pc_portables,DELL,Premium,0,https://www.mytek.tn/pc-portable-dell-pro-16-plus-ultra-5-235u-16go-512go-ssd-gris.html,2,3499.0
pc_portables,DELL,Premium,0,https://www.mytek.tn/pc-portable-dell-pro-16-plus-ultra-5-235u-16go-512go-ssd-gris.html,3,3499.0
pc_portables,DELL,Premium,0,https://www.mytek.tn/pc-portable-dell-pro-16-plus-ultra-5-235u-16go-512go-ssd-gris.html,4,3499.0
pc_portables,DELL,Premium,0,https://www.mytek.tn/pc-portable-dell-pro-16-plus-ultra-5-235u-24go-512go-ssd-gris.html,1,3899.0
pc_portables,DELL,Premium,0,https://www.mytek.tn/pc-portable-dell-pro-16-plus-ultra-5-235u-24go-512go-ssd-gris.html,2,3899.0
pc_portables,DELL,Premium,0,https://www.mytek.tn/pc-portable-dell-pro-16-plus-ultra-5-235u-24go-512go-ssd-gris.html,3,3899.0
pc_portables,DELL,Premium,0,https://www.mytek.tn/pc-portable-dell-pro-16-plus-ultra-5-235u-24go-512go-ssd-gris.html,4,3899.0
pc_portables,DELL,Premium,0,https://www.mytek.tn/pc-portable-dell-pro-16-plus-ultra-5-235u-32go-512go-ssd-gris.html,1,4299.0
pc_portables,DELL,Premium,0,https://www.mytek.tn/pc-portable-dell-pro-16-plus-ultra-5-235u-32go-512go-ssd-gris.html,2,4299.0
pc_portables,DELL,Premium,0,https://www.mytek.tn/pc-portable-dell-pro-16-plus-ultra-5-235u-32go-512go-ssd-gris.html,3,4299.0
pc_portables,DELL,Premium,0,https://www.mytek.tn/pc-portable-dell-pro-16-plus-ultra-5-235u-32go-512go-ssd-gris.html,4,4299.0
pc_portables,DELL,Premium,0,https://www.mytek.tn/pc-portable-dell-pro-16-plus-ultra-5-235u-8go-512go-ssd-gris.html,1,3049.0
pc_portables,DELL,Premium,0,https://www.mytek.tn/pc-portable-dell-pro-16-plus-ultra-5-235u-8go-512go-ssd-gris.html,2,3049.0
pc_portables,DELL,Premium,0,https://www.mytek.tn/pc-portable-dell-pro-16-plus-ultra-5-235u-8go-512go-ssd-gris.html,3,3049.0
pc_portables,DELL,Premium,0,https://www.mytek.tn/pc-portable-dell-pro-16-plus-ultra-5-235u-8go-512go-ssd-gris.html,4,3049.0
pc_portables,DELL,Premium,0,https://www.mytek.tn/pc-portable-dell-pro-16-plus-ultra-7-266v-16go-512go-ssd-gris.html,1,4299.0
pc_portables,DELL,Premium,0,https://www.mytek.tn/pc-portable-dell-pro-16-plus-ultra-7-266v-16go-512go-ssd-gris.html,2,4299.0
pc_portables,DELL,Premium,0,https://www.mytek.tn/pc-portable-dell-pro-16-plus-ultra-7-266v-16go-512go-ssd-gris.html,3,4299.0
pc_portables,DELL,Premium,0,https://www.mytek.tn/pc-portable-dell-pro-16-plus-ultra-7-266v-16go-512go-ssd-gris.html,4,4299.0
pc_portables,DELL,Premium,0,https://www.mytek.tn/pc-portable-dell-pro-16-ultra-7-255u-16go-512go-ssd-silver.html,1,3395.0
pc_portables,DELL,Premium,0,https://www.mytek.tn/pc-portable-dell-pro-16-ultra-7-255u-16go-512go-ssd-silver.html,2,3395.0
pc_portables,DELL,Premium,0,https://www.mytek.tn/pc-portable-dell-pro-16-ultra-7-255u-16go-512go-ssd-silver.html,3,3395.0
pc_portables,DELL,Premium,0,https://www.mytek.tn/pc-portable-dell-pro-16-ultra-7-255u-16go-512go-ssd-silver.html,4,3395.0
pc_portables,DELL,Premium,0,https://www.mytek.tn/pc-portable-dell-pro-16-ultra-7-255u-8go-512go-ssd-silver.html,1,2989.0
pc_portables,DELL,Premium,0,https://www.mytek.tn/pc-portable-dell-pro-16-ultra-7-255u-8go-512go-ssd-silver.html,2,2989.0
pc_portables,DELL,Premium,0,https://www.mytek.tn/pc-portable-dell-pro-16-ultra-7-255u-8go-512go-ssd-silver.html,3,2989.0
pc_portables,DELL,Premium,0,https://www.mytek.tn/pc-portable-dell-pro-16-ultra-7-255u-8go-512go-ssd-silver.html,4,2989.0
pc_portables,DELL,Premium,0,https://www.mytek.tn/pc-portable-gamer-dell-alienware-16x-aurora-ultra-7-255hx-32go-rtx-5060.html,1,6199.0
pc_portables,DELL,Premium,0,https://www.mytek.tn/pc-portable-gamer-dell-alienware-16x-aurora-ultra-7-255hx-32go-rtx-5060.html,2,6199.0
pc_portables,DELL,Premium,0,https://www.mytek.tn/pc-portable-gamer-dell-alienware-16x-aurora-ultra-7-255hx-32go-rtx-5060.html,3,6199.0
pc_portables,DELL,Premium,0,https://www.mytek.tn/pc-portable-gamer-dell-alienware-16x-aurora-ultra-7-255hx-32go-rtx-5060.html,4,6199.0
pc_portables,DELL,Premium,1,https://www.mytek.tn/pc-portable-dell-15-i7-13e-gen-32g-512go-ssd-noir.html,1,3005.0
pc_portables,DELL,Premium,1,https://www.mytek.tn/pc-portable-dell-15-i7-13e-gen-32g-512go-ssd-noir.html,2,3005.0
pc_portables,DELL,Premium,1,https://www.mytek.tn/pc-portable-dell-15-i7-13e-gen-32g-512go-ssd-noir.html,3,3005.0
pc_portables,DELL,Premium,1,https://www.mytek.tn/pc-portable-dell-15-i7-13e-gen-32g-512go-ssd-noir.html,4,3005.0
pc_portables,DELL,Premium,1,https://www.mytek.tn/pc-portable-dell-15-i7-13e-gen-32go-512go-ssd-noir.html,1,2955.0
pc_portables,DELL,Premium,1,https://www.mytek.tn/pc-portable-dell-15-i7-13e-gen-32go-512go-ssd-noir.html,2,2955.0
pc_portables,DELL,Premium,1,https://www.mytek.tn/pc-portable-dell-15-i7-13e-gen-32go-512go-ssd-noir.html,3,2955.0
pc_portables,DELL,Premium,1,https://www.mytek.tn/pc-portable-dell-15-i7-13e-gen-32go-512go-ssd-noir.html,4,2955.0
pc_portables,DELL,Premium,1,https://www.mytek.tn/pc-portable-dell-pro-15-essential-i7-13e-gen-16g-512g-ssd-noir.html,1,2965.0
pc_portables,DELL,Premium,1,https://www.mytek.tn/pc-portable-dell-pro-15-essential-i7-13e-gen-16g-512g-ssd-noir.html,2,2965.0
pc_portables,DELL,Premium,1,https://www.mytek.tn/pc-portable-dell-pro-15-essential-i7-13e-gen-16g-512g-ssd-noir.html,3,2965.0
pc_portables,DELL,Premium,1,https://www.mytek.tn/pc-portable-dell-pro-15-essential-i7-13e-gen-16g-512g-ssd-noir.html,4,2965.0
pc_portables,DELL,Premium,1,https://www.mytek.tn/pc-portable-dell-pro-15-essential-i7-13e-gen-16go-512g-ssd-noir.html,1,2965.0
pc_portables,DELL,Premium,1,https://www.mytek.tn/pc-portable-dell-pro-15-essential-i7-13e-gen-16go-512g-ssd-noir.html,2,2965.0
pc_portables,DELL,Premium,1,https://www.mytek.tn/pc-portable-dell-pro-15-essential-i7-13e-gen-16go-512g-ssd-noir.html,3,2965.0
pc_portables,DELL,Premium,1,https://www.mytek.tn/pc-portable-dell-pro-15-essential-i7-13e-gen-16go-512g-ssd-noir.html,4,2965.0
pc_portables,DELL,Premium,1,https://www.mytek.tn/pc-portable-gamer-dell-alienware-16-aurora-intel-core-5-210h-16go-rtx-3050.html,1,4309.0
pc_portables,DELL,Premium,1,https://www.mytek.tn/pc-portable-gamer-dell-alienware-16-aurora-intel-core-5-210h-16go-rtx-3050.html,2,4309.0
pc_portables,DELL,Premium,1,https://www.mytek.tn/pc-portable-gamer-dell-alienware-16-aurora-intel-core-5-210h-16go-rtx-3050.html,3,4309.0
pc_portables,DELL,Premium,1,https://www.mytek.tn/pc-portable-gamer-dell-alienware-16-aurora-intel-core-5-210h-16go-rtx-3050.html,4,4309.0
pc_portables,DELL,Premium,1,https://www.mytek.tn/pc-portable-gamer-dell-alienware-16-aurora-intel-core-7-240h-16go-rtx-4050.html,1,5139.0
pc_portables,DELL,Premium,1,https://www.mytek.tn/pc-portable-gamer-dell-alienware-16-aurora-intel-core-7-240h-16go-rtx-4050.html,2,5139.0
pc_portables,DELL,Premium,1,https://www.mytek.tn/pc-portable-gamer-dell-alienware-16-aurora-intel-core-7-240h-16go-rtx-4050.html,3,5139.0
pc_portables,DELL,Premium,1,https://www.mytek.tn/pc-portable-gamer-dell-alienware-16-aurora-intel-core-7-240h-16go-rtx-4050.html,4,5139.0
pc_portables,DELL,Premium,1,https://www.mytek.tn/pc-portable-gamer-dell-alienware-16-aurora-intel-core-7-240h-32go-rtx-4050.html,1,5955.0
pc_portables,DELL,Premium,1,https://www.mytek.tn/pc-portable-gamer-dell-alienware-16-aurora-intel-core-7-240h-32go-rtx-4050.html,2,5955.0
pc_portables,DELL,Premium,1,https://www.mytek.tn/pc-portable-gamer-dell-alienware-16-aurora-intel-core-7-240h-32go-rtx-4050.html,3,5955.0
pc_portables,DELL,Premium,1,https://www.mytek.tn/pc-portable-gamer-dell-alienware-16-aurora-intel-core-7-240h-32go-rtx-4050.html,4,5955.0
pc_portables,DELL,Premium,1,https://www.mytek.tn/pc-portable-gamer-dell-alienware-16-aurora-intel-core-9-270h-32go-rtx-5070.html,1,6819.0
pc_portables,DELL,Premium,1,https://www.mytek.tn/pc-portable-gamer-dell-alienware-16-aurora-intel-core-9-270h-32go-rtx-5070.html,2,6819.0
pc_portables,DELL,Premium,1,https://www.mytek.tn/pc-portable-gamer-dell-alienware-16-aurora-intel-core-9-270h-32go-rtx-5070.html,3,6819.0
pc_portables,DELL,Premium,1,https://www.mytek.tn/pc-portable-gamer-dell-alienware-16-aurora-intel-core-9-270h-32go-rtx-5070.html,4,6819.0
pc_portables,DELL,Économique,0,https://www.mytek.tn/pc-portable-dell-15-i5-13e-gen-12go-512go-ssd-noir.html,1,1819.0
pc_portables,DELL,Économique,0,https://www.mytek.tn/pc-portable-dell-15-i5-13e-gen-12go-512go-ssd-noir.html,2,1819.0
pc_portables,DELL,Économique,0,https://www.mytek.tn/pc-portable-dell-15-i5-13e-gen-12go-512go-ssd-noir.html,3,1819.0
pc_portables,DELL,Économique,0,https://www.mytek.tn/pc-portable-dell-15-i5-13e-gen-12go-512go-ssd-noir.html,4,1819.0
pc_portables,DELL,Économique,0,https://www.mytek.tn/pc-portable-dell-15-i5-13e-gen-16go-512go-ssd-noir.html,1,1929.0
pc_portables,DELL,Économique,0,https://www.mytek.tn/pc-portable-dell-15-i5-13e-gen-16go-512go-ssd-noir.html,2,1929.0
pc_portables,DELL,Économique,0,https://www.mytek.tn/pc-portable-dell-15-i5-13e-gen-16go-512go-ssd-noir.html,3,1929.0
pc_portables,DELL,Économique,0,https://www.mytek.tn/pc-portable-dell-15-i5-13e-gen-16go-512go-ssd-noir.html,4,1929.0
pc_portables,DELL,Économique,0,https://www.mytek.tn/pc-portable-dell-15-i5-13e-gen-8go-512go-ssd-noir.html,1,1699.0
pc_portables,DELL,Économique,0,https://www.mytek.tn/pc-portable-dell-15-i5-13e-gen-8go-512go-ssd-noir.html,2,1699.0
pc_portables,DELL,Économique,0,https://www.mytek.tn/pc-portable-dell-15-i5-13e-gen-8go-512go-ssd-noir.html,3,1699.0
pc_portables,DELL,Économique,0,https://www.mytek.tn/pc-portable-dell-15-i5-13e-gen-8go-512go-ssd-noir.html,4,1699.0
pc_portables,DELL,Économique,0,https://www.mytek.tn/pc-portable-dell-16-intel-core-5-120u-8go-512go-ssd-noir.html,1,1849.0
pc_portables,DELL,Économique,0,https://www.mytek.tn/pc-portable-dell-16-intel-core-5-120u-8go-512go-ssd-noir.html,2,1849.0
pc_portables,DELL,Économique,0,https://www.mytek.tn/pc-portable-dell-16-intel-core-5-120u-8go-512go-ssd-noir.html,3,1849.0
pc_portables,DELL,Économique,0,https://www.mytek.tn/pc-portable-dell-16-intel-core-5-120u-8go-512go-ssd-noir.html,4,1849.0
pc_portables,DELL,Économique,0,https://www.mytek.tn/pc-portable-dell-pro-15-essential-i5-13e-gen-16go-512go-ssd-noir.html,1,1899.0
pc_portables,DELL,Économique,0,https://www.mytek.tn/pc-portable-dell-pro-15-essential-i5-13e-gen-16go-512go-ssd-noir.html,2,1899.0
pc_portables,DELL,Économique,0,https://www.mytek.tn/pc-portable-dell-pro-15-essential-i5-13e-gen-16go-512go-ssd-noir.html,3,1899.0
pc_portables,DELL,Économique,0,https://www.mytek.tn/pc-portable-dell-pro-15-essential-i5-13e-gen-16go-512go-ssd-noir.html,4,1899.0
pc_portables,DELL,Économique,0,https://www.mytek.tn/pc-portable-dell-pro-15-essential-i5-13e-gen-8go-512go-ssd-noir.html,1,1745.0
pc_portables,DELL,Économique,0,https://www.mytek.tn/pc-portable-dell-pro-15-essential-i5-13e-gen-8go-512go-ssd-noir.html,2,1745.0
pc_portables,DELL,Économique,0,https://www.mytek.tn/pc-portable-dell-pro-15-essential-i5-13e-gen-8go-512go-ssd-noir.html,3,1745.0
pc_portables,DELL,Économique,0,https://www.mytek.tn/pc-portable-dell-pro-15-essential-i5-13e-gen-8go-512go-ssd-noir.html,4,1745.0
pc_portables,DELL,Économique,0,https://www.mytek.tn/pc-portable-dell-vostro-3530-i5-13e-gen-16g-512go-ssd-noir.html,1,1929.0
pc_portables,DELL,Économique,0,https://www.mytek.tn/pc-portable-dell-vostro-3530-i5-13e-gen-16g-512go-ssd-noir.html,2,1735.0
pc_portables,DELL,Économique,0,https://www.mytek.tn/pc-portable-dell-vostro-3530-i5-13e-gen-16g-512go-ssd-noir.html,3,1735.0
pc_portables,DELL,Économique,0,https://www.mytek.tn/pc-portable-dell-vostro-3530-i5-13e-gen-16g-512go-ssd-noir.html,4,1735.0
pc_portables,DELL,Économique,1,https://www.mytek.tn/pc-portable-dell-15-i5-13e-gen-16g-512go-ssd-noir.html,1,1979.0
pc_portables,DELL,Économique,1,https://www.mytek.tn/pc-portable-dell-15-i5-13e-gen-16g-512go-ssd-noir.html,2,1979.0
pc_portables,DELL,Économique,1,https://www.mytek.tn/pc-portable-dell-15-i5-13e-gen-16g-512go-ssd-noir.html,3,1979.0
pc_portables,DELL,Économique,1,https://www.mytek.tn/pc-portable-dell-15-i5-13e-gen-16g-512go-ssd-noir.html,4,1979.0
pc_portables,DELL,Économique,1,https://www.mytek.tn/pc-portable-dell-15-i5-13e-gen-8g-512go-ssd-noir.html,1,1749.0
pc_portables,DELL,Économique,1,https://www.mytek.tn/pc-portable-dell-15-i5-13e-gen-8g-512go-ssd-noir.html,2,1749.0
pc_portables,DELL,Économique,1,https://www.mytek.tn/pc-portable-dell-15-i5-13e-gen-8g-512go-ssd-noir.html,3,1749.0
pc_portables,DELL,Économique,1,https://www.mytek.tn/pc-portable-dell-15-i5-13e-gen-8g-512go-ssd-noir.html,4,1749.0
pc_portables,DELL,Économique,1,https://www.mytek.tn/pc-portable-dell-15-intel-core-3-100u-16g-512go-ssd-silver.html,1,1779.0
pc_portables,DELL,Économique,1,https://www.mytek.tn/pc-portable-dell-15-intel-core-3-100u-16g-512go-ssd-silver.html,2,1779.0
pc_portables,DELL,Économique,1,https://www.mytek.tn/pc-portable-dell-15-intel-core-3-100u-16g-512go-ssd-silver.html,3,1779.0
pc_portables,DELL,Économique,1,https://www.mytek.tn/pc-portable-dell-15-intel-core-3-100u-16g-512go-ssd-silver.html,4,1779.0
pc_portables,DELL,Économique,1,https://www.mytek.tn/pc-portable-dell-15-intel-core-3-100u-8g-512go-ssd-silver.html,1,1549.0
pc_portables,DELL,Économique,1,https://www.mytek.tn/pc-portable-dell-15-intel-core-3-100u-8g-512go-ssd-silver.html,2,1549.0
pc_portables,DELL,Économique,1,https://www.mytek.tn/pc-portable-dell-15-intel-core-3-100u-8g-512go-ssd-silver.html,3,1549.0
pc_portables,DELL,Économique,1,https://www.mytek.tn/pc-portable-dell-15-intel-core-3-100u-8g-512go-ssd-silver.html,4,1549.0
pc_portables,DELL,Économique,1,https://www.mytek.tn/pc-portable-dell-pro-15-essential-i3-13eme-gen-8g-512go-ssd-noir.html,1,1549.0
pc_portables,DELL,Économique,1,https://www.mytek.tn/pc-portable-dell-pro-15-essential-i3-13eme-gen-8g-512go-ssd-noir.html,2,1549.0
pc_portables,DELL,Économique,1,https://www.mytek.tn/pc-portable-dell-pro-15-essential-i3-13eme-gen-8g-512go-ssd-noir.html,3,1549.0
pc_portables,DELL,Économique,1,https://www.mytek.tn/pc-portable-dell-pro-15-essential-i3-13eme-gen-8g-512go-ssd-noir.html,4,1549.0
pc_portables,DELL,Économique,1,https://www.mytek.tn/pc-portable-dell-pro-15-essential-i5-13e-gen-16g-512go-ssd-noir.html,1,1949.0
pc_portables,DELL,Économique,1,https://www.mytek.tn/pc-portable-dell-pro-15-essential-i5-13e-gen-16g-512go-ssd-noir.html,2,1949.0
pc_portables,DELL,Économique,1,https://www.mytek.tn/pc-portable-dell-pro-15-essential-i5-13e-gen-16g-512go-ssd-noir.html,3,1949.0
pc_portables,DELL,Économique,1,https://www.mytek.tn/pc-portable-dell-pro-15-essential-i5-13e-gen-16g-512go-ssd-noir.html,4,1949.0
pc_portables,DELL,Économique,1,https://www.mytek.tn/pc-portable-dell-pro-15-essential-i5-13e-gen-8g-512go-ssd-noir.html,1,1799.0
pc_portables,DELL,Économique,1,https://www.mytek.tn/pc-portable-dell-pro-15-essential-i5-13e-gen-8g-512go-ssd-noir.html,2,1799.0
pc_portables,DELL,Économique,1,https://www.mytek.tn/pc-portable-dell-pro-15-essential-i5-13e-gen-8g-512go-ssd-noir.html,3,1799.0
pc_portables,DELL,Économique,1,https://www.mytek.tn/pc-portable-dell-pro-15-essential-i5-13e-gen-8g-512go-ssd-noir.html,4,1799.0
pc_portables,DELL,Économique,1,https://www.mytek.tn/pc-portable-dell-pro-15-essential-intel-core-3-100u-16g-512go-ssd-noir.html,1,1659.0
pc_portables,DELL,Économique,1,https://www.mytek.tn/pc-portable-dell-pro-15-essential-intel-core-3-100u-16g-512go-ssd-noir.html,2,1659.0
pc_portables,DELL,Économique,1,https://www.mytek.tn/pc-portable-dell-pro-15-essential-intel-core-3-100u-16g-512go-ssd-noir.html,3,1659.0
pc_portables,DELL,Économique,1,https://www.mytek.tn/pc-portable-dell-pro-15-essential-intel-core-3-100u-16g-512go-ssd-noir.html,4,1659.0
pc_portables,DELL,Économique,1,https://www.mytek.tn/pc-portable-dell-pro-15-essential-intel-core-3-100u-8g-512go-ssd-noir.html,1,1549.0
pc_portables,DELL,Économique,1,https://www.mytek.tn/pc-portable-dell-pro-15-essential-intel-core-3-100u-8g-512go-ssd-noir.html,2,1549.0
pc_portables,DELL,Économique,1,https://www.mytek.tn/pc-portable-dell-pro-15-essential-intel-core-3-100u-8g-512go-ssd-noir.html,3,1549.0
pc_portables,DELL,Économique,1,https://www.mytek.tn/pc-portable-dell-pro-15-essential-intel-core-3-100u-8g-512go-ssd-noir.html,4,1549.0
pc_portables,DELL,Économique,1,https://www.mytek.tn/pc-portable-dell-vostro-3530-i5-13e-gen-16g-512g-ssd-noir.html,1,1969.0
pc_portables,DELL,Économique,1,https://www.mytek.tn/pc-portable-dell-vostro-3530-i5-13e-gen-8g-512g-ssd-noir.html,1,1739.0
pc_portables,DELL,Économique,1,https://www.mytek.tn/pc-portable-dell-vostro-3530-i5-13e-gen-8g-512g-ssd-noir.html,2,1539.0
pc_portables,DELL,Économique,2,https://www.mytek.tn/pc-portable-dell-15-intel-core-3-100u-12go-512go-ssd-noir.html,1,1615.0
pc_portables,DELL,Économique,2,https://www.mytek.tn/pc-portable-dell-15-intel-core-3-100u-12go-512go-ssd-noir.html,2,1615.0
pc_portables,DELL,Économique,2,https://www.mytek.tn/pc-portable-dell-15-intel-core-3-100u-12go-512go-ssd-noir.html,3,1615.0
pc_portables,DELL,Économique,2,https://www.mytek.tn/pc-portable-dell-15-intel-core-3-100u-12go-512go-ssd-noir.html,4,1615.0
pc_portables,DELL,Économique,2,https://www.mytek.tn/pc-portable-dell-15-intel-core-3-100u-16go-512go-ssd-silver.html,1,1729.0
pc_portables,DELL,Économique,2,https://www.mytek.tn/pc-portable-dell-15-intel-core-3-100u-16go-512go-ssd-silver.html,2,1729.0
pc_portables,DELL,Économique,2,https://www.mytek.tn/pc-portable-dell-15-intel-core-3-100u-16go-512go-ssd-silver.html,3,1729.0
pc_portables,DELL,Économique,2,https://www.mytek.tn/pc-portable-dell-15-intel-core-3-100u-16go-512go-ssd-silver.html,4,1729.0
pc_portables,DELL,Économique,2,https://www.mytek.tn/pc-portable-dell-15-intel-core-3-100u-24go-512go-ssd-silver.html,1,1959.0
pc_portables,DELL,Économique,2,https://www.mytek.tn/pc-portable-dell-15-intel-core-3-100u-24go-512go-ssd-silver.html,2,1959.0
pc_portables,DELL,Économique,2,https://www.mytek.tn/pc-portable-dell-15-intel-core-3-100u-24go-512go-ssd-silver.html,3,1959.0
pc_portables,DELL,Économique,2,https://www.mytek.tn/pc-portable-dell-15-intel-core-3-100u-24go-512go-ssd-silver.html,4,1959.0
pc_portables,DELL,Économique,2,https://www.mytek.tn/pc-portable-dell-15-intel-core-3-100u-8go-512go-ssd-silver.html,1,1499.0
pc_portables,DELL,Économique,2,https://www.mytek.tn/pc-portable-dell-15-intel-core-3-100u-8go-512go-ssd-silver.html,2,1499.0
pc_portables,DELL,Économique,2,https://www.mytek.tn/pc-portable-dell-15-intel-core-3-100u-8go-512go-ssd-silver.html,3,1499.0
pc_portables,DELL,Économique,2,https://www.mytek.tn/pc-portable-dell-15-intel-core-3-100u-8go-512go-ssd-silver.html,4,1499.0
pc_portables,DELL,Économique,2,https://www.mytek.tn/pc-portable-dell-pro-15-essential-i3-13eme-gen-8go-512go-ssd-noir.html,1,1499.0
pc_portables,DELL,Économique,2,https://www.mytek.tn/pc-portable-dell-pro-15-essential-i3-13eme-gen-8go-512go-ssd-noir.html,2,1499.0
pc_portables,DELL,Économique,2,https://www.mytek.tn/pc-portable-dell-pro-15-essential-i3-13eme-gen-8go-512go-ssd-noir.html,3,1499.0
pc_portables,DELL,Économique,2,https://www.mytek.tn/pc-portable-dell-pro-15-essential-i3-13eme-gen-8go-512go-ssd-noir.html,4,1499.0
pc_portables,DELL,Économique,2,https://www.mytek.tn/pc-portable-dell-pro-15-essential-intel-core-3-100u-16go-512go-ssd-noir.html,1,1609.0
pc_portables,DELL,Économique,2,https://www.mytek.tn/pc-portable-dell-pro-15-essential-intel-core-3-100u-16go-512go-ssd-noir.html,2,1609.0
pc_portables,DELL,Économique,2,https://www.mytek.tn/pc-portable-dell-pro-15-essential-intel-core-3-100u-16go-512go-ssd-noir.html,3,1609.0
pc_portables,DELL,Économique,2,https://www.mytek.tn/pc-portable-dell-pro-15-essential-intel-core-3-100u-16go-512go-ssd-noir.html,4,1609.0
pc_portables,DELL,Économique,2,https://www.mytek.tn/pc-portable-dell-pro-15-essential-intel-core-3-100u-8go-512go-ssd-noir.html,1,1499.0
pc_portables,DELL,Économique,2,https://www.mytek.tn/pc-portable-dell-pro-15-essential-intel-core-3-100u-8go-512go-ssd-noir.html,2,1499.0
pc_portables,DELL,Économique,2,https://www.mytek.tn/pc-portable-dell-pro-15-essential-intel-core-3-100u-8go-512go-ssd-noir.html,3,1499.0
pc_portables,DELL,Économique,2,https://www.mytek.tn/pc-portable-dell-pro-15-essential-intel-core-3-100u-8go-512go-ssd-noir.html,4,1499.0
pc_portables,GIGABYTE,Milieu de gamme,profil_descriptif,https://www.mytek.tn/pc-portable-gamer-gigabyte-a16-3vh-amd-ryzen-7-16go-rtx-5060.html,1,4699.0
pc_portables,GIGABYTE,Milieu de gamme,profil_descriptif,https://www.mytek.tn/pc-portable-gamer-gigabyte-a16-3vh-amd-ryzen-7-16go-rtx-5060.html,2,4699.0
pc_portables,GIGABYTE,Milieu de gamme,profil_descriptif,https://www.mytek.tn/pc-portable-gamer-gigabyte-a16-3vh-amd-ryzen-7-16go-rtx-5060.html,3,4699.0
pc_portables,GIGABYTE,Milieu de gamme,profil_descriptif,https://www.mytek.tn/pc-portable-gamer-gigabyte-a16-3vh-amd-ryzen-7-16go-rtx-5060.html,4,4699.0
pc_portables,GIGABYTE,Milieu de gamme,profil_descriptif,https://www.mytek.tn/pc-portable-gamer-gigabyte-a16-3vh-amd-ryzen-7-24go-rtx-5060.html,1,5075.0
pc_portables,GIGABYTE,Milieu de gamme,profil_descriptif,https://www.mytek.tn/pc-portable-gamer-gigabyte-a16-3vh-amd-ryzen-7-24go-rtx-5060.html,2,5075.0
pc_portables,GIGABYTE,Milieu de gamme,profil_descriptif,https://www.mytek.tn/pc-portable-gamer-gigabyte-a16-3vh-amd-ryzen-7-24go-rtx-5060.html,3,5075.0
pc_portables,GIGABYTE,Milieu de gamme,profil_descriptif,https://www.mytek.tn/pc-portable-gamer-gigabyte-a16-3vh-amd-ryzen-7-24go-rtx-5060.html,4,5075.0
pc_portables,GIGABYTE,Milieu de gamme,profil_descriptif,https://www.mytek.tn/pc-portable-gamer-gigabyte-a16-3vh-amd-ryzen-7-32go-rtx-5060.html,1,5479.0
pc_portables,GIGABYTE,Milieu de gamme,profil_descriptif,https://www.mytek.tn/pc-portable-gamer-gigabyte-a16-3vh-amd-ryzen-7-32go-rtx-5060.html,2,5479.0
pc_portables,GIGABYTE,Milieu de gamme,profil_descriptif,https://www.mytek.tn/pc-portable-gamer-gigabyte-a16-3vh-amd-ryzen-7-32go-rtx-5060.html,3,5479.0
pc_portables,GIGABYTE,Milieu de gamme,profil_descriptif,https://www.mytek.tn/pc-portable-gamer-gigabyte-a16-3vh-amd-ryzen-7-32go-rtx-5060.html,4,5479.0
pc_portables,GIGABYTE,Milieu de gamme,profil_descriptif,https://www.mytek.tn/pc-portable-gamer-gigabyte-a16-cvh-i7-13e-gen-16go-rtx-5060.html,1,4699.0
pc_portables,GIGABYTE,Milieu de gamme,profil_descriptif,https://www.mytek.tn/pc-portable-gamer-gigabyte-a16-cvh-i7-13e-gen-16go-rtx-5060.html,2,4699.0
pc_portables,GIGABYTE,Milieu de gamme,profil_descriptif,https://www.mytek.tn/pc-portable-gamer-gigabyte-a16-cvh-i7-13e-gen-16go-rtx-5060.html,3,4699.0
pc_portables,GIGABYTE,Milieu de gamme,profil_descriptif,https://www.mytek.tn/pc-portable-gamer-gigabyte-a16-cvh-i7-13e-gen-16go-rtx-5060.html,4,4699.0
pc_portables,GIGABYTE,Milieu de gamme,profil_descriptif,https://www.mytek.tn/pc-portable-gamer-gigabyte-a16-cvh-i7-13e-gen-24go-rtx-5060.html,1,5075.0
pc_portables,GIGABYTE,Milieu de gamme,profil_descriptif,https://www.mytek.tn/pc-portable-gamer-gigabyte-a16-cvh-i7-13e-gen-24go-rtx-5060.html,2,5075.0
pc_portables,GIGABYTE,Milieu de gamme,profil_descriptif,https://www.mytek.tn/pc-portable-gamer-gigabyte-a16-cvh-i7-13e-gen-24go-rtx-5060.html,3,5075.0
pc_portables,GIGABYTE,Milieu de gamme,profil_descriptif,https://www.mytek.tn/pc-portable-gamer-gigabyte-a16-cvh-i7-13e-gen-24go-rtx-5060.html,4,5075.0
pc_portables,GIGABYTE,Milieu de gamme,profil_descriptif,https://www.mytek.tn/pc-portable-gamer-gigabyte-a16-cvh-i7-13e-gen-32go-rtx-5060.html,1,5479.0
pc_portables,GIGABYTE,Milieu de gamme,profil_descriptif,https://www.mytek.tn/pc-portable-gamer-gigabyte-a16-cvh-i7-13e-gen-32go-rtx-5060.html,2,5479.0
pc_portables,GIGABYTE,Milieu de gamme,profil_descriptif,https://www.mytek.tn/pc-portable-gamer-gigabyte-a16-cvh-i7-13e-gen-32go-rtx-5060.html,3,5479.0
pc_portables,GIGABYTE,Milieu de gamme,profil_descriptif,https://www.mytek.tn/pc-portable-gamer-gigabyte-a16-cvh-i7-13e-gen-32go-rtx-5060.html,4,5479.0
pc_portables,GIGABYTE,Milieu de gamme,profil_descriptif,https://www.mytek.tn/pc-portable-gamer-gigabyte-a16-cwh-i7-13e-gen-16g-rtx-5070.html,1,4699.0
pc_portables,GIGABYTE,Milieu de gamme,profil_descriptif,https://www.mytek.tn/pc-portable-gamer-gigabyte-a16-cwh-i7-13e-gen-16g-rtx-5070.html,2,4699.0
pc_portables,GIGABYTE,Milieu de gamme,profil_descriptif,https://www.mytek.tn/pc-portable-gamer-gigabyte-a16-cwh-i7-13e-gen-16g-rtx-5070.html,3,5489.0
pc_portables,GIGABYTE,Milieu de gamme,profil_descriptif,https://www.mytek.tn/pc-portable-gamer-gigabyte-a16-cwh-i7-13e-gen-16g-rtx-5070.html,4,5489.0
pc_portables,GIGABYTE,Premium,profil_descriptif,https://www.mytek.tn/pc-portable-gamer-gigabyte-a16-pro-dyh-intel-core-7-240h-32go-rtx-5080.html,1,8479.0
pc_portables,GIGABYTE,Premium,profil_descriptif,https://www.mytek.tn/pc-portable-gamer-gigabyte-a16-pro-dyh-intel-core-7-240h-32go-rtx-5080.html,2,8479.0
pc_portables,GIGABYTE,Premium,profil_descriptif,https://www.mytek.tn/pc-portable-gamer-gigabyte-a16-pro-dyh-intel-core-7-240h-32go-rtx-5080.html,3,8479.0
pc_portables,GIGABYTE,Premium,profil_descriptif,https://www.mytek.tn/pc-portable-gamer-gigabyte-a16-pro-dyh-intel-core-7-240h-32go-rtx-5080.html,4,8479.0
pc_portables,GIGABYTE,Premium,profil_descriptif,https://www.mytek.tn/pc-portable-gamer-gigabyte-aero-x16-1wh-amd-ryzen-ai-7-350-16g-rtx5070.html,1,5879.0
pc_portables,GIGABYTE,Premium,profil_descriptif,https://www.mytek.tn/pc-portable-gamer-gigabyte-aero-x16-1wh-amd-ryzen-ai-7-350-16g-rtx5070.html,2,5879.0
pc_portables,GIGABYTE,Premium,profil_descriptif,https://www.mytek.tn/pc-portable-gamer-gigabyte-aero-x16-1wh-amd-ryzen-ai-7-350-16g-rtx5070.html,3,5879.0
pc_portables,GIGABYTE,Premium,profil_descriptif,https://www.mytek.tn/pc-portable-gamer-gigabyte-aero-x16-1wh-amd-ryzen-ai-7-350-16g-rtx5070.html,4,5879.0
pc_portables,GIGABYTE,Premium,profil_descriptif,https://www.mytek.tn/pc-portable-gamer-gigabyte-aero-x16-2wh-amd-ryzen-ai-9-hx-370-32g-rtx-5070.html,1,7059.0
pc_portables,GIGABYTE,Premium,profil_descriptif,https://www.mytek.tn/pc-portable-gamer-gigabyte-aero-x16-2wh-amd-ryzen-ai-9-hx-370-32g-rtx-5070.html,2,7059.0
pc_portables,GIGABYTE,Premium,profil_descriptif,https://www.mytek.tn/pc-portable-gamer-gigabyte-aero-x16-2wh-amd-ryzen-ai-9-hx-370-32g-rtx-5070.html,3,7059.0
pc_portables,GIGABYTE,Premium,profil_descriptif,https://www.mytek.tn/pc-portable-gamer-gigabyte-aero-x16-2wh-amd-ryzen-ai-9-hx-370-32g-rtx-5070.html,4,7059.0
pc_portables,GIGABYTE,Premium,profil_descriptif,https://www.mytek.tn/pc-portable-gamer-gigabyte-aero-x16-2wh-amd-ryzen-ai-9-hx-370-32g-rtx5070.html,1,6759.0
pc_portables,GIGABYTE,Premium,profil_descriptif,https://www.mytek.tn/pc-portable-gamer-gigabyte-aero-x16-2wh-amd-ryzen-ai-9-hx-370-32g-rtx5070.html,2,6759.0
pc_portables,GIGABYTE,Premium,profil_descriptif,https://www.mytek.tn/pc-portable-gamer-gigabyte-aero-x16-2wh-amd-ryzen-ai-9-hx-370-32g-rtx5070.html,3,6759.0
pc_portables,GIGABYTE,Premium,profil_descriptif,https://www.mytek.tn/pc-portable-gamer-gigabyte-aero-x16-2wh-amd-ryzen-ai-9-hx-370-32g-rtx5070.html,4,6759.0
pc_portables,GIGABYTE,Premium,profil_descriptif,https://www.mytek.tn/pc-portable-gamer-gigabyte-aero-x16-2wh-amd-ryzen-ai-9-hx-370-32go-rtx5070.html,1,7059.0
pc_portables,GIGABYTE,Premium,profil_descriptif,https://www.mytek.tn/pc-portable-gamer-gigabyte-aero-x16-2wh-amd-ryzen-ai-9-hx-370-32go-rtx5070.html,2,7059.0
pc_portables,GIGABYTE,Premium,profil_descriptif,https://www.mytek.tn/pc-portable-gamer-gigabyte-aero-x16-2wh-amd-ryzen-ai-9-hx-370-32go-rtx5070.html,3,7059.0
pc_portables,GIGABYTE,Premium,profil_descriptif,https://www.mytek.tn/pc-portable-gamer-gigabyte-aero-x16-2wh-amd-ryzen-ai-9-hx-370-32go-rtx5070.html,4,7059.0
pc_portables,GIGABYTE,Premium,profil_descriptif,https://www.mytek.tn/pc-portable-gamer-gigabyte-aorus-master-16-ultra-9-275hx-32go-rtx-5080.html,1,11339.0
pc_portables,GIGABYTE,Premium,profil_descriptif,https://www.mytek.tn/pc-portable-gamer-gigabyte-aorus-master-16-ultra-9-275hx-32go-rtx-5080.html,2,11339.0
pc_portables,GIGABYTE,Premium,profil_descriptif,https://www.mytek.tn/pc-portable-gamer-gigabyte-aorus-master-16-ultra-9-275hx-32go-rtx-5080.html,3,11339.0
pc_portables,GIGABYTE,Premium,profil_descriptif,https://www.mytek.tn/pc-portable-gamer-gigabyte-aorus-master-16-ultra-9-275hx-32go-rtx-5080.html,4,11339.0
pc_portables,GIGABYTE,Premium,profil_descriptif,https://www.mytek.tn/pc-portable-gamer-gigabyte-aorus-master-16-ultra-9-275hx-32go-rtx-5090.html,1,16129.0
pc_portables,GIGABYTE,Premium,profil_descriptif,https://www.mytek.tn/pc-portable-gamer-gigabyte-aorus-master-16-ultra-9-275hx-32go-rtx-5090.html,2,16129.0
pc_portables,GIGABYTE,Premium,profil_descriptif,https://www.mytek.tn/pc-portable-gamer-gigabyte-aorus-master-16-ultra-9-275hx-32go-rtx-5090.html,3,16129.0
pc_portables,GIGABYTE,Premium,profil_descriptif,https://www.mytek.tn/pc-portable-gamer-gigabyte-aorus-master-16-ultra-9-275hx-32go-rtx-5090.html,4,16129.0
pc_portables,GIGABYTE,Économique,profil_descriptif,https://www.mytek.tn/pc-portable-gamer-gigabyte-a16-5th-amd-ryzen-7-16go-rtx-5050.html,1,4239.0
pc_portables,GIGABYTE,Économique,profil_descriptif,https://www.mytek.tn/pc-portable-gamer-gigabyte-a16-5th-amd-ryzen-7-16go-rtx-5050.html,2,4239.0
pc_portables,GIGABYTE,Économique,profil_descriptif,https://www.mytek.tn/pc-portable-gamer-gigabyte-a16-5th-amd-ryzen-7-16go-rtx-5050.html,3,4239.0
pc_portables,GIGABYTE,Économique,profil_descriptif,https://www.mytek.tn/pc-portable-gamer-gigabyte-a16-5th-amd-ryzen-7-16go-rtx-5050.html,4,4239.0
pc_portables,GIGABYTE,Économique,profil_descriptif,https://www.mytek.tn/pc-portable-gamer-gigabyte-a16-cwh-i7-13e-gen-16go-rtx-5070.html,1,4599.0
pc_portables,GIGABYTE,Économique,profil_descriptif,https://www.mytek.tn/pc-portable-gamer-gigabyte-a16-cwh-i7-13e-gen-16go-rtx-5070.html,2,4599.0
pc_portables,GIGABYTE,Économique,profil_descriptif,https://www.mytek.tn/pc-portable-gamer-gigabyte-g6-kf-i7-13e-gen-16g-rtx4060.html,1,3799.0
pc_portables,GIGABYTE,Économique,profil_descriptif,https://www.mytek.tn/pc-portable-gamer-gigabyte-g6-kf-i7-13e-gen-16g-rtx4060.html,2,3799.0
pc_portables,GIGABYTE,Économique,profil_descriptif,https://www.mytek.tn/pc-portable-gamer-gigabyte-g6-kf-i7-13e-gen-16g-rtx4060.html,3,3799.0
pc_portables,GIGABYTE,Économique,profil_descriptif,https://www.mytek.tn/pc-portable-gamer-gigabyte-g6-kf-i7-13e-gen-16g-rtx4060.html,4,3799.0
pc_portables,GIGABYTE,Économique,profil_descriptif,https://www.mytek.tn/pc-portable-gamer-gigabyte-g6-kf-i7-13e-gen-16go-rtx4060.html,1,3849.0
pc_portables,GIGABYTE,Économique,profil_descriptif,https://www.mytek.tn/pc-portable-gamer-gigabyte-g6-kf-i7-13e-gen-16go-rtx4060.html,2,3849.0
pc_portables,GIGABYTE,Économique,profil_descriptif,https://www.mytek.tn/pc-portable-gamer-gigabyte-g6-kf-i7-13e-gen-16go-rtx4060.html,3,3849.0
pc_portables,GIGABYTE,Économique,profil_descriptif,https://www.mytek.tn/pc-portable-gamer-gigabyte-g6-kf-i7-13e-gen-16go-rtx4060.html,4,3849.0
pc_portables,GIGABYTE,Économique,profil_descriptif,https://www.mytek.tn/pc-portable-gamer-gigabyte-g6-kf-i7-13e-gen-24g-rtx-4060.html,1,4199.0
pc_portables,GIGABYTE,Économique,profil_descriptif,https://www.mytek.tn/pc-portable-gamer-gigabyte-g6-kf-i7-13e-gen-24g-rtx-4060.html,2,4199.0
pc_portables,GIGABYTE,Économique,profil_descriptif,https://www.mytek.tn/pc-portable-gamer-gigabyte-g6-kf-i7-13e-gen-24g-rtx-4060.html,3,4199.0
pc_portables,GIGABYTE,Économique,profil_descriptif,https://www.mytek.tn/pc-portable-gamer-gigabyte-g6-kf-i7-13e-gen-24g-rtx-4060.html,4,4199.0
pc_portables,GIGABYTE,Économique,profil_descriptif,https://www.mytek.tn/pc-portable-gamer-gigabyte-g6-kf-i7-13e-gen-24g-rtx4060.html,1,4249.0
pc_portables,GIGABYTE,Économique,profil_descriptif,https://www.mytek.tn/pc-portable-gamer-gigabyte-g6-kf-i7-13e-gen-24g-rtx4060.html,2,4249.0
pc_portables,GIGABYTE,Économique,profil_descriptif,https://www.mytek.tn/pc-portable-gamer-gigabyte-g6-kf-i7-13e-gen-24g-rtx4060.html,3,4249.0
pc_portables,GIGABYTE,Économique,profil_descriptif,https://www.mytek.tn/pc-portable-gamer-gigabyte-g6-kf-i7-13e-gen-24g-rtx4060.html,4,4249.0
pc_portables,GIGABYTE,Économique,profil_descriptif,https://www.mytek.tn/pc-portable-gamer-gigabyte-g6-kf-i7-13e-gen-32g-rtx-4060.html,1,4519.0
pc_portables,GIGABYTE,Économique,profil_descriptif,https://www.mytek.tn/pc-portable-gamer-gigabyte-g6-kf-i7-13e-gen-32g-rtx-4060.html,2,4519.0
pc_portables,GIGABYTE,Économique,profil_descriptif,https://www.mytek.tn/pc-portable-gamer-gigabyte-g6-kf-i7-13e-gen-32g-rtx-4060.html,3,4519.0
pc_portables,GIGABYTE,Économique,profil_descriptif,https://www.mytek.tn/pc-portable-gamer-gigabyte-g6-kf-i7-13e-gen-32g-rtx-4060.html,4,4519.0
pc_portables,GIGABYTE,Économique,profil_descriptif,https://www.mytek.tn/pc-portable-gamer-gigabyte-g6-kf-i7-13e-gen-32g-rtx4060.html,1,4569.0
pc_portables,GIGABYTE,Économique,profil_descriptif,https://www.mytek.tn/pc-portable-gamer-gigabyte-g6-kf-i7-13e-gen-32g-rtx4060.html,2,4569.0
pc_portables,GIGABYTE,Économique,profil_descriptif,https://www.mytek.tn/pc-portable-gamer-gigabyte-g6-kf-i7-13e-gen-32g-rtx4060.html,3,4569.0
pc_portables,GIGABYTE,Économique,profil_descriptif,https://www.mytek.tn/pc-portable-gamer-gigabyte-g6-kf-i7-13e-gen-32g-rtx4060.html,4,4569.0
pc_portables,HP,Milieu de gamme,profil_descriptif,https://www.mytek.tn/pc-portable-gamer-hp-victus-15-fa1006nk-i5-13e-gen-16g-rtx-2050.html,1,2475.0
pc_portables,HP,Milieu de gamme,profil_descriptif,https://www.mytek.tn/pc-portable-gamer-hp-victus-15-fa1006nk-i5-13e-gen-16g-rtx-2050.html,2,2475.0
pc_portables,HP,Milieu de gamme,profil_descriptif,https://www.mytek.tn/pc-portable-gamer-hp-victus-15-fa1006nk-i5-13e-gen-16g-rtx-2050.html,3,2475.0
pc_portables,HP,Milieu de gamme,profil_descriptif,https://www.mytek.tn/pc-portable-gamer-hp-victus-15-fa1006nk-i5-13e-gen-16g-rtx-2050.html,4,2475.0
pc_portables,HP,Milieu de gamme,profil_descriptif,https://www.mytek.tn/pc-portable-gamer-hp-victus-15-fb3007nk-amd-ryzen-7-8g-rtx-3050.html,1,2799.0
pc_portables,HP,Milieu de gamme,profil_descriptif,https://www.mytek.tn/pc-portable-gamer-hp-victus-15-fb3007nk-amd-ryzen-7-8g-rtx-3050.html,2,2799.0
pc_portables,HP,Milieu de gamme,profil_descriptif,https://www.mytek.tn/pc-portable-gamer-hp-victus-15-fb3007nk-amd-ryzen-7-8g-rtx-3050.html,3,2799.0
pc_portables,HP,Milieu de gamme,profil_descriptif,https://www.mytek.tn/pc-portable-gamer-hp-victus-15-fb3007nk-amd-ryzen-7-8g-rtx-3050.html,4,2799.0
pc_portables,HP,Milieu de gamme,profil_descriptif,https://www.mytek.tn/pc-portable-gamer-hp-victus-15-fb3007nk-amd-ryzen-7-8go-rtx-3050.html,1,2799.0
pc_portables,HP,Milieu de gamme,profil_descriptif,https://www.mytek.tn/pc-portable-gamer-hp-victus-15-fb3007nk-amd-ryzen-7-8go-rtx-3050.html,2,2799.0
pc_portables,HP,Milieu de gamme,profil_descriptif,https://www.mytek.tn/pc-portable-gamer-hp-victus-15-fb3007nk-amd-ryzen-7-8go-rtx-3050.html,3,2799.0
pc_portables,HP,Milieu de gamme,profil_descriptif,https://www.mytek.tn/pc-portable-gamer-hp-victus-15-fb3007nk-amd-ryzen-7-8go-rtx-3050.html,4,2799.0
pc_portables,HP,Milieu de gamme,profil_descriptif,https://www.mytek.tn/pc-portable-gamer-hp-victus-15-fb3008nk-amd-ryzen-5-16g-rtx-2050.html,1,2749.0
pc_portables,HP,Milieu de gamme,profil_descriptif,https://www.mytek.tn/pc-portable-gamer-hp-victus-15-fb3008nk-amd-ryzen-5-16g-rtx-2050.html,2,2749.0
pc_portables,HP,Milieu de gamme,profil_descriptif,https://www.mytek.tn/pc-portable-gamer-hp-victus-15-fb3008nk-amd-ryzen-5-16g-rtx-2050.html,3,2749.0
pc_portables,HP,Milieu de gamme,profil_descriptif,https://www.mytek.tn/pc-portable-gamer-hp-victus-15-fb3008nk-amd-ryzen-5-16g-rtx-2050.html,4,2749.0
pc_portables,HP,Milieu de gamme,profil_descriptif,https://www.mytek.tn/pc-portable-gamer-hp-victus-15-fb3008nk-amd-ryzen-5-16go-rtx-2050.html,1,2749.0
pc_portables,HP,Milieu de gamme,profil_descriptif,https://www.mytek.tn/pc-portable-gamer-hp-victus-15-fb3008nk-amd-ryzen-5-16go-rtx-2050.html,2,2749.0
pc_portables,HP,Milieu de gamme,profil_descriptif,https://www.mytek.tn/pc-portable-gamer-hp-victus-15-fb3008nk-amd-ryzen-5-16go-rtx-2050.html,3,2749.0
pc_portables,HP,Milieu de gamme,profil_descriptif,https://www.mytek.tn/pc-portable-gamer-hp-victus-15-fb3008nk-amd-ryzen-5-16go-rtx-2050.html,4,2749.0
pc_portables,HP,Milieu de gamme,profil_descriptif,https://www.mytek.tn/pc-portable-hp-15-fd1073nk-intel-core-7-150u-24go-512go-ssd-silver.html,1,2529.0
pc_portables,HP,Milieu de gamme,profil_descriptif,https://www.mytek.tn/pc-portable-hp-15-fd1073nk-intel-core-7-150u-24go-512go-ssd-silver.html,2,2529.0
pc_portables,HP,Milieu de gamme,profil_descriptif,https://www.mytek.tn/pc-portable-hp-15-fd1073nk-intel-core-7-150u-24go-512go-ssd-silver.html,3,2529.0
pc_portables,HP,Milieu de gamme,profil_descriptif,https://www.mytek.tn/pc-portable-hp-15-fd1073nk-intel-core-7-150u-24go-512go-ssd-silver.html,4,2529.0
pc_portables,HP,Milieu de gamme,profil_descriptif,https://www.mytek.tn/pc-portable-hp-15-fd1079nk-ultra-5-125h-24g-512g-ssd-noir.html,1,2799.0
pc_portables,HP,Milieu de gamme,profil_descriptif,https://www.mytek.tn/pc-portable-hp-15-fd1079nk-ultra-5-125h-24g-512g-ssd-noir.html,2,2799.0
pc_portables,HP,Milieu de gamme,profil_descriptif,https://www.mytek.tn/pc-portable-hp-15-fd1079nk-ultra-5-125h-24g-512g-ssd-noir.html,3,2799.0
pc_portables,HP,Milieu de gamme,profil_descriptif,https://www.mytek.tn/pc-portable-hp-15-fd1079nk-ultra-5-125h-24g-512g-ssd-noir.html,4,2799.0
pc_portables,HP,Milieu de gamme,profil_descriptif,https://www.mytek.tn/pc-portable-hp-15-fd1079nk-ultra-5-125h-24g-512go-ssd-noir.html,1,2769.0
pc_portables,HP,Milieu de gamme,profil_descriptif,https://www.mytek.tn/pc-portable-hp-15-fd1079nk-ultra-5-125h-24g-512go-ssd-noir.html,2,2769.0
pc_portables,HP,Milieu de gamme,profil_descriptif,https://www.mytek.tn/pc-portable-hp-15-fd1079nk-ultra-5-125h-24g-512go-ssd-noir.html,3,2769.0
pc_portables,HP,Milieu de gamme,profil_descriptif,https://www.mytek.tn/pc-portable-hp-15-fd1079nk-ultra-5-125h-24g-512go-ssd-noir.html,4,2769.0
pc_portables,HP,Milieu de gamme,profil_descriptif,https://www.mytek.tn/pc-portable-hp-15-fd1079nk-ultra-5-125h-24go-512go-ssd-noir.html,1,2749.0
pc_portables,HP,Milieu de gamme,profil_descriptif,https://www.mytek.tn/pc-portable-hp-15-fd1079nk-ultra-5-125h-24go-512go-ssd-noir.html,2,2749.0
pc_portables,HP,Milieu de gamme,profil_descriptif,https://www.mytek.tn/pc-portable-hp-15-fd1079nk-ultra-5-125h-24go-512go-ssd-noir.html,3,2749.0
pc_portables,HP,Milieu de gamme,profil_descriptif,https://www.mytek.tn/pc-portable-hp-15-fd1079nk-ultra-5-125h-24go-512go-ssd-noir.html,4,2749.0
pc_portables,HP,Milieu de gamme,profil_descriptif,https://www.mytek.tn/pc-portable-hp-15-fd1108nk-intel-core-5-120u-32go-512go-ssd-silver.html,1,2589.0
pc_portables,HP,Milieu de gamme,profil_descriptif,https://www.mytek.tn/pc-portable-hp-15-fd1108nk-intel-core-5-120u-32go-512go-ssd-silver.html,2,2589.0
pc_portables,HP,Milieu de gamme,profil_descriptif,https://www.mytek.tn/pc-portable-hp-250r-g10-intel-core-3-100u-16go-512go-ssd.html,1,2355.0
pc_portables,HP,Milieu de gamme,profil_descriptif,https://www.mytek.tn/pc-portable-hp-250r-g10-intel-core-3-100u-16go-512go-ssd.html,2,2355.0
pc_portables,HP,Milieu de gamme,profil_descriptif,https://www.mytek.tn/pc-portable-hp-250r-g10-intel-core-3-100u-16go-512go-ssd.html,3,2355.0
pc_portables,HP,Milieu de gamme,profil_descriptif,https://www.mytek.tn/pc-portable-hp-250r-g10-intel-core-3-100u-16go-512go-ssd.html,4,2355.0
pc_portables,HP,Milieu de gamme,profil_descriptif,https://www.mytek.tn/pc-portable-hp-250r-g10-intel-core-5-120u-24go-512go-ssd-argent-cendre-fonce.html,1,3115.0
pc_portables,HP,Milieu de gamme,profil_descriptif,https://www.mytek.tn/pc-portable-hp-250r-g10-intel-core-5-120u-24go-512go-ssd-argent-cendre-fonce.html,2,3115.0
pc_portables,HP,Milieu de gamme,profil_descriptif,https://www.mytek.tn/pc-portable-hp-250r-g10-intel-core-5-120u-24go-512go-ssd-argent-cendre-fonce.html,3,3115.0
pc_portables,HP,Milieu de gamme,profil_descriptif,https://www.mytek.tn/pc-portable-hp-250r-g10-intel-core-5-120u-24go-512go-ssd-argent-cendre-fonce.html,4,3115.0
pc_portables,HP,Milieu de gamme,profil_descriptif,https://www.mytek.tn/pc-portable-hp-ai-15-fd2005nk-ultra-5-225u-24g-512go-ssd-silver-or-chaud.html,1,3109.0
pc_portables,HP,Milieu de gamme,profil_descriptif,https://www.mytek.tn/pc-portable-hp-ai-15-fd2005nk-ultra-5-225u-24g-512go-ssd-silver-or-chaud.html,2,3109.0
pc_portables,HP,Milieu de gamme,profil_descriptif,https://www.mytek.tn/pc-portable-hp-ai-15-fd2005nk-ultra-5-225u-24g-512go-ssd-silver-or-chaud.html,3,3109.0
pc_portables,HP,Milieu de gamme,profil_descriptif,https://www.mytek.tn/pc-portable-hp-ai-15-fd2005nk-ultra-5-225u-24g-512go-ssd-silver-or-chaud.html,4,3109.0
pc_portables,HP,Milieu de gamme,profil_descriptif,https://www.mytek.tn/pc-portable-hp-ai-15-fd2005nk-ultra-5-225u-24go-512go-ssd-silver-or-chaud.html,1,3059.0
pc_portables,HP,Milieu de gamme,profil_descriptif,https://www.mytek.tn/pc-portable-hp-ai-15-fd2005nk-ultra-5-225u-24go-512go-ssd-silver-or-chaud.html,2,3059.0
pc_portables,HP,Milieu de gamme,profil_descriptif,https://www.mytek.tn/pc-portable-hp-ai-15-fd2005nk-ultra-5-225u-24go-512go-ssd-silver-or-chaud.html,3,3059.0
pc_portables,HP,Milieu de gamme,profil_descriptif,https://www.mytek.tn/pc-portable-hp-ai-15-fd2005nk-ultra-5-225u-24go-512go-ssd-silver-or-chaud.html,4,3059.0
pc_portables,HP,Milieu de gamme,profil_descriptif,https://www.mytek.tn/pc-portable-hp-ai-15-fd2010nk-ultra-5-225u-24go-512go-ssd-silver.html,1,2949.0
pc_portables,HP,Milieu de gamme,profil_descriptif,https://www.mytek.tn/pc-portable-hp-ai-15-fd2010nk-ultra-5-225u-24go-512go-ssd-silver.html,2,2949.0
pc_portables,HP,Milieu de gamme,profil_descriptif,https://www.mytek.tn/pc-portable-hp-ai-15-fd2010nk-ultra-5-225u-24go-512go-ssd-silver.html,3,2949.0
pc_portables,HP,Milieu de gamme,profil_descriptif,https://www.mytek.tn/pc-portable-hp-ai-15-fd2010nk-ultra-5-225u-24go-512go-ssd-silver.html,4,2949.0
pc_portables,HP,Milieu de gamme,profil_descriptif,https://www.mytek.tn/pc-portable-hp-probook-4-g1ir-intel-core-5-120u-16g-512g-ssd.html,1,2979.0
pc_portables,HP,Milieu de gamme,profil_descriptif,https://www.mytek.tn/pc-portable-hp-probook-4-g1ir-intel-core-5-120u-16g-512g-ssd.html,2,2979.0
pc_portables,HP,Milieu de gamme,profil_descriptif,https://www.mytek.tn/pc-portable-hp-probook-4-g1ir-intel-core-5-120u-16g-512g-ssd.html,3,2979.0
pc_portables,HP,Milieu de gamme,profil_descriptif,https://www.mytek.tn/pc-portable-hp-probook-4-g1ir-intel-core-5-120u-16g-512g-ssd.html,4,2979.0
pc_portables,HP,Milieu de gamme,profil_descriptif,https://www.mytek.tn/pc-portable-hp-probook-4-g1ir-intel-core-5-120u-16g-512go-ssd.html,1,2929.0
pc_portables,HP,Milieu de gamme,profil_descriptif,https://www.mytek.tn/pc-portable-hp-probook-4-g1ir-intel-core-5-120u-16g-512go-ssd.html,2,2929.0
pc_portables,HP,Milieu de gamme,profil_descriptif,https://www.mytek.tn/pc-portable-hp-probook-4-g1ir-intel-core-5-120u-16g-512go-ssd.html,3,2929.0
pc_portables,HP,Milieu de gamme,profil_descriptif,https://www.mytek.tn/pc-portable-hp-probook-4-g1ir-intel-core-5-120u-16g-512go-ssd.html,4,2929.0
pc_portables,HP,Milieu de gamme,profil_descriptif,https://www.mytek.tn/pc-portable-hp-probook-4-g1ir-intel-core-5-120u-16go-512go-ssd.html,1,2709.0
pc_portables,HP,Milieu de gamme,profil_descriptif,https://www.mytek.tn/pc-portable-hp-probook-4-g1ir-intel-core-5-120u-16go-512go-ssd.html,2,2709.0
pc_portables,HP,Milieu de gamme,profil_descriptif,https://www.mytek.tn/pc-portable-hp-probook-4-g1ir-intel-core-5-120u-8go-512go-ssd.html,1,2635.0
pc_portables,HP,Milieu de gamme,profil_descriptif,https://www.mytek.tn/pc-portable-hp-probook-4-g1ir-intel-core-5-120u-8go-512go-ssd.html,2,2635.0
pc_portables,HP,Milieu de gamme,profil_descriptif,https://www.mytek.tn/pc-portable-hp-probook-4-g1ir-intel-core-5-120u-8go-512go-ssd.html,3,2635.0
pc_portables,HP,Milieu de gamme,profil_descriptif,https://www.mytek.tn/pc-portable-hp-probook-4-g1ir-intel-core-5-120u-8go-512go-ssd.html,4,2635.0
pc_portables,HP,Milieu de gamme,profil_descriptif,https://www.mytek.tn/pc-portable-hp-probook-450-g10-i5-13e-gen-16go-512go-ssd-silver.html,1,2569.0
pc_portables,HP,Milieu de gamme,profil_descriptif,https://www.mytek.tn/pc-portable-hp-probook-450-g10-i5-13e-gen-16go-512go-ssd-silver.html,2,2569.0
pc_portables,HP,Milieu de gamme,profil_descriptif,https://www.mytek.tn/pc-portable-hp-probook-450-g10-i5-13e-gen-16go-512go-ssd-silver.html,3,2569.0
pc_portables,HP,Milieu de gamme,profil_descriptif,https://www.mytek.tn/pc-portable-hp-probook-450-g10-i5-13e-gen-16go-512go-ssd-silver.html,4,2569.0
pc_portables,HP,Milieu de gamme,profil_descriptif,https://www.mytek.tn/pc-portable-hp-probook-450-g10-i5-13e-gen-24g-512g-ssd-silver.html,1,2749.0
pc_portables,HP,Milieu de gamme,profil_descriptif,https://www.mytek.tn/pc-portable-hp-probook-450-g10-i5-13e-gen-24g-512g-ssd-silver.html,2,2749.0
pc_portables,HP,Milieu de gamme,profil_descriptif,https://www.mytek.tn/pc-portable-hp-probook-450-g10-i5-13e-gen-32g-512g-ssd-silver.html,1,2939.0
pc_portables,HP,Milieu de gamme,profil_descriptif,https://www.mytek.tn/pc-portable-hp-probook-450-g10-i5-13e-gen-32g-512g-ssd-silver.html,2,2939.0
pc_portables,HP,Milieu de gamme,profil_descriptif,https://www.mytek.tn/pc-portable-hp-probook-450-g10-i5-13e-gen-8g-512g-ssd-silver.html,1,2459.0
pc_portables,HP,Milieu de gamme,profil_descriptif,https://www.mytek.tn/pc-portable-hp-probook-450-g10-i5-13e-gen-8g-512g-ssd-silver.html,2,2459.0
pc_portables,HP,Milieu de gamme,profil_descriptif,https://www.mytek.tn/pc-portable-hp-probook-450-g10-i5-13e-gen-8g-512g-ssd-silver.html,3,2459.0
pc_portables,HP,Milieu de gamme,profil_descriptif,https://www.mytek.tn/pc-portable-hp-probook-450-g10-i5-13e-gen-8g-512g-ssd-silver.html,4,2459.0
pc_portables,HP,Milieu de gamme,profil_descriptif,https://www.mytek.tn/pc-portable-hp-probook-450-g10-i5-13e-gen-8go-512go-ssd-silver.html,1,2399.0
pc_portables,HP,Milieu de gamme,profil_descriptif,https://www.mytek.tn/pc-portable-hp-probook-450-g10-i5-13e-gen-8go-512go-ssd-silver.html,2,2399.0
pc_portables,HP,Milieu de gamme,profil_descriptif,https://www.mytek.tn/pc-portable-hp-probook-450-g10-i5-13e-gen-8go-512go-ssd-silver.html,3,2399.0
pc_portables,HP,Milieu de gamme,profil_descriptif,https://www.mytek.tn/pc-portable-hp-probook-450-g10-i5-13e-gen-8go-512go-ssd-silver.html,4,2399.0
pc_portables,HP,Milieu de gamme,profil_descriptif,https://www.mytek.tn/pc-portable-hp-probook-450-g10-i5-13eme-gen-16g-512g-ssd-silver.html,1,2619.0
pc_portables,HP,Milieu de gamme,profil_descriptif,https://www.mytek.tn/pc-portable-hp-probook-450-g10-i5-13eme-gen-16g-512g-ssd-silver.html,2,2619.0
pc_portables,HP,Milieu de gamme,profil_descriptif,https://www.mytek.tn/pc-portable-hp-probook-450-g10-i5-13eme-gen-16g-512g-ssd-silver.html,3,2619.0
pc_portables,HP,Milieu de gamme,profil_descriptif,https://www.mytek.tn/pc-portable-hp-probook-450-g10-i5-13eme-gen-16g-512g-ssd-silver.html,4,2619.0
pc_portables,HP,Milieu de gamme,profil_descriptif,https://www.mytek.tn/pc-portable-hp-probook-460-g11-ultra-5-125u-16g-512go-ssd-silver.html,1,3035.0
pc_portables,HP,Milieu de gamme,profil_descriptif,https://www.mytek.tn/pc-portable-hp-probook-460-g11-ultra-5-125u-16g-512go-ssd-silver.html,2,3035.0
pc_portables,HP,Milieu de gamme,profil_descriptif,https://www.mytek.tn/pc-portable-hp-probook-460-g11-ultra-5-125u-16g-512go-ssd-silver.html,3,3035.0
pc_portables,HP,Milieu de gamme,profil_descriptif,https://www.mytek.tn/pc-portable-hp-probook-460-g11-ultra-5-125u-16g-512go-ssd-silver.html,4,3035.0
pc_portables,HP,Milieu de gamme,profil_descriptif,https://www.mytek.tn/pc-portable-hp-probook-460-g11-ultra-5-125u-16go-512go-ssd-silver.html,1,2985.0
pc_portables,HP,Milieu de gamme,profil_descriptif,https://www.mytek.tn/pc-portable-hp-probook-460-g11-ultra-5-125u-16go-512go-ssd-silver.html,2,2985.0
pc_portables,HP,Milieu de gamme,profil_descriptif,https://www.mytek.tn/pc-portable-hp-probook-460-g11-ultra-5-125u-16go-512go-ssd-silver.html,3,2985.0
pc_portables,HP,Milieu de gamme,profil_descriptif,https://www.mytek.tn/pc-portable-hp-probook-460-g11-ultra-5-125u-16go-512go-ssd-silver.html,4,2985.0
pc_portables,HP,Milieu de gamme,profil_descriptif,https://www.mytek.tn/pc-portable-hp-probook-460-g11-ultra-5-125u-8g-512go-ssd-silver.html,1,2639.0
pc_portables,HP,Milieu de gamme,profil_descriptif,https://www.mytek.tn/pc-portable-hp-probook-460-g11-ultra-5-125u-8g-512go-ssd-silver.html,2,2639.0
pc_portables,HP,Milieu de gamme,profil_descriptif,https://www.mytek.tn/pc-portable-hp-probook-460-g11-ultra-5-125u-8g-512go-ssd-silver.html,3,2639.0
pc_portables,HP,Milieu de gamme,profil_descriptif,https://www.mytek.tn/pc-portable-hp-probook-460-g11-ultra-5-125u-8g-512go-ssd-silver.html,4,2639.0
pc_portables,HP,Milieu de gamme,profil_descriptif,https://www.mytek.tn/pc-portable-hp-probook-460-g11-ultra-5-125u-8go-512go-ssd-silver.html,1,2589.0
pc_portables,HP,Milieu de gamme,profil_descriptif,https://www.mytek.tn/pc-portable-hp-probook-460-g11-ultra-5-125u-8go-512go-ssd-silver.html,2,2589.0
pc_portables,HP,Milieu de gamme,profil_descriptif,https://www.mytek.tn/pc-portable-hp-probook-460-g11-ultra-5-125u-8go-512go-ssd-silver.html,3,2589.0
pc_portables,HP,Milieu de gamme,profil_descriptif,https://www.mytek.tn/pc-portable-hp-probook-460-g11-ultra-5-125u-8go-512go-ssd-silver.html,4,2589.0
pc_portables,HP,Premium,0,https://www.mytek.tn/pc-portable-gamer-hp-victus-15-fb3004nk-amd-ryzen-5-16go-rtx-4050.html,1,3889.0
pc_portables,HP,Premium,0,https://www.mytek.tn/pc-portable-gamer-hp-victus-15-fb3004nk-amd-ryzen-5-16go-rtx-4050.html,2,3889.0
pc_portables,HP,Premium,0,https://www.mytek.tn/pc-portable-gamer-hp-victus-15-fb3004nk-amd-ryzen-5-16go-rtx-4050.html,3,3889.0
pc_portables,HP,Premium,0,https://www.mytek.tn/pc-portable-gamer-hp-victus-15-fb3004nk-amd-ryzen-5-16go-rtx-4050.html,4,3889.0
pc_portables,HP,Premium,0,https://www.mytek.tn/pc-portable-gamer-hp-victus-15-fb3005nk-amd-ryzen-7-16go-rtx-4050.html,1,4299.0
pc_portables,HP,Premium,0,https://www.mytek.tn/pc-portable-gamer-hp-victus-15-fb3005nk-amd-ryzen-7-16go-rtx-4050.html,2,4299.0
pc_portables,HP,Premium,0,https://www.mytek.tn/pc-portable-gamer-hp-victus-15-fb3005nk-amd-ryzen-7-16go-rtx-4050.html,3,4299.0
pc_portables,HP,Premium,0,https://www.mytek.tn/pc-portable-gamer-hp-victus-15-fb3005nk-amd-ryzen-7-16go-rtx-4050.html,4,4299.0
pc_portables,HP,Premium,0,https://www.mytek.tn/pc-portable-gamer-hp-victus-15-fb3007nk-amd-ryzen-7-16g-rtx-3050.html,1,3189.0
pc_portables,HP,Premium,0,https://www.mytek.tn/pc-portable-gamer-hp-victus-15-fb3007nk-amd-ryzen-7-16g-rtx-3050.html,2,3189.0
pc_portables,HP,Premium,0,https://www.mytek.tn/pc-portable-gamer-hp-victus-15-fb3007nk-amd-ryzen-7-16g-rtx-3050.html,3,3189.0
pc_portables,HP,Premium,0,https://www.mytek.tn/pc-portable-gamer-hp-victus-15-fb3007nk-amd-ryzen-7-16g-rtx-3050.html,4,3189.0
pc_portables,HP,Premium,0,https://www.mytek.tn/pc-portable-gamer-hp-victus-15-fb3007nk-amd-ryzen-7-16go-rtx-3050.html,1,3189.0
pc_portables,HP,Premium,0,https://www.mytek.tn/pc-portable-gamer-hp-victus-15-fb3007nk-amd-ryzen-7-16go-rtx-3050.html,2,3189.0
pc_portables,HP,Premium,0,https://www.mytek.tn/pc-portable-gamer-hp-victus-15-fb3007nk-amd-ryzen-7-16go-rtx-3050.html,3,3189.0
pc_portables,HP,Premium,0,https://www.mytek.tn/pc-portable-gamer-hp-victus-15-fb3007nk-amd-ryzen-7-16go-rtx-3050.html,4,3189.0
pc_portables,HP,Premium,0,https://www.mytek.tn/pc-portable-gamer-hp-victus-15-fb3007nk-amd-ryzen-7-24g-rtx-3050.html,1,3599.0
pc_portables,HP,Premium,0,https://www.mytek.tn/pc-portable-gamer-hp-victus-15-fb3007nk-amd-ryzen-7-24g-rtx-3050.html,2,3599.0
pc_portables,HP,Premium,0,https://www.mytek.tn/pc-portable-gamer-hp-victus-15-fb3007nk-amd-ryzen-7-24g-rtx-3050.html,3,3599.0
pc_portables,HP,Premium,0,https://www.mytek.tn/pc-portable-gamer-hp-victus-15-fb3007nk-amd-ryzen-7-24g-rtx-3050.html,4,3599.0
pc_portables,HP,Premium,0,https://www.mytek.tn/pc-portable-gamer-hp-victus-15-fb3007nk-amd-ryzen-7-24go-rtx-3050.html,1,3599.0
pc_portables,HP,Premium,0,https://www.mytek.tn/pc-portable-gamer-hp-victus-15-fb3007nk-amd-ryzen-7-24go-rtx-3050.html,2,3599.0
pc_portables,HP,Premium,0,https://www.mytek.tn/pc-portable-gamer-hp-victus-15-fb3007nk-amd-ryzen-7-24go-rtx-3050.html,3,3599.0
pc_portables,HP,Premium,0,https://www.mytek.tn/pc-portable-gamer-hp-victus-15-fb3007nk-amd-ryzen-7-24go-rtx-3050.html,4,3599.0
pc_portables,HP,Premium,0,https://www.mytek.tn/pc-portable-gamer-hp-victus-15-fb3008nk-amd-ryzen-5-24g-rtx-2050.html,1,3149.0
pc_portables,HP,Premium,0,https://www.mytek.tn/pc-portable-gamer-hp-victus-15-fb3008nk-amd-ryzen-5-24g-rtx-2050.html,2,3149.0
pc_portables,HP,Premium,0,https://www.mytek.tn/pc-portable-gamer-hp-victus-15-fb3008nk-amd-ryzen-5-24g-rtx-2050.html,3,3149.0
pc_portables,HP,Premium,0,https://www.mytek.tn/pc-portable-gamer-hp-victus-15-fb3008nk-amd-ryzen-5-24g-rtx-2050.html,4,3149.0
pc_portables,HP,Premium,0,https://www.mytek.tn/pc-portable-gamer-hp-victus-15-fb3008nk-amd-ryzen-5-24go-rtx-2050.html,1,3149.0
pc_portables,HP,Premium,0,https://www.mytek.tn/pc-portable-gamer-hp-victus-15-fb3008nk-amd-ryzen-5-24go-rtx-2050.html,2,3149.0
pc_portables,HP,Premium,0,https://www.mytek.tn/pc-portable-gamer-hp-victus-15-fb3008nk-amd-ryzen-5-24go-rtx-2050.html,3,3149.0
pc_portables,HP,Premium,0,https://www.mytek.tn/pc-portable-gamer-hp-victus-15-fb3008nk-amd-ryzen-5-24go-rtx-2050.html,4,3149.0
pc_portables,HP,Premium,0,https://www.mytek.tn/pc-portable-hp-omnibook-7-aerongai-13-bg1004nk-amd-ryzen-ai-5-16go-512go-ssd.html,1,3239.0
pc_portables,HP,Premium,0,https://www.mytek.tn/pc-portable-hp-omnibook-7-aerongai-13-bg1004nk-amd-ryzen-ai-5-16go-512go-ssd.html,2,3239.0
pc_portables,HP,Premium,0,https://www.mytek.tn/pc-portable-hp-omnibook-7-aerongai-13-bg1004nk-amd-ryzen-ai-5-16go-512go-ssd.html,3,3239.0
pc_portables,HP,Premium,0,https://www.mytek.tn/pc-portable-hp-omnibook-7-aerongai-13-bg1004nk-amd-ryzen-ai-5-16go-512go-ssd.html,4,3239.0
pc_portables,HP,Premium,1,https://www.mytek.tn/pc-portable-gamer-hp-omen-max-16-ah0042nf-ultra-9-275hx-32go-rtx-5060.html,1,9059.0
pc_portables,HP,Premium,1,https://www.mytek.tn/pc-portable-gamer-hp-omen-max-16-ah0042nf-ultra-9-275hx-32go-rtx-5060.html,2,9059.0
pc_portables,HP,Premium,1,https://www.mytek.tn/pc-portable-gamer-hp-omen-max-16-ah0042nf-ultra-9-275hx-32go-rtx-5060.html,3,9059.0
pc_portables,HP,Premium,1,https://www.mytek.tn/pc-portable-gamer-hp-omen-max-16-ah0042nf-ultra-9-275hx-32go-rtx-5060.html,4,9059.0
pc_portables,HP,Premium,1,https://www.mytek.tn/pc-portable-hp-15-fd1079nk-ultra-5-125h-32g-512g-ssd-noir.html,1,3319.0
pc_portables,HP,Premium,1,https://www.mytek.tn/pc-portable-hp-15-fd1079nk-ultra-5-125h-32g-512g-ssd-noir.html,2,3319.0
pc_portables,HP,Premium,1,https://www.mytek.tn/pc-portable-hp-15-fd1079nk-ultra-5-125h-32g-512g-ssd-noir.html,3,3319.0
pc_portables,HP,Premium,1,https://www.mytek.tn/pc-portable-hp-15-fd1079nk-ultra-5-125h-32g-512g-ssd-noir.html,4,3319.0
pc_portables,HP,Premium,1,https://www.mytek.tn/pc-portable-hp-15-fd1079nk-ultra-5-125h-32g-512go-ssd-noir.html,1,3349.0
pc_portables,HP,Premium,1,https://www.mytek.tn/pc-portable-hp-15-fd1079nk-ultra-5-125h-32g-512go-ssd-noir.html,2,3349.0
pc_portables,HP,Premium,1,https://www.mytek.tn/pc-portable-hp-15-fd1079nk-ultra-5-125h-32g-512go-ssd-noir.html,3,3349.0
pc_portables,HP,Premium,1,https://www.mytek.tn/pc-portable-hp-15-fd1079nk-ultra-5-125h-32g-512go-ssd-noir.html,4,3349.0
pc_portables,HP,Premium,1,https://www.mytek.tn/pc-portable-hp-15-fd1079nk-ultra-5-125h-32go-512go-ssd-noir.html,1,3299.0
pc_portables,HP,Premium,1,https://www.mytek.tn/pc-portable-hp-15-fd1079nk-ultra-5-125h-32go-512go-ssd-noir.html,2,3299.0
pc_portables,HP,Premium,1,https://www.mytek.tn/pc-portable-hp-15-fd1079nk-ultra-5-125h-32go-512go-ssd-noir.html,3,3299.0
pc_portables,HP,Premium,1,https://www.mytek.tn/pc-portable-hp-15-fd1079nk-ultra-5-125h-32go-512go-ssd-noir.html,4,3299.0
pc_portables,HP,Premium,1,https://www.mytek.tn/pc-portable-hp-ai-15-fd2000nk-ultra-7-255u-16go-1to-ssd-silver.html,1,4119.0
pc_portables,HP,Premium,1,https://www.mytek.tn/pc-portable-hp-ai-15-fd2000nk-ultra-7-255u-16go-1to-ssd-silver.html,2,4119.0
pc_portables,HP,Premium,1,https://www.mytek.tn/pc-portable-hp-ai-15-fd2000nk-ultra-7-255u-16go-1to-ssd-silver.html,3,4119.0
pc_portables,HP,Premium,1,https://www.mytek.tn/pc-portable-hp-ai-15-fd2000nk-ultra-7-255u-16go-1to-ssd-silver.html,4,4119.0
pc_portables,HP,Premium,1,https://www.mytek.tn/pc-portable-hp-omnibook-5-ai-16-af1003nf-ultra-7-255u-16go-1to-ssd.html,1,3315.0
pc_portables,HP,Premium,1,https://www.mytek.tn/pc-portable-hp-omnibook-5-ai-16-af1003nf-ultra-7-255u-16go-1to-ssd.html,2,3315.0
pc_portables,HP,Premium,1,https://www.mytek.tn/pc-portable-hp-omnibook-5-flip-2-in-1-14-fp0005nk-i5-13e-gen-16go-512go-ssd.html,1,3799.0
pc_portables,HP,Premium,1,https://www.mytek.tn/pc-portable-hp-omnibook-5-flip-2-in-1-14-fp0005nk-i5-13e-gen-16go-512go-ssd.html,2,3799.0
pc_portables,HP,Premium,1,https://www.mytek.tn/pc-portable-hp-omnibook-ultra-flip-14-fh0000nk-ultra-7-258v-32g-1to-ssd-bleu.html,1,6099.0
pc_portables,HP,Premium,1,https://www.mytek.tn/pc-portable-hp-omnibook-ultra-flip-14-fh0000nk-ultra-7-258v-32g-1to-ssd-bleu.html,2,6099.0
pc_portables,HP,Premium,1,https://www.mytek.tn/pc-portable-hp-omnibook-ultra-flip-14-fh0000nk-ultra-7-258v-32g-1to-ssd-bleu.html,3,6099.0
pc_portables,HP,Premium,1,https://www.mytek.tn/pc-portable-hp-omnibook-ultra-flip-14-fh0000nk-ultra-7-258v-32g-1to-ssd-bleu.html,4,6099.0
pc_portables,HP,Premium,1,https://www.mytek.tn/pc-portable-hp-omnibook-ultra-flip-14-fh0005nk-ultra-7-256v-16g-1to-ssd-gris.html,1,5799.0
pc_portables,HP,Premium,1,https://www.mytek.tn/pc-portable-hp-omnibook-ultra-flip-14-fh0005nk-ultra-7-256v-16g-1to-ssd-gris.html,2,5799.0
pc_portables,HP,Premium,1,https://www.mytek.tn/pc-portable-hp-omnibook-ultra-flip-14-fh0008nk-ultra-5-226v-16g-512g-ssd-gris.html,1,5245.0
pc_portables,HP,Premium,1,https://www.mytek.tn/pc-portable-hp-omnibook-ultra-flip-14-fh0008nk-ultra-5-226v-16g-512g-ssd-gris.html,2,5245.0
pc_portables,HP,Premium,1,https://www.mytek.tn/pc-portable-hp-omnibook-ultra-flip-14-fh0008nk-ultra-5-226v-16g-512g-ssd-gris.html,3,5245.0
pc_portables,HP,Premium,1,https://www.mytek.tn/pc-portable-hp-omnibook-ultra-flip-14-fh0008nk-ultra-5-226v-16g-512g-ssd-gris.html,4,5245.0
pc_portables,HP,Premium,1,https://www.mytek.tn/pc-portable-hp-omnibook-x-flip-2-in-1-14-fm0020nk-ultra-5-226v-16g-512g-ssd-silver.html,1,3899.0
pc_portables,HP,Premium,1,https://www.mytek.tn/pc-portable-hp-omnibook-x-flip-2-in-1-14-fm0020nk-ultra-5-226v-16g-512g-ssd-silver.html,2,3899.0
pc_portables,HP,Premium,1,https://www.mytek.tn/pc-portable-hp-omnibook-x-flipngai-14-fm0019nk-ultra-7-256v-16g-512g-ssd-silver.html,1,4379.0
pc_portables,HP,Premium,1,https://www.mytek.tn/pc-portable-hp-omnibook-x-flipngai-14-fm0019nk-ultra-7-256v-16g-512g-ssd-silver.html,2,4379.0
pc_portables,HP,Premium,1,https://www.mytek.tn/pc-portable-hp-omnibook-x-flipngai-14-fm0019nk-ultra-7-256v-16g-512g-ssd-silver.html,3,4379.0
pc_portables,HP,Premium,1,https://www.mytek.tn/pc-portable-hp-omnibook-x-flipngai-14-fm0019nk-ultra-7-256v-16g-512g-ssd-silver.html,4,4379.0
pc_portables,HP,Premium,1,https://www.mytek.tn/pc-portable-hp-probook-4-g1i-ultra-7-255u-16go-512go-ssd.html,1,3625.0
pc_portables,HP,Premium,1,https://www.mytek.tn/pc-portable-hp-probook-4-g1i-ultra-7-255u-16go-512go-ssd.html,2,3625.0
pc_portables,HP,Premium,1,https://www.mytek.tn/pc-portable-hp-probook-460-g11-ultra-5-125u-32g-512go-ssd-silver.html,1,3835.0
pc_portables,HP,Premium,1,https://www.mytek.tn/pc-portable-hp-probook-460-g11-ultra-5-125u-32g-512go-ssd-silver.html,2,3835.0
pc_portables,HP,Premium,1,https://www.mytek.tn/pc-portable-hp-probook-460-g11-ultra-5-125u-32g-512go-ssd-silver.html,3,3835.0
pc_portables,HP,Premium,1,https://www.mytek.tn/pc-portable-hp-probook-460-g11-ultra-5-125u-32g-512go-ssd-silver.html,4,3835.0
pc_portables,HP,Premium,1,https://www.mytek.tn/pc-portable-hp-probook-460-g11-ultra-5-125u-32go-512go-ssd-silver.html,1,3785.0
pc_portables,HP,Premium,1,https://www.mytek.tn/pc-portable-hp-probook-460-g11-ultra-5-125u-32go-512go-ssd-silver.html,2,3785.0
pc_portables,HP,Premium,1,https://www.mytek.tn/pc-portable-hp-probook-460-g11-ultra-5-125u-32go-512go-ssd-silver.html,3,3785.0
pc_portables,HP,Premium,1,https://www.mytek.tn/pc-portable-hp-probook-460-g11-ultra-5-125u-32go-512go-ssd-silver.html,4,3785.0
pc_portables,HP,Premium,2,https://www.mytek.tn/pc-portable-gamer-hp-victus-15-fa2025nk-i7-13e-gen-16go-rtx-4050.html,1,4739.0
pc_portables,HP,Premium,2,https://www.mytek.tn/pc-portable-gamer-hp-victus-15-fa2025nk-i7-13e-gen-16go-rtx-4050.html,2,4739.0
pc_portables,HP,Premium,2,https://www.mytek.tn/pc-portable-gamer-hp-victus-15-fa2025nk-i7-13e-gen-16go-rtx-4050.html,3,4739.0
pc_portables,HP,Premium,2,https://www.mytek.tn/pc-portable-gamer-hp-victus-15-fa2025nk-i7-13e-gen-16go-rtx-4050.html,4,4739.0
pc_portables,HP,Premium,2,https://www.mytek.tn/pc-portable-hp-omnibook-5-flip-2-in-1-14-fp0011nk-intel-core-7-150u-16go-512go-ssd.html,1,4489.0
pc_portables,HP,Premium,2,https://www.mytek.tn/pc-portable-hp-omnibook-5-flip-2-in-1-14-fp0011nk-intel-core-7-150u-16go-512go-ssd.html,2,4489.0
pc_portables,HP,Premium,2,https://www.mytek.tn/pc-portable-hp-omnibook-5-flip-2-in-1-14-fp0011nk-intel-core-7-150u-16go-512go-ssd.html,3,4489.0
pc_portables,HP,Premium,2,https://www.mytek.tn/pc-portable-hp-omnibook-5-flip-2-in-1-14-fp0011nk-intel-core-7-150u-16go-512go-ssd.html,4,4489.0
pc_portables,HP,Premium,2,https://www.mytek.tn/pc-portable-hp-probook-4-g1ir-intel-core-5-120u-16go-512g-ssd.html,1,3259.0
pc_portables,HP,Premium,2,https://www.mytek.tn/pc-portable-hp-probook-4-g1ir-intel-core-5-120u-16go-512g-ssd.html,2,3259.0
pc_portables,HP,Premium,2,https://www.mytek.tn/pc-portable-hp-probook-4-g1ir-intel-core-5-120u-16go-512g-ssd.html,3,3259.0
pc_portables,HP,Premium,2,https://www.mytek.tn/pc-portable-hp-probook-4-g1ir-intel-core-5-120u-16go-512g-ssd.html,4,3259.0
pc_portables,HP,Premium,2,https://www.mytek.tn/pc-portable-hp-probook-4-g1ir-intel-core-7-150u-16g-512g-ssd.html,1,3725.0
pc_portables,HP,Premium,2,https://www.mytek.tn/pc-portable-hp-probook-4-g1ir-intel-core-7-150u-16g-512g-ssd.html,2,3725.0
pc_portables,HP,Premium,2,https://www.mytek.tn/pc-portable-hp-probook-4-g1ir-intel-core-7-150u-16g-512g-ssd.html,3,3725.0
pc_portables,HP,Premium,2,https://www.mytek.tn/pc-portable-hp-probook-4-g1ir-intel-core-7-150u-16g-512g-ssd.html,4,3725.0
pc_portables,HP,Premium,2,https://www.mytek.tn/pc-portable-hp-probook-4-g1ir-intel-core-7-150u-16g-512go-ssd.html,1,3675.0
pc_portables,HP,Premium,2,https://www.mytek.tn/pc-portable-hp-probook-4-g1ir-intel-core-7-150u-16g-512go-ssd.html,2,3675.0
pc_portables,HP,Premium,2,https://www.mytek.tn/pc-portable-hp-probook-4-g1ir-intel-core-7-150u-8go-512go-ssd.html,1,3159.0
pc_portables,HP,Premium,2,https://www.mytek.tn/pc-portable-hp-probook-4-g1ir-intel-core-7-150u-8go-512go-ssd.html,2,3159.0
pc_portables,HP,Premium,2,https://www.mytek.tn/pc-portable-hp-probook-4-g1ir-intel-core-7-150u-8go-512go-ssd.html,3,3159.0
pc_portables,HP,Premium,2,https://www.mytek.tn/pc-portable-hp-probook-4-g1ir-intel-core-7-150u-8go-512go-ssd.html,4,3159.0
pc_portables,HP,Économique,0,https://www.mytek.tn/pc-portable-gamer-hp-victus-15-fb3008nk-amd-ryzen-5-8g-rtx-2050.html,1,2349.0
pc_portables,HP,Économique,0,https://www.mytek.tn/pc-portable-gamer-hp-victus-15-fb3008nk-amd-ryzen-5-8g-rtx-2050.html,2,2349.0
pc_portables,HP,Économique,0,https://www.mytek.tn/pc-portable-gamer-hp-victus-15-fb3008nk-amd-ryzen-5-8g-rtx-2050.html,3,2349.0
pc_portables,HP,Économique,0,https://www.mytek.tn/pc-portable-gamer-hp-victus-15-fb3008nk-amd-ryzen-5-8g-rtx-2050.html,4,2349.0
pc_portables,HP,Économique,0,https://www.mytek.tn/pc-portable-gamer-hp-victus-15-fb3008nk-amd-ryzen-5-8go-rtx-2050.html,1,2349.0
pc_portables,HP,Économique,0,https://www.mytek.tn/pc-portable-gamer-hp-victus-15-fb3008nk-amd-ryzen-5-8go-rtx-2050.html,2,2349.0
pc_portables,HP,Économique,0,https://www.mytek.tn/pc-portable-gamer-hp-victus-15-fb3008nk-amd-ryzen-5-8go-rtx-2050.html,3,2349.0
pc_portables,HP,Économique,0,https://www.mytek.tn/pc-portable-gamer-hp-victus-15-fb3008nk-amd-ryzen-5-8go-rtx-2050.html,4,2349.0
pc_portables,HP,Économique,0,https://www.mytek.tn/pc-portable-hp-15-fc0090nk-amd-ryzen-5-8g-512go-ssd-silver-or-chaud.html,1,1715.0
pc_portables,HP,Économique,0,https://www.mytek.tn/pc-portable-hp-15-fc0090nk-amd-ryzen-5-8g-512go-ssd-silver-or-chaud.html,2,1715.0
pc_portables,HP,Économique,0,https://www.mytek.tn/pc-portable-hp-15-fc0090nk-amd-ryzen-5-8g-512go-ssd-silver-or-chaud.html,3,1715.0
pc_portables,HP,Économique,0,https://www.mytek.tn/pc-portable-hp-15-fc0090nk-amd-ryzen-5-8g-512go-ssd-silver-or-chaud.html,4,1709.0
pc_portables,HP,Économique,0,https://www.mytek.tn/pc-portable-hp-15-fc0090nk-amd-ryzen-5-8go-512go-ssd-silver-or-chaud.html,1,1715.0
pc_portables,HP,Économique,0,https://www.mytek.tn/pc-portable-hp-15-fc0090nk-amd-ryzen-5-8go-512go-ssd-silver-or-chaud.html,2,1715.0
pc_portables,HP,Économique,0,https://www.mytek.tn/pc-portable-hp-15-fc0090nk-amd-ryzen-5-8go-512go-ssd-silver-or-chaud.html,3,1715.0
pc_portables,HP,Économique,0,https://www.mytek.tn/pc-portable-hp-15-fc0090nk-amd-ryzen-5-8go-512go-ssd-silver-or-chaud.html,4,1709.0
pc_portables,HP,Économique,0,https://www.mytek.tn/pc-portable-hp-15-fc0091nk-amd-ryzen-5-8g-512go-ssd-silver-bleu.html,1,1715.0
pc_portables,HP,Économique,0,https://www.mytek.tn/pc-portable-hp-15-fc0091nk-amd-ryzen-5-8g-512go-ssd-silver-bleu.html,2,1715.0
pc_portables,HP,Économique,0,https://www.mytek.tn/pc-portable-hp-15-fc0091nk-amd-ryzen-5-8g-512go-ssd-silver-bleu.html,3,1715.0
pc_portables,HP,Économique,0,https://www.mytek.tn/pc-portable-hp-15-fc0091nk-amd-ryzen-5-8g-512go-ssd-silver-bleu.html,4,1715.0
pc_portables,HP,Économique,0,https://www.mytek.tn/pc-portable-hp-15-fc0091nk-amd-ryzen-5-8go-512go-ssd-silver-bleu.html,1,1715.0
pc_portables,HP,Économique,0,https://www.mytek.tn/pc-portable-hp-15-fc0091nk-amd-ryzen-5-8go-512go-ssd-silver-bleu.html,2,1715.0
pc_portables,HP,Économique,0,https://www.mytek.tn/pc-portable-hp-15-fc0091nk-amd-ryzen-5-8go-512go-ssd-silver-bleu.html,3,1715.0
pc_portables,HP,Économique,0,https://www.mytek.tn/pc-portable-hp-15-fc0091nk-amd-ryzen-5-8go-512go-ssd-silver-bleu.html,4,1709.0
pc_portables,HP,Économique,0,https://www.mytek.tn/pc-portable-hp-15-fc0092nk-amd-ryzen-5-8g-512go-ssd-silver-blanc.html,1,1715.0
pc_portables,HP,Économique,0,https://www.mytek.tn/pc-portable-hp-15-fc0092nk-amd-ryzen-5-8g-512go-ssd-silver-blanc.html,2,1715.0
pc_portables,HP,Économique,0,https://www.mytek.tn/pc-portable-hp-15-fc0092nk-amd-ryzen-5-8g-512go-ssd-silver-blanc.html,3,1715.0
pc_portables,HP,Économique,0,https://www.mytek.tn/pc-portable-hp-15-fc0092nk-amd-ryzen-5-8g-512go-ssd-silver-blanc.html,4,1709.0
pc_portables,HP,Économique,0,https://www.mytek.tn/pc-portable-hp-15-fc0092nk-amd-ryzen-5-8go-512go-ssd-silver-blanc.html,1,1715.0
pc_portables,HP,Économique,0,https://www.mytek.tn/pc-portable-hp-15-fc0092nk-amd-ryzen-5-8go-512go-ssd-silver-blanc.html,2,1715.0
pc_portables,HP,Économique,0,https://www.mytek.tn/pc-portable-hp-15-fc0092nk-amd-ryzen-5-8go-512go-ssd-silver-blanc.html,3,1709.0
pc_portables,HP,Économique,0,https://www.mytek.tn/pc-portable-hp-15-fc0092nk-amd-ryzen-5-8go-512go-ssd-silver-blanc.html,4,1709.0
pc_portables,HP,Économique,0,https://www.mytek.tn/pc-portable-hp-15-fc0127nk-amd-ryzen-5-8g-512go-ssd-silver.html,1,1715.0
pc_portables,HP,Économique,0,https://www.mytek.tn/pc-portable-hp-15-fc0127nk-amd-ryzen-5-8g-512go-ssd-silver.html,2,1715.0
pc_portables,HP,Économique,0,https://www.mytek.tn/pc-portable-hp-15-fc0127nk-amd-ryzen-5-8g-512go-ssd-silver.html,3,1715.0
pc_portables,HP,Économique,0,https://www.mytek.tn/pc-portable-hp-15-fc0127nk-amd-ryzen-5-8g-512go-ssd-silver.html,4,1709.0
pc_portables,HP,Économique,0,https://www.mytek.tn/pc-portable-hp-15-fc0127nk-amd-ryzen-5-8go-512go-ssd-silver.html,1,1715.0
pc_portables,HP,Économique,0,https://www.mytek.tn/pc-portable-hp-15-fc0127nk-amd-ryzen-5-8go-512go-ssd-silver.html,2,1715.0
pc_portables,HP,Économique,0,https://www.mytek.tn/pc-portable-hp-15-fc0127nk-amd-ryzen-5-8go-512go-ssd-silver.html,3,1715.0
pc_portables,HP,Économique,0,https://www.mytek.tn/pc-portable-hp-15-fc0127nk-amd-ryzen-5-8go-512go-ssd-silver.html,4,1709.0
pc_portables,HP,Économique,0,https://www.mytek.tn/pc-portable-hp-15-fc0180nk-amd-ryzen-3-8g-512go-ssd-silver.html,1,1819.0
pc_portables,HP,Économique,0,https://www.mytek.tn/pc-portable-hp-15-fc0180nk-amd-ryzen-3-8g-512go-ssd-silver.html,2,1649.0
pc_portables,HP,Économique,0,https://www.mytek.tn/pc-portable-hp-15-fc0180nk-amd-ryzen-3-8g-512go-ssd-silver.html,4,1649.0
pc_portables,HP,Économique,0,https://www.mytek.tn/pc-portable-hp-15-fc0180nk-amd-ryzen-3-8go-512go-ssd-silver.html,1,1599.0
pc_portables,HP,Économique,0,https://www.mytek.tn/pc-portable-hp-15-fc0180nk-amd-ryzen-3-8go-512go-ssd-silver.html,2,1599.0
pc_portables,HP,Économique,0,https://www.mytek.tn/pc-portable-hp-15-fc0180nk-amd-ryzen-3-8go-512go-ssd-silver.html,3,1599.0
pc_portables,HP,Économique,0,https://www.mytek.tn/pc-portable-hp-15-fc0180nk-amd-ryzen-3-8go-512go-ssd-silver.html,4,1599.0
pc_portables,HP,Économique,0,https://www.mytek.tn/pc-portable-hp-15-fc0181nk-amd-ryzen-5-8g-512go-ssd-silver.html,1,1949.0
pc_portables,HP,Économique,0,https://www.mytek.tn/pc-portable-hp-15-fc0181nk-amd-ryzen-5-8g-512go-ssd-silver.html,2,1949.0
pc_portables,HP,Économique,0,https://www.mytek.tn/pc-portable-hp-15-fc0181nk-amd-ryzen-5-8g-512go-ssd-silver.html,3,1949.0
pc_portables,HP,Économique,0,https://www.mytek.tn/pc-portable-hp-15-fc0181nk-amd-ryzen-5-8g-512go-ssd-silver.html,4,1949.0
pc_portables,HP,Économique,0,https://www.mytek.tn/pc-portable-hp-15-fc0181nk-amd-ryzen-5-8go-512go-ssd-silver.html,1,1899.0
pc_portables,HP,Économique,0,https://www.mytek.tn/pc-portable-hp-15-fc0181nk-amd-ryzen-5-8go-512go-ssd-silver.html,2,1899.0
pc_portables,HP,Économique,0,https://www.mytek.tn/pc-portable-hp-15-fc0181nk-amd-ryzen-5-8go-512go-ssd-silver.html,3,1899.0
pc_portables,HP,Économique,0,https://www.mytek.tn/pc-portable-hp-15-fc0181nk-amd-ryzen-5-8go-512go-ssd-silver.html,4,1899.0
pc_portables,HP,Économique,0,https://www.mytek.tn/pc-portable-hp-15-fc0182nk-amd-ryzen-5-16go-512go-ssd-silver.html,1,2099.0
pc_portables,HP,Économique,0,https://www.mytek.tn/pc-portable-hp-15-fc0182nk-amd-ryzen-5-16go-512go-ssd-silver.html,2,2099.0
pc_portables,HP,Économique,0,https://www.mytek.tn/pc-portable-hp-15-fc0182nk-amd-ryzen-5-16go-512go-ssd-silver.html,3,2099.0
pc_portables,HP,Économique,0,https://www.mytek.tn/pc-portable-hp-15-fc0182nk-amd-ryzen-5-16go-512go-ssd-silver.html,4,2099.0
pc_portables,HP,Économique,1,https://www.mytek.tn/pc-portable-hp-15-fd0438nk-i3-13e-gen-16g-512go-ssd-noir.html,1,1899.0
pc_portables,HP,Économique,1,https://www.mytek.tn/pc-portable-hp-15-fd0438nk-i3-13e-gen-16g-512go-ssd-noir.html,2,1899.0
pc_portables,HP,Économique,1,https://www.mytek.tn/pc-portable-hp-15-fd0438nk-i3-13e-gen-16g-512go-ssd-noir.html,3,1899.0
pc_portables,HP,Économique,1,https://www.mytek.tn/pc-portable-hp-15-fd0438nk-i3-13e-gen-16g-512go-ssd-noir.html,4,1899.0
pc_portables,HP,Économique,1,https://www.mytek.tn/pc-portable-hp-15-fd0438nk-i3-13e-gen-16go-512go-ssd-noir.html,1,1829.0
pc_portables,HP,Économique,1,https://www.mytek.tn/pc-portable-hp-15-fd0438nk-i3-13e-gen-16go-512go-ssd-noir.html,2,1829.0
pc_portables,HP,Économique,1,https://www.mytek.tn/pc-portable-hp-15-fd0438nk-i3-13e-gen-16go-512go-ssd-noir.html,3,1829.0
pc_portables,HP,Économique,1,https://www.mytek.tn/pc-portable-hp-15-fd0438nk-i3-13e-gen-16go-512go-ssd-noir.html,4,1829.0
pc_portables,HP,Économique,1,https://www.mytek.tn/pc-portable-hp-15-fd0438nk-i3-13e-gen-24go-512go-ssd-noir.html,1,2079.0
pc_portables,HP,Économique,1,https://www.mytek.tn/pc-portable-hp-15-fd0438nk-i3-13e-gen-24go-512go-ssd-noir.html,2,2079.0
pc_portables,HP,Économique,1,https://www.mytek.tn/pc-portable-hp-15-fd0438nk-i3-13e-gen-24go-512go-ssd-noir.html,3,2079.0
pc_portables,HP,Économique,1,https://www.mytek.tn/pc-portable-hp-15-fd0438nk-i3-13e-gen-24go-512go-ssd-noir.html,4,2079.0
pc_portables,HP,Économique,1,https://www.mytek.tn/pc-portable-hp-15-fd0438nk-i3-13e-gen-8g-512go-ssd-noir.html,1,1729.0
pc_portables,HP,Économique,1,https://www.mytek.tn/pc-portable-hp-15-fd0438nk-i3-13e-gen-8g-512go-ssd-noir.html,2,1729.0
pc_portables,HP,Économique,1,https://www.mytek.tn/pc-portable-hp-15-fd0438nk-i3-13e-gen-8g-512go-ssd-noir.html,3,1729.0
pc_portables,HP,Économique,1,https://www.mytek.tn/pc-portable-hp-15-fd0438nk-i3-13e-gen-8g-512go-ssd-noir.html,4,1729.0
pc_portables,HP,Économique,1,https://www.mytek.tn/pc-portable-hp-15-fd0438nk-i3-13e-gen-8go-512go-ssd-noir.html,1,1679.0
pc_portables,HP,Économique,1,https://www.mytek.tn/pc-portable-hp-15-fd0438nk-i3-13e-gen-8go-512go-ssd-noir.html,2,1679.0
pc_portables,HP,Économique,1,https://www.mytek.tn/pc-portable-hp-15-fd0438nk-i3-13e-gen-8go-512go-ssd-noir.html,3,1679.0
pc_portables,HP,Économique,1,https://www.mytek.tn/pc-portable-hp-15-fd0438nk-i3-13e-gen-8go-512go-ssd-noir.html,4,1679.0
pc_portables,HP,Économique,1,https://www.mytek.tn/pc-portable-hp-250r-g10-intel-core-3-100u-8go-512go-ssd.html,1,1945.0
pc_portables,HP,Économique,1,https://www.mytek.tn/pc-portable-hp-250r-g10-intel-core-3-100u-8go-512go-ssd.html,2,1945.0
pc_portables,HP,Économique,1,https://www.mytek.tn/pc-portable-hp-250r-g10-intel-core-3-100u-8go-512go-ssd.html,3,1945.0
pc_portables,HP,Économique,1,https://www.mytek.tn/pc-portable-hp-250r-g10-intel-core-3-100u-8go-512go-ssd.html,4,1945.0
pc_portables,HP,Économique,2,https://www.mytek.tn/pc-portable-gamer-hp-victus-15-fa1006nk-i5-13e-gen-8go-rtx-2050.html,1,2259.0
pc_portables,HP,Économique,2,https://www.mytek.tn/pc-portable-gamer-hp-victus-15-fa1006nk-i5-13e-gen-8go-rtx-2050.html,2,2259.0
pc_portables,HP,Économique,2,https://www.mytek.tn/pc-portable-gamer-hp-victus-15-fa1006nk-i5-13e-gen-8go-rtx-2050.html,3,2259.0
pc_portables,HP,Économique,2,https://www.mytek.tn/pc-portable-gamer-hp-victus-15-fa1006nk-i5-13e-gen-8go-rtx-2050.html,4,2259.0
pc_portables,HP,Économique,2,https://www.mytek.tn/pc-portable-hp-15-fd0669nk-intel-core-5-120u-16go-512go-ssd-silver.html,1,2299.0
pc_portables,HP,Économique,2,https://www.mytek.tn/pc-portable-hp-15-fd0669nk-intel-core-5-120u-16go-512go-ssd-silver.html,2,2299.0
pc_portables,HP,Économique,2,https://www.mytek.tn/pc-portable-hp-15-fd0669nk-intel-core-5-120u-16go-512go-ssd-silver.html,3,2299.0
pc_portables,HP,Économique,2,https://www.mytek.tn/pc-portable-hp-15-fd0669nk-intel-core-5-120u-16go-512go-ssd-silver.html,4,2299.0
pc_portables,HP,Économique,2,https://www.mytek.tn/pc-portable-hp-15-fd1073nk-intel-core-7-150u-16g-512go-ssd-silver.html,1,2345.0
pc_portables,HP,Économique,2,https://www.mytek.tn/pc-portable-hp-15-fd1073nk-intel-core-7-150u-16g-512go-ssd-silver.html,2,2345.0
pc_portables,HP,Économique,2,https://www.mytek.tn/pc-portable-hp-15-fd1073nk-intel-core-7-150u-16g-512go-ssd-silver.html,3,2345.0
pc_portables,HP,Économique,2,https://www.mytek.tn/pc-portable-hp-15-fd1073nk-intel-core-7-150u-16g-512go-ssd-silver.html,4,2345.0
pc_portables,HP,Économique,2,https://www.mytek.tn/pc-portable-hp-15-fd1073nk-intel-core-7-150u-16go-512go-ssd-silver.html,1,2295.0
pc_portables,HP,Économique,2,https://www.mytek.tn/pc-portable-hp-15-fd1073nk-intel-core-7-150u-16go-512go-ssd-silver.html,2,2295.0
pc_portables,HP,Économique,2,https://www.mytek.tn/pc-portable-hp-15-fd1073nk-intel-core-7-150u-16go-512go-ssd-silver.html,3,2295.0
pc_portables,HP,Économique,2,https://www.mytek.tn/pc-portable-hp-15-fd1073nk-intel-core-7-150u-16go-512go-ssd-silver.html,4,2295.0
pc_portables,HP,Économique,2,https://www.mytek.tn/pc-portable-hp-15-fd1073nk-intel-core-7-150u-8go-512go-ssd-silver.html,1,2065.0
pc_portables,HP,Économique,2,https://www.mytek.tn/pc-portable-hp-15-fd1073nk-intel-core-7-150u-8go-512go-ssd-silver.html,2,2065.0
pc_portables,HP,Économique,2,https://www.mytek.tn/pc-portable-hp-15-fd1073nk-intel-core-7-150u-8go-512go-ssd-silver.html,3,2065.0
pc_portables,HP,Économique,2,https://www.mytek.tn/pc-portable-hp-15-fd1073nk-intel-core-7-150u-8go-512go-ssd-silver.html,4,2065.0
pc_portables,HP,Économique,2,https://www.mytek.tn/pc-portable-hp-15-fd1077nk-ultra-5-125h-16g-512go-ssd-silver-or-chaud.html,1,2249.0
pc_portables,HP,Économique,2,https://www.mytek.tn/pc-portable-hp-15-fd1077nk-ultra-5-125h-16g-512go-ssd-silver-or-chaud.html,2,2249.0
pc_portables,HP,Économique,2,https://www.mytek.tn/pc-portable-hp-15-fd1077nk-ultra-5-125h-16g-512go-ssd-silver-or-chaud.html,3,2249.0
pc_portables,HP,Économique,2,https://www.mytek.tn/pc-portable-hp-15-fd1077nk-ultra-5-125h-16g-512go-ssd-silver-or-chaud.html,4,2249.0
pc_portables,HP,Économique,2,https://www.mytek.tn/pc-portable-hp-15-fd1077nk-ultra-5-125h-16go-512go-ssd-silver-or-chaud.html,1,2199.0
pc_portables,HP,Économique,2,https://www.mytek.tn/pc-portable-hp-15-fd1077nk-ultra-5-125h-16go-512go-ssd-silver-or-chaud.html,2,2199.0
pc_portables,HP,Économique,2,https://www.mytek.tn/pc-portable-hp-15-fd1077nk-ultra-5-125h-16go-512go-ssd-silver-or-chaud.html,3,2199.0
pc_portables,HP,Économique,2,https://www.mytek.tn/pc-portable-hp-15-fd1077nk-ultra-5-125h-16go-512go-ssd-silver-or-chaud.html,4,2199.0
pc_portables,HP,Économique,2,https://www.mytek.tn/pc-portable-hp-15-fd1079nk-ultra-5-125h-16g-512go-ssd-noir.html,1,2249.0
pc_portables,HP,Économique,2,https://www.mytek.tn/pc-portable-hp-15-fd1079nk-ultra-5-125h-16g-512go-ssd-noir.html,2,2249.0
pc_portables,HP,Économique,2,https://www.mytek.tn/pc-portable-hp-15-fd1079nk-ultra-5-125h-16g-512go-ssd-noir.html,3,2249.0
pc_portables,HP,Économique,2,https://www.mytek.tn/pc-portable-hp-15-fd1079nk-ultra-5-125h-16g-512go-ssd-noir.html,4,2249.0
pc_portables,HP,Économique,2,https://www.mytek.tn/pc-portable-hp-15-fd1079nk-ultra-5-125h-16go-512go-ssd-noir.html,1,2199.0
pc_portables,HP,Économique,2,https://www.mytek.tn/pc-portable-hp-15-fd1079nk-ultra-5-125h-16go-512go-ssd-noir.html,2,2199.0
pc_portables,HP,Économique,2,https://www.mytek.tn/pc-portable-hp-15-fd1079nk-ultra-5-125h-16go-512go-ssd-noir.html,3,2199.0
pc_portables,HP,Économique,2,https://www.mytek.tn/pc-portable-hp-15-fd1079nk-ultra-5-125h-16go-512go-ssd-noir.html,4,2199.0
pc_portables,HP,Économique,2,https://www.mytek.tn/pc-portable-hp-15-fd1108nk-intel-core-5-120u-16g-512go-ssd-silver.html,1,2209.0
pc_portables,HP,Économique,2,https://www.mytek.tn/pc-portable-hp-15-fd1108nk-intel-core-5-120u-16g-512go-ssd-silver.html,2,2209.0
pc_portables,HP,Économique,2,https://www.mytek.tn/pc-portable-hp-15-fd1108nk-intel-core-5-120u-16go-512go-ssd-silver.html,1,2159.0
pc_portables,HP,Économique,2,https://www.mytek.tn/pc-portable-hp-15-fd1108nk-intel-core-5-120u-16go-512go-ssd-silver.html,2,2159.0
pc_portables,LENOVO,Milieu de gamme,0,https://www.mytek.tn/pc-portable-lenovo-thinkbook-16-g8-ial-ultra-5-225u-16g-512g-ssd-gris.html,1,3049.0
pc_portables,LENOVO,Milieu de gamme,0,https://www.mytek.tn/pc-portable-lenovo-thinkbook-16-g8-ial-ultra-5-225u-16g-512g-ssd-gris.html,2,3049.0
pc_portables,LENOVO,Milieu de gamme,0,https://www.mytek.tn/pc-portable-lenovo-thinkbook-16-g8-ial-ultra-5-225u-16g-512g-ssd-gris.html,3,3049.0
pc_portables,LENOVO,Milieu de gamme,0,https://www.mytek.tn/pc-portable-lenovo-thinkbook-16-g8-ial-ultra-5-225u-16g-512g-ssd-gris.html,4,3049.0
pc_portables,LENOVO,Milieu de gamme,0,https://www.mytek.tn/pc-portable-lenovo-thinkbook-16-g8-ial-ultra-5-225u-16g-512go-ssd-gris.html,1,3239.0
pc_portables,LENOVO,Milieu de gamme,0,https://www.mytek.tn/pc-portable-lenovo-thinkbook-16-g8-ial-ultra-5-225u-16g-512go-ssd-gris.html,2,3239.0
pc_portables,LENOVO,Milieu de gamme,0,https://www.mytek.tn/pc-portable-lenovo-thinkbook-16-g8-ial-ultra-5-225u-16g-512go-ssd-gris.html,3,3239.0
pc_portables,LENOVO,Milieu de gamme,0,https://www.mytek.tn/pc-portable-lenovo-thinkbook-16-g8-ial-ultra-5-225u-16g-512go-ssd-gris.html,4,3239.0
pc_portables,LENOVO,Milieu de gamme,0,https://www.mytek.tn/pc-portable-lenovo-thinkbook-16-g8-ial-ultra-5-225u-24g-512g-ssd-gris.html,1,3459.0
pc_portables,LENOVO,Milieu de gamme,0,https://www.mytek.tn/pc-portable-lenovo-thinkbook-16-g8-ial-ultra-5-225u-24g-512g-ssd-gris.html,2,3459.0
pc_portables,LENOVO,Milieu de gamme,0,https://www.mytek.tn/pc-portable-lenovo-thinkbook-16-g8-ial-ultra-5-225u-24g-512g-ssd-gris.html,3,3459.0
pc_portables,LENOVO,Milieu de gamme,0,https://www.mytek.tn/pc-portable-lenovo-thinkbook-16-g8-ial-ultra-5-225u-24g-512g-ssd-gris.html,4,3459.0
pc_portables,LENOVO,Milieu de gamme,0,https://www.mytek.tn/pc-portable-lenovo-thinkbook-16-g8-ial-ultra-5-225u-32g-512g-ssd-gris.html,1,3859.0
pc_portables,LENOVO,Milieu de gamme,0,https://www.mytek.tn/pc-portable-lenovo-thinkbook-16-g8-ial-ultra-5-225u-32g-512g-ssd-gris.html,2,3859.0
pc_portables,LENOVO,Milieu de gamme,0,https://www.mytek.tn/pc-portable-lenovo-thinkbook-16-g8-ial-ultra-5-225u-32g-512g-ssd-gris.html,3,3859.0
pc_portables,LENOVO,Milieu de gamme,0,https://www.mytek.tn/pc-portable-lenovo-thinkbook-16-g8-ial-ultra-5-225u-32g-512g-ssd-gris.html,4,3859.0
pc_portables,LENOVO,Milieu de gamme,0,https://www.mytek.tn/pc-portable-lenovo-thinkbook-16-g8-ial-ultra-5-225u-8g-512go-ssd-gris.html,1,2829.0
pc_portables,LENOVO,Milieu de gamme,0,https://www.mytek.tn/pc-portable-lenovo-thinkbook-16-g8-ial-ultra-5-225u-8g-512go-ssd-gris.html,2,2829.0
pc_portables,LENOVO,Milieu de gamme,0,https://www.mytek.tn/pc-portable-lenovo-thinkbook-16-g8-ial-ultra-5-225u-8g-512go-ssd-gris.html,3,2829.0
pc_portables,LENOVO,Milieu de gamme,0,https://www.mytek.tn/pc-portable-lenovo-thinkbook-16-g8-ial-ultra-5-225u-8g-512go-ssd-gris.html,4,2829.0
pc_portables,LENOVO,Milieu de gamme,0,https://www.mytek.tn/pc-portable-lenovo-thinkbook-16-g8-ial-ultra-7-255h-16g-512g-ssd-gris.html,1,3465.0
pc_portables,LENOVO,Milieu de gamme,0,https://www.mytek.tn/pc-portable-lenovo-thinkbook-16-g8-ial-ultra-7-255h-16g-512g-ssd-gris.html,2,3465.0
pc_portables,LENOVO,Milieu de gamme,0,https://www.mytek.tn/pc-portable-lenovo-thinkbook-16-g8-ial-ultra-7-255h-16g-512g-ssd-gris.html,3,3465.0
pc_portables,LENOVO,Milieu de gamme,0,https://www.mytek.tn/pc-portable-lenovo-thinkbook-16-g8-ial-ultra-7-255h-16g-512g-ssd-gris.html,4,3465.0
pc_portables,LENOVO,Milieu de gamme,0,https://www.mytek.tn/pc-portable-lenovo-thinkbook-16-g8-ial-ultra-7-255h-24g-512go-ssd-gris.html,1,3859.0
pc_portables,LENOVO,Milieu de gamme,0,https://www.mytek.tn/pc-portable-lenovo-thinkbook-16-g8-ial-ultra-7-255h-24g-512go-ssd-gris.html,2,3859.0
pc_portables,LENOVO,Milieu de gamme,0,https://www.mytek.tn/pc-portable-lenovo-thinkbook-16-g8-ial-ultra-7-255h-24g-512go-ssd-gris.html,3,3859.0
pc_portables,LENOVO,Milieu de gamme,0,https://www.mytek.tn/pc-portable-lenovo-thinkbook-16-g8-ial-ultra-7-255h-24g-512go-ssd-gris.html,4,3859.0
pc_portables,LENOVO,Milieu de gamme,0,https://www.mytek.tn/pc-portable-lenovo-thinkbook-16-g8-ial-ultra-7-255h-8g-512go-ssd-gris.html,1,3049.0
pc_portables,LENOVO,Milieu de gamme,0,https://www.mytek.tn/pc-portable-lenovo-thinkbook-16-g8-ial-ultra-7-255h-8g-512go-ssd-gris.html,2,3049.0
pc_portables,LENOVO,Milieu de gamme,0,https://www.mytek.tn/pc-portable-lenovo-thinkbook-16-g8-ial-ultra-7-255h-8g-512go-ssd-gris.html,3,3049.0
pc_portables,LENOVO,Milieu de gamme,0,https://www.mytek.tn/pc-portable-lenovo-thinkbook-16-g8-ial-ultra-7-255h-8g-512go-ssd-gris.html,4,3049.0
pc_portables,LENOVO,Milieu de gamme,0,https://www.mytek.tn/pc-portable-lenovo-thinkpad-e16-gen-3-ultra-5-225u-16g-512g-ssd-noir.html,1,3499.0
pc_portables,LENOVO,Milieu de gamme,0,https://www.mytek.tn/pc-portable-lenovo-thinkpad-e16-gen-3-ultra-5-225u-16g-512g-ssd-noir.html,2,3499.0
pc_portables,LENOVO,Milieu de gamme,0,https://www.mytek.tn/pc-portable-lenovo-thinkpad-e16-gen-3-ultra-5-225u-16g-512g-ssd-noir.html,3,3499.0
pc_portables,LENOVO,Milieu de gamme,0,https://www.mytek.tn/pc-portable-lenovo-thinkpad-e16-gen-3-ultra-5-225u-16g-512g-ssd-noir.html,4,3499.0
pc_portables,LENOVO,Milieu de gamme,0,https://www.mytek.tn/pc-portable-lenovo-thinkpad-e16-gen-3-ultra-5-225u-16g-512go-ssd-noir.html,1,3499.0
pc_portables,LENOVO,Milieu de gamme,0,https://www.mytek.tn/pc-portable-lenovo-thinkpad-e16-gen-3-ultra-5-225u-16g-512go-ssd-noir.html,2,3499.0
pc_portables,LENOVO,Milieu de gamme,0,https://www.mytek.tn/pc-portable-lenovo-thinkpad-e16-gen-3-ultra-5-225u-16g-512go-ssd-noir.html,3,3499.0
pc_portables,LENOVO,Milieu de gamme,0,https://www.mytek.tn/pc-portable-lenovo-thinkpad-e16-gen-3-ultra-5-225u-16g-512go-ssd-noir.html,4,3499.0
pc_portables,LENOVO,Milieu de gamme,0,https://www.mytek.tn/pc-portable-lenovo-thinkpad-e16-gen-3-ultra-5-225u-8g-512go-ssd-noir.html,1,3199.0
pc_portables,LENOVO,Milieu de gamme,0,https://www.mytek.tn/pc-portable-lenovo-thinkpad-e16-gen-3-ultra-5-225u-8g-512go-ssd-noir.html,2,3199.0
pc_portables,LENOVO,Milieu de gamme,0,https://www.mytek.tn/pc-portable-lenovo-thinkpad-e16-gen-3-ultra-5-225u-8g-512go-ssd-noir.html,3,3199.0
pc_portables,LENOVO,Milieu de gamme,0,https://www.mytek.tn/pc-portable-lenovo-thinkpad-e16-gen-3-ultra-5-225u-8g-512go-ssd-noir.html,4,3199.0
pc_portables,LENOVO,Milieu de gamme,1,https://www.mytek.tn/pc-portable-gamer-lenovo-loq-15iax9-i5-12eme-gen-16go-rtx3050.html,1,2899.0
pc_portables,LENOVO,Milieu de gamme,1,https://www.mytek.tn/pc-portable-gamer-lenovo-loq-15iax9-i5-12eme-gen-16go-rtx3050.html,2,2899.0
pc_portables,LENOVO,Milieu de gamme,1,https://www.mytek.tn/pc-portable-gamer-lenovo-loq-15iax9-i5-12eme-gen-16go-rtx3050.html,3,2899.0
pc_portables,LENOVO,Milieu de gamme,1,https://www.mytek.tn/pc-portable-gamer-lenovo-loq-15iax9-i5-12eme-gen-16go-rtx3050.html,4,2899.0
pc_portables,LENOVO,Milieu de gamme,1,https://www.mytek.tn/pc-portable-gamer-lenovo-loq-15iax9-i5-12eme-gen-24g-rtx-3050.html,1,3299.0
pc_portables,LENOVO,Milieu de gamme,1,https://www.mytek.tn/pc-portable-gamer-lenovo-loq-15iax9-i5-12eme-gen-24g-rtx-3050.html,2,3299.0
pc_portables,LENOVO,Milieu de gamme,1,https://www.mytek.tn/pc-portable-gamer-lenovo-loq-15iax9-i5-12eme-gen-24g-rtx-3050.html,3,3299.0
pc_portables,LENOVO,Milieu de gamme,1,https://www.mytek.tn/pc-portable-gamer-lenovo-loq-15iax9-i5-12eme-gen-24g-rtx-3050.html,4,3299.0
pc_portables,LENOVO,Milieu de gamme,1,https://www.mytek.tn/pc-portable-gamer-lenovo-loq-15iax9-i5-12eme-gen-8g-rtx-3050.html,1,2499.0
pc_portables,LENOVO,Milieu de gamme,1,https://www.mytek.tn/pc-portable-gamer-lenovo-loq-15iax9-i5-12eme-gen-8g-rtx-3050.html,2,2499.0
pc_portables,LENOVO,Milieu de gamme,1,https://www.mytek.tn/pc-portable-gamer-lenovo-loq-15iax9-i5-12eme-gen-8g-rtx-3050.html,3,2499.0
pc_portables,LENOVO,Milieu de gamme,1,https://www.mytek.tn/pc-portable-gamer-lenovo-loq-15iax9-i5-12eme-gen-8g-rtx-3050.html,4,2499.0
pc_portables,LENOVO,Milieu de gamme,1,https://www.mytek.tn/pc-portable-gamer-lenovo-loq-15irx10-i5-13e-gen-16go-rtx-5050.html,1,3499.0
pc_portables,LENOVO,Milieu de gamme,1,https://www.mytek.tn/pc-portable-gamer-lenovo-loq-15irx10-i5-13e-gen-16go-rtx-5050.html,2,3499.0
pc_portables,LENOVO,Milieu de gamme,1,https://www.mytek.tn/pc-portable-gamer-lenovo-loq-15irx10-i5-13e-gen-16go-rtx-5050.html,3,3499.0
pc_portables,LENOVO,Milieu de gamme,1,https://www.mytek.tn/pc-portable-gamer-lenovo-loq-15irx10-i5-13e-gen-16go-rtx-5050.html,4,3499.0
pc_portables,LENOVO,Milieu de gamme,1,https://www.mytek.tn/pc-portable-gamer-lenovo-loq-15irx10-i5-13e-gen-24go-rtx-5050.html,1,3629.0
pc_portables,LENOVO,Milieu de gamme,1,https://www.mytek.tn/pc-portable-gamer-lenovo-loq-15irx10-i5-13e-gen-24go-rtx-5050.html,2,3629.0
pc_portables,LENOVO,Milieu de gamme,1,https://www.mytek.tn/pc-portable-gamer-lenovo-loq-15irx10-i5-13e-gen-24go-rtx-5050.html,3,3629.0
pc_portables,LENOVO,Milieu de gamme,1,https://www.mytek.tn/pc-portable-gamer-lenovo-loq-15irx10-i5-13e-gen-24go-rtx-5050.html,4,3629.0
pc_portables,LENOVO,Milieu de gamme,1,https://www.mytek.tn/pc-portable-gamer-lenovo-loq-15irx9-i5-13e-gen-16g-rtx-3050.html,1,3279.0
pc_portables,LENOVO,Milieu de gamme,1,https://www.mytek.tn/pc-portable-gamer-lenovo-loq-15irx9-i5-13e-gen-16g-rtx-3050.html,2,3279.0
pc_portables,LENOVO,Milieu de gamme,1,https://www.mytek.tn/pc-portable-gamer-lenovo-loq-15irx9-i5-13e-gen-16g-rtx-3050.html,3,3279.0
pc_portables,LENOVO,Milieu de gamme,1,https://www.mytek.tn/pc-portable-gamer-lenovo-loq-15irx9-i5-13e-gen-16g-rtx-3050.html,4,3279.0
pc_portables,LENOVO,Milieu de gamme,1,https://www.mytek.tn/pc-portable-gamer-lenovo-loq-15irx9-i5-13e-gen-16go-rtx-3050.html,1,3229.0
pc_portables,LENOVO,Milieu de gamme,1,https://www.mytek.tn/pc-portable-gamer-lenovo-loq-15irx9-i5-13e-gen-16go-rtx-3050.html,2,3229.0
pc_portables,LENOVO,Milieu de gamme,1,https://www.mytek.tn/pc-portable-gamer-lenovo-loq-15irx9-i5-13e-gen-16go-rtx-3050.html,3,3229.0
pc_portables,LENOVO,Milieu de gamme,1,https://www.mytek.tn/pc-portable-gamer-lenovo-loq-15irx9-i5-13e-gen-16go-rtx-3050.html,4,3229.0
pc_portables,LENOVO,Milieu de gamme,1,https://www.mytek.tn/pc-portable-gamer-lenovo-loq-15irx9-i5-13eme-gen-16go-rtx-4050.html,1,3399.0
pc_portables,LENOVO,Milieu de gamme,1,https://www.mytek.tn/pc-portable-gamer-lenovo-loq-15irx9-i5-13eme-gen-16go-rtx-4050.html,2,3399.0
pc_portables,LENOVO,Milieu de gamme,1,https://www.mytek.tn/pc-portable-gamer-lenovo-loq-15irx9-i5-13eme-gen-16go-rtx-4050.html,3,3399.0
pc_portables,LENOVO,Milieu de gamme,1,https://www.mytek.tn/pc-portable-gamer-lenovo-loq-15irx9-i5-13eme-gen-16go-rtx-4050.html,4,3399.0
pc_portables,LENOVO,Milieu de gamme,1,https://www.mytek.tn/pc-portable-gamer-lenovo-loq-15irx9-i5-13eme-gen-24go-rtx-4050.html,1,3799.0
pc_portables,LENOVO,Milieu de gamme,1,https://www.mytek.tn/pc-portable-gamer-lenovo-loq-15irx9-i5-13eme-gen-24go-rtx-4050.html,2,3799.0
pc_portables,LENOVO,Milieu de gamme,1,https://www.mytek.tn/pc-portable-gamer-lenovo-loq-15irx9-i5-13eme-gen-24go-rtx-4050.html,3,3799.0
pc_portables,LENOVO,Milieu de gamme,1,https://www.mytek.tn/pc-portable-gamer-lenovo-loq-15irx9-i5-13eme-gen-24go-rtx-4050.html,4,3799.0
pc_portables,LENOVO,Milieu de gamme,1,https://www.mytek.tn/pc-portable-lenovo-ideapad-5-2-in-1-14irh9-i5-13e-gen-16go-512go-ssd.html,1,3355.0
pc_portables,LENOVO,Milieu de gamme,1,https://www.mytek.tn/pc-portable-lenovo-ideapad-5-2-in-1-14irh9-i5-13e-gen-16go-512go-ssd.html,2,3355.0
pc_portables,LENOVO,Milieu de gamme,1,https://www.mytek.tn/pc-portable-lenovo-ideapad-5-2-in-1-14irh9-i5-13e-gen-16go-512go-ssd.html,3,3355.0
pc_portables,LENOVO,Milieu de gamme,1,https://www.mytek.tn/pc-portable-lenovo-ideapad-5-2-in-1-14irh9-i5-13e-gen-16go-512go-ssd.html,4,3355.0
pc_portables,LENOVO,Milieu de gamme,1,https://www.mytek.tn/pc-portable-lenovo-thinkbook-16-g9-irl-intel-core-5-210h-8g-512g-ssd.html,1,2689.0
pc_portables,LENOVO,Milieu de gamme,1,https://www.mytek.tn/pc-portable-lenovo-thinkbook-16-g9-irl-intel-core-5-210h-8g-512g-ssd.html,2,2689.0
pc_portables,LENOVO,Milieu de gamme,1,https://www.mytek.tn/pc-portable-lenovo-thinkbook-16-g9-irl-intel-core-5-210h-8g-512g-ssd.html,3,2689.0
pc_portables,LENOVO,Milieu de gamme,1,https://www.mytek.tn/pc-portable-lenovo-thinkbook-16-g9-irl-intel-core-5-210h-8g-512g-ssd.html,4,2689.0
pc_portables,LENOVO,Milieu de gamme,2,https://www.mytek.tn/pc-portable-gamer-lenovo-loq-15irx9-i7-13eme-gen-16g-rtx-3050.html,1,3349.0
pc_portables,LENOVO,Milieu de gamme,2,https://www.mytek.tn/pc-portable-gamer-lenovo-loq-15irx9-i7-13eme-gen-16g-rtx-3050.html,2,3349.0
pc_portables,LENOVO,Milieu de gamme,2,https://www.mytek.tn/pc-portable-gamer-lenovo-loq-15irx9-i7-13eme-gen-16g-rtx-3050.html,3,3349.0
pc_portables,LENOVO,Milieu de gamme,2,https://www.mytek.tn/pc-portable-gamer-lenovo-loq-15irx9-i7-13eme-gen-16g-rtx-3050.html,4,3349.0
pc_portables,LENOVO,Milieu de gamme,2,https://www.mytek.tn/pc-portable-gamer-lenovo-loq-15irx9-i7-13eme-gen-16g-rtx-4050.html,1,3849.0
pc_portables,LENOVO,Milieu de gamme,2,https://www.mytek.tn/pc-portable-gamer-lenovo-loq-15irx9-i7-13eme-gen-16g-rtx-4050.html,2,3849.0
pc_portables,LENOVO,Milieu de gamme,2,https://www.mytek.tn/pc-portable-gamer-lenovo-loq-15irx9-i7-13eme-gen-16g-rtx-4050.html,3,3849.0
pc_portables,LENOVO,Milieu de gamme,2,https://www.mytek.tn/pc-portable-gamer-lenovo-loq-15irx9-i7-13eme-gen-16g-rtx-4050.html,4,3849.0
pc_portables,LENOVO,Milieu de gamme,2,https://www.mytek.tn/pc-portable-gamer-lenovo-loq-15irx9-i7-13eme-gen-16g-rtx4050.html,1,3859.0
pc_portables,LENOVO,Milieu de gamme,2,https://www.mytek.tn/pc-portable-gamer-lenovo-loq-15irx9-i7-13eme-gen-16g-rtx4050.html,2,3859.0
pc_portables,LENOVO,Milieu de gamme,2,https://www.mytek.tn/pc-portable-gamer-lenovo-loq-15irx9-i7-13eme-gen-16g-rtx4050.html,3,3859.0
pc_portables,LENOVO,Milieu de gamme,2,https://www.mytek.tn/pc-portable-gamer-lenovo-loq-15irx9-i7-13eme-gen-16g-rtx4050.html,4,3859.0
pc_portables,LENOVO,Milieu de gamme,2,https://www.mytek.tn/pc-portable-gamer-lenovo-loq-15irx9-i7-13eme-gen-16go-rtx-4050.html,1,3799.0
pc_portables,LENOVO,Milieu de gamme,2,https://www.mytek.tn/pc-portable-gamer-lenovo-loq-15irx9-i7-13eme-gen-16go-rtx-4050.html,2,3799.0
pc_portables,LENOVO,Milieu de gamme,2,https://www.mytek.tn/pc-portable-gamer-lenovo-loq-15irx9-i7-13eme-gen-16go-rtx-4050.html,3,3799.0
pc_portables,LENOVO,Milieu de gamme,2,https://www.mytek.tn/pc-portable-gamer-lenovo-loq-15irx9-i7-13eme-gen-16go-rtx-4050.html,4,3799.0
pc_portables,LENOVO,Milieu de gamme,2,https://www.mytek.tn/pc-portable-lenovo-ideapad-slim-3-15irh10-i7-13e-gen-16g-512g-ssd-gris.html,1,2449.0
pc_portables,LENOVO,Milieu de gamme,2,https://www.mytek.tn/pc-portable-lenovo-ideapad-slim-3-15irh10-i7-13e-gen-16g-512g-ssd-gris.html,2,2449.0
pc_portables,LENOVO,Milieu de gamme,2,https://www.mytek.tn/pc-portable-lenovo-ideapad-slim-3-15irh10-i7-13e-gen-16g-512g-ssd-gris.html,3,2449.0
pc_portables,LENOVO,Milieu de gamme,2,https://www.mytek.tn/pc-portable-lenovo-ideapad-slim-3-15irh10-i7-13e-gen-16g-512g-ssd-gris.html,4,2449.0
pc_portables,LENOVO,Milieu de gamme,2,https://www.mytek.tn/pc-portable-lenovo-ideapad-slim-3-15irh10-i7-13e-gen-16g-512go-ssd-gris.html,1,2379.0
pc_portables,LENOVO,Milieu de gamme,2,https://www.mytek.tn/pc-portable-lenovo-ideapad-slim-3-15irh10-i7-13e-gen-16g-512go-ssd-gris.html,2,2379.0
pc_portables,LENOVO,Milieu de gamme,2,https://www.mytek.tn/pc-portable-lenovo-ideapad-slim-3-15irh10-i7-13e-gen-16g-512go-ssd-gris.html,3,2379.0
pc_portables,LENOVO,Milieu de gamme,2,https://www.mytek.tn/pc-portable-lenovo-ideapad-slim-3-15irh10-i7-13e-gen-16g-512go-ssd-gris.html,4,2379.0
pc_portables,LENOVO,Milieu de gamme,2,https://www.mytek.tn/pc-portable-lenovo-ideapad-slim-3-15irh10-i7-13e-gen-16go-512g-ssd-gris.html,1,2399.0
pc_portables,LENOVO,Milieu de gamme,2,https://www.mytek.tn/pc-portable-lenovo-ideapad-slim-3-15irh10-i7-13e-gen-16go-512g-ssd-gris.html,2,2399.0
pc_portables,LENOVO,Milieu de gamme,2,https://www.mytek.tn/pc-portable-lenovo-ideapad-slim-3-15irh10-i7-13e-gen-16go-512g-ssd-gris.html,3,2399.0
pc_portables,LENOVO,Milieu de gamme,2,https://www.mytek.tn/pc-portable-lenovo-ideapad-slim-3-15irh10-i7-13e-gen-16go-512g-ssd-gris.html,4,2399.0
pc_portables,LENOVO,Milieu de gamme,2,https://www.mytek.tn/pc-portable-lenovo-ideapad-slim-3-15irh10-i7-13e-gen-16go-512go-ssd-gris.html,1,2399.0
pc_portables,LENOVO,Milieu de gamme,2,https://www.mytek.tn/pc-portable-lenovo-ideapad-slim-3-15irh10-i7-13e-gen-16go-512go-ssd-gris.html,2,2399.0
pc_portables,LENOVO,Milieu de gamme,2,https://www.mytek.tn/pc-portable-lenovo-ideapad-slim-3-15irh10-i7-13e-gen-16go-512go-ssd-gris.html,3,2399.0
pc_portables,LENOVO,Milieu de gamme,2,https://www.mytek.tn/pc-portable-lenovo-ideapad-slim-3-15irh10-i7-13e-gen-16go-512go-ssd-gris.html,4,2399.0
pc_portables,LENOVO,Milieu de gamme,2,https://www.mytek.tn/pc-portable-lenovo-ideapad-slim-3-15irh10-i7-13e-gen-16go-512go-ssd.html,1,2429.0
pc_portables,LENOVO,Milieu de gamme,2,https://www.mytek.tn/pc-portable-lenovo-ideapad-slim-3-15irh10-i7-13e-gen-16go-512go-ssd.html,2,2429.0
pc_portables,LENOVO,Milieu de gamme,2,https://www.mytek.tn/pc-portable-lenovo-ideapad-slim-3-15irh10-i7-13e-gen-16go-512go-ssd.html,3,2429.0
pc_portables,LENOVO,Milieu de gamme,2,https://www.mytek.tn/pc-portable-lenovo-ideapad-slim-3-15irh10-i7-13e-gen-16go-512go-ssd.html,4,2429.0
pc_portables,LENOVO,Milieu de gamme,2,https://www.mytek.tn/pc-portable-lenovo-ideapad-slim-3-15irh10-i7-13e-gen-24g-512go-ssd-gris.html,1,2849.0
pc_portables,LENOVO,Milieu de gamme,2,https://www.mytek.tn/pc-portable-lenovo-ideapad-slim-3-15irh10-i7-13e-gen-24g-512go-ssd-gris.html,2,2849.0
pc_portables,LENOVO,Milieu de gamme,2,https://www.mytek.tn/pc-portable-lenovo-ideapad-slim-3-15irh10-i7-13e-gen-24g-512go-ssd-gris.html,3,2849.0
pc_portables,LENOVO,Milieu de gamme,2,https://www.mytek.tn/pc-portable-lenovo-ideapad-slim-3-15irh10-i7-13e-gen-24g-512go-ssd-gris.html,4,2849.0
pc_portables,LENOVO,Milieu de gamme,2,https://www.mytek.tn/pc-portable-lenovo-ideapad-slim-3-15irh10-i7-13e-gen-24go-512go-ssd-gris.html,1,2799.0
pc_portables,LENOVO,Milieu de gamme,2,https://www.mytek.tn/pc-portable-lenovo-ideapad-slim-3-15irh10-i7-13e-gen-24go-512go-ssd-gris.html,2,2799.0
pc_portables,LENOVO,Milieu de gamme,2,https://www.mytek.tn/pc-portable-lenovo-ideapad-slim-3-15irh10-i7-13e-gen-24go-512go-ssd-gris.html,3,2799.0
pc_portables,LENOVO,Milieu de gamme,2,https://www.mytek.tn/pc-portable-lenovo-ideapad-slim-3-15irh10-i7-13e-gen-24go-512go-ssd-gris.html,4,2799.0
pc_portables,LENOVO,Milieu de gamme,2,https://www.mytek.tn/pc-portable-lenovo-thinkbook-16-g9-irl-intel-core-7-240h-8g-512g-ssd.html,1,3179.0
pc_portables,LENOVO,Milieu de gamme,2,https://www.mytek.tn/pc-portable-lenovo-thinkbook-16-g9-irl-intel-core-7-240h-8g-512g-ssd.html,2,3179.0
pc_portables,LENOVO,Milieu de gamme,2,https://www.mytek.tn/pc-portable-lenovo-thinkbook-16-g9-irl-intel-core-7-240h-8g-512g-ssd.html,3,3179.0
pc_portables,LENOVO,Milieu de gamme,2,https://www.mytek.tn/pc-portable-lenovo-thinkbook-16-g9-irl-intel-core-7-240h-8g-512g-ssd.html,4,3179.0
pc_portables,LENOVO,Milieu de gamme,3,https://www.mytek.tn/pc-portable-gamer-lenovo-loq-15arp10e-amd-ryzen-5-16g-rtx-3050.html,1,2999.0
pc_portables,LENOVO,Milieu de gamme,3,https://www.mytek.tn/pc-portable-gamer-lenovo-loq-15arp10e-amd-ryzen-5-16g-rtx-3050.html,2,2999.0
pc_portables,LENOVO,Milieu de gamme,3,https://www.mytek.tn/pc-portable-gamer-lenovo-loq-15arp10e-amd-ryzen-5-16g-rtx-3050.html,3,2999.0
pc_portables,LENOVO,Milieu de gamme,3,https://www.mytek.tn/pc-portable-gamer-lenovo-loq-15arp10e-amd-ryzen-5-16g-rtx-3050.html,4,2999.0
pc_portables,LENOVO,Milieu de gamme,3,https://www.mytek.tn/pc-portable-gamer-lenovo-loq-15arp9-amd-ryzen-5-16g-rtx-3050.html,1,3149.0
pc_portables,LENOVO,Milieu de gamme,3,https://www.mytek.tn/pc-portable-gamer-lenovo-loq-15arp9-amd-ryzen-5-16g-rtx-3050.html,2,3099.0
pc_portables,LENOVO,Milieu de gamme,3,https://www.mytek.tn/pc-portable-gamer-lenovo-loq-15arp9-amd-ryzen-5-16g-rtx-3050.html,3,3099.0
pc_portables,LENOVO,Milieu de gamme,3,https://www.mytek.tn/pc-portable-gamer-lenovo-loq-15arp9-amd-ryzen-5-16g-rtx-3050.html,4,3099.0
pc_portables,LENOVO,Milieu de gamme,3,https://www.mytek.tn/pc-portable-gamer-lenovo-loq-15arp9-amd-ryzen-5-16go-rtx-3050.html,1,3099.0
pc_portables,LENOVO,Milieu de gamme,3,https://www.mytek.tn/pc-portable-gamer-lenovo-loq-15arp9-amd-ryzen-5-16go-rtx-3050.html,2,3049.0
pc_portables,LENOVO,Milieu de gamme,3,https://www.mytek.tn/pc-portable-gamer-lenovo-loq-15arp9-amd-ryzen-5-16go-rtx-3050.html,3,3049.0
pc_portables,LENOVO,Milieu de gamme,3,https://www.mytek.tn/pc-portable-gamer-lenovo-loq-15arp9-amd-ryzen-5-16go-rtx-3050.html,4,3049.0
pc_portables,LENOVO,Milieu de gamme,3,https://www.mytek.tn/pc-portable-lenovo-thinkbook-16-g7-arp-amd-ryzen-5-16g-512go-ssd-gris.html,1,2469.0
pc_portables,LENOVO,Milieu de gamme,3,https://www.mytek.tn/pc-portable-lenovo-thinkbook-16-g7-arp-amd-ryzen-5-16g-512go-ssd-gris.html,2,2469.0
pc_portables,LENOVO,Milieu de gamme,3,https://www.mytek.tn/pc-portable-lenovo-thinkbook-16-g7-arp-amd-ryzen-5-16g-512go-ssd-gris.html,3,2469.0
pc_portables,LENOVO,Milieu de gamme,3,https://www.mytek.tn/pc-portable-lenovo-thinkbook-16-g7-arp-amd-ryzen-5-16g-512go-ssd-gris.html,4,2469.0
pc_portables,LENOVO,Milieu de gamme,3,https://www.mytek.tn/pc-portable-lenovo-thinkbook-16-g7-arp-amd-ryzen-5-16go-512g-ssd-gris.html,1,2519.0
pc_portables,LENOVO,Milieu de gamme,3,https://www.mytek.tn/pc-portable-lenovo-thinkbook-16-g7-arp-amd-ryzen-5-16go-512g-ssd-gris.html,2,2519.0
pc_portables,LENOVO,Milieu de gamme,3,https://www.mytek.tn/pc-portable-lenovo-thinkbook-16-g7-arp-amd-ryzen-5-16go-512g-ssd-gris.html,3,2519.0
pc_portables,LENOVO,Milieu de gamme,3,https://www.mytek.tn/pc-portable-lenovo-thinkbook-16-g7-arp-amd-ryzen-5-16go-512g-ssd-gris.html,4,2519.0
pc_portables,LENOVO,Milieu de gamme,3,https://www.mytek.tn/pc-portable-lenovo-thinkbook-16-g7-arp-amd-ryzen-5-16go-512go-ssd-gris.html,1,2459.0
pc_portables,LENOVO,Milieu de gamme,3,https://www.mytek.tn/pc-portable-lenovo-thinkbook-16-g7-arp-amd-ryzen-5-16go-512go-ssd-gris.html,2,2459.0
pc_portables,LENOVO,Milieu de gamme,3,https://www.mytek.tn/pc-portable-lenovo-thinkbook-16-g7-arp-amd-ryzen-5-16go-512go-ssd-gris.html,3,2459.0
pc_portables,LENOVO,Milieu de gamme,3,https://www.mytek.tn/pc-portable-lenovo-thinkbook-16-g7-arp-amd-ryzen-5-16go-512go-ssd-gris.html,4,2459.0
pc_portables,LENOVO,Milieu de gamme,3,https://www.mytek.tn/pc-portable-lenovo-thinkbook-16-g7-arp-amd-ryzen-5-32g-512go-ssd-gris.html,1,3299.0
pc_portables,LENOVO,Milieu de gamme,3,https://www.mytek.tn/pc-portable-lenovo-thinkbook-16-g7-arp-amd-ryzen-5-32g-512go-ssd-gris.html,2,3299.0
pc_portables,LENOVO,Milieu de gamme,3,https://www.mytek.tn/pc-portable-lenovo-thinkbook-16-g7-arp-amd-ryzen-5-32g-512go-ssd-gris.html,3,3299.0
pc_portables,LENOVO,Milieu de gamme,3,https://www.mytek.tn/pc-portable-lenovo-thinkbook-16-g7-arp-amd-ryzen-5-32g-512go-ssd-gris.html,4,3299.0
pc_portables,LENOVO,Premium,0,https://www.mytek.tn/pc-portable-gamer-lenovo-legion-5-15irx10-i7-13e-gen-16go-rtx-5050.html,1,4799.0
pc_portables,LENOVO,Premium,0,https://www.mytek.tn/pc-portable-gamer-lenovo-legion-5-15irx10-i7-13e-gen-16go-rtx-5050.html,2,4689.0
pc_portables,LENOVO,Premium,0,https://www.mytek.tn/pc-portable-gamer-lenovo-legion-5-15irx10-i7-13e-gen-16go-rtx-5050.html,3,4689.0
pc_portables,LENOVO,Premium,0,https://www.mytek.tn/pc-portable-gamer-lenovo-legion-5-15irx10-i7-13e-gen-16go-rtx-5050.html,4,4689.0
pc_portables,LENOVO,Premium,0,https://www.mytek.tn/pc-portable-gamer-lenovo-legion-pro-5-16irx10-i7-14e-gen-16go-rtx-5050.html,1,5469.0
pc_portables,LENOVO,Premium,0,https://www.mytek.tn/pc-portable-gamer-lenovo-legion-pro-5-16irx10-i7-14e-gen-16go-rtx-5050.html,2,5469.0
pc_portables,LENOVO,Premium,0,https://www.mytek.tn/pc-portable-gamer-lenovo-legion-pro-5-16irx10-i7-14e-gen-16go-rtx-5050.html,3,5469.0
pc_portables,LENOVO,Premium,0,https://www.mytek.tn/pc-portable-gamer-lenovo-legion-pro-5-16irx10-i7-14e-gen-16go-rtx-5050.html,4,5469.0
pc_portables,LENOVO,Premium,0,https://www.mytek.tn/pc-portable-gamer-lenovo-loq-15irx10-i7-13e-gen-16g-rtx-5050.html,1,4039.0
pc_portables,LENOVO,Premium,0,https://www.mytek.tn/pc-portable-gamer-lenovo-loq-15irx10-i7-13e-gen-16g-rtx-5050.html,2,4039.0
pc_portables,LENOVO,Premium,0,https://www.mytek.tn/pc-portable-gamer-lenovo-loq-15irx10-i7-13e-gen-16g-rtx-5050.html,3,4039.0
pc_portables,LENOVO,Premium,0,https://www.mytek.tn/pc-portable-gamer-lenovo-loq-15irx10-i7-13e-gen-16g-rtx-5050.html,4,4039.0
pc_portables,LENOVO,Premium,0,https://www.mytek.tn/pc-portable-gamer-lenovo-loq-15irx10-i7-13e-gen-16g-rtx5050.html,1,3999.0
pc_portables,LENOVO,Premium,0,https://www.mytek.tn/pc-portable-gamer-lenovo-loq-15irx10-i7-13e-gen-16g-rtx5050.html,2,3999.0
pc_portables,LENOVO,Premium,0,https://www.mytek.tn/pc-portable-gamer-lenovo-loq-15irx10-i7-13e-gen-16g-rtx5050.html,3,3999.0
pc_portables,LENOVO,Premium,0,https://www.mytek.tn/pc-portable-gamer-lenovo-loq-15irx10-i7-13e-gen-16g-rtx5050.html,4,3999.0
pc_portables,LENOVO,Premium,0,https://www.mytek.tn/pc-portable-gamer-lenovo-loq-15irx10-i7-13e-gen-16go-rtx-5050.html,1,3999.0
pc_portables,LENOVO,Premium,0,https://www.mytek.tn/pc-portable-gamer-lenovo-loq-15irx10-i7-13e-gen-16go-rtx-5050.html,2,3999.0
pc_portables,LENOVO,Premium,0,https://www.mytek.tn/pc-portable-gamer-lenovo-loq-15irx10-i7-13e-gen-16go-rtx-5050.html,3,3999.0
pc_portables,LENOVO,Premium,0,https://www.mytek.tn/pc-portable-gamer-lenovo-loq-15irx10-i7-13e-gen-16go-rtx-5050.html,4,3999.0
pc_portables,LENOVO,Premium,0,https://www.mytek.tn/pc-portable-gamer-lenovo-loq-15irx10-i7-13e-gen-16go-rtx5050.html,1,3999.0
pc_portables,LENOVO,Premium,0,https://www.mytek.tn/pc-portable-gamer-lenovo-loq-15irx10-i7-13e-gen-16go-rtx5050.html,2,3999.0
pc_portables,LENOVO,Premium,0,https://www.mytek.tn/pc-portable-gamer-lenovo-loq-15irx10-i7-13e-gen-16go-rtx5050.html,3,3999.0
pc_portables,LENOVO,Premium,0,https://www.mytek.tn/pc-portable-gamer-lenovo-loq-15irx10-i7-13e-gen-16go-rtx5050.html,4,3999.0
pc_portables,LENOVO,Premium,0,https://www.mytek.tn/pc-portable-gamer-lenovo-loq-15irx10-i7-13eme-gen-16g-rtx-5050.html,1,4039.0
pc_portables,LENOVO,Premium,0,https://www.mytek.tn/pc-portable-gamer-lenovo-loq-15irx10-i7-13eme-gen-16g-rtx-5050.html,2,4039.0
pc_portables,LENOVO,Premium,0,https://www.mytek.tn/pc-portable-gamer-lenovo-loq-15irx10-i7-13eme-gen-16g-rtx-5050.html,3,4039.0
pc_portables,LENOVO,Premium,0,https://www.mytek.tn/pc-portable-gamer-lenovo-loq-15irx10-i7-13eme-gen-16g-rtx-5050.html,4,4039.0
pc_portables,LENOVO,Premium,0,https://www.mytek.tn/pc-portable-gamer-lenovo-loq-15irx10-i7-14e-gen-16go-rtx-5050.html,1,4199.0
pc_portables,LENOVO,Premium,0,https://www.mytek.tn/pc-portable-gamer-lenovo-loq-15irx10-i7-14e-gen-16go-rtx-5050.html,2,4199.0
pc_portables,LENOVO,Premium,0,https://www.mytek.tn/pc-portable-gamer-lenovo-loq-15irx10-i7-14e-gen-16go-rtx-5050.html,3,4199.0
pc_portables,LENOVO,Premium,0,https://www.mytek.tn/pc-portable-gamer-lenovo-loq-15irx10-i7-14e-gen-16go-rtx-5050.html,4,4199.0
pc_portables,LENOVO,Premium,0,https://www.mytek.tn/pc-portable-gamer-lenovo-loq-15irx10-i7-14e-gen-16go-rtx-5060.html,1,4939.0
pc_portables,LENOVO,Premium,0,https://www.mytek.tn/pc-portable-gamer-lenovo-loq-15irx10-i7-14e-gen-16go-rtx-5060.html,2,4939.0
pc_portables,LENOVO,Premium,0,https://www.mytek.tn/pc-portable-gamer-lenovo-loq-15irx10-i7-14e-gen-16go-rtx-5060.html,3,4939.0
pc_portables,LENOVO,Premium,0,https://www.mytek.tn/pc-portable-gamer-lenovo-loq-15irx10-i7-14e-gen-16go-rtx-5060.html,4,4939.0
pc_portables,LENOVO,Premium,0,https://www.mytek.tn/pc-portable-gamer-lenovo-loq-15irx10-i7-14e-gen-32go-rtx-5050.html,1,5039.0
pc_portables,LENOVO,Premium,0,https://www.mytek.tn/pc-portable-gamer-lenovo-loq-15irx10-i7-14e-gen-32go-rtx-5050.html,2,5039.0
pc_portables,LENOVO,Premium,0,https://www.mytek.tn/pc-portable-gamer-lenovo-loq-15irx9-i5-13eme-gen-32g-rtx-4050.html,1,4219.0
pc_portables,LENOVO,Premium,0,https://www.mytek.tn/pc-portable-gamer-lenovo-loq-15irx9-i5-13eme-gen-32g-rtx-4050.html,2,4219.0
pc_portables,LENOVO,Premium,0,https://www.mytek.tn/pc-portable-gamer-lenovo-loq-15irx9-i5-13eme-gen-32g-rtx-4050.html,3,4219.0
pc_portables,LENOVO,Premium,0,https://www.mytek.tn/pc-portable-gamer-lenovo-loq-15irx9-i5-13eme-gen-32g-rtx-4050.html,4,4219.0
pc_portables,LENOVO,Premium,0,https://www.mytek.tn/pc-portable-gamer-lenovo-loq-15irx9-i7-13e-gen-16g-rtx-4050.html,1,3899.0
pc_portables,LENOVO,Premium,0,https://www.mytek.tn/pc-portable-gamer-lenovo-loq-15irx9-i7-13e-gen-16g-rtx-4050.html,2,3869.0
pc_portables,LENOVO,Premium,0,https://www.mytek.tn/pc-portable-gamer-lenovo-loq-15irx9-i7-13e-gen-16g-rtx-4050.html,3,3869.0
pc_portables,LENOVO,Premium,0,https://www.mytek.tn/pc-portable-gamer-lenovo-loq-15irx9-i7-13e-gen-16g-rtx-4050.html,4,3869.0
pc_portables,LENOVO,Premium,0,https://www.mytek.tn/pc-portable-gamer-lenovo-loq-15irx9-i7-13eme-gen-24g-rtx-4050.html,1,4259.0
pc_portables,LENOVO,Premium,0,https://www.mytek.tn/pc-portable-gamer-lenovo-loq-15irx9-i7-13eme-gen-24g-rtx-4050.html,2,4259.0
pc_portables,LENOVO,Premium,0,https://www.mytek.tn/pc-portable-gamer-lenovo-loq-15irx9-i7-13eme-gen-24g-rtx-4050.html,3,4259.0
pc_portables,LENOVO,Premium,0,https://www.mytek.tn/pc-portable-gamer-lenovo-loq-15irx9-i7-13eme-gen-24g-rtx-4050.html,4,4259.0
pc_portables,LENOVO,Premium,0,https://www.mytek.tn/pc-portable-gamer-lenovo-loq-15irx9-i7-13eme-gen-24g-rtx4050.html,1,4269.0
pc_portables,LENOVO,Premium,0,https://www.mytek.tn/pc-portable-gamer-lenovo-loq-15irx9-i7-13eme-gen-24g-rtx4050.html,2,4269.0
pc_portables,LENOVO,Premium,0,https://www.mytek.tn/pc-portable-gamer-lenovo-loq-15irx9-i7-13eme-gen-24g-rtx4050.html,3,4269.0
pc_portables,LENOVO,Premium,0,https://www.mytek.tn/pc-portable-gamer-lenovo-loq-15irx9-i7-13eme-gen-24g-rtx4050.html,4,4269.0
pc_portables,LENOVO,Premium,0,https://www.mytek.tn/pc-portable-gamer-lenovo-loq-15irx9-i7-13eme-gen-24go-rtx-4050.html,1,4209.0
pc_portables,LENOVO,Premium,0,https://www.mytek.tn/pc-portable-gamer-lenovo-loq-15irx9-i7-13eme-gen-24go-rtx-4050.html,2,4209.0
pc_portables,LENOVO,Premium,0,https://www.mytek.tn/pc-portable-gamer-lenovo-loq-15irx9-i7-13eme-gen-24go-rtx-4050.html,3,4209.0
pc_portables,LENOVO,Premium,0,https://www.mytek.tn/pc-portable-gamer-lenovo-loq-15irx9-i7-13eme-gen-24go-rtx-4050.html,4,4209.0
pc_portables,LENOVO,Premium,0,https://www.mytek.tn/pc-portable-gamer-lenovo-loq-15irx9-i7-13eme-gen-32g-rtx4050.html,1,4679.0
pc_portables,LENOVO,Premium,0,https://www.mytek.tn/pc-portable-gamer-lenovo-loq-15irx9-i7-13eme-gen-32g-rtx4050.html,2,4679.0
pc_portables,LENOVO,Premium,0,https://www.mytek.tn/pc-portable-gamer-lenovo-loq-15irx9-i7-13eme-gen-32g-rtx4050.html,3,4679.0
pc_portables,LENOVO,Premium,0,https://www.mytek.tn/pc-portable-gamer-lenovo-loq-15irx9-i7-13eme-gen-32g-rtx4050.html,4,4679.0
pc_portables,LENOVO,Premium,0,https://www.mytek.tn/pc-portable-gamer-lenovo-loq-15irx9-i7-13eme-gen-32go-rtx-4050.html,1,4619.0
pc_portables,LENOVO,Premium,0,https://www.mytek.tn/pc-portable-gamer-lenovo-loq-15irx9-i7-13eme-gen-32go-rtx-4050.html,2,4619.0
pc_portables,LENOVO,Premium,0,https://www.mytek.tn/pc-portable-gamer-lenovo-loq-15irx9-i7-13eme-gen-32go-rtx-4050.html,3,4619.0
pc_portables,LENOVO,Premium,0,https://www.mytek.tn/pc-portable-gamer-lenovo-loq-15irx9-i7-13eme-gen-32go-rtx-4050.html,4,4619.0
pc_portables,LENOVO,Premium,0,https://www.mytek.tn/pc-portable-gamer-lenovo-loq-15irx9-i7-13eme-gen-32go-rtx3050.html,1,4179.0
pc_portables,LENOVO,Premium,0,https://www.mytek.tn/pc-portable-gamer-lenovo-loq-15irx9-i7-13eme-gen-32go-rtx3050.html,2,4179.0
pc_portables,LENOVO,Premium,0,https://www.mytek.tn/pc-portable-gamer-lenovo-loq-15irx9-i7-13eme-gen-32go-rtx3050.html,3,4179.0
pc_portables,LENOVO,Premium,0,https://www.mytek.tn/pc-portable-gamer-lenovo-loq-15irx9-i7-13eme-gen-32go-rtx3050.html,4,4179.0
pc_portables,LENOVO,Premium,0,https://www.mytek.tn/pc-portable-gamer-lenovo-loq-15irx9-i7-13eme-gen-32go-rtx4050.html,1,4669.0
pc_portables,LENOVO,Premium,0,https://www.mytek.tn/pc-portable-gamer-lenovo-loq-15irx9-i7-13eme-gen-32go-rtx4050.html,2,4669.0
pc_portables,LENOVO,Premium,0,https://www.mytek.tn/pc-portable-gamer-lenovo-loq-15irx9-i7-13eme-gen-32go-rtx4050.html,3,4669.0
pc_portables,LENOVO,Premium,0,https://www.mytek.tn/pc-portable-gamer-lenovo-loq-15irx9-i7-13eme-gen-32go-rtx4050.html,4,4669.0
pc_portables,LENOVO,Premium,0,https://www.mytek.tn/pc-portable-gamer-lenovo-loq-17irx10-i7-13e-gen-16go-rtx-5050.html,1,4459.0
pc_portables,LENOVO,Premium,0,https://www.mytek.tn/pc-portable-gamer-lenovo-loq-17irx10-i7-13e-gen-16go-rtx-5050.html,2,4459.0
pc_portables,LENOVO,Premium,0,https://www.mytek.tn/pc-portable-gamer-lenovo-loq-17irx10-i7-13e-gen-16go-rtx-5050.html,3,4459.0
pc_portables,LENOVO,Premium,0,https://www.mytek.tn/pc-portable-gamer-lenovo-loq-17irx10-i7-13e-gen-16go-rtx-5050.html,4,4459.0
pc_portables,LENOVO,Premium,0,https://www.mytek.tn/pc-portable-gamer-lenovo-loq-essential-15irx11-i5-13e-gen-16g-rtx-5060.html,1,3965.0
pc_portables,LENOVO,Premium,0,https://www.mytek.tn/pc-portable-gamer-lenovo-loq-essential-15irx11-i5-13e-gen-16g-rtx-5060.html,2,3965.0
pc_portables,LENOVO,Premium,0,https://www.mytek.tn/pc-portable-lenovo-ideapad-5-2-in-1-14irh9-i7-13e-gen-16go-512go-ssd.html,1,3939.0
pc_portables,LENOVO,Premium,0,https://www.mytek.tn/pc-portable-lenovo-ideapad-5-2-in-1-14irh9-i7-13e-gen-16go-512go-ssd.html,2,3939.0
pc_portables,LENOVO,Premium,0,https://www.mytek.tn/pc-portable-lenovo-ideapad-5-2-in-1-14irh9-i7-13e-gen-16go-512go-ssd.html,3,3939.0
pc_portables,LENOVO,Premium,0,https://www.mytek.tn/pc-portable-lenovo-ideapad-5-2-in-1-14irh9-i7-13e-gen-16go-512go-ssd.html,4,3939.0
pc_portables,LENOVO,Premium,0,https://www.mytek.tn/pc-portable-lenovo-thinkbook-16-g8-ial-ultra-7-255h-32g-512go-ssd-gris.html,1,4259.0
pc_portables,LENOVO,Premium,0,https://www.mytek.tn/pc-portable-lenovo-thinkbook-16-g8-ial-ultra-7-255h-32g-512go-ssd-gris.html,2,4259.0
pc_portables,LENOVO,Premium,0,https://www.mytek.tn/pc-portable-lenovo-thinkbook-16-g8-ial-ultra-7-255h-32g-512go-ssd-gris.html,3,4259.0
pc_portables,LENOVO,Premium,0,https://www.mytek.tn/pc-portable-lenovo-thinkbook-16-g8-ial-ultra-7-255h-32g-512go-ssd-gris.html,4,4259.0
pc_portables,LENOVO,Premium,0,https://www.mytek.tn/pc-portable-lenovo-thinkbook-16p-g6-iax-ultra-7-255hx-16go-rtx5060.html,1,7179.0
pc_portables,LENOVO,Premium,0,https://www.mytek.tn/pc-portable-lenovo-thinkbook-16p-g6-iax-ultra-7-255hx-16go-rtx5060.html,2,7179.0
pc_portables,LENOVO,Premium,0,https://www.mytek.tn/pc-portable-lenovo-thinkbook-16p-g6-iax-ultra-9-275hx-32go-rtx-5060.html,1,8199.0
pc_portables,LENOVO,Premium,0,https://www.mytek.tn/pc-portable-lenovo-thinkbook-16p-g6-iax-ultra-9-275hx-32go-rtx-5060.html,2,8199.0
pc_portables,LENOVO,Premium,0,https://www.mytek.tn/pc-portable-lenovo-thinkbook-16p-g6-iax-ultra-9-275hx-32go-rtx-5060.html,3,8199.0
pc_portables,LENOVO,Premium,0,https://www.mytek.tn/pc-portable-lenovo-thinkbook-16p-g6-iax-ultra-9-275hx-32go-rtx-5060.html,4,8199.0
pc_portables,LENOVO,Premium,0,https://www.mytek.tn/pc-portable-lenovo-thinkpad-e14-gen-7-ultra-5-225u-24go-512go-ssd-noir.html,1,3999.0
pc_portables,LENOVO,Premium,0,https://www.mytek.tn/pc-portable-lenovo-thinkpad-e14-gen-7-ultra-5-225u-24go-512go-ssd-noir.html,2,3999.0
pc_portables,LENOVO,Premium,0,https://www.mytek.tn/pc-portable-lenovo-thinkpad-e14-gen-7-ultra-7-255h-16g-512go-ssd-noir.html,1,4159.0
pc_portables,LENOVO,Premium,0,https://www.mytek.tn/pc-portable-lenovo-thinkpad-e14-gen-7-ultra-7-255h-16g-512go-ssd-noir.html,2,4159.0
pc_portables,LENOVO,Premium,0,https://www.mytek.tn/pc-portable-lenovo-thinkpad-e14-gen-7-ultra-7-255h-16g-512go-ssd-noir.html,3,4159.0
pc_portables,LENOVO,Premium,0,https://www.mytek.tn/pc-portable-lenovo-thinkpad-e14-gen-7-ultra-7-255h-16g-512go-ssd-noir.html,4,4159.0
pc_portables,LENOVO,Premium,0,https://www.mytek.tn/pc-portable-lenovo-thinkpad-e16-gen-3-ultra-5-225u-24g-512go-ssd-noir.html,1,3919.0
pc_portables,LENOVO,Premium,0,https://www.mytek.tn/pc-portable-lenovo-thinkpad-e16-gen-3-ultra-5-225u-24g-512go-ssd-noir.html,2,3919.0
pc_portables,LENOVO,Premium,0,https://www.mytek.tn/pc-portable-lenovo-thinkpad-e16-gen-3-ultra-5-225u-24g-512go-ssd-noir.html,3,3919.0
pc_portables,LENOVO,Premium,0,https://www.mytek.tn/pc-portable-lenovo-thinkpad-e16-gen-3-ultra-5-225u-24g-512go-ssd-noir.html,4,3919.0
pc_portables,LENOVO,Premium,0,https://www.mytek.tn/pc-portable-lenovo-thinkpad-e16-gen-3-ultra-7-255h-16g-512go-ssd-noir.html,1,4049.0
pc_portables,LENOVO,Premium,0,https://www.mytek.tn/pc-portable-lenovo-thinkpad-e16-gen-3-ultra-7-255h-16g-512go-ssd-noir.html,2,4049.0
pc_portables,LENOVO,Premium,0,https://www.mytek.tn/pc-portable-lenovo-thinkpad-e16-gen-3-ultra-7-255h-16g-512go-ssd-noir.html,3,4049.0
pc_portables,LENOVO,Premium,0,https://www.mytek.tn/pc-portable-lenovo-thinkpad-e16-gen-3-ultra-7-255h-16g-512go-ssd-noir.html,4,4049.0
pc_portables,LENOVO,Premium,0,https://www.mytek.tn/pc-portable-lenovo-thinkpad-l13-2en1-gen-6-ultra-7-255u-16go-512go-ssd-gris.html,1,6699.0
pc_portables,LENOVO,Premium,0,https://www.mytek.tn/pc-portable-lenovo-thinkpad-l13-2en1-gen-6-ultra-7-255u-16go-512go-ssd-gris.html,2,6699.0
pc_portables,LENOVO,Premium,0,https://www.mytek.tn/pc-portable-lenovo-thinkpad-l13-2en1-gen-6-ultra-7-255u-16go-512go-ssd-gris.html,3,6699.0
pc_portables,LENOVO,Premium,0,https://www.mytek.tn/pc-portable-lenovo-thinkpad-l13-2en1-gen-6-ultra-7-255u-16go-512go-ssd-gris.html,4,6699.0
pc_portables,LENOVO,Premium,0,https://www.mytek.tn/pc-portable-lenovo-thinkpad-l16-gen-1-ultra-5-125u-8g-512go-ssd-noir.html,1,4119.0
pc_portables,LENOVO,Premium,0,https://www.mytek.tn/pc-portable-lenovo-thinkpad-l16-gen-1-ultra-5-125u-8g-512go-ssd-noir.html,2,4119.0
pc_portables,LENOVO,Premium,0,https://www.mytek.tn/pc-portable-lenovo-thinkpad-l16-gen-1-ultra-5-125u-8g-512go-ssd-noir.html,3,4119.0
pc_portables,LENOVO,Premium,0,https://www.mytek.tn/pc-portable-lenovo-thinkpad-l16-gen-1-ultra-5-125u-8g-512go-ssd-noir.html,4,4119.0
pc_portables,LENOVO,Premium,0,https://www.mytek.tn/pc-portable-lenovo-thinkpad-p16s-gen-3-ultra-7-155h-16g-512go-ssd-noir.html,1,7195.0
pc_portables,LENOVO,Premium,0,https://www.mytek.tn/pc-portable-lenovo-thinkpad-p16s-gen-3-ultra-7-155h-16g-512go-ssd-noir.html,2,7195.0
pc_portables,LENOVO,Premium,1,https://www.mytek.tn/pc-portable-gamer-lenovo-legion-5-15agp11-amd-ryzen-ai-9-32go-rtx-5060.html,1,7299.0
pc_portables,LENOVO,Premium,1,https://www.mytek.tn/pc-portable-gamer-lenovo-legion-5-15agp11-amd-ryzen-ai-9-32go-rtx-5060.html,2,7299.0
pc_portables,LENOVO,Premium,1,https://www.mytek.tn/pc-portable-gamer-lenovo-legion-5-15agp11-amd-ryzen-ai-9-32go-rtx-5060.html,3,7299.0
pc_portables,LENOVO,Premium,1,https://www.mytek.tn/pc-portable-gamer-lenovo-legion-5-15agp11-amd-ryzen-ai-9-32go-rtx-5060.html,4,7299.0
pc_portables,LENOVO,Premium,1,https://www.mytek.tn/pc-portable-gamer-lenovo-legion-pro-5-16irx10-i9-14e-gen-32g-rtx-5070.html,1,7059.0
pc_portables,LENOVO,Premium,1,https://www.mytek.tn/pc-portable-gamer-lenovo-legion-pro-5-16irx10-i9-14e-gen-32g-rtx-5070.html,2,7059.0
pc_portables,LENOVO,Premium,1,https://www.mytek.tn/pc-portable-gamer-lenovo-legion-pro-5-16irx10-i9-14e-gen-32g-rtx-5070.html,3,7059.0
pc_portables,LENOVO,Premium,1,https://www.mytek.tn/pc-portable-gamer-lenovo-legion-pro-5-16irx10-i9-14e-gen-32g-rtx-5070.html,4,7059.0
pc_portables,LENOVO,Premium,1,https://www.mytek.tn/pc-portable-gamer-lenovo-legion-pro-7-16irx9h-i9-14e-gen-32go-rtx-4090-83de005ufg.html,1,11999.0
pc_portables,LENOVO,Premium,1,https://www.mytek.tn/pc-portable-gamer-lenovo-legion-pro-7-16irx9h-i9-14e-gen-32go-rtx-4090-83de005ufg.html,2,11999.0
pc_portables,LENOVO,Premium,1,https://www.mytek.tn/pc-portable-gamer-lenovo-legion-pro-7-16irx9h-i9-14e-gen-32go-rtx-4090-83de005ufg.html,3,11999.0
pc_portables,LENOVO,Premium,1,https://www.mytek.tn/pc-portable-gamer-lenovo-legion-pro-7-16irx9h-i9-14e-gen-32go-rtx-4090-83de005ufg.html,4,11999.0
pc_portables,LENOVO,Premium,1,https://www.mytek.tn/pc-portable-gamer-lenovo-legion-pro-7-16irx9h-i9-14e-gen-32go-rtx-4090.html,1,11999.0
pc_portables,LENOVO,Premium,1,https://www.mytek.tn/pc-portable-gamer-lenovo-legion-pro-7-16irx9h-i9-14e-gen-32go-rtx-4090.html,2,11999.0
pc_portables,LENOVO,Premium,1,https://www.mytek.tn/pc-portable-gamer-lenovo-legion-pro-7-16irx9h-i9-14e-gen-32go-rtx-4090.html,3,11999.0
pc_portables,LENOVO,Premium,1,https://www.mytek.tn/pc-portable-gamer-lenovo-legion-pro-7-16irx9h-i9-14e-gen-32go-rtx-4090.html,4,11999.0
pc_portables,LENOVO,Premium,1,https://www.mytek.tn/pc-portable-gamer-lenovo-legion-pro-7-16irx9h-i9-14e-gen-64go-rtx-4090.html,1,12929.0
pc_portables,LENOVO,Premium,1,https://www.mytek.tn/pc-portable-gamer-lenovo-legion-pro-7-16irx9h-i9-14e-gen-64go-rtx-4090.html,2,12929.0
pc_portables,LENOVO,Premium,1,https://www.mytek.tn/pc-portable-gamer-lenovo-legion-pro-7-16irx9h-i9-14e-gen-64go-rtx-4090.html,3,12929.0
pc_portables,LENOVO,Premium,1,https://www.mytek.tn/pc-portable-gamer-lenovo-legion-pro-7-16irx9h-i9-14e-gen-64go-rtx-4090.html,4,12929.0
pc_portables,LENOVO,Premium,1,https://www.mytek.tn/pc-portable-gamer-lenovo-legion-pro5-16iax10-ultra-7-255hx-32g-rtx-5060.html,1,7639.0
pc_portables,LENOVO,Premium,1,https://www.mytek.tn/pc-portable-gamer-lenovo-legion-pro5-16iax10-ultra-7-255hx-32g-rtx-5060.html,2,7639.0
pc_portables,LENOVO,Premium,1,https://www.mytek.tn/pc-portable-gamer-lenovo-legion-pro5-16iax10-ultra-7-255hx-32g-rtx-5060.html,3,7639.0
pc_portables,LENOVO,Premium,1,https://www.mytek.tn/pc-portable-gamer-lenovo-legion-pro5-16iax10-ultra-7-255hx-32g-rtx-5060.html,4,7639.0
pc_portables,LENOVO,Premium,1,https://www.mytek.tn/pc-portable-gamer-lenovo-legion-pro5-16iax10-ultra-7-255hx-32g-rtx5060.html,1,6299.0
pc_portables,LENOVO,Premium,1,https://www.mytek.tn/pc-portable-gamer-lenovo-legion-pro5-16iax10-ultra-7-255hx-32g-rtx5060.html,2,6299.0
pc_portables,LENOVO,Premium,1,https://www.mytek.tn/pc-portable-gamer-lenovo-legion-pro5-16iax10-ultra-7-255hx-32g-rtx5060.html,3,6299.0
pc_portables,LENOVO,Premium,1,https://www.mytek.tn/pc-portable-gamer-lenovo-legion-pro5-16iax10-ultra-7-255hx-32g-rtx5060.html,4,6299.0
pc_portables,LENOVO,Premium,1,https://www.mytek.tn/pc-portable-lenovo-thinkpad-x1-2en1-gen-10-aura-edition-ultra7-258v-32g-1to-ssd.html,1,9999.0
pc_portables,LENOVO,Premium,1,https://www.mytek.tn/pc-portable-lenovo-thinkpad-x1-2en1-gen-10-aura-edition-ultra7-258v-32g-1to-ssd.html,2,9999.0
pc_portables,LENOVO,Premium,1,https://www.mytek.tn/pc-portable-lenovo-thinkpad-x1-2en1-gen-10-aura-edition-ultra7-258v-32g-1to-ssd.html,3,9999.0
pc_portables,LENOVO,Premium,1,https://www.mytek.tn/pc-portable-lenovo-thinkpad-x1-2en1-gen-10-aura-edition-ultra7-258v-32g-1to-ssd.html,4,9999.0
pc_portables,LENOVO,Premium,1,https://www.mytek.tn/pc-portable-lenovo-yoga-7-2-en-1-14akp10-amd-ryzen-ai-7-350-16go-512go-ssd.html,1,5199.0
pc_portables,LENOVO,Premium,1,https://www.mytek.tn/pc-portable-lenovo-yoga-7-2-en-1-14akp10-amd-ryzen-ai-7-350-16go-512go-ssd.html,2,5199.0
pc_portables,LENOVO,Premium,1,https://www.mytek.tn/pc-portable-lenovo-yoga-7-2-en-1-14akp10-amd-ryzen-ai-7-350-16go-512go-ssd.html,3,5199.0
pc_portables,LENOVO,Premium,1,https://www.mytek.tn/pc-portable-lenovo-yoga-7-2-en-1-14akp10-amd-ryzen-ai-7-350-16go-512go-ssd.html,4,5199.0
pc_portables,LENOVO,Premium,1,https://www.mytek.tn/pc-portable-lenovo-yoga-pro-7-14iah10-ultra-7-255h-32go-1to-ssd-gris.html,1,6149.0
pc_portables,LENOVO,Premium,1,https://www.mytek.tn/pc-portable-lenovo-yoga-pro-7-14iah10-ultra-7-255h-32go-1to-ssd-gris.html,2,6149.0
pc_portables,LENOVO,Premium,1,https://www.mytek.tn/pc-portable-lenovo-yoga-pro-7-14iah10-ultra-7-255h-32go-1to-ssd-gris.html,3,6149.0
pc_portables,LENOVO,Premium,1,https://www.mytek.tn/pc-portable-lenovo-yoga-pro-7-14iah10-ultra-7-255h-32go-1to-ssd-gris.html,4,6149.0
pc_portables,LENOVO,Économique,0,https://www.mytek.tn/pc-portable-lenovo-ideapad-slim-3-15iru8-i3-13e-gen-8g-512g-ssd-gris.html,1,1519.0
pc_portables,LENOVO,Économique,0,https://www.mytek.tn/pc-portable-lenovo-ideapad-slim-3-15iru8-i3-13e-gen-8g-512g-ssd-gris.html,2,1519.0
pc_portables,LENOVO,Économique,0,https://www.mytek.tn/pc-portable-lenovo-ideapad-slim-3-15iru8-i3-13e-gen-8g-512g-ssd-gris.html,3,1519.0
pc_portables,LENOVO,Économique,0,https://www.mytek.tn/pc-portable-lenovo-ideapad-slim-3-15iru8-i3-13e-gen-8g-512g-ssd-gris.html,4,1519.0
pc_portables,LENOVO,Économique,0,https://www.mytek.tn/pc-portable-lenovo-ideapad-slim-3-15iru8-i3-13e-gen-8g-512go-ssd-gris.html,1,1559.0
pc_portables,LENOVO,Économique,0,https://www.mytek.tn/pc-portable-lenovo-ideapad-slim-3-15iru8-i3-13e-gen-8g-512go-ssd-gris.html,2,1559.0
pc_portables,LENOVO,Économique,0,https://www.mytek.tn/pc-portable-lenovo-ideapad-slim-3-15iru8-i3-13e-gen-8go-512g-ssd-gris.html,1,1559.0
pc_portables,LENOVO,Économique,0,https://www.mytek.tn/pc-portable-lenovo-ideapad-slim-3-15iru8-i3-13e-gen-8go-512g-ssd-gris.html,2,1559.0
pc_portables,LENOVO,Économique,0,https://www.mytek.tn/pc-portable-lenovo-ideapad-slim-3-15iru8-i3-13e-gen-8go-512g-ssd-gris.html,3,1559.0
pc_portables,LENOVO,Économique,0,https://www.mytek.tn/pc-portable-lenovo-ideapad-slim-3-15iru8-i3-13e-gen-8go-512g-ssd-gris.html,4,1559.0
pc_portables,LENOVO,Économique,0,https://www.mytek.tn/pc-portable-lenovo-ideapad-slim-3-15iru8-i3-13eme-gen-8g-512g-ssd-gris.html,1,1529.0
pc_portables,LENOVO,Économique,0,https://www.mytek.tn/pc-portable-lenovo-ideapad-slim-3-15iru8-i3-13eme-gen-8g-512g-ssd-gris.html,2,1529.0
pc_portables,LENOVO,Économique,0,https://www.mytek.tn/pc-portable-lenovo-ideapad-slim-3-15iru8-i3-13eme-gen-8g-512g-ssd-gris.html,3,1529.0
pc_portables,LENOVO,Économique,0,https://www.mytek.tn/pc-portable-lenovo-ideapad-slim-3-15iru8-i3-13eme-gen-8g-512g-ssd-gris.html,4,1529.0
pc_portables,LENOVO,Économique,0,https://www.mytek.tn/pc-portable-lenovo-ideapad-slim-3-15iru8-i3-13eme-gen-8g-512go-ssd-gris.html,1,1489.0
pc_portables,LENOVO,Économique,0,https://www.mytek.tn/pc-portable-lenovo-ideapad-slim-3-15iru8-i3-13eme-gen-8g-512go-ssd-gris.html,2,1489.0
pc_portables,LENOVO,Économique,0,https://www.mytek.tn/pc-portable-lenovo-ideapad-slim-3-15iru8-i3-13eme-gen-8g-512go-ssd-gris.html,3,1489.0
pc_portables,LENOVO,Économique,0,https://www.mytek.tn/pc-portable-lenovo-ideapad-slim-3-15iru8-i3-13eme-gen-8g-512go-ssd-gris.html,4,1489.0
pc_portables,LENOVO,Économique,0,https://www.mytek.tn/pc-portable-lenovo-v15-g5-irl-i3-13e-gen-8g-512go-ssd-noir.html,1,1989.0
pc_portables,LENOVO,Économique,0,https://www.mytek.tn/pc-portable-lenovo-v15-g5-irl-i3-13e-gen-8g-512go-ssd-noir.html,2,1989.0
pc_portables,LENOVO,Économique,0,https://www.mytek.tn/pc-portable-lenovo-v15-g5-irl-i3-13e-gen-8g-512go-ssd-noir.html,3,1989.0
pc_portables,LENOVO,Économique,0,https://www.mytek.tn/pc-portable-lenovo-v15-g5-irl-i3-13e-gen-8g-512go-ssd-noir.html,4,1989.0
pc_portables,LENOVO,Économique,0,https://www.mytek.tn/pc-portable-lenovo-v15-g5-irl-i7-13e-gen-8g-512go-ssd-noir.html,1,2309.0
pc_portables,LENOVO,Économique,0,https://www.mytek.tn/pc-portable-lenovo-v15-g5-irl-i7-13e-gen-8g-512go-ssd-noir.html,2,2309.0
pc_portables,LENOVO,Économique,0,https://www.mytek.tn/pc-portable-lenovo-v15-g5-irl-i7-13e-gen-8g-512go-ssd-noir.html,3,2309.0
pc_portables,LENOVO,Économique,0,https://www.mytek.tn/pc-portable-lenovo-v15-g5-irl-i7-13e-gen-8g-512go-ssd-noir.html,4,2309.0
pc_portables,LENOVO,Économique,0,https://www.mytek.tn/pc-portable-lenovo-v15-g5-irl-i7-13e-gen-8go-512go-ssd-noir.html,1,2259.0
pc_portables,LENOVO,Économique,0,https://www.mytek.tn/pc-portable-lenovo-v15-g5-irl-i7-13e-gen-8go-512go-ssd-noir.html,2,2259.0
pc_portables,LENOVO,Économique,0,https://www.mytek.tn/pc-portable-lenovo-v15-g5-irl-i7-13e-gen-8go-512go-ssd-noir.html,3,2259.0
pc_portables,LENOVO,Économique,0,https://www.mytek.tn/pc-portable-lenovo-v15-g5-irl-i7-13e-gen-8go-512go-ssd-noir.html,4,2259.0
pc_portables,LENOVO,Économique,1,https://www.mytek.tn/pc-portable-lenovo-ideapad-1-15ijl7-intel-celeron-n-4500-8go-256g-ssd-gris.html,1,1329.0
pc_portables,LENOVO,Économique,1,https://www.mytek.tn/pc-portable-lenovo-ideapad-1-15ijl7-intel-celeron-n4500-8-go-256g-ssd.html,1,1315.0
pc_portables,LENOVO,Économique,1,https://www.mytek.tn/pc-portable-lenovo-ideapad-1-15ijl7-intel-celeron-n4500-8-go-256g-ssd.html,2,1315.0
pc_portables,LENOVO,Économique,1,https://www.mytek.tn/pc-portable-lenovo-ideapad-1-15ijl7-intel-celeron-n4500-8-go-256g-ssd.html,4,1315.0
pc_portables,LENOVO,Économique,1,https://www.mytek.tn/pc-portable-lenovo-ideapad-1-15ijl7-intel-celeron-n4500-8g-256-g-ssd-gris.html,1,1379.0
pc_portables,LENOVO,Économique,1,https://www.mytek.tn/pc-portable-lenovo-ideapad-1-15ijl7-intel-celeron-n4500-8g-256-g-ssd-gris.html,2,1339.0
pc_portables,LENOVO,Économique,1,https://www.mytek.tn/pc-portable-lenovo-ideapad-1-15ijl7-intel-celeron-n4500-8g-256-g-ssd-gris.html,3,1339.0
pc_portables,LENOVO,Économique,1,https://www.mytek.tn/pc-portable-lenovo-ideapad-1-15ijl7-intel-celeron-n4500-8g-256-g-ssd-gris.html,4,1339.0
pc_portables,LENOVO,Économique,1,https://www.mytek.tn/pc-portable-lenovo-ideapad-1-15ijl7-intel-celeron-n4500-8g-256-g-ssd.html,1,1299.0
pc_portables,LENOVO,Économique,1,https://www.mytek.tn/pc-portable-lenovo-ideapad-1-15ijl7-intel-celeron-n4500-8g-256-g-ssd.html,2,1269.0
pc_portables,LENOVO,Économique,1,https://www.mytek.tn/pc-portable-lenovo-ideapad-1-15ijl7-intel-celeron-n4500-8g-256-g-ssd.html,3,1269.0
pc_portables,LENOVO,Économique,1,https://www.mytek.tn/pc-portable-lenovo-ideapad-1-15ijl7-intel-celeron-n4500-8g-256-g-ssd.html,4,1269.0
pc_portables,LENOVO,Économique,1,https://www.mytek.tn/pc-portable-lenovo-ideapad-1-15ijl7-intel-celeron-n4500-8g-256g-ssd-gris.html,1,1239.0
pc_portables,LENOVO,Économique,1,https://www.mytek.tn/pc-portable-lenovo-ideapad-1-15ijl7-intel-celeron-n4500-8g-256g-ssd-gris.html,2,1239.0
pc_portables,LENOVO,Économique,1,https://www.mytek.tn/pc-portable-lenovo-ideapad-1-15ijl7-intel-celeron-n4500-8g-256g-ssd-gris.html,3,1239.0
pc_portables,LENOVO,Économique,1,https://www.mytek.tn/pc-portable-lenovo-ideapad-1-15ijl7-intel-celeron-n4500-8g-256g-ssd-gris.html,4,1239.0
pc_portables,LENOVO,Économique,1,https://www.mytek.tn/pc-portable-lenovo-ideapad-1-15ijl7-intel-celeron-n4500-8g-256g-ssd.html,1,1249.0
pc_portables,LENOVO,Économique,1,https://www.mytek.tn/pc-portable-lenovo-ideapad-1-15ijl7-intel-celeron-n4500-8g-256g-ssd.html,2,1249.0
pc_portables,LENOVO,Économique,1,https://www.mytek.tn/pc-portable-lenovo-ideapad-1-15ijl7-intel-celeron-n4500-8g-256g-ssd.html,3,1249.0
pc_portables,LENOVO,Économique,1,https://www.mytek.tn/pc-portable-lenovo-ideapad-1-15ijl7-intel-celeron-n4500-8g-256g-ssd.html,4,1249.0
pc_portables,LENOVO,Économique,1,https://www.mytek.tn/pc-portable-lenovo-ideapad-1-15ijl7-intel-celeron-n4500-8g-256go-ssd.html,1,1329.0
pc_portables,LENOVO,Économique,1,https://www.mytek.tn/pc-portable-lenovo-ideapad-1-15ijl7-intel-celeron-n4500-8g-256go-ssd.html,2,1329.0
pc_portables,LENOVO,Économique,1,https://www.mytek.tn/pc-portable-lenovo-ideapad-1-15ijl7-intel-celeron-n4500-8g-256go-ssd.html,3,1329.0
pc_portables,LENOVO,Économique,1,https://www.mytek.tn/pc-portable-lenovo-ideapad-1-15ijl7-intel-celeron-n4500-8g-256go-ssd.html,4,1329.0
pc_portables,LENOVO,Économique,1,https://www.mytek.tn/pc-portable-lenovo-ideapad-1-15ijl7-intel-celeron-n4500-8go-256-g-ssd-gris.html,1,1345.0
pc_portables,LENOVO,Économique,1,https://www.mytek.tn/pc-portable-lenovo-ideapad-1-15ijl7-intel-celeron-n4500-8go-256-g-ssd-gris.html,2,1309.0
pc_portables,LENOVO,Économique,1,https://www.mytek.tn/pc-portable-lenovo-ideapad-1-15ijl7-intel-celeron-n4500-8go-256-g-ssd-gris.html,4,1309.0
pc_portables,LENOVO,Économique,1,https://www.mytek.tn/pc-portable-lenovo-ideapad-1-15ijl7-intel-celeron-n4500-8go-256-g-ssd.html,1,1345.0
pc_portables,LENOVO,Économique,1,https://www.mytek.tn/pc-portable-lenovo-ideapad-1-15ijl7-intel-celeron-n4500-8go-256-g-ssd.html,2,1299.0
pc_portables,LENOVO,Économique,1,https://www.mytek.tn/pc-portable-lenovo-ideapad-1-15ijl7-intel-celeron-n4500-8go-256-g-ssd.html,3,1299.0
pc_portables,LENOVO,Économique,1,https://www.mytek.tn/pc-portable-lenovo-ideapad-1-15ijl7-intel-celeron-n4500-8go-256-g-ssd.html,4,1299.0
pc_portables,LENOVO,Économique,1,https://www.mytek.tn/pc-portable-lenovo-ideapad-1-15ijl7-intel-celeron-n4500-8go-256g-ssd-gris.html,1,1359.0
pc_portables,LENOVO,Économique,1,https://www.mytek.tn/pc-portable-lenovo-ideapad-1-15ijl7-intel-celeron-n4500-8go-256g-ssd-gris.html,2,1299.0
pc_portables,LENOVO,Économique,1,https://www.mytek.tn/pc-portable-lenovo-ideapad-1-15ijl7-intel-celeron-n4500-8go-256g-ssd-gris.html,3,1299.0
pc_portables,LENOVO,Économique,1,https://www.mytek.tn/pc-portable-lenovo-ideapad-1-15ijl7-intel-celeron-n4500-8go-256g-ssd-gris.html,4,1299.0
pc_portables,LENOVO,Économique,1,https://www.mytek.tn/pc-portable-lenovo-ideapad-1-15ijl7-intel-celeron-n4500-8go-256g-ssd.html,1,1219.0
pc_portables,LENOVO,Économique,1,https://www.mytek.tn/pc-portable-lenovo-ideapad-1-15ijl7-intel-celeron-n4500-8go-256g-ssd.html,2,1219.0
pc_portables,LENOVO,Économique,1,https://www.mytek.tn/pc-portable-lenovo-ideapad-1-15ijl7-intel-celeron-n4500-8go-256g-ssd.html,3,1219.0
pc_portables,LENOVO,Économique,1,https://www.mytek.tn/pc-portable-lenovo-ideapad-1-15ijl7-intel-celeron-n4500-8go-256g-ssd.html,4,1219.0
pc_portables,LENOVO,Économique,1,https://www.mytek.tn/pc-portable-lenovo-ideapad-1-15ijl7-intel-celeron-n4500-8go-256go-ssd-gris.html,1,1219.0
pc_portables,LENOVO,Économique,1,https://www.mytek.tn/pc-portable-lenovo-ideapad-1-15ijl7-intel-celeron-n4500-8go-256go-ssd-gris.html,2,1219.0
pc_portables,LENOVO,Économique,1,https://www.mytek.tn/pc-portable-lenovo-ideapad1-15ijl7-intel-celeron-n4500-8g-256g-ssd-gris.html,1,1259.0
pc_portables,LENOVO,Économique,1,https://www.mytek.tn/pc-portable-lenovo-ideapad1-15ijl7-intel-celeron-n4500-8g-256g-ssd-gris.html,2,1259.0
pc_portables,LENOVO,Économique,1,https://www.mytek.tn/pc-portable-lenovo-ideapad1-15ijl7-intel-celeron-n4500-8go-256go-ssd-gris.html,1,1279.0
pc_portables,LENOVO,Économique,1,https://www.mytek.tn/pc-portable-lenovo-ideapad1-15ijl7-intel-celeron-n4500-8go-256go-ssd-gris.html,2,1279.0
pc_portables,LENOVO,Économique,1,https://www.mytek.tn/pc-portable-lenovo-ideapad1-15ijl7-intel-celeron-n4500-8go-256go-ssd-gris.html,3,1279.0
pc_portables,LENOVO,Économique,1,https://www.mytek.tn/pc-portable-lenovo-ideapad1-15ijl7-intel-celeron-n4500-8go-256go-ssd-gris.html,4,1279.0
pc_portables,LENOVO,Économique,1,https://www.mytek.tn/pc-portable-lenovo-v15-g2-ijl-intel-celeron-n4500-16go-256g-ssd-noir.html,1,1369.0
pc_portables,LENOVO,Économique,1,https://www.mytek.tn/pc-portable-lenovo-v15-g2-ijl-intel-celeron-n4500-16go-256g-ssd-noir.html,2,1369.0
pc_portables,LENOVO,Économique,1,https://www.mytek.tn/pc-portable-lenovo-v15-g2-ijl-intel-celeron-n4500-16go-256g-ssd-noir.html,3,1369.0
pc_portables,LENOVO,Économique,1,https://www.mytek.tn/pc-portable-lenovo-v15-g2-ijl-intel-celeron-n4500-16go-256g-ssd-noir.html,4,1369.0
pc_portables,LENOVO,Économique,1,https://www.mytek.tn/pc-portable-lenovo-v15-g2-ijl-intel-celeron-n4500-16go-256go-ssd-noir.html,1,1319.0
pc_portables,LENOVO,Économique,1,https://www.mytek.tn/pc-portable-lenovo-v15-g2-ijl-intel-celeron-n4500-16go-256go-ssd-noir.html,2,1319.0
pc_portables,LENOVO,Économique,1,https://www.mytek.tn/pc-portable-lenovo-v15-g2-ijl-intel-celeron-n4500-16go-256go-ssd-noir.html,3,1319.0
pc_portables,LENOVO,Économique,1,https://www.mytek.tn/pc-portable-lenovo-v15-g2-ijl-intel-celeron-n4500-16go-256go-ssd-noir.html,4,1319.0
pc_portables,LENOVO,Économique,1,https://www.mytek.tn/pc-portable-lenovo-v15-g2-ijl-intel-celeron-n4500-8g-256g-ssd-noir.html,1,1149.0
pc_portables,LENOVO,Économique,1,https://www.mytek.tn/pc-portable-lenovo-v15-g2-ijl-intel-celeron-n4500-8g-256g-ssd-noir.html,2,1149.0
pc_portables,LENOVO,Économique,1,https://www.mytek.tn/pc-portable-lenovo-v15-g2-ijl-intel-celeron-n4500-8g-256g-ssd-noir.html,3,1149.0
pc_portables,LENOVO,Économique,1,https://www.mytek.tn/pc-portable-lenovo-v15-g2-ijl-intel-celeron-n4500-8g-256g-ssd-noir.html,4,1149.0
pc_portables,LENOVO,Économique,1,https://www.mytek.tn/pc-portable-lenovo-v15-g2-ijl-intel-celeron-n4500-8go-256go-ssd-noir.html,1,1099.0
pc_portables,LENOVO,Économique,1,https://www.mytek.tn/pc-portable-lenovo-v15-g2-ijl-intel-celeron-n4500-8go-256go-ssd-noir.html,2,1099.0
pc_portables,LENOVO,Économique,1,https://www.mytek.tn/pc-portable-lenovo-v15-g2-ijl-intel-celeron-n4500-8go-256go-ssd-noir.html,3,1099.0
pc_portables,LENOVO,Économique,1,https://www.mytek.tn/pc-portable-lenovo-v15-g2-ijl-intel-celeron-n4500-8go-256go-ssd-noir.html,4,1099.0
pc_portables,LENOVO,Économique,2,https://www.mytek.tn/pc-portable-gamer-lenovo-loq-15iax9e-i5-12e-gen-16go-rtx-2050.html,1,2199.0
pc_portables,LENOVO,Économique,2,https://www.mytek.tn/pc-portable-gamer-lenovo-loq-15iax9e-i5-12e-gen-16go-rtx-2050.html,2,2199.0
pc_portables,LENOVO,Économique,2,https://www.mytek.tn/pc-portable-lenovo-ideapad-slim-3-15irh10-i5-13e-gen-16go-512go-ssd-bleu.html,1,2099.0
pc_portables,LENOVO,Économique,2,https://www.mytek.tn/pc-portable-lenovo-ideapad-slim-3-15irh10-i5-13e-gen-16go-512go-ssd-bleu.html,2,2099.0
pc_portables,LENOVO,Économique,2,https://www.mytek.tn/pc-portable-lenovo-ideapad-slim-3-15irh10-i5-13e-gen-16go-512go-ssd-bleu.html,3,2099.0
pc_portables,LENOVO,Économique,2,https://www.mytek.tn/pc-portable-lenovo-ideapad-slim-3-15irh10-i5-13e-gen-16go-512go-ssd-bleu.html,4,2099.0
pc_portables,LENOVO,Économique,2,https://www.mytek.tn/pc-portable-lenovo-ideapad-slim-3-15irh10-i5-13e-gen-24g-512g-ssd-gris.html,1,2369.0
pc_portables,LENOVO,Économique,2,https://www.mytek.tn/pc-portable-lenovo-ideapad-slim-3-15irh10-i5-13e-gen-24g-512g-ssd-gris.html,2,2369.0
pc_portables,LENOVO,Économique,2,https://www.mytek.tn/pc-portable-lenovo-ideapad-slim-3-15irh10-i5-13e-gen-24g-512g-ssd-gris.html,3,2369.0
pc_portables,LENOVO,Économique,2,https://www.mytek.tn/pc-portable-lenovo-ideapad-slim-3-15irh10-i5-13e-gen-24g-512g-ssd-gris.html,4,2369.0
pc_portables,LENOVO,Économique,2,https://www.mytek.tn/pc-portable-lenovo-ideapad-slim-3-15irh10-i5-13e-gen-24g-512go-ssd-gris.html,1,2329.0
pc_portables,LENOVO,Économique,2,https://www.mytek.tn/pc-portable-lenovo-ideapad-slim-3-15irh10-i5-13e-gen-24g-512go-ssd-gris.html,2,2329.0
pc_portables,LENOVO,Économique,2,https://www.mytek.tn/pc-portable-lenovo-ideapad-slim-3-15irh10-i5-13e-gen-24g-512go-ssd-gris.html,3,2329.0
pc_portables,LENOVO,Économique,2,https://www.mytek.tn/pc-portable-lenovo-ideapad-slim-3-15irh10-i5-13e-gen-24g-512go-ssd-gris.html,4,2329.0
pc_portables,LENOVO,Économique,2,https://www.mytek.tn/pc-portable-lenovo-ideapad-slim-3-15irh10-i5-13e-gen-8g-512g-ssd-gris.html,1,1839.0
pc_portables,LENOVO,Économique,2,https://www.mytek.tn/pc-portable-lenovo-ideapad-slim-3-15irh10-i5-13e-gen-8g-512g-ssd-gris.html,2,1839.0
pc_portables,LENOVO,Économique,2,https://www.mytek.tn/pc-portable-lenovo-ideapad-slim-3-15irh10-i5-13e-gen-8g-512g-ssd-gris.html,3,1839.0
pc_portables,LENOVO,Économique,2,https://www.mytek.tn/pc-portable-lenovo-ideapad-slim-3-15irh10-i5-13e-gen-8g-512g-ssd-gris.html,4,1839.0
pc_portables,LENOVO,Économique,2,https://www.mytek.tn/pc-portable-lenovo-ideapad-slim-3-15irh10-i5-13e-gen-8g-512go-ssd-gris.html,1,1789.0
pc_portables,LENOVO,Économique,2,https://www.mytek.tn/pc-portable-lenovo-ideapad-slim-3-15irh10-i5-13e-gen-8g-512go-ssd-gris.html,2,1789.0
pc_portables,LENOVO,Économique,2,https://www.mytek.tn/pc-portable-lenovo-ideapad-slim-3-15irh10-i5-13e-gen-8g-512go-ssd-gris.html,3,1789.0
pc_portables,LENOVO,Économique,2,https://www.mytek.tn/pc-portable-lenovo-ideapad-slim-3-15irh10-i5-13e-gen-8g-512go-ssd-gris.html,4,1789.0
pc_portables,LENOVO,Économique,2,https://www.mytek.tn/pc-portable-lenovo-ideapad-slim-3-15irh10-i5-13e-gen-8go-512go-ssd-gris.html,1,1799.0
pc_portables,LENOVO,Économique,2,https://www.mytek.tn/pc-portable-lenovo-ideapad-slim-3-15irh10-i5-13e-gen-8go-512go-ssd-gris.html,2,1799.0
pc_portables,LENOVO,Économique,2,https://www.mytek.tn/pc-portable-lenovo-ideapad-slim-3-15irh10-i5-13e-gen-8go-512go-ssd-gris.html,3,1799.0
pc_portables,LENOVO,Économique,2,https://www.mytek.tn/pc-portable-lenovo-ideapad-slim-3-15irh10-i5-13e-gen-8go-512go-ssd-gris.html,4,1799.0
pc_portables,LENOVO,Économique,2,https://www.mytek.tn/pc-portable-lenovo-ideapad-slim-3-15irh10-i5-13eme-gen-16g-512g-ssd-gris.html,1,2205.0
pc_portables,LENOVO,Économique,2,https://www.mytek.tn/pc-portable-lenovo-ideapad-slim-3-15irh10-i5-13eme-gen-16g-512g-ssd-gris.html,2,2205.0
pc_portables,LENOVO,Économique,2,https://www.mytek.tn/pc-portable-lenovo-ideapad-slim-3-15irh10-i5-13eme-gen-16g-512g-ssd-gris.html,3,2205.0
pc_portables,LENOVO,Économique,2,https://www.mytek.tn/pc-portable-lenovo-ideapad-slim-3-15irh10-i5-13eme-gen-16g-512g-ssd-gris.html,4,2205.0
pc_portables,LENOVO,Économique,2,https://www.mytek.tn/pc-portable-lenovo-ideapad-slim-3-15irh10-i5-8go-512go-ssd-gris.html,1,1819.0
pc_portables,LENOVO,Économique,2,https://www.mytek.tn/pc-portable-lenovo-v15-g5-irl-i5-13e-gen-8g-512go-ssd-noir.html,1,2169.0
pc_portables,LENOVO,Économique,2,https://www.mytek.tn/pc-portable-lenovo-v15-g5-irl-i5-13e-gen-8g-512go-ssd-noir.html,2,2169.0
pc_portables,LENOVO,Économique,2,https://www.mytek.tn/pc-portable-lenovo-v15-g5-irl-i5-13e-gen-8g-512go-ssd-noir.html,3,2169.0
pc_portables,LENOVO,Économique,2,https://www.mytek.tn/pc-portable-lenovo-v15-g5-irl-i5-13e-gen-8g-512go-ssd-noir.html,4,2169.0
pc_portables,LENOVO,Économique,2,https://www.mytek.tn/pc-portable-lenovo-v15-g5-irl-i5-13e-gen-8go-512go-ssd-noir.html,1,2119.0
pc_portables,LENOVO,Économique,2,https://www.mytek.tn/pc-portable-lenovo-v15-g5-irl-i5-13e-gen-8go-512go-ssd-noir.html,2,2119.0
pc_portables,LENOVO,Économique,2,https://www.mytek.tn/pc-portable-lenovo-v15-g5-irl-i5-13e-gen-8go-512go-ssd-noir.html,3,2119.0
pc_portables,LENOVO,Économique,2,https://www.mytek.tn/pc-portable-lenovo-v15-g5-irl-i5-13e-gen-8go-512go-ssd-noir.html,4,2119.0
pc_portables,LENOVO,Économique,3,https://www.mytek.tn/pc-portable-lenovo-ideapad-slim-3-15amn8-amd-athlon-8g-256g-ssd-gris.html,1,1419.0
pc_portables,LENOVO,Économique,3,https://www.mytek.tn/pc-portable-lenovo-ideapad-slim-3-15amn8-amd-athlon-8g-256g-ssd-gris.html,2,1419.0
pc_portables,LENOVO,Économique,3,https://www.mytek.tn/pc-portable-lenovo-ideapad-slim-3-15amn8-amd-athlon-8g-256g-ssd-gris.html,3,1419.0
pc_portables,LENOVO,Économique,3,https://www.mytek.tn/pc-portable-lenovo-ideapad-slim-3-15amn8-amd-athlon-8g-256g-ssd-gris.html,4,1419.0
pc_portables,LENOVO,Économique,3,https://www.mytek.tn/pc-portable-lenovo-ideapad-slim-3-15amn8-amd-athlon-8g-256go-ssd-gris.html,1,1379.0
pc_portables,LENOVO,Économique,3,https://www.mytek.tn/pc-portable-lenovo-ideapad-slim-3-15amn8-amd-athlon-8g-256go-ssd-gris.html,2,1379.0
pc_portables,LENOVO,Économique,3,https://www.mytek.tn/pc-portable-lenovo-ideapad-slim-3-15amn8-amd-athlon-8g-256go-ssd-gris.html,3,1379.0
pc_portables,LENOVO,Économique,3,https://www.mytek.tn/pc-portable-lenovo-ideapad-slim-3-15amn8-amd-athlon-8g-256go-ssd-gris.html,4,1379.0
pc_portables,LENOVO,Économique,3,https://www.mytek.tn/pc-portable-lenovo-ideapad-slim-3-15amn8-amd-ryzen-3-8g-256g-ssd-gris.html,1,1559.0
pc_portables,LENOVO,Économique,3,https://www.mytek.tn/pc-portable-lenovo-ideapad-slim-3-15amn8-amd-ryzen-3-8g-256g-ssd-gris.html,2,1559.0
pc_portables,LENOVO,Économique,3,https://www.mytek.tn/pc-portable-lenovo-ideapad-slim-3-15amn8-amd-ryzen-3-8g-256g-ssd-gris.html,3,1559.0
pc_portables,LENOVO,Économique,3,https://www.mytek.tn/pc-portable-lenovo-ideapad-slim-3-15amn8-amd-ryzen-3-8g-256g-ssd-gris.html,4,1559.0
pc_portables,LENOVO,Économique,3,https://www.mytek.tn/pc-portable-lenovo-ideapad-slim-3-15amn8-amd-ryzen-5-16g-512g-ssd-gris.html,1,1899.0
pc_portables,LENOVO,Économique,3,https://www.mytek.tn/pc-portable-lenovo-ideapad-slim-3-15amn8-amd-ryzen-5-16g-512g-ssd-gris.html,2,1899.0
pc_portables,LENOVO,Économique,3,https://www.mytek.tn/pc-portable-lenovo-ideapad-slim-3-15amn8-amd-ryzen-5-16g-512g-ssd-gris.html,3,1899.0
pc_portables,LENOVO,Économique,3,https://www.mytek.tn/pc-portable-lenovo-ideapad-slim-3-15amn8-amd-ryzen-5-16g-512g-ssd-gris.html,4,1899.0
pc_portables,LENOVO,Économique,3,https://www.mytek.tn/pc-portable-lenovo-ideapad-slim-3-15amn8-amd-ryzen5-16g-512g-ssd-gris.html,1,1949.0
pc_portables,LENOVO,Économique,3,https://www.mytek.tn/pc-portable-lenovo-ideapad-slim-3-15amn8-amd-ryzen5-16g-512g-ssd-gris.html,2,1949.0
pc_portables,LENOVO,Économique,3,https://www.mytek.tn/pc-portable-lenovo-ideapad-slim-3-15amn8-amd-ryzen5-16g-512g-ssd-gris.html,3,1949.0
pc_portables,LENOVO,Économique,3,https://www.mytek.tn/pc-portable-lenovo-ideapad-slim-3-15amn8-amd-ryzen5-16g-512g-ssd-gris.html,4,1949.0
pc_portables,MSI,Milieu de gamme,0,https://www.mytek.tn/pc-portable-gamer-msi-cyborg-15-a13u-i5-13e-gen-16go-rtx-3050.html,1,2969.0
pc_portables,MSI,Milieu de gamme,0,https://www.mytek.tn/pc-portable-gamer-msi-cyborg-15-a13u-i5-13e-gen-16go-rtx-3050.html,2,2799.0
pc_portables,MSI,Milieu de gamme,0,https://www.mytek.tn/pc-portable-gamer-msi-cyborg-15-a13u-i5-13e-gen-16go-rtx-3050.html,3,2799.0
pc_portables,MSI,Milieu de gamme,0,https://www.mytek.tn/pc-portable-gamer-msi-cyborg-15-a13u-i5-13e-gen-16go-rtx-3050.html,4,2799.0
pc_portables,MSI,Milieu de gamme,0,https://www.mytek.tn/pc-portable-gamer-msi-cyborg-15-a13ve-i5-13e-gen-16g-rtx4050.html,1,3379.0
pc_portables,MSI,Milieu de gamme,0,https://www.mytek.tn/pc-portable-gamer-msi-cyborg-15-a13ve-i5-13e-gen-16g-rtx4050.html,2,2999.0
pc_portables,MSI,Milieu de gamme,0,https://www.mytek.tn/pc-portable-gamer-msi-cyborg-15-a13ve-i5-13e-gen-16g-rtx4050.html,3,2999.0
pc_portables,MSI,Milieu de gamme,0,https://www.mytek.tn/pc-portable-gamer-msi-cyborg-15-a13ve-i5-13e-gen-16g-rtx4050.html,4,2999.0
pc_portables,MSI,Milieu de gamme,0,https://www.mytek.tn/pc-portable-gamer-msi-cyborg-15-a13ve-i5-13e-gen-16go-rtx-4050.html,1,3499.0
pc_portables,MSI,Milieu de gamme,0,https://www.mytek.tn/pc-portable-gamer-msi-cyborg-15-a13ve-i5-13e-gen-16go-rtx-4050.html,2,3499.0
pc_portables,MSI,Milieu de gamme,0,https://www.mytek.tn/pc-portable-gamer-msi-cyborg-15-a13ve-i5-13e-gen-16go-rtx-4050.html,3,3499.0
pc_portables,MSI,Milieu de gamme,0,https://www.mytek.tn/pc-portable-gamer-msi-cyborg-15-a13ve-i5-13e-gen-16go-rtx-4050.html,4,3499.0
pc_portables,MSI,Milieu de gamme,0,https://www.mytek.tn/pc-portable-gamer-msi-cyborg-15-a13ve-i5-13e-gen-8go-rtx-4050.html,1,3099.0
pc_portables,MSI,Milieu de gamme,0,https://www.mytek.tn/pc-portable-gamer-msi-cyborg-15-a13ve-i5-13e-gen-8go-rtx-4050.html,2,3099.0
pc_portables,MSI,Milieu de gamme,0,https://www.mytek.tn/pc-portable-gamer-msi-cyborg-15-a13ve-i5-13e-gen-8go-rtx-4050.html,3,3099.0
pc_portables,MSI,Milieu de gamme,0,https://www.mytek.tn/pc-portable-gamer-msi-cyborg-15-a13ve-i5-13e-gen-8go-rtx-4050.html,4,3099.0
pc_portables,MSI,Milieu de gamme,0,https://www.mytek.tn/pc-portable-gamer-msi-cyborg-15-b2rw-intel-core-5-210h-8go-rtx-5060.html,1,3819.0
pc_portables,MSI,Milieu de gamme,0,https://www.mytek.tn/pc-portable-gamer-msi-cyborg-15-b2rw-intel-core-5-210h-8go-rtx-5060.html,2,3819.0
pc_portables,MSI,Milieu de gamme,0,https://www.mytek.tn/pc-portable-gamer-msi-cyborg-15-b2rw-intel-core-5-210h-8go-rtx-5060.html,3,3819.0
pc_portables,MSI,Milieu de gamme,0,https://www.mytek.tn/pc-portable-gamer-msi-cyborg-15-b2rw-intel-core-5-210h-8go-rtx-5060.html,4,3819.0
pc_portables,MSI,Milieu de gamme,0,https://www.mytek.tn/pc-portable-gamer-msi-thin-15-b13udx-i5-13e-gen-32g-rtx3050.html,1,3049.0
pc_portables,MSI,Milieu de gamme,0,https://www.mytek.tn/pc-portable-gamer-msi-thin-15-b13udx-i5-13e-gen-32g-rtx3050.html,2,3049.0
pc_portables,MSI,Milieu de gamme,0,https://www.mytek.tn/pc-portable-gamer-msi-thin-15-b13udx-i5-13e-gen-32g-rtx3050.html,3,3049.0
pc_portables,MSI,Milieu de gamme,0,https://www.mytek.tn/pc-portable-gamer-msi-thin-15-b13udx-i5-13e-gen-32g-rtx3050.html,4,3049.0
pc_portables,MSI,Milieu de gamme,1,https://www.mytek.tn/pc-portable-gamer-msi-cyborg-15-a13u-i7-13e-gen-16g-rtx-3050.html,1,3399.0
pc_portables,MSI,Milieu de gamme,1,https://www.mytek.tn/pc-portable-gamer-msi-cyborg-15-a13u-i7-13e-gen-16g-rtx-3050.html,2,3169.0
pc_portables,MSI,Milieu de gamme,1,https://www.mytek.tn/pc-portable-gamer-msi-cyborg-15-a13u-i7-13e-gen-16g-rtx-3050.html,3,3169.0
pc_portables,MSI,Milieu de gamme,1,https://www.mytek.tn/pc-portable-gamer-msi-cyborg-15-a13u-i7-13e-gen-16g-rtx-3050.html,4,3039.0
pc_portables,MSI,Milieu de gamme,1,https://www.mytek.tn/pc-portable-gamer-msi-cyborg-15-a13u-i7-13e-gen-16go-rtx-3050.html,1,3219.0
pc_portables,MSI,Milieu de gamme,1,https://www.mytek.tn/pc-portable-gamer-msi-cyborg-15-a13u-i7-13e-gen-16go-rtx-3050.html,2,2989.0
pc_portables,MSI,Milieu de gamme,1,https://www.mytek.tn/pc-portable-gamer-msi-cyborg-15-a13u-i7-13e-gen-16go-rtx-3050.html,3,2989.0
pc_portables,MSI,Milieu de gamme,1,https://www.mytek.tn/pc-portable-gamer-msi-cyborg-15-a13u-i7-13e-gen-16go-rtx-3050.html,4,2989.0
pc_portables,MSI,Milieu de gamme,1,https://www.mytek.tn/pc-portable-gamer-msi-cyborg-15-a13ve-i7-13e-gen-16g-rtx4050.html,1,3479.0
pc_portables,MSI,Milieu de gamme,1,https://www.mytek.tn/pc-portable-gamer-msi-cyborg-15-a13ve-i7-13e-gen-16g-rtx4050.html,2,3179.0
pc_portables,MSI,Milieu de gamme,1,https://www.mytek.tn/pc-portable-gamer-msi-cyborg-15-a13ve-i7-13e-gen-16g-rtx4050.html,3,3169.0
pc_portables,MSI,Milieu de gamme,1,https://www.mytek.tn/pc-portable-gamer-msi-cyborg-15-a13ve-i7-13e-gen-16g-rtx4050.html,4,3169.0
pc_portables,MSI,Milieu de gamme,1,https://www.mytek.tn/pc-portable-gamer-msi-cyborg-15-a13ve-i7-13e-gen-16go-rtx4050.html,1,3529.0
pc_portables,MSI,Milieu de gamme,1,https://www.mytek.tn/pc-portable-gamer-msi-cyborg-15-a13ve-i7-13e-gen-16go-rtx4050.html,2,3229.0
pc_portables,MSI,Milieu de gamme,1,https://www.mytek.tn/pc-portable-gamer-msi-cyborg-15-a13ve-i7-13e-gen-16go-rtx4050.html,3,3129.0
pc_portables,MSI,Milieu de gamme,1,https://www.mytek.tn/pc-portable-gamer-msi-cyborg-15-a13ve-i7-13e-gen-16go-rtx4050.html,4,3129.0
pc_portables,MSI,Milieu de gamme,1,https://www.mytek.tn/pc-portable-gamer-msi-thin-15-b13ucx-i7-13e-gen-24g-rtx-2050.html,1,2909.0
pc_portables,MSI,Milieu de gamme,1,https://www.mytek.tn/pc-portable-gamer-msi-thin-15-b13ucx-i7-13e-gen-24g-rtx-2050.html,2,2909.0
pc_portables,MSI,Milieu de gamme,1,https://www.mytek.tn/pc-portable-gamer-msi-thin-15-b13ucx-i7-13e-gen-24g-rtx-2050.html,3,2909.0
pc_portables,MSI,Milieu de gamme,1,https://www.mytek.tn/pc-portable-gamer-msi-thin-15-b13ucx-i7-13e-gen-24g-rtx-2050.html,4,2909.0
pc_portables,MSI,Milieu de gamme,1,https://www.mytek.tn/pc-portable-gamer-msi-thin-15-b13ucx-i7-13e-gen-32go-rtx-2050-gris.html,1,3095.0
pc_portables,MSI,Milieu de gamme,1,https://www.mytek.tn/pc-portable-gamer-msi-thin-15-b13ucx-i7-13e-gen-32go-rtx-2050-gris.html,2,3095.0
pc_portables,MSI,Milieu de gamme,1,https://www.mytek.tn/pc-portable-gamer-msi-thin-15-b13ucx-i7-13e-gen-32go-rtx-2050-gris.html,3,3095.0
pc_portables,MSI,Milieu de gamme,1,https://www.mytek.tn/pc-portable-gamer-msi-thin-15-b13ucx-i7-13e-gen-32go-rtx-2050-gris.html,4,3095.0
pc_portables,MSI,Milieu de gamme,1,https://www.mytek.tn/pc-portable-gamer-msi-thin-15-b13ucx-i7-13e-gen-32go-rtx-2050.html,1,3055.0
pc_portables,MSI,Milieu de gamme,1,https://www.mytek.tn/pc-portable-gamer-msi-thin-15-b13ucx-i7-13e-gen-32go-rtx-2050.html,2,3055.0
pc_portables,MSI,Milieu de gamme,1,https://www.mytek.tn/pc-portable-gamer-msi-thin-15-b13ucx-i7-13e-gen-32go-rtx-2050.html,3,3055.0
pc_portables,MSI,Milieu de gamme,1,https://www.mytek.tn/pc-portable-gamer-msi-thin-15-b13ucx-i7-13e-gen-32go-rtx-2050.html,4,3055.0
pc_portables,MSI,Milieu de gamme,1,https://www.mytek.tn/pc-portable-gamer-msi-thin-15-b13udx-i7-13e-gen-24g-rtx3050.html,1,3079.0
pc_portables,MSI,Milieu de gamme,1,https://www.mytek.tn/pc-portable-gamer-msi-thin-15-b13udx-i7-13e-gen-24g-rtx3050.html,2,3079.0
pc_portables,MSI,Milieu de gamme,1,https://www.mytek.tn/pc-portable-gamer-msi-thin-15-b13udx-i7-13e-gen-24g-rtx3050.html,3,3079.0
pc_portables,MSI,Milieu de gamme,1,https://www.mytek.tn/pc-portable-gamer-msi-thin-15-b13udx-i7-13e-gen-24g-rtx3050.html,4,3079.0
pc_portables,MSI,Milieu de gamme,1,https://www.mytek.tn/pc-portable-gamer-msi-thin-15-b13udx-i7-13e-gen-32g-rtx3050.html,1,3265.0
pc_portables,MSI,Milieu de gamme,1,https://www.mytek.tn/pc-portable-gamer-msi-thin-15-b13udx-i7-13e-gen-32g-rtx3050.html,2,3265.0
pc_portables,MSI,Milieu de gamme,1,https://www.mytek.tn/pc-portable-gamer-msi-thin-15-b13udx-i7-13e-gen-32g-rtx3050.html,3,3265.0
pc_portables,MSI,Milieu de gamme,1,https://www.mytek.tn/pc-portable-gamer-msi-thin-15-b13udx-i7-13e-gen-32g-rtx3050.html,4,3265.0
pc_portables,MSI,Milieu de gamme,1,https://www.mytek.tn/pc-portable-gamer-msi-thin-15-b13udx-i7-13e-gen-32go-rtx-3050-gris.html,1,3305.0
pc_portables,MSI,Milieu de gamme,1,https://www.mytek.tn/pc-portable-gamer-msi-thin-15-b13udx-i7-13e-gen-32go-rtx-3050-gris.html,2,3305.0
pc_portables,MSI,Milieu de gamme,1,https://www.mytek.tn/pc-portable-gamer-msi-thin-15-b13udx-i7-13e-gen-32go-rtx-3050-gris.html,3,3305.0
pc_portables,MSI,Milieu de gamme,1,https://www.mytek.tn/pc-portable-gamer-msi-thin-15-b13udx-i7-13e-gen-32go-rtx-3050-gris.html,4,3305.0
pc_portables,MSI,Milieu de gamme,2,https://www.mytek.tn/pc-portable-gamer-msi-cyborg-15-a13u-i5-13e-gen-16g-rtx-3050.html,1,3159.0
pc_portables,MSI,Milieu de gamme,2,https://www.mytek.tn/pc-portable-gamer-msi-cyborg-15-a13u-i5-13e-gen-16g-rtx-3050.html,2,2989.0
pc_portables,MSI,Milieu de gamme,2,https://www.mytek.tn/pc-portable-gamer-msi-cyborg-15-a13u-i5-13e-gen-16g-rtx-3050.html,3,2989.0
pc_portables,MSI,Milieu de gamme,2,https://www.mytek.tn/pc-portable-gamer-msi-cyborg-15-a13u-i5-13e-gen-16g-rtx-3050.html,4,2989.0
pc_portables,MSI,Milieu de gamme,2,https://www.mytek.tn/pc-portable-gamer-msi-cyborg-15-a13ve-i5-13e-gen-16go-rtx4050.html,1,3549.0
pc_portables,MSI,Milieu de gamme,2,https://www.mytek.tn/pc-portable-gamer-msi-cyborg-15-a13ve-i5-13e-gen-16go-rtx4050.html,2,3549.0
pc_portables,MSI,Milieu de gamme,2,https://www.mytek.tn/pc-portable-gamer-msi-cyborg-15-a13ve-i5-13e-gen-16go-rtx4050.html,3,3549.0
pc_portables,MSI,Milieu de gamme,2,https://www.mytek.tn/pc-portable-gamer-msi-cyborg-15-a13ve-i5-13e-gen-16go-rtx4050.html,4,3549.0
pc_portables,MSI,Milieu de gamme,2,https://www.mytek.tn/pc-portable-gamer-msi-cyborg-15-a13ve-i5-13e-gen-8go-rtx4050.html,1,3149.0
pc_portables,MSI,Milieu de gamme,2,https://www.mytek.tn/pc-portable-gamer-msi-cyborg-15-a13ve-i5-13e-gen-8go-rtx4050.html,2,3149.0
pc_portables,MSI,Milieu de gamme,2,https://www.mytek.tn/pc-portable-gamer-msi-cyborg-15-a13ve-i5-13e-gen-8go-rtx4050.html,3,3149.0
pc_portables,MSI,Milieu de gamme,2,https://www.mytek.tn/pc-portable-gamer-msi-cyborg-15-a13ve-i5-13e-gen-8go-rtx4050.html,4,3149.0
pc_portables,MSI,Milieu de gamme,2,https://www.mytek.tn/pc-portable-gamer-msi-cyborg-15-a13ve-i5-13eme-gen-16go-rtx4050.html,1,3569.0
pc_portables,MSI,Milieu de gamme,2,https://www.mytek.tn/pc-portable-gamer-msi-cyborg-15-a13ve-i5-13eme-gen-16go-rtx4050.html,2,3189.0
pc_portables,MSI,Milieu de gamme,2,https://www.mytek.tn/pc-portable-gamer-msi-cyborg-15-a13ve-i5-13eme-gen-16go-rtx4050.html,3,3189.0
pc_portables,MSI,Milieu de gamme,2,https://www.mytek.tn/pc-portable-gamer-msi-cyborg-15-a13ve-i5-13eme-gen-16go-rtx4050.html,4,3189.0
pc_portables,MSI,Milieu de gamme,2,https://www.mytek.tn/pc-portable-gamer-msi-thin-15-b13ucx-i5-13e-gen-32g-rtx-2050.html,1,2939.0
pc_portables,MSI,Premium,profil_descriptif,https://www.mytek.tn/pc-portable-gamer-msi-cyborg-15-a13u-i5-13e-gen-32go-rtx-3050.html,1,3909.0
pc_portables,MSI,Premium,profil_descriptif,https://www.mytek.tn/pc-portable-gamer-msi-cyborg-15-a13u-i5-13e-gen-32go-rtx-3050.html,2,3739.0
pc_portables,MSI,Premium,profil_descriptif,https://www.mytek.tn/pc-portable-gamer-msi-cyborg-15-a13u-i5-13e-gen-32go-rtx-3050.html,3,3739.0
pc_portables,MSI,Premium,profil_descriptif,https://www.mytek.tn/pc-portable-gamer-msi-cyborg-15-a13u-i5-13e-gen-32go-rtx-3050.html,4,3739.0
pc_portables,MSI,Premium,profil_descriptif,https://www.mytek.tn/pc-portable-gamer-msi-cyborg-15-a13u-i7-13e-gen-32go-rtx-3050.html,1,4149.0
pc_portables,MSI,Premium,profil_descriptif,https://www.mytek.tn/pc-portable-gamer-msi-cyborg-15-a13u-i7-13e-gen-32go-rtx-3050.html,2,3919.0
pc_portables,MSI,Premium,profil_descriptif,https://www.mytek.tn/pc-portable-gamer-msi-cyborg-15-a13u-i7-13e-gen-32go-rtx-3050.html,3,3919.0
pc_portables,MSI,Premium,profil_descriptif,https://www.mytek.tn/pc-portable-gamer-msi-cyborg-15-a13u-i7-13e-gen-32go-rtx-3050.html,4,3919.0
pc_portables,MSI,Premium,profil_descriptif,https://www.mytek.tn/pc-portable-gamer-msi-cyborg-15-a13ve-i5-13e-gen-32g-rtx4050.html,1,4319.0
pc_portables,MSI,Premium,profil_descriptif,https://www.mytek.tn/pc-portable-gamer-msi-cyborg-15-a13ve-i5-13e-gen-32g-rtx4050.html,2,3939.0
pc_portables,MSI,Premium,profil_descriptif,https://www.mytek.tn/pc-portable-gamer-msi-cyborg-15-a13ve-i5-13e-gen-32g-rtx4050.html,3,3939.0
pc_portables,MSI,Premium,profil_descriptif,https://www.mytek.tn/pc-portable-gamer-msi-cyborg-15-a13ve-i5-13e-gen-32g-rtx4050.html,4,3939.0
pc_portables,MSI,Premium,profil_descriptif,https://www.mytek.tn/pc-portable-gamer-msi-cyborg-15-a13ve-i5-13e-gen-32go-rtx-4050.html,1,4299.0
pc_portables,MSI,Premium,profil_descriptif,https://www.mytek.tn/pc-portable-gamer-msi-cyborg-15-a13ve-i5-13e-gen-32go-rtx-4050.html,2,4299.0
pc_portables,MSI,Premium,profil_descriptif,https://www.mytek.tn/pc-portable-gamer-msi-cyborg-15-a13ve-i5-13e-gen-32go-rtx-4050.html,3,4299.0
pc_portables,MSI,Premium,profil_descriptif,https://www.mytek.tn/pc-portable-gamer-msi-cyborg-15-a13ve-i5-13e-gen-32go-rtx-4050.html,4,4299.0
pc_portables,MSI,Premium,profil_descriptif,https://www.mytek.tn/pc-portable-gamer-msi-cyborg-15-a13ve-i7-13e-gen-32go-rtx4050.html,1,4359.0
pc_portables,MSI,Premium,profil_descriptif,https://www.mytek.tn/pc-portable-gamer-msi-cyborg-15-a13ve-i7-13e-gen-32go-rtx4050.html,2,4059.0
pc_portables,MSI,Premium,profil_descriptif,https://www.mytek.tn/pc-portable-gamer-msi-cyborg-15-a13ve-i7-13e-gen-32go-rtx4050.html,3,4059.0
pc_portables,MSI,Premium,profil_descriptif,https://www.mytek.tn/pc-portable-gamer-msi-cyborg-15-a13ve-i7-13e-gen-32go-rtx4050.html,4,4059.0
pc_portables,MSI,Premium,profil_descriptif,https://www.mytek.tn/pc-portable-gamer-msi-cyborg-15-b13w-i7-13e-gen-16go-rtx-5060.html,1,4809.0
pc_portables,MSI,Premium,profil_descriptif,https://www.mytek.tn/pc-portable-gamer-msi-cyborg-15-b13w-i7-13e-gen-16go-rtx-5060.html,2,4809.0
pc_portables,MSI,Premium,profil_descriptif,https://www.mytek.tn/pc-portable-gamer-msi-cyborg-15-b13w-i7-13e-gen-16go-rtx-5060.html,3,4809.0
pc_portables,MSI,Premium,profil_descriptif,https://www.mytek.tn/pc-portable-gamer-msi-cyborg-15-b13w-i7-13e-gen-16go-rtx-5060.html,4,4809.0
pc_portables,MSI,Premium,profil_descriptif,https://www.mytek.tn/pc-portable-gamer-msi-cyborg-15-b13w-i7-13e-gen-16go-rtx-5070.html,1,5509.0
pc_portables,MSI,Premium,profil_descriptif,https://www.mytek.tn/pc-portable-gamer-msi-cyborg-15-b13w-i7-13e-gen-16go-rtx-5070.html,2,5509.0
pc_portables,MSI,Premium,profil_descriptif,https://www.mytek.tn/pc-portable-gamer-msi-cyborg-15-b13w-i7-13e-gen-16go-rtx-5070.html,3,5509.0
pc_portables,MSI,Premium,profil_descriptif,https://www.mytek.tn/pc-portable-gamer-msi-cyborg-15-b13w-i7-13e-gen-16go-rtx-5070.html,4,5509.0
pc_portables,MSI,Premium,profil_descriptif,https://www.mytek.tn/pc-portable-gamer-msi-cyborg-15-b2rw-intel-core-5-210h-16go-rtx-5060.html,1,4219.0
pc_portables,MSI,Premium,profil_descriptif,https://www.mytek.tn/pc-portable-gamer-msi-cyborg-15-b2rw-intel-core-5-210h-16go-rtx-5060.html,2,4219.0
pc_portables,MSI,Premium,profil_descriptif,https://www.mytek.tn/pc-portable-gamer-msi-cyborg-15-b2rw-intel-core-5-210h-16go-rtx-5060.html,3,4219.0
pc_portables,MSI,Premium,profil_descriptif,https://www.mytek.tn/pc-portable-gamer-msi-cyborg-15-b2rw-intel-core-5-210h-16go-rtx-5060.html,4,4219.0
pc_portables,MSI,Premium,profil_descriptif,https://www.mytek.tn/pc-portable-gamer-msi-cyborg-15-b2rw-intel-core-7-240h-16go-rtx-5060.html,1,4519.0
pc_portables,MSI,Premium,profil_descriptif,https://www.mytek.tn/pc-portable-gamer-msi-cyborg-15-b2rw-intel-core-7-240h-16go-rtx-5060.html,2,4519.0
pc_portables,MSI,Premium,profil_descriptif,https://www.mytek.tn/pc-portable-gamer-msi-cyborg-15-b2rw-intel-core-7-240h-16go-rtx-5060.html,3,4519.0
pc_portables,MSI,Premium,profil_descriptif,https://www.mytek.tn/pc-portable-gamer-msi-cyborg-15-b2rw-intel-core-7-240h-16go-rtx-5060.html,4,4519.0
pc_portables,MSI,Premium,profil_descriptif,https://www.mytek.tn/pc-portable-gamer-msi-cyborg-15-b2rw-intel-core-7-240h-32go-rtx-5060.html,1,5319.0
pc_portables,MSI,Premium,profil_descriptif,https://www.mytek.tn/pc-portable-gamer-msi-cyborg-15-b2rw-intel-core-7-240h-32go-rtx-5060.html,2,5319.0
pc_portables,MSI,Premium,profil_descriptif,https://www.mytek.tn/pc-portable-gamer-msi-cyborg-15-b2rw-intel-core-7-240h-32go-rtx-5060.html,3,5319.0
pc_portables,MSI,Premium,profil_descriptif,https://www.mytek.tn/pc-portable-gamer-msi-cyborg-15-b2rw-intel-core-7-240h-32go-rtx-5060.html,4,5319.0
pc_portables,MSI,Premium,profil_descriptif,https://www.mytek.tn/pc-portable-gamer-msi-cyborg-15-b2rw-intel-core-7-240h-8g-rtx-5060.html,1,4149.0
pc_portables,MSI,Premium,profil_descriptif,https://www.mytek.tn/pc-portable-gamer-msi-cyborg-15-b2rw-intel-core-7-240h-8g-rtx-5060.html,2,4149.0
pc_portables,MSI,Premium,profil_descriptif,https://www.mytek.tn/pc-portable-gamer-msi-cyborg-15-b2rw-intel-core-7-240h-8g-rtx-5060.html,3,4149.0
pc_portables,MSI,Premium,profil_descriptif,https://www.mytek.tn/pc-portable-gamer-msi-cyborg-15-b2rw-intel-core-7-240h-8g-rtx-5060.html,4,4149.0
pc_portables,MSI,Premium,profil_descriptif,https://www.mytek.tn/pc-portable-gamer-msi-cyborg-15-b2rw-intel-core-7-240h-8go-rtx-5060.html,1,4099.0
pc_portables,MSI,Premium,profil_descriptif,https://www.mytek.tn/pc-portable-gamer-msi-cyborg-15-b2rw-intel-core-7-240h-8go-rtx-5060.html,2,4099.0
pc_portables,MSI,Premium,profil_descriptif,https://www.mytek.tn/pc-portable-gamer-msi-cyborg-15-b2rw-intel-core-7-240h-8go-rtx-5060.html,3,4099.0
pc_portables,MSI,Premium,profil_descriptif,https://www.mytek.tn/pc-portable-gamer-msi-cyborg-15-b2rw-intel-core-7-240h-8go-rtx-5060.html,4,4099.0
pc_portables,MSI,Premium,profil_descriptif,https://www.mytek.tn/pc-portable-gamer-msi-cyborg-17-b13w-i5-13e-gen-16g-rtx-5060.html,1,4735.0
pc_portables,MSI,Premium,profil_descriptif,https://www.mytek.tn/pc-portable-gamer-msi-cyborg-17-b13w-i5-13e-gen-16g-rtx-5060.html,2,4735.0
pc_portables,MSI,Premium,profil_descriptif,https://www.mytek.tn/pc-portable-gamer-msi-cyborg-17-b13w-i5-13e-gen-16g-rtx-5060.html,3,4735.0
pc_portables,MSI,Premium,profil_descriptif,https://www.mytek.tn/pc-portable-gamer-msi-cyborg-17-b13w-i5-13e-gen-16g-rtx-5060.html,4,4735.0
pc_portables,MSI,Premium,profil_descriptif,https://www.mytek.tn/pc-portable-gamer-msi-cyborg-17-b2rw-intel-core-5-210h-32go-rtx-5050.html,1,5299.0
pc_portables,MSI,Premium,profil_descriptif,https://www.mytek.tn/pc-portable-gamer-msi-cyborg-17-b2rw-intel-core-5-210h-32go-rtx-5050.html,2,5299.0
pc_portables,MSI,Premium,profil_descriptif,https://www.mytek.tn/pc-portable-gamer-msi-cyborg-17-b2rw-intel-core-5-210h-32go-rtx-5050.html,3,5299.0
pc_portables,MSI,Premium,profil_descriptif,https://www.mytek.tn/pc-portable-gamer-msi-cyborg-17-b2rw-intel-core-5-210h-32go-rtx-5050.html,4,5299.0
pc_portables,MSI,Premium,profil_descriptif,https://www.mytek.tn/pc-portable-gamer-msi-cyborg-17-b2rw-intel-core-5-210h-32go-rtx-5060.html,1,5499.0
pc_portables,MSI,Premium,profil_descriptif,https://www.mytek.tn/pc-portable-gamer-msi-cyborg-17-b2rw-intel-core-5-210h-32go-rtx-5060.html,2,5499.0
pc_portables,MSI,Premium,profil_descriptif,https://www.mytek.tn/pc-portable-gamer-msi-cyborg-17-b2rw-intel-core-5-210h-32go-rtx-5060.html,3,5499.0
pc_portables,MSI,Premium,profil_descriptif,https://www.mytek.tn/pc-portable-gamer-msi-cyborg-17-b2rw-intel-core-5-210h-32go-rtx-5060.html,4,5499.0
pc_portables,MSI,Premium,profil_descriptif,https://www.mytek.tn/pc-portable-gamer-msi-cyborg-17-b2rw-intel-core-5-210h-8go-rtx-5050.html,1,4099.0
pc_portables,MSI,Premium,profil_descriptif,https://www.mytek.tn/pc-portable-gamer-msi-cyborg-17-b2rw-intel-core-5-210h-8go-rtx-5050.html,2,4099.0
pc_portables,MSI,Premium,profil_descriptif,https://www.mytek.tn/pc-portable-gamer-msi-cyborg-17-b2rw-intel-core-5-210h-8go-rtx-5050.html,3,4099.0
pc_portables,MSI,Premium,profil_descriptif,https://www.mytek.tn/pc-portable-gamer-msi-cyborg-17-b2rw-intel-core-5-210h-8go-rtx-5050.html,4,4099.0
pc_portables,MSI,Premium,profil_descriptif,https://www.mytek.tn/pc-portable-gamer-msi-cyborg-17-b2rw-intel-core-5-210h-8go-rtx-5060.html,1,4299.0
pc_portables,MSI,Premium,profil_descriptif,https://www.mytek.tn/pc-portable-gamer-msi-cyborg-17-b2rw-intel-core-5-210h-8go-rtx-5060.html,2,4299.0
pc_portables,MSI,Premium,profil_descriptif,https://www.mytek.tn/pc-portable-gamer-msi-cyborg-17-b2rw-intel-core-5-210h-8go-rtx-5060.html,3,4299.0
pc_portables,MSI,Premium,profil_descriptif,https://www.mytek.tn/pc-portable-gamer-msi-cyborg-17-b2rw-intel-core-5-210h-8go-rtx-5060.html,4,4299.0
pc_portables,MSI,Premium,profil_descriptif,https://www.mytek.tn/pc-portable-gamer-msi-cyborg-17-b2rw-intel-core-7-240h-16go-rtx-5060.html,1,4899.0
pc_portables,MSI,Premium,profil_descriptif,https://www.mytek.tn/pc-portable-gamer-msi-cyborg-17-b2rw-intel-core-7-240h-16go-rtx-5060.html,2,4899.0
pc_portables,MSI,Premium,profil_descriptif,https://www.mytek.tn/pc-portable-gamer-msi-cyborg-17-b2rw-intel-core-7-240h-16go-rtx-5060.html,3,4899.0
pc_portables,MSI,Premium,profil_descriptif,https://www.mytek.tn/pc-portable-gamer-msi-cyborg-17-b2rw-intel-core-7-240h-16go-rtx-5060.html,4,4899.0
pc_portables,MSI,Premium,profil_descriptif,https://www.mytek.tn/pc-portable-gamer-msi-cyborg-17-b2rw-intel-core-7-240h-32go-rtx-5060.html,1,5699.0
pc_portables,MSI,Premium,profil_descriptif,https://www.mytek.tn/pc-portable-gamer-msi-cyborg-17-b2rw-intel-core-7-240h-32go-rtx-5060.html,2,5699.0
pc_portables,MSI,Premium,profil_descriptif,https://www.mytek.tn/pc-portable-gamer-msi-cyborg-17-b2rw-intel-core-7-240h-32go-rtx-5060.html,3,5699.0
pc_portables,MSI,Premium,profil_descriptif,https://www.mytek.tn/pc-portable-gamer-msi-cyborg-17-b2rw-intel-core-7-240h-32go-rtx-5060.html,4,5699.0
pc_portables,MSI,Premium,profil_descriptif,https://www.mytek.tn/pc-portable-gamer-msi-cyborg-17-b2rw-intel-core-7-240h-8go-rtx-5050.html,1,4299.0
pc_portables,MSI,Premium,profil_descriptif,https://www.mytek.tn/pc-portable-gamer-msi-cyborg-17-b2rw-intel-core-7-240h-8go-rtx-5050.html,2,4299.0
pc_portables,MSI,Premium,profil_descriptif,https://www.mytek.tn/pc-portable-gamer-msi-cyborg-17-b2rw-intel-core-7-240h-8go-rtx-5050.html,3,4299.0
pc_portables,MSI,Premium,profil_descriptif,https://www.mytek.tn/pc-portable-gamer-msi-cyborg-17-b2rw-intel-core-7-240h-8go-rtx-5050.html,4,4299.0
pc_portables,MSI,Premium,profil_descriptif,https://www.mytek.tn/pc-portable-gamer-msi-cyborg-17-b2rw-intel-core-7-240h-8go-rtx-5060.html,1,4499.0
pc_portables,MSI,Premium,profil_descriptif,https://www.mytek.tn/pc-portable-gamer-msi-cyborg-17-b2rw-intel-core-7-240h-8go-rtx-5060.html,2,4499.0
pc_portables,MSI,Premium,profil_descriptif,https://www.mytek.tn/pc-portable-gamer-msi-cyborg-17-b2rw-intel-core-7-240h-8go-rtx-5060.html,3,4499.0
pc_portables,MSI,Premium,profil_descriptif,https://www.mytek.tn/pc-portable-gamer-msi-cyborg-17-b2rw-intel-core-7-240h-8go-rtx-5060.html,4,4499.0
pc_portables,MSI,Premium,profil_descriptif,https://www.mytek.tn/pc-portable-gamer-msi-vector-16-hx-ai-a2xw-ultra-9-275hx-32go-rtx-5080.html,1,12359.0
pc_portables,MSI,Premium,profil_descriptif,https://www.mytek.tn/pc-portable-gamer-msi-vector-16-hx-ai-a2xw-ultra-9-275hx-32go-rtx-5080.html,2,12359.0
pc_portables,MSI,Premium,profil_descriptif,https://www.mytek.tn/pc-portable-gamer-msi-vector-16-hx-ai-a2xw-ultra-9-275hx-32go-rtx-5080.html,3,12359.0
pc_portables,MSI,Premium,profil_descriptif,https://www.mytek.tn/pc-portable-gamer-msi-vector-16-hx-ai-a2xw-ultra-9-275hx-32go-rtx-5080.html,4,12359.0
pc_portables,MSI,Économique,0,https://www.mytek.tn/pc-portable-gamer-msi-thin-15-b13ucx-i5-13e-gen-16go-rtx-2050.html,1,2469.0
pc_portables,MSI,Économique,0,https://www.mytek.tn/pc-portable-gamer-msi-thin-15-b13ucx-i5-13e-gen-24go-rtx-2050.html,1,2679.0
pc_portables,MSI,Économique,0,https://www.mytek.tn/pc-portable-gamer-msi-thin-15-b13ucx-i5-13e-gen-32go-rtx-2050.html,1,2889.0
pc_portables,MSI,Économique,0,https://www.mytek.tn/pc-portable-gamer-msi-thin-15-b13ucx-i5-13e-gen-8go-rtx-2050.html,1,2229.0
pc_portables,MSI,Économique,0,https://www.mytek.tn/pc-portable-gamer-msi-thin-15-b13udx-i5-13e-gen-16g-rtx3050.html,1,2639.0
pc_portables,MSI,Économique,0,https://www.mytek.tn/pc-portable-gamer-msi-thin-15-b13udx-i5-13e-gen-16g-rtx3050.html,2,2639.0
pc_portables,MSI,Économique,0,https://www.mytek.tn/pc-portable-gamer-msi-thin-15-b13udx-i5-13e-gen-16g-rtx3050.html,3,2639.0
pc_portables,MSI,Économique,0,https://www.mytek.tn/pc-portable-gamer-msi-thin-15-b13udx-i5-13e-gen-16g-rtx3050.html,4,2639.0
pc_portables,MSI,Économique,0,https://www.mytek.tn/pc-portable-gamer-msi-thin-15-b13udx-i5-13e-gen-24g-rtx3050.html,1,2849.0
pc_portables,MSI,Économique,0,https://www.mytek.tn/pc-portable-gamer-msi-thin-15-b13udx-i5-13e-gen-24g-rtx3050.html,2,2849.0
pc_portables,MSI,Économique,0,https://www.mytek.tn/pc-portable-gamer-msi-thin-15-b13udx-i5-13e-gen-24g-rtx3050.html,3,2849.0
pc_portables,MSI,Économique,0,https://www.mytek.tn/pc-portable-gamer-msi-thin-15-b13udx-i5-13e-gen-24g-rtx3050.html,4,2849.0
pc_portables,MSI,Économique,0,https://www.mytek.tn/pc-portable-gamer-msi-thin-15-b13udx-i5-13e-gen-8g-rtx3050.html,1,2439.0
pc_portables,MSI,Économique,0,https://www.mytek.tn/pc-portable-gamer-msi-thin-15-b13udx-i5-13e-gen-8g-rtx3050.html,2,2439.0
pc_portables,MSI,Économique,0,https://www.mytek.tn/pc-portable-gamer-msi-thin-15-b13udx-i5-13e-gen-8g-rtx3050.html,3,2439.0
pc_portables,MSI,Économique,0,https://www.mytek.tn/pc-portable-gamer-msi-thin-15-b13udx-i5-13e-gen-8g-rtx3050.html,4,2439.0
pc_portables,MSI,Économique,0,https://www.mytek.tn/pc-portable-msi-modern-15-f13mg-i5-13eme-gen-16go-512go-ssd.html,1,1999.0
pc_portables,MSI,Économique,0,https://www.mytek.tn/pc-portable-msi-modern-15-f13mg-i5-13eme-gen-16go-512go-ssd.html,2,1999.0
pc_portables,MSI,Économique,0,https://www.mytek.tn/pc-portable-msi-modern-15-f13mg-i5-13eme-gen-16go-512go-ssd.html,3,1999.0
pc_portables,MSI,Économique,0,https://www.mytek.tn/pc-portable-msi-modern-15-f13mg-i5-13eme-gen-16go-512go-ssd.html,4,1999.0
pc_portables,MSI,Économique,0,https://www.mytek.tn/pc-portable-msi-modern-15-f13mg-i5-13eme-gen-24go-512go-ssd.html,1,2199.0
pc_portables,MSI,Économique,0,https://www.mytek.tn/pc-portable-msi-modern-15-f13mg-i5-13eme-gen-24go-512go-ssd.html,2,2199.0
pc_portables,MSI,Économique,0,https://www.mytek.tn/pc-portable-msi-modern-15-f13mg-i5-13eme-gen-24go-512go-ssd.html,3,2199.0
pc_portables,MSI,Économique,0,https://www.mytek.tn/pc-portable-msi-modern-15-f13mg-i5-13eme-gen-24go-512go-ssd.html,4,2199.0
pc_portables,MSI,Économique,0,https://www.mytek.tn/pc-portable-msi-modern-15-f13mg-i5-13eme-gen-8go-512go-ssd.html,1,1799.0
pc_portables,MSI,Économique,0,https://www.mytek.tn/pc-portable-msi-modern-15-f13mg-i5-13eme-gen-8go-512go-ssd.html,2,1799.0
pc_portables,MSI,Économique,0,https://www.mytek.tn/pc-portable-msi-modern-15-f13mg-i5-13eme-gen-8go-512go-ssd.html,3,1799.0
pc_portables,MSI,Économique,0,https://www.mytek.tn/pc-portable-msi-modern-15-f13mg-i5-13eme-gen-8go-512go-ssd.html,4,1799.0
pc_portables,MSI,Économique,1,https://www.mytek.tn/pc-portable-gamer-msi-thin-15-b13ucx-i7-13e-gen-16go-rtx-2050.html,1,2675.0
pc_portables,MSI,Économique,1,https://www.mytek.tn/pc-portable-gamer-msi-thin-15-b13ucx-i7-13e-gen-16go-rtx-2050.html,2,2675.0
pc_portables,MSI,Économique,1,https://www.mytek.tn/pc-portable-gamer-msi-thin-15-b13ucx-i7-13e-gen-16go-rtx-2050.html,3,2675.0
pc_portables,MSI,Économique,1,https://www.mytek.tn/pc-portable-gamer-msi-thin-15-b13ucx-i7-13e-gen-16go-rtx-2050.html,4,2675.0
pc_portables,MSI,Économique,1,https://www.mytek.tn/pc-portable-gamer-msi-thin-15-b13ucx-i7-13e-gen-24go-rtx-2050.html,1,2869.0
pc_portables,MSI,Économique,1,https://www.mytek.tn/pc-portable-gamer-msi-thin-15-b13ucx-i7-13e-gen-24go-rtx-2050.html,2,2869.0
pc_portables,MSI,Économique,1,https://www.mytek.tn/pc-portable-gamer-msi-thin-15-b13ucx-i7-13e-gen-24go-rtx-2050.html,3,2869.0
pc_portables,MSI,Économique,1,https://www.mytek.tn/pc-portable-gamer-msi-thin-15-b13ucx-i7-13e-gen-24go-rtx-2050.html,4,2869.0
pc_portables,MSI,Économique,1,https://www.mytek.tn/pc-portable-gamer-msi-thin-15-b13ucx-i7-13e-gen-8go-rtx-2050.html,1,2479.0
pc_portables,MSI,Économique,1,https://www.mytek.tn/pc-portable-gamer-msi-thin-15-b13ucx-i7-13e-gen-8go-rtx-2050.html,2,2479.0
pc_portables,MSI,Économique,1,https://www.mytek.tn/pc-portable-gamer-msi-thin-15-b13ucx-i7-13e-gen-8go-rtx-2050.html,3,2479.0
pc_portables,MSI,Économique,1,https://www.mytek.tn/pc-portable-gamer-msi-thin-15-b13ucx-i7-13e-gen-8go-rtx-2050.html,4,2479.0
pc_portables,MSI,Économique,1,https://www.mytek.tn/pc-portable-gamer-msi-thin-15-b13udx-i7-13e-gen-16g-rtx3050.html,1,2889.0
pc_portables,MSI,Économique,1,https://www.mytek.tn/pc-portable-gamer-msi-thin-15-b13udx-i7-13e-gen-16g-rtx3050.html,2,2889.0
pc_portables,MSI,Économique,1,https://www.mytek.tn/pc-portable-gamer-msi-thin-15-b13udx-i7-13e-gen-16g-rtx3050.html,3,2889.0
pc_portables,MSI,Économique,1,https://www.mytek.tn/pc-portable-gamer-msi-thin-15-b13udx-i7-13e-gen-16g-rtx3050.html,4,2889.0
pc_portables,MSI,Économique,1,https://www.mytek.tn/pc-portable-gamer-msi-thin-15-b13udx-i7-13e-gen-8g-rtx3050.html,1,2685.0
pc_portables,MSI,Économique,1,https://www.mytek.tn/pc-portable-gamer-msi-thin-15-b13udx-i7-13e-gen-8g-rtx3050.html,2,2685.0
pc_portables,MSI,Économique,1,https://www.mytek.tn/pc-portable-gamer-msi-thin-15-b13udx-i7-13e-gen-8g-rtx3050.html,3,2685.0
pc_portables,MSI,Économique,1,https://www.mytek.tn/pc-portable-gamer-msi-thin-15-b13udx-i7-13e-gen-8g-rtx3050.html,4,2685.0
pc_portables,MSI,Économique,1,https://www.mytek.tn/pc-portable-msi-modern-15-f1m-intel-core-7-150u-16go-512go-ssd.html,1,2349.0
pc_portables,MSI,Économique,1,https://www.mytek.tn/pc-portable-msi-modern-15-f1m-intel-core-7-150u-16go-512go-ssd.html,2,2349.0
pc_portables,MSI,Économique,1,https://www.mytek.tn/pc-portable-msi-modern-15-f1m-intel-core-7-150u-16go-512go-ssd.html,3,2349.0
pc_portables,MSI,Économique,1,https://www.mytek.tn/pc-portable-msi-modern-15-f1m-intel-core-7-150u-16go-512go-ssd.html,4,2349.0
pc_portables,MSI,Économique,1,https://www.mytek.tn/pc-portable-msi-modern-15-f1m-intel-core-7-150u-24go-512go-ssd.html,1,2805.0
pc_portables,MSI,Économique,1,https://www.mytek.tn/pc-portable-msi-modern-15-f1m-intel-core-7-150u-24go-512go-ssd.html,2,2805.0
pc_portables,MSI,Économique,1,https://www.mytek.tn/pc-portable-msi-modern-15-f1m-intel-core-7-150u-24go-512go-ssd.html,3,2805.0
pc_portables,MSI,Économique,1,https://www.mytek.tn/pc-portable-msi-modern-15-f1m-intel-core-7-150u-24go-512go-ssd.html,4,2805.0
pc_portables,MSI,Économique,2,https://www.mytek.tn/pc-portable-gamer-msi-thin-15-b13ucx-i5-13e-gen-16g-rtx-2050.html,1,2529.0
pc_portables,MSI,Économique,2,https://www.mytek.tn/pc-portable-gamer-msi-thin-15-b13ucx-i7-13e-gen-16g-rtx-2050.html,1,2715.0
pc_portables,MSI,Économique,2,https://www.mytek.tn/pc-portable-gamer-msi-thin-15-b13ucx-i7-13e-gen-16g-rtx-2050.html,2,2715.0
pc_portables,MSI,Économique,2,https://www.mytek.tn/pc-portable-gamer-msi-thin-15-b13ucx-i7-13e-gen-16g-rtx-2050.html,3,2715.0
pc_portables,MSI,Économique,2,https://www.mytek.tn/pc-portable-gamer-msi-thin-15-b13ucx-i7-13e-gen-16g-rtx-2050.html,4,2715.0
pc_portables,MSI,Économique,2,https://www.mytek.tn/pc-portable-gamer-msi-thin-15-b13ucx-i7-13e-gen-8g-rtx-2050.html,1,2529.0
pc_portables,MSI,Économique,2,https://www.mytek.tn/pc-portable-gamer-msi-thin-15-b13ucx-i7-13e-gen-8g-rtx-2050.html,2,2529.0
pc_portables,MSI,Économique,2,https://www.mytek.tn/pc-portable-gamer-msi-thin-15-b13ucx-i7-13e-gen-8g-rtx-2050.html,3,2529.0
pc_portables,MSI,Économique,2,https://www.mytek.tn/pc-portable-gamer-msi-thin-15-b13ucx-i7-13e-gen-8g-rtx-2050.html,4,2529.0
pc_portables,MSI,Économique,2,https://www.mytek.tn/pc-portable-gamer-msi-thin-15-b13udx-i5-13e-gen-8g-rtx-3050.html,1,2489.0
pc_portables,MSI,Économique,2,https://www.mytek.tn/pc-portable-gamer-msi-thin-15-b13udx-i5-13e-gen-8g-rtx-3050.html,2,2489.0
pc_portables,MSI,Économique,2,https://www.mytek.tn/pc-portable-gamer-msi-thin-15-b13udx-i5-13e-gen-8g-rtx-3050.html,3,2489.0
pc_portables,MSI,Économique,2,https://www.mytek.tn/pc-portable-gamer-msi-thin-15-b13udx-i5-13e-gen-8g-rtx-3050.html,4,2489.0
pc_portables,MSI,Économique,2,https://www.mytek.tn/pc-portable-gamer-msi-thin-15-b13udx-i7-13e-gen-8g-rtx-3050.html,1,2725.0
pc_portables,MSI,Économique,2,https://www.mytek.tn/pc-portable-gamer-msi-thin-15-b13udx-i7-13e-gen-8g-rtx-3050.html,2,2725.0
pc_portables,MSI,Économique,2,https://www.mytek.tn/pc-portable-gamer-msi-thin-15-b13udx-i7-13e-gen-8g-rtx-3050.html,3,2725.0
pc_portables,MSI,Économique,2,https://www.mytek.tn/pc-portable-gamer-msi-thin-15-b13udx-i7-13e-gen-8g-rtx-3050.html,4,2725.0
pc_portables,MSI,Économique,2,https://www.mytek.tn/pc-portable-msi-modern-15-f13mg-i5-13eme-gen-8g-512go-ssd.html,1,1839.0
pc_portables,MSI,Économique,2,https://www.mytek.tn/pc-portable-msi-modern-15-f13mg-i5-13eme-gen-8g-512go-ssd.html,2,1839.0
pc_portables,MSI,Économique,2,https://www.mytek.tn/pc-portable-msi-modern-15-f13mg-i5-13eme-gen-8g-512go-ssd.html,3,1839.0
pc_portables,MSI,Économique,2,https://www.mytek.tn/pc-portable-msi-modern-15-f13mg-i5-13eme-gen-8g-512go-ssd.html,4,1839.0
pc_portables,MSI,Économique,2,https://www.mytek.tn/pc-portable-msi-modern-15-f1m-intel-core-7-150u-16g-512go-ssd.html,1,2389.0
pc_portables,MSI,Économique,2,https://www.mytek.tn/pc-portable-msi-modern-15-f1m-intel-core-7-150u-16g-512go-ssd.html,2,2389.0
pc_portables,MSI,Économique,2,https://www.mytek.tn/pc-portable-msi-modern-15-f1m-intel-core-7-150u-16g-512go-ssd.html,3,2389.0
pc_portables,MSI,Économique,2,https://www.mytek.tn/pc-portable-msi-modern-15-f1m-intel-core-7-150u-16g-512go-ssd.html,4,2389.0
